{
  "D2": {
    "x": -0.3447246479522197,
    "y": 0.7415884561562357,
    "z": 0.5755097555993546
  },
  "D3": {
    "x": -0.5835214765413097,
    "y": 0.6480364703822142,
    "z": 0.4894399038386746
  },
  "D4": {
    "x": -0.44988122235750877,
    "y": 0.6839786574341422,
    "z": 0.5742648186548622
  },
  "D5": {
    "x": -0.39131957589273697,
    "y": 0.78807827100072,
    "z": 0.4751858881528826
  },
  "D6": {
    "x": -0.47066165670470866,
    "y": 0.5608103581143927,
    "z": 0.6811529542911678
  },
  "D7": {
    "x": 0.004834730086121581,
    "y": -0.9878420260060174,
    "z": -0.1553858328205025
  },
  "D8": {
    "x": -0.23183921759719123,
    "y": 0.7819259182824898,
    "z": 0.5786557141357952
  },
  "D9": {
    "x": -0.11457738081694278,
    "y": -0.9826955306617342,
    "z": -0.14553871588887154
  },
  "D10": {
    "x": -0.22800170341094236,
    "y": 0.847954632916894,
    "z": 0.47852707734932226
  },
  "D11": {
    "x": -0.11972572597491675,
    "y": 0.8200691154481959,
    "z": 0.5596002112470944
  },
  "D15": {
    "x": -0.26045477856293897,
    "y": 0.7016848041436046,
    "z": 0.6631755001186955
  },
  "D16": {
    "x": -0.32208701470833007,
    "y": 0.855952755264858,
    "z": 0.40448094604168155
  },
  "D17": {
    "x": -0.25914422248829105,
    "y": 0.9632662133636182,
    "z": 0.07044483049206272
  },
  "D18": {
    "x": -0.40459561973217206,
    "y": 0.5035854219500383,
    "z": 0.7633505795458212
  },
  "D19": {
    "x": -0.5917229888395509,
    "y": -0.4942388709772579,
    "z": 0.6368609290056301
  },
  "D20": {
    "x": -0.2787321811935347,
    "y": -0.9218751238987752,
    "z": 0.2691739718169506
  },
  "D21": {
    "x": -0.08748100103937989,
    "y": 0.9320939198168366,
    "z": 0.35149395314518944
  },
  "D22": {
    "x": -0.027399186399341045,
    "y": 0.9669049101212979,
    "z": 0.25366154491364856
  },
  "D23": {
    "x": -0.11498089771002354,
    "y": 0.8820138961978005,
    "z": 0.4569801747075825
  },
  "D26": {
    "x": -0.28741143892366766,
    "y": 0.9145048150593339,
    "z": 0.2847377881650421
  },
  "D27": {
    "x": -0.17668315392376843,
    "y": 0.9504812185970228,
    "z": 0.25567267396784576
  },
  "D28": {
    "x": -0.5367836532605298,
    "y": 0.602847577005076,
    "z": 0.5902864630765203
  },
  "D30": {
    "x": -0.3881229433213169,
    "y": -0.9124805798900155,
    "z": 0.12938227154899914
  },
  "D31": {
    "x": -0.3476602786450414,
    "y": -0.9375381173786465,
    "z": -0.01243419135109087
  },
  "D32": {
    "x": -0.02170935802828555,
    "y": -0.9623159684559475,
    "z": 0.27106582342429636
  },
  "D34": {
    "x": -0.3738070799048275,
    "y": -0.8705427100602032,
    "z": 0.32003696188731534
  },
  "D35": {
    "x": -0.14026319759713443,
    "y": -0.948893718046487,
    "z": 0.28271354274555177
  },
  "D36": {
    "x": -0.31834267245115616,
    "y": 0.9325698819568662,
    "z": 0.17020974755757268
  },
  "D37": {
    "x": 0.21842252148924854,
    "y": -0.9475560101191761,
    "z": -0.23330068536827442
  },
  "D38": {
    "x": 0.5932057164539174,
    "y": 0.7335457294555076,
    "z": 0.33168907242172113
  },
  "D40": {
    "x": 0.8560015973302676,
    "y": 0.33713839039352766,
    "z": -0.39191704618565887
  },
  "D41": {
    "x": -0.10662479011911767,
    "y": 0.9938075554379664,
    "z": -0.031268144915671765
  },
  "D42": {
    "x": 0.8795452074929663,
    "y": 0.2229574365486493,
    "z": -0.4203453454765616
  },
  "D43": {
    "x": 0.7791501673069011,
    "y": -0.6157680616464235,
    "z": -0.11728048022511908
  },
  "D45": {
    "x": 0.10539126922537093,
    "y": 0.9710164100296005,
    "z": 0.2145222874768311
  },
  "D47": {
    "x": 0.9862940744002685,
    "y": 0.05807662351542956,
    "z": -0.15443802836077872
  },
  "D48": {
    "x": -0.2345378914207944,
    "y": -0.9714797126402263,
    "z": -0.03491626292075
  },
  "D49": {
    "x": 0.9662938165969128,
    "y": 0.18244461713145627,
    "z": -0.18163210532922908
  },
  "D50": {
    "x": 0.09560326949471233,
    "y": -0.9933146216032429,
    "z": 0.0646999024043136
  },
  "D51": {
    "x": 0.04063305230365117,
    "y": -0.9844337143028791,
    "z": 0.17099478706769444
  },
  "D52": {
    "x": 0.44101515878772063,
    "y": 0.7965306432736683,
    "z": -0.41357534264687223
  },
  "D53": {
    "x": -0.2838981376827198,
    "y": -0.9548330318673885,
    "z": 0.08772530236604462
  },
  "D54": {
    "x": 0.03807837631471651,
    "y": -0.9984504541506958,
    "z": -0.040579894818794836
  },
  "D55": {
    "x": -0.2059430524706808,
    "y": -0.9612040854097226,
    "z": 0.18350521881057638
  },
  "D56": {
    "x": -0.024205619203852738,
    "y": -0.9977732272406282,
    "z": 0.06215042237008364
  },
  "D57": {
    "x": -0.1682700264269632,
    "y": -0.9830452554119188,
    "z": 0.0728506967597727
  },
  "D58": {
    "x": -0.10419470461336214,
    "y": -0.9941870052708643,
    "z": -0.027123091289236373
  },
  "D59": {
    "x": 0.9861336382553021,
    "y": -0.1401460630791056,
    "z": -0.08887929176579026
  },
  "D60": {
    "x": -0.08164360564958785,
    "y": -0.9826761676971318,
    "z": 0.16637869784504572
  },
  "D61": {
    "x": -0.23198777697531534,
    "y": -0.9602681872090639,
    "z": -0.15513439324749878
  }
}