{
  "D2": {
    "x": 0.19825056638037653,
    "y": -0.9246294778719265,
    "z": 0.3252030774456913
  },
  "D4": {
    "x": -0.1891587838737487,
    "y": -0.9556448614427802,
    "z": -0.22574732175911552
  },
  "D5": {
    "x": 0.14595085506911973,
    "y": -0.9634094159015802,
    "z": 0.22481246686242445
  },
  "D7": {
    "x": -0.2435822042356621,
    "y": -0.8832887352194733,
    "z": 0.4005854715464348
  },
  "D8": {
    "x": 0.3763745107114396,
    "y": 0.8933993824888733,
    "z": 0.24531565595213115
  },
  "D9": {
    "x": 0.16601138247681713,
    "y": -0.8818697898845654,
    "z": 0.44130023178907163
  },
  "D10": {
    "x": 0.30938152886344517,
    "y": -0.9304852416058157,
    "z": 0.19616392316601922
  },
  "D11": {
    "x": 0.31407866779832483,
    "y": -0.8971549064493479,
    "z": 0.3105924407771242
  },
  "D12": {
    "x": 0.16589843296109894,
    "y": -0.98133928471723,
    "z": -0.09721583313291729
  },
  "D13": {
    "x": 0.40684284415678856,
    "y": -0.7159212490287258,
    "z": 0.567393748068803
  },
  "D15": {
    "x": 0.3697964283029882,
    "y": -0.038818406608048465,
    "z": 0.9283015312508996
  },
  "D16": {
    "x": 0.08364193036526485,
    "y": -0.9415749343006018,
    "z": -0.32625246448354894
  },
  "D17": {
    "x": 0.21830268341801864,
    "y": -0.9671285272670378,
    "z": 0.13040839757769765
  },
  "D18": {
    "x": -0.08735791639176137,
    "y": -0.9537653192080128,
    "z": -0.28757661643417265
  },
  "D19": {
    "x": 0.01656326842035524,
    "y": -0.9722200803127784,
    "z": -0.23348184849330364
  },
  "D20": {
    "x": -0.0862090243745569,
    "y": -0.9812107731928866,
    "z": -0.17260771328826655
  },
  "D21": {
    "x": 0.15787406859569766,
    "y": 0.9533407113501491,
    "z": 0.25732715858889155
  },
  "D22": {
    "x": 0.13634431288519672,
    "y": 0.9803719252640947,
    "z": 0.1424117849682263
  },
  "D23": {
    "x": 0.051163359750677206,
    "y": -0.9910382828294765,
    "z": -0.1233913797046827
  },
  "D24": {
    "x": 0.3343869359936022,
    "y": -0.8731478626939989,
    "z": -0.35468040107921406
  },
  "D25": {
    "x": -0.48101220312053106,
    "y": -0.8608451003559644,
    "z": 0.16605111755800553
  },
  "D26": {
    "x": -0.04831988787176347,
    "y": 0.8820640118387,
    "z": 0.46864514022347264
  },
  "D27": {
    "x": -0.01186066473996179,
    "y": 0.9308361922308983,
    "z": 0.36524417567568207
  },
  "D28": {
    "x": -0.2916266147203721,
    "y": -0.9555255075634378,
    "z": -0.04387393283454431
  },
  "D29": {
    "x": -0.43313559602976537,
    "y": -0.9009959547032899,
    "z": -0.024491734529166632
  },
  "D30": {
    "x": -0.18473352363575782,
    "y": -0.977517796477633,
    "z": -0.10164882101937771
  },
  "D31": {
    "x": -0.09345568329676786,
    "y": -0.8430021175398754,
    "z": 0.5297296150705756
  },
  "D32": {
    "x": -0.14561231466258823,
    "y": -0.9892907013179983,
    "z": 0.010047990065010887
  },
  "D33": {
    "x": -0.12293246272553905,
    "y": -0.9841207158737962,
    "z": 0.12803915883932063
  },
  "D34": {
    "x": -0.05067804575934203,
    "y": -0.9967378109738508,
    "z": -0.06281299111704518
  },
  "D35": {
    "x": -0.28136732860591557,
    "y": -0.9152187891852431,
    "z": 0.28845622599532894
  },
  "D36": {
    "x": -0.05039129789602254,
    "y": -0.9173865319442911,
    "z": -0.39479446311160493
  },
  "D37": {
    "x": 0.26425784313933104,
    "y": -0.951552836255969,
    "z": -0.15721002561086786
  },
  "D38": {
    "x": 0.08477732942471085,
    "y": -0.9261948310665828,
    "z": 0.3673907175217657
  },
  "D40": {
    "x": 0.13707586182310197,
    "y": 0.8654720968994101,
    "z": -0.4818384144025796
  },
  "D41": {
    "x": -0.4959176635272681,
    "y": 0.8438568181056505,
    "z": -0.20486908390057887
  },
  "D42": {
    "x": 0.2538412088439873,
    "y": 0.8378414127225106,
    "z": -0.4833077775287409
  },
  "D43": {
    "x": 0.069731290767808,
    "y": -0.8475397138756768,
    "z": 0.5261311438143452
  },
  "D45": {
    "x": -0.31331543219887337,
    "y": 0.9325546244327116,
    "z": -0.17937478193769954
  },
  "D47": {
    "x": 0.33365583019545203,
    "y": -0.7508911562820965,
    "z": -0.5699440835677828
  },
  "D48": {
    "x": 0.2917068178277885,
    "y": -0.9560484376519468,
    "z": 0.029639792442880338
  },
  "D49": {
    "x": 0.43065642033113555,
    "y": -0.05451396876961542,
    "z": -0.900868067386428
  },
  "D50": {
    "x": -0.24704043651510216,
    "y": -0.9667579363276851,
    "z": 0.06595540367448038
  },
  "D51": {
    "x": -0.30238222405449533,
    "y": -0.9384219955314117,
    "z": 0.16712016299267998
  },
  "D52": {
    "x": 0.1774948028098337,
    "y": -0.9839067841367509,
    "z": 0.02056781721951515
  },
  "D53": {
    "x": -0.3874716256788268,
    "y": -0.89181376968212,
    "z": 0.2335250297059694
  },
  "D54": {
    "x": -0.19875201420436298,
    "y": -0.9567535096907522,
    "z": 0.21241553272803834
  },
  "D56": {
    "x": -0.28939995659274137,
    "y": -0.9432944785011108,
    "z": -0.16261362782201602
  },
  "D57": {
    "x": -0.12667550997231122,
    "y": -0.8946998882076234,
    "z": 0.4283286415995564
  },
  "D58": {
    "x": 0.10264732572224994,
    "y": -0.9882702739063662,
    "z": 0.11307250875038526
  },
  "D59": {
    "x": -0.0019084662595617065,
    "y": -0.8952688042751605,
    "z": 0.44552230679087246
  },
  "D60": {
    "x": -0.004122570450667829,
    "y": -0.986859325320099,
    "z": 0.16152918139345038
  },
  "D61": {
    "x": -0.16683439114150092,
    "y": -0.9316063937005845,
    "z": 0.32291765691680013
  },
  "D62": {
    "x": 0.034956898600280305,
    "y": -0.9628262422577064,
    "z": 0.2678500372599455
  },
  "D63": {
    "x": -0.5906874305911282,
    "y": -0.6170733918854254,
    "z": -0.5199122891110259
  },
  "D64": {
    "x": -0.0863379960188626,
    "y": -0.9667575988886205,
    "z": 0.24067716018466737
  },
  "D65": {
    "x": -0.03583310992002172,
    "y": -0.9980210153041231,
    "z": 0.05167244183108563
  },
  "D66": {
    "x": -0.04972797530208927,
    "y": -0.9363487714064211,
    "z": 0.34753144714980877
  },
  "D67": {
    "x": 0.06485706103228339,
    "y": -0.9978696374839597,
    "z": -0.007053241941511792
  },
  "D68": {
    "x": -0.3630590954002247,
    "y": -0.9293851736234083,
    "z": 0.0665679524708225
  }
}