{
  "D2": {
    "x": 0.7855377139963142,
    "y": 0.045897859441717384,
    "z": 0.6171092985753116
  },
  "D3": {
    "x": 0.9864764814243209,
    "y": -0.06399201052094307,
    "z": -0.15089457971106526
  },
  "D4": {
    "x": 0.9168626913887437,
    "y": -0.2863934195078447,
    "z": 0.278103603719896
  },
  "D5": {
    "x": 0.9674705610239525,
    "y": 0.2034289296938182,
    "z": 0.15039077137785525
  },
  "D6": {
    "x": 0.9745462036715135,
    "y": -0.21978353056909214,
    "z": 0.04421421264735942
  },
  "D7": {
    "x": -0.21716624517988461,
    "y": -0.975462212732105,
    "z": -0.03622559159290557
  },
  "D8": {
    "x": 0.6322175031065046,
    "y": 0.4778253108264768,
    "z": 0.6099049115225732
  },
  "D9": {
    "x": 0.4262500154554196,
    "y": -0.9017445963820668,
    "z": 0.07188607111254479
  },
  "D10": {
    "x": 0.7937134519498279,
    "y": 0.3068700333518126,
    "z": 0.525213993363225
  },
  "D11": {
    "x": 0.9125840137458887,
    "y": 0.13742068746937794,
    "z": 0.38510514474736296
  },
  "D15": {
    "x": 0.377746743655017,
    "y": 0.7799314291491141,
    "z": 0.49901339008432566
  },
  "D16": {
    "x": 0.46572400160885274,
    "y": 0.37339227327902336,
    "z": 0.8022963072213162
  },
  "D17": {
    "x": -0.028041331921821303,
    "y": 0.617869283423508,
    "z": 0.7857806515216388
  },
  "D18": {
    "x": 0.9078170265606661,
    "y": -0.40384846790475426,
    "z": -0.11302504703619204
  },
  "D19": {
    "x": 0.8705854206101381,
    "y": -0.4763448167150296,
    "z": 0.12319351042077531
  },
  "D20": {
    "x": 0.7761048806449535,
    "y": -0.6162782024697788,
    "z": -0.13365025776144432
  },
  "D21": {
    "x": 0.04419758065165551,
    "y": 0.9479317694506261,
    "z": 0.31539171569771096
  },
  "D22": {
    "x": -0.19368303630711153,
    "y": 0.9516105028209095,
    "z": 0.23858820668212816
  },
  "D23": {
    "x": 0.8467843838027068,
    "y": 0.430757539004448,
    "z": 0.31209637924638195
  },
  "D26": {
    "x": 0.7678187557299226,
    "y": 0.6184896104346074,
    "z": 0.16710763038772677
  },
  "D27": {
    "x": 0.5967736724516898,
    "y": 0.7938209379927536,
    "z": 0.11708758376885327
  },
  "D28": {
    "x": 0.7909866818452883,
    "y": -0.4002092176385919,
    "z": 0.4627879117484452
  },
  "D30": {
    "x": 0.6148066920473667,
    "y": -0.5040701123009422,
    "z": 0.6065690836983778
  },
  "D31": {
    "x": -0.0016635863189169687,
    "y": -0.9841479274930099,
    "z": -0.17734173026045705
  },
  "D32": {
    "x": 0.22394871850768067,
    "y": -0.7828172279595319,
    "z": 0.5805550439781932
  },
  "D34": {
    "x": 0.7126421168222133,
    "y": -0.6085627650918437,
    "z": 0.3489879285518689
  },
  "D35": {
    "x": 0.40131515607001095,
    "y": -0.8957704404474409,
    "z": -0.19115821596023624
  },
  "D36": {
    "x": 0.42605680114210603,
    "y": -0.14686794927810914,
    "z": 0.8926955851102876
  },
  "D37": {
    "x": -0.557516595533152,
    "y": -0.8202538166547355,
    "z": -0.12790200142477554
  },
  "D38": {
    "x": 0.9753011949618382,
    "y": -0.03830545162919754,
    "z": 0.21753223090267254
  },
  "D39": {
    "x": 0.9630060574176784,
    "y": 0.2522806547635652,
    "z": -0.09473016736460371
  },
  "D40": {
    "x": 0.8272450007344837,
    "y": 0.5100021823914601,
    "z": -0.23571907584188503
  },
  "D41": {
    "x": 0.6545495533110786,
    "y": 0.23214637256132137,
    "z": 0.7194949228221753
  },
  "D42": {
    "x": 0.6905470146798619,
    "y": 0.5791446465827487,
    "z": -0.43328547039021986
  },
  "D43": {
    "x": 0.38887371161962486,
    "y": -0.6228005385491053,
    "z": 0.6788937513294118
  },
  "D45": {
    "x": 0.8835866208811758,
    "y": 0.4682485249599976,
    "z": 0.004242908503828298
  },
  "D47": {
    "x": 0.68451334972624,
    "y": 0.6077625029533148,
    "z": 0.4025744826122047
  },
  "D48": {
    "x": -0.1737491720361778,
    "y": -0.9377359377110726,
    "z": 0.3007699059777727
  },
  "D49": {
    "x": -0.027471083301234378,
    "y": 0.9995795746355091,
    "z": -0.009274349236010306
  },
  "D50": {
    "x": 0.6007524222827215,
    "y": -0.7955340280321506,
    "z": -0.07888052588810684
  },
  "D51": {
    "x": 0.5235170710967838,
    "y": -0.7015734471361573,
    "z": 0.48345069504938626
  },
  "D52": {
    "x": 0.8889174267024326,
    "y": -0.1037940490780942,
    "z": 0.4461531170805595
  },
  "D53": {
    "x": 0.05517279942597912,
    "y": -0.9079020298087833,
    "z": 0.4155356380295099
  },
  "D54": {
    "x": 0.7265913512906123,
    "y": -0.6792944187038403,
    "z": 0.1030732795029506
  },
  "D55": {
    "x": -0.01780198214840899,
    "y": -0.9933807477189693,
    "z": 0.1134803044271974
  },
  "D56": {
    "x": 0.5591364001613226,
    "y": -0.7899395652100508,
    "z": 0.25171803536972337
  },
  "D57": {
    "x": 0.2123830764070935,
    "y": -0.9759815642213044,
    "z": -0.04851201043035148
  },
  "D58": {
    "x": 0.21346843533681686,
    "y": -0.9561280915531924,
    "z": 0.20062477329009287
  },
  "D59": {
    "x": 0.7516615232741973,
    "y": -0.21329426849496544,
    "z": 0.624107770706559
  },
  "D60": {
    "x": 0.3546114653606176,
    "y": -0.8543079176325199,
    "z": 0.38001143470319826
  },
  "D61": {
    "x": -0.020129603908227107,
    "y": -0.7733753825152127,
    "z": 0.6336286899801385
  }
}