{
  "D2": {
    "x": -0.6567632181641009,
    "y": -0.09019344853742078,
    "z": 0.7486836562311623
  },
  "D3": {
    "x": -0.005279930724821151,
    "y": -0.4964593005244475,
    "z": 0.8680439420065769
  },
  "D4": {
    "x": -0.25216247256014745,
    "y": -0.4978945680993254,
    "z": 0.8297680919929008
  },
  "D5": {
    "x": -0.18663945769695522,
    "y": 0.47757653132237754,
    "z": 0.8585373431369613
  },
  "D7": {
    "x": 0.09332410316369892,
    "y": -0.7469920071192643,
    "z": 0.6582503726308284
  },
  "D8": {
    "x": -0.20375380252546882,
    "y": 0.8440563307226361,
    "z": 0.49603759789299495
  },
  "D9": {
    "x": 0.001270133640037408,
    "y": -0.9365621125142883,
    "z": 0.35049935258614945
  },
  "D10": {
    "x": -0.281127066841369,
    "y": 0.10504052772133314,
    "z": 0.9539046387481258
  },
  "D11": {
    "x": -0.13964526369058158,
    "y": -0.09865708413602121,
    "z": 0.9852745709083158
  },
  "D12": {
    "x": 0.1409946944370196,
    "y": 0.32978168326949964,
    "z": 0.9334690876084472
  },
  "D13": {
    "x": -0.3076953540083591,
    "y": -0.268894352699172,
    "z": 0.9126989625326435
  },
  "D15": {
    "x": -0.34531652218860237,
    "y": 0.6914744049592593,
    "z": 0.6345231648961344
  },
  "D16": {
    "x": -0.7126779349612609,
    "y": 0.41752812351694213,
    "z": 0.5637024277859498
  },
  "D17": {
    "x": -0.4517927991276772,
    "y": -0.06595730609698934,
    "z": 0.8896813476907373
  },
  "D18": {
    "x": -0.39411891580181807,
    "y": -0.628145686151985,
    "z": 0.6708973670956321
  },
  "D19": {
    "x": -0.7459387349650589,
    "y": -0.4939599235182997,
    "z": 0.446742652582584
  },
  "D20": {
    "x": -0.5868898550192762,
    "y": -0.469633178576338,
    "z": 0.6595490699377404
  },
  "D21": {
    "x": -0.05957296379212454,
    "y": 0.9458812912049697,
    "z": 0.3189978760641547
  },
  "D22": {
    "x": 0.15019332909016547,
    "y": 0.9711258139549105,
    "z": 0.1853553812739889
  },
  "D23": {
    "x": -0.019017464607971858,
    "y": 0.7644056338742741,
    "z": 0.6444550899334676
  },
  "D24": {
    "x": 0.26594516529443596,
    "y": -0.951635362920674,
    "z": -0.15382881750618912
  },
  "D25": {
    "x": -0.06548384371657492,
    "y": -0.9412694663263094,
    "z": -0.3312456157806289
  },
  "D26": {
    "x": -0.1427779085349456,
    "y": 0.9868432570994884,
    "z": 0.0758607589710226
  },
  "D27": {
    "x": 0.07966291289098407,
    "y": 0.9953981739308579,
    "z": -0.053256883544168465
  },
  "D28": {
    "x": -0.6989485569440064,
    "y": -0.6630788939363735,
    "z": 0.26795017290908085
  },
  "D29": {
    "x": -0.5238191352185779,
    "y": -0.7682428685510179,
    "z": -0.3679896853165378
  },
  "D30": {
    "x": -0.820104765549227,
    "y": -0.5305064047963509,
    "z": -0.21445542192609132
  },
  "D31": {
    "x": -0.24398901641798454,
    "y": -0.920634666089116,
    "z": 0.3047969347981803
  },
  "D32": {
    "x": -0.7815163514277617,
    "y": -0.6228870393581062,
    "z": 0.03526937270114597
  },
  "D33": {
    "x": -0.31054428066022455,
    "y": -0.8922608991431193,
    "z": -0.3277693359811686
  },
  "D34": {
    "x": 0.02482503195887152,
    "y": -0.9942280932515903,
    "z": -0.10437536288582644
  },
  "D35": {
    "x": -0.11361646336390224,
    "y": -0.8303783187833865,
    "z": 0.5454934893719223
  },
  "D36": {
    "x": -0.8718771161917334,
    "y": -0.2832864375942194,
    "z": 0.399473514186314
  },
  "D37": {
    "x": 0.44568426518001003,
    "y": -0.8462569261634248,
    "z": -0.2919156568109804
  },
  "D38": {
    "x": 0.04131300342632155,
    "y": -0.2695755593018738,
    "z": 0.9620926429273736
  },
  "D39": {
    "x": -0.8532716078760713,
    "y": -0.4718196401847312,
    "z": 0.22206708519844878
  },
  "D40": {
    "x": 0.9334009703084006,
    "y": 0.2798329832225585,
    "z": 0.22462442015083686
  },
  "D41": {
    "x": -0.1028642037214356,
    "y": 0.969576824127103,
    "z": -0.22212549990569705
  },
  "D42": {
    "x": 0.897522302345198,
    "y": 0.4395254747613576,
    "z": 0.03565212236008453
  },
  "D43": {
    "x": 0.5702292863460493,
    "y": -0.8042445579948807,
    "z": 0.16741938934572204
  },
  "D45": {
    "x": 0.9150343101446431,
    "y": 0.09505670757981896,
    "z": 0.39201585886568674
  },
  "D47": {
    "x": 0.9581816691011523,
    "y": -0.17515383622511613,
    "z": 0.22629410653871515
  },
  "D48": {
    "x": 0.5485475222611804,
    "y": -0.7311955068716585,
    "z": 0.40552280645090544
  },
  "D49": {
    "x": 0.9897026934247952,
    "y": 0.05438969529493059,
    "z": 0.13240218908096144
  },
  "D50": {
    "x": 0.14329940152970294,
    "y": -0.9784900840911583,
    "z": 0.14839958509546736
  },
  "D51": {
    "x": -0.668632605085474,
    "y": -0.7241148657255168,
    "z": -0.1690801604326461
  },
  "D52": {
    "x": 0.3868889410340349,
    "y": -0.7049772748063909,
    "z": 0.594410623485245
  },
  "D53": {
    "x": -0.5684800630687612,
    "y": -0.6662497571069891,
    "z": 0.48264032057860146
  },
  "D54": {
    "x": -0.23537342111426093,
    "y": -0.9666155044842484,
    "z": -0.10126114320720896
  },
  "D55": {
    "x": -0.35495167678812606,
    "y": -0.7959717587223795,
    "z": 0.49034504837073617
  },
  "D56": {
    "x": -0.4675918177339088,
    "y": -0.873703615023581,
    "z": -0.1341636503790251
  },
  "D57": {
    "x": -0.5017602264519841,
    "y": -0.8153038508857422,
    "z": 0.2889918785740065
  },
  "D58": {
    "x": -0.6026791559153003,
    "y": -0.7956368456658132,
    "z": 0.06115427085802274
  },
  "D59": {
    "x": 0.3599336178875191,
    "y": -0.8924960954749858,
    "z": 0.2718428043489594
  },
  "D60": {
    "x": -0.10347486478521958,
    "y": -0.9885364885679238,
    "z": 0.10994800192581912
  },
  "D61": {
    "x": -0.38147166386519576,
    "y": -0.9193785097364799,
    "z": 0.0960339809788609
  }
}