{
  "D2": {
    "x": 0.8053787004188545,
    "y": -0.02768675643643587,
    "z": 0.5921136651266096
  },
  "D3": {
    "x": 0.9889188100998384,
    "y": -0.10590959714332278,
    "z": -0.10403241929157875
  },
  "D4": {
    "x": 0.8752000369757774,
    "y": -0.36099610535329507,
    "z": 0.32203525769292796
  },
  "D5": {
    "x": 0.9473799390157612,
    "y": 0.27720898456147147,
    "z": 0.160082572533335
  },
  "D6": {
    "x": 0.9666507769527826,
    "y": -0.2209271962787906,
    "z": 0.12952779377791773
  },
  "D7": {
    "x": -0.14672404447998688,
    "y": -0.9884764761108359,
    "z": -0.0372331968401732
  },
  "D8": {
    "x": 0.641427882754648,
    "y": 0.4906090220207947,
    "z": 0.5898076455393648
  },
  "D9": {
    "x": 0.2545638441975188,
    "y": -0.9356443443069099,
    "z": 0.24447271871084958
  },
  "D10": {
    "x": 0.8028024611118257,
    "y": 0.2192040072411931,
    "z": 0.5544887840544642
  },
  "D11": {
    "x": 0.9254582407786253,
    "y": 0.125400528091058,
    "z": 0.35749370921656193
  },
  "D15": {
    "x": 0.37503382602070934,
    "y": 0.7676515668307948,
    "z": 0.519673648824427
  },
  "D16": {
    "x": 0.442262006575627,
    "y": 0.3696617686998995,
    "z": 0.817162465059037
  },
  "D17": {
    "x": -0.026132115934350855,
    "y": 0.6363908475813628,
    "z": 0.7709239921233925
  },
  "D18": {
    "x": 0.9286336500896487,
    "y": -0.34697625127099624,
    "z": -0.13132792915104724
  },
  "D19": {
    "x": 0.8862483656044542,
    "y": -0.45431115629883795,
    "z": 0.09036153897453618
  },
  "D20": {
    "x": 0.7948797140720788,
    "y": -0.5998748045157362,
    "z": -0.09119462190226925
  },
  "D21": {
    "x": 0.046054143812988634,
    "y": 0.942422107874836,
    "z": 0.33123946991022
  },
  "D22": {
    "x": -0.19244061961832581,
    "y": 0.9472124580530926,
    "z": 0.25642770370990203
  },
  "D23": {
    "x": 0.8054622519233998,
    "y": 0.4251029340332961,
    "z": 0.41293832009486403
  },
  "D26": {
    "x": 0.685683335063437,
    "y": 0.6913021308565919,
    "z": 0.22790289135817804
  },
  "D27": {
    "x": 0.5410264427128376,
    "y": 0.836700942575872,
    "z": 0.08498188617664468
  },
  "D28": {
    "x": 0.728109715272212,
    "y": -0.501250200708896,
    "z": 0.4675515787755506
  },
  "D30": {
    "x": 0.5754096315949989,
    "y": -0.47701647867165675,
    "z": 0.6643485793944326
  },
  "D31": {
    "x": 0.07114105556392675,
    "y": -0.9938300476490334,
    "z": 0.08509281170093214
  },
  "D32": {
    "x": 0.16374070358471954,
    "y": -0.6332621675141172,
    "z": 0.7564178800007988
  },
  "D34": {
    "x": 0.7578657377251684,
    "y": -0.6058840220021983,
    "z": 0.24195883010282151
  },
  "D35": {
    "x": 0.14884689197940568,
    "y": -0.97712013356034,
    "z": -0.15192382084154724
  },
  "D36": {
    "x": 0.4350504001838803,
    "y": -0.14135112418299928,
    "z": 0.8892418169384791
  },
  "D37": {
    "x": -0.5557124650603049,
    "y": -0.8219012572485587,
    "z": -0.12514783062377954
  },
  "D38": {
    "x": 0.993802273861941,
    "y": 0.026637751950976427,
    "z": 0.10792344804459278
  },
  "D39": {
    "x": 0.9763121351922036,
    "y": 0.20229894120149058,
    "z": -0.0767447266279319
  },
  "D40": {
    "x": 0.8141955570891584,
    "y": 0.507827434640679,
    "z": -0.2814194226462382
  },
  "D41": {
    "x": 0.6339175457116616,
    "y": 0.22975514006638814,
    "z": 0.7384856944125443
  },
  "D42": {
    "x": 0.6654655036882423,
    "y": 0.5811045930480772,
    "z": -0.46847957835895315
  },
  "D43": {
    "x": 0.5907424777712159,
    "y": -0.6993500904276877,
    "z": 0.40240871756897784
  },
  "D45": {
    "x": 0.8970108696902023,
    "y": 0.4384428975763602,
    "z": -0.056029681620299324
  },
  "D47": {
    "x": 0.8445648243187066,
    "y": 0.504560410859271,
    "z": 0.17924577907732112
  },
  "D48": {
    "x": -0.15421922801477075,
    "y": -0.9565772153553457,
    "z": 0.24733875711974646
  },
  "D49": {
    "x": 0.01196740669040286,
    "y": 0.9961327747483028,
    "z": -0.08704180747981775
  },
  "D50": {
    "x": 0.6614171455808425,
    "y": -0.747613681079691,
    "z": 0.060009527528257486
  },
  "D51": {
    "x": 0.41523937057805343,
    "y": -0.6641553192780862,
    "z": 0.6216703121402576
  },
  "D52": {
    "x": 0.9140602319871945,
    "y": -0.12263316483185274,
    "z": 0.38659410132959815
  },
  "D53": {
    "x": 0.6016486216730109,
    "y": -0.7780244209209721,
    "z": -0.18082294237610477
  },
  "D54": {
    "x": 0.1691127481734908,
    "y": -0.8023316667182734,
    "z": 0.5724201035832744
  },
  "D55": {
    "x": 0.3856243906179369,
    "y": -0.8930680713229541,
    "z": -0.23178276325914263
  },
  "D56": {
    "x": 0.3744278590397426,
    "y": -0.8208920229544608,
    "z": 0.4312076820102439
  },
  "D57": {
    "x": 0.3375568524198493,
    "y": -0.9412644082654497,
    "z": 0.008757003888140664
  },
  "D58": {
    "x": 0.04985971045942837,
    "y": -0.9206479767640049,
    "z": 0.3871967357213208
  },
  "D59": {
    "x": 0.7900614422951784,
    "y": -0.27321089276954885,
    "z": 0.5487793048854234
  },
  "D60": {
    "x": 0.4862781921699069,
    "y": -0.8489773870858908,
    "z": 0.20681130538918943
  },
  "D61": {
    "x": -0.08051378540686044,
    "y": -0.8151237246224635,
    "z": 0.5736644000781816
  }
}