{
  "D2": {
    "x": -0.5819450304004419,
    "y": 0.3756094044404365,
    "z": 0.7212888165555663
  },
  "D3": {
    "x": -0.49805494362429203,
    "y": -0.6369120323875943,
    "z": 0.5884592901223561
  },
  "D4": {
    "x": -0.5025247489590544,
    "y": -0.07598898259728973,
    "z": 0.8612169013712329
  },
  "D5": {
    "x": -0.6106908703046292,
    "y": 0.13440223219044567,
    "z": 0.780379843991886
  },
  "D6": {
    "x": -0.7065016679402016,
    "y": -0.18981978738458757,
    "z": 0.6817799069457703
  },
  "D7": {
    "x": 0.19879188465894868,
    "y": -0.34168732725858625,
    "z": -0.9185486143828354
  },
  "D8": {
    "x": -0.409536928037946,
    "y": 0.25178072456041806,
    "z": 0.8768614322189527
  },
  "D9": {
    "x": -0.10246831338749844,
    "y": -0.7048766465733174,
    "z": -0.7018897049160044
  },
  "D10": {
    "x": -0.3038031189798171,
    "y": 0.7408323946597957,
    "z": 0.5990584511721438
  },
  "D11": {
    "x": -0.14226966552224748,
    "y": 0.6358297505190913,
    "z": 0.7586038957367791
  },
  "D15": {
    "x": 0.14848741673080854,
    "y": 0.5958276736439434,
    "z": -0.789266032711821
  },
  "D16": {
    "x": 0.07611108465690138,
    "y": 0.9832488099814831,
    "z": -0.16561666722388554
  },
  "D17": {
    "x": 0.4835880951340619,
    "y": -0.5220013502851386,
    "z": -0.7026073900444697
  },
  "D18": {
    "x": -0.6493274040283972,
    "y": -0.4403926653851515,
    "z": 0.6200227597860458
  },
  "D19": {
    "x": -0.42291490802624115,
    "y": -0.8835204703881817,
    "z": 0.2013319621277312
  },
  "D20": {
    "x": -0.37366682021954595,
    "y": -0.5177294814131392,
    "z": 0.769629320869921
  },
  "D21": {
    "x": -0.15832851520859612,
    "y": 0.9336242156419343,
    "z": 0.3213687994171559
  },
  "D22": {
    "x": 0.04240764717961793,
    "y": 0.9953580940722708,
    "z": 0.08639361102249152
  },
  "D23": {
    "x": -0.3047012105632302,
    "y": -0.2475043646832564,
    "z": 0.9197275475617982
  },
  "D26": {
    "x": -0.05998397809967711,
    "y": 0.8323026599437485,
    "z": 0.551066424872627
  },
  "D27": {
    "x": 0.08781278468753181,
    "y": 0.9242275782289485,
    "z": 0.37160772124173375
  },
  "D28": {
    "x": -0.5195173377851606,
    "y": -0.3161322820641955,
    "z": 0.7938275102171147
  },
  "D30": {
    "x": -0.25619208694961365,
    "y": -0.9663600305282681,
    "z": -0.02266949452031285
  },
  "D31": {
    "x": 0.2275067631466062,
    "y": -0.55860166397623,
    "z": -0.7976245067232709
  },
  "D32": {
    "x": -0.25592886796048214,
    "y": -0.9282959740760811,
    "z": -0.2697535895194093
  },
  "D34": {
    "x": -0.37098655306304584,
    "y": -0.8192410367409049,
    "z": 0.43727920275961846
  },
  "D36": {
    "x": -0.7651059577484994,
    "y": 0.5972021791320893,
    "z": 0.2407538798392157
  },
  "D37": {
    "x": -0.13554249002288862,
    "y": -0.9711431702702253,
    "z": 0.1962375505245907
  },
  "D38": {
    "x": -0.29922258896180554,
    "y": 0.03650065454528734,
    "z": 0.9534849471663198
  },
  "D40": {
    "x": -0.23732276600340022,
    "y": 0.43298789169599883,
    "z": 0.8695972575745334
  },
  "D41": {
    "x": 0.10028792600809655,
    "y": 0.3056754500504907,
    "z": 0.9468394009194085
  },
  "D42": {
    "x": -0.4054070932721496,
    "y": 0.5524839072736984,
    "z": 0.7282902037843252
  },
  "D43": {
    "x": 0.8380415645453134,
    "y": -0.5026702165478557,
    "z": 0.2121532217294261
  },
  "D45": {
    "x": -0.1357643088133266,
    "y": 0.22532066560438116,
    "z": 0.964779068027514
  },
  "D47": {
    "x": 0.7180849243942715,
    "y": 0.027471568403376428,
    "z": 0.6954130817630138
  },
  "D48": {
    "x": -0.27488197415165905,
    "y": -0.7971370555338222,
    "z": -0.5375987490511439
  },
  "D49": {
    "x": 0.5996812679135697,
    "y": 0.2365402322222763,
    "z": 0.764480932040692
  },
  "D50": {
    "x": 0.4328834308401583,
    "y": -0.8981002390943635,
    "z": -0.07763952500306012
  },
  "D51": {
    "x": 0.054553617239168115,
    "y": -0.9973601522271975,
    "z": -0.04792316345425833
  },
  "D52": {
    "x": -0.14284062601392336,
    "y": -0.43550188277385327,
    "z": 0.8887826875341235
  },
  "D53": {
    "x": -0.03134655248318739,
    "y": -0.5195337270366763,
    "z": -0.8538747566937434
  },
  "D54": {
    "x": 0.23172437298001375,
    "y": -0.9481834596337415,
    "z": -0.21737511781252286
  },
  "D55": {
    "x": 0.38337065488577104,
    "y": -0.7168974842319948,
    "z": -0.5823100016952241
  },
  "D56": {
    "x": -0.008277510053182608,
    "y": -0.9579926755584927,
    "z": -0.2866731874514953
  },
  "D57": {
    "x": 0.13990853074969223,
    "y": -0.7434882278419067,
    "z": -0.6539501954154944
  },
  "D58": {
    "x": -0.03333253773302848,
    "y": -0.8571183726296988,
    "z": -0.5140399179333187
  },
  "D59": {
    "x": 0.5959906002964283,
    "y": -0.1941260370183367,
    "z": 0.7791728217217657
  },
  "D60": {
    "x": 0.22725423139954895,
    "y": -0.8624873944566251,
    "z": -0.4521847064136754
  },
  "D61": {
    "x": -0.4732184837660091,
    "y": -0.6542341436118095,
    "z": -0.5899508046902909
  }
}