{
  "D2": {
    "x": -0.29868746604609625,
    "y": -0.8785661443236293,
    "z": -0.3727027336568299
  },
  "D4": {
    "x": -0.11293097174155475,
    "y": -0.9922537256648836,
    "z": 0.051760404999053336
  },
  "D5": {
    "x": -0.3510456758496702,
    "y": -0.9229419367414539,
    "z": -0.15794022562723653
  },
  "D7": {
    "x": 0.04348544389255749,
    "y": -0.6683531963733396,
    "z": -0.7425718962275687
  },
  "D8": {
    "x": -0.1849168714297571,
    "y": 0.975182856047757,
    "z": 0.12175445754127641
  },
  "D9": {
    "x": 0.18654229770502015,
    "y": -0.7998424130818881,
    "z": -0.5704858327796353
  },
  "D10": {
    "x": -0.20078059707644152,
    "y": -0.9195332827408034,
    "z": -0.3378545452847265
  },
  "D11": {
    "x": -0.4369190759252235,
    "y": -0.6549191306669722,
    "z": -0.6165895339519365
  },
  "D15": {
    "x": -0.22203739980895515,
    "y": -0.3890702053249125,
    "z": -0.894049086132584
  },
  "D16": {
    "x": 0.04942105195300093,
    "y": -0.998451397385209,
    "z": -0.025541469875127114
  },
  "D17": {
    "x": -0.3390009474713033,
    "y": -0.6455040686459639,
    "z": -0.6843996310453897
  },
  "D18": {
    "x": -0.10637983730699035,
    "y": -0.9528299836015905,
    "z": -0.28425051022703735
  },
  "D19": {
    "x": -0.06587031484319314,
    "y": -0.9961969231666337,
    "z": -0.0570332525443786
  },
  "D20": {
    "x": 0.11886083691415066,
    "y": -0.9684446027183461,
    "z": -0.2190597017111373
  },
  "D21": {
    "x": -0.08610756870106723,
    "y": 0.9472878313373481,
    "z": 0.30859561113628126
  },
  "D22": {
    "x": 0.021540319313177195,
    "y": 0.9702884695454204,
    "z": 0.24099024982578085
  },
  "D23": {
    "x": -0.22916786659447436,
    "y": -0.9729276126401584,
    "z": 0.02989898799055083
  },
  "D24": {
    "x": -0.2887876605203529,
    "y": -0.9484477006266462,
    "z": 0.13057046491151547
  },
  "D25": {
    "x": 0.026616507930607863,
    "y": -0.9895762046954741,
    "z": -0.14152913695095085
  },
  "D26": {
    "x": -0.06393249633270352,
    "y": 0.995039973306074,
    "z": 0.07621080917898927
  },
  "D27": {
    "x": -0.0879707219418459,
    "y": 0.9773576337638349,
    "z": 0.19244014083498304
  },
  "D28": {
    "x": -0.1868616561790032,
    "y": -0.9789991880401987,
    "z": -0.08150651057842875
  },
  "D29": {
    "x": -0.08896371494797306,
    "y": -0.9811286413222624,
    "z": -0.1716742455925969
  },
  "D30": {
    "x": 0.005764745189483136,
    "y": -0.9668661614004019,
    "z": -0.25521871728333734
  },
  "D31": {
    "x": -0.10710281562693703,
    "y": -0.6182336546810955,
    "z": -0.7786630433662804
  },
  "D32": {
    "x": 0.09674346183603953,
    "y": -0.8921519709680926,
    "z": -0.44125453344948945
  },
  "D33": {
    "x": -0.019683348908402058,
    "y": -0.9309631891569659,
    "z": -0.3645820980388934
  },
  "D34": {
    "x": -0.40144391427916326,
    "y": -0.8715015983762185,
    "z": -0.28165182001173
  },
  "D35": {
    "x": 0.15046772818891044,
    "y": -0.7331692945253007,
    "z": -0.6631909591806427
  },
  "D36": {
    "x": 0.05979317922291748,
    "y": -0.8164242013832838,
    "z": 0.574348586760761
  },
  "D37": {
    "x": -0.20289656159805075,
    "y": -0.9590054704514938,
    "z": -0.19784209091039617
  },
  "D38": {
    "x": -0.11700664955163724,
    "y": -0.9006466520232833,
    "z": -0.41850334784796056
  },
  "D40": {
    "x": -0.466279277708089,
    "y": 0.6803664935514506,
    "z": 0.5654069946795198
  },
  "D41": {
    "x": -0.01568796824118656,
    "y": 0.6605597766731305,
    "z": 0.750609531710068
  },
  "D42": {
    "x": -0.4147425046156029,
    "y": 0.7631856162514649,
    "z": 0.49551626614274574
  },
  "D43": {
    "x": 0.07626941630781664,
    "y": -0.8357140352343714,
    "z": -0.5438428334071793
  },
  "D45": {
    "x": -0.5452629710105621,
    "y": -0.0016432576802358557,
    "z": 0.838263438394477
  },
  "D47": {
    "x": -0.8728799510308788,
    "y": -0.4689894845074335,
    "z": -0.13464566279603082
  },
  "D48": {
    "x": -0.5078191336844415,
    "y": -0.6834473809704212,
    "z": -0.5244229256131498
  },
  "D49": {
    "x": -0.971464752356589,
    "y": -0.2310066076888501,
    "z": 0.05377901201064123
  },
  "D50": {
    "x": -0.5021025218183094,
    "y": -0.7837391782278655,
    "z": -0.36557620012030884
  },
  "D51": {
    "x": -0.39731926980692706,
    "y": -0.8293330244333206,
    "z": -0.3928665580376771
  },
  "D52": {
    "x": -0.36062194056996816,
    "y": -0.7358446455759405,
    "z": -0.5731356502231988
  },
  "D53": {
    "x": -0.4317426323038514,
    "y": -0.762318103369498,
    "z": -0.48215081533320325
  },
  "D54": {
    "x": -0.254307254997327,
    "y": -0.6018683438645814,
    "z": -0.7570220054327553
  },
  "D56": {
    "x": -0.29385278874263576,
    "y": -0.9190963212098378,
    "z": -0.26251188713412343
  },
  "D57": {
    "x": 0.03412675643207395,
    "y": -0.7518135960038166,
    "z": -0.6584919751669233
  },
  "D58": {
    "x": -0.323272468837532,
    "y": -0.8107720408003214,
    "z": -0.4879995991270578
  },
  "D59": {
    "x": -0.1798003987513328,
    "y": -0.681561894570091,
    "z": -0.709327287279215
  },
  "D60": {
    "x": -0.220661612412563,
    "y": -0.8615424330655675,
    "z": -0.457223237417949
  },
  "D61": {
    "x": -0.06418574741246337,
    "y": -0.7054181557932674,
    "z": -0.7058791789721021
  },
  "D62": {
    "x": -0.016089737204746067,
    "y": -0.8775543710231587,
    "z": -0.479207101632301
  },
  "D63": {
    "x": -0.868057362934151,
    "y": -0.23512403458961936,
    "z": 0.43725633559058585
  },
  "D64": {
    "x": -0.03224152851099049,
    "y": -0.8112426280062432,
    "z": -0.583820077031271
  },
  "D65": {
    "x": -0.2630512776070577,
    "y": -0.723451646717203,
    "z": -0.638295965999678
  },
  "D66": {
    "x": -0.13457765413092224,
    "y": -0.7663412829326331,
    "z": -0.6281798254335967
  },
  "D67": {
    "x": -0.22641963828033704,
    "y": -0.7989733395572185,
    "z": -0.557113767625417
  },
  "D68": {
    "x": -0.1236021139194604,
    "y": -0.844520756987694,
    "z": -0.5210635359066812
  }
}