{
  "D2": {
    "x": 0.3846644597603547,
    "y": 0.10308081576410315,
    "z": -0.9172827256733234
  },
  "D4": {
    "x": 0.4819793027025154,
    "y": -0.3330487877464047,
    "z": -0.8104162243853755
  },
  "D5": {
    "x": 0.3802836485886019,
    "y": 0.34468043516757946,
    "z": -0.8582422409954132
  },
  "D7": {
    "x": -0.5197229313542647,
    "y": -0.30730669873154914,
    "z": -0.79715159633488
  },
  "D8": {
    "x": 0.05359907289660287,
    "y": 0.9728514918097361,
    "z": -0.22513798939360657
  },
  "D9": {
    "x": -0.05811620820397929,
    "y": -0.38259256432561733,
    "z": -0.9220875425179217
  },
  "D10": {
    "x": 0.741688123130909,
    "y": 0.020368095810499275,
    "z": -0.6704355813048737
  },
  "D11": {
    "x": 0.5645763947372897,
    "y": -0.06825004384681496,
    "z": -0.822554208560355
  },
  "D12": {
    "x": 0.1253199393805875,
    "y": -0.992115099687971,
    "z": -0.001594291307484972
  },
  "D13": {
    "x": 0.5859920080275726,
    "y": 0.17861502139218585,
    "z": -0.7903860073792315
  },
  "D15": {
    "x": 0.13144574262525702,
    "y": 0.7250322596675074,
    "z": -0.6760549084113825
  },
  "D16": {
    "x": 0.8983213700286724,
    "y": -0.29668285832724856,
    "z": -0.3240339453276197
  },
  "D17": {
    "x": -0.45424927589074876,
    "y": -0.5456352271019104,
    "z": -0.7042299299931642
  },
  "D18": {
    "x": 0.8400969608740597,
    "y": -0.15350657781106264,
    "z": -0.5202622674179868
  },
  "D19": {
    "x": 0.7777549658748083,
    "y": -0.6249505155717716,
    "z": -0.06733547463003883
  },
  "D20": {
    "x": 0.5987542456343369,
    "y": -0.8004970675213546,
    "z": 0.02641587069486514
  },
  "D21": {
    "x": 0.06742843359396337,
    "y": 0.9974528771167772,
    "z": 0.0232629377879899
  },
  "D22": {
    "x": -0.14605560229951275,
    "y": 0.9775566116571299,
    "z": 0.1518250046677357
  },
  "D23": {
    "x": 0.7628285317982653,
    "y": -0.3977362498505449,
    "z": -0.5098024192070181
  },
  "D24": {
    "x": 0.13152636141220256,
    "y": -0.8703060118188093,
    "z": 0.4746243378143447
  },
  "D25": {
    "x": 0.6812966043634802,
    "y": -0.2447492187625476,
    "z": -0.6898787986290884
  },
  "D26": {
    "x": 0.6481456774128047,
    "y": 0.4559358212805933,
    "z": -0.6099423806592614
  },
  "D27": {
    "x": 0.535093548691634,
    "y": 0.6620153402873952,
    "z": -0.5247957539583934
  },
  "D28": {
    "x": 0.7989853208844209,
    "y": -0.5240112725681958,
    "z": -0.29501634400941057
  },
  "D29": {
    "x": 0.9443275631495729,
    "y": -0.03384488845531124,
    "z": -0.3272613283011557
  },
  "D30": {
    "x": 0.623120410467449,
    "y": -0.7513020396418674,
    "z": -0.21740790990405118
  },
  "D31": {
    "x": -0.3039187082392852,
    "y": -0.1803197202180738,
    "z": -0.9354775343548555
  },
  "D32": {
    "x": 0.578566285011878,
    "y": -0.5015985791871476,
    "z": -0.64316399091133
  },
  "D33": {
    "x": -0.4928248876018348,
    "y": -0.7208359215944589,
    "z": -0.48735942003751825
  },
  "D34": {
    "x": 0.41930713568404004,
    "y": -0.9004227605139778,
    "z": -0.11584635649356281
  },
  "D35": {
    "x": 0.14942374766315697,
    "y": 0.05187793985400855,
    "z": -0.9874113747525908
  },
  "D36": {
    "x": 0.9060878422172026,
    "y": -0.41115893533888753,
    "z": -0.09976548540034448
  },
  "D37": {
    "x": -0.17909745381538425,
    "y": -0.909750583145837,
    "z": 0.37453701886816965
  },
  "D38": {
    "x": 0.20517874985400433,
    "y": -0.9502710252650494,
    "z": -0.23427901986746488
  },
  "D40": {
    "x": 0.3254459205253762,
    "y": 0.5996873104058643,
    "z": 0.7310677687817808
  },
  "D41": {
    "x": 0.9460933300285209,
    "y": 0.24175133013174938,
    "z": 0.21555441367569866
  },
  "D42": {
    "x": 0.08102011664392028,
    "y": 0.6227226945589832,
    "z": 0.7782365876648342
  },
  "D43": {
    "x": -0.1051274400098423,
    "y": -0.04067794649888988,
    "z": -0.9936264519554673
  },
  "D45": {
    "x": 0.415825296262432,
    "y": 0.5516272582835239,
    "z": -0.7230468110066339
  },
  "D47": {
    "x": 0.32105233017669293,
    "y": -0.011494486743894028,
    "z": 0.9469916990463064
  },
  "D48": {
    "x": -0.2856553860927021,
    "y": -0.939295212022934,
    "z": -0.1900671067465927
  },
  "D49": {
    "x": 0.19149266994924186,
    "y": 0.23258966298364284,
    "z": 0.953536892851486
  },
  "D50": {
    "x": 0.43035880377992924,
    "y": -0.8297780429636189,
    "z": -0.35533040880928696
  },
  "D51": {
    "x": -0.28015795126397036,
    "y": -0.8599739938095097,
    "z": -0.4265633039947251
  },
  "D52": {
    "x": -0.3036321404689563,
    "y": -0.4170407012313175,
    "z": -0.8566706349529737
  },
  "D53": {
    "x": 0.35023054314615215,
    "y": -0.14294880455993916,
    "z": -0.9256912044102156
  },
  "D54": {
    "x": 0.20892181131853294,
    "y": -0.8595845428694011,
    "z": -0.46633259634662694
  },
  "D56": {
    "x": 0.6314484176660196,
    "y": -0.6383782613153749,
    "z": -0.4401659815422348
  },
  "D57": {
    "x": 0.09913877251379852,
    "y": -0.5522552109449194,
    "z": -0.8277594371365631
  },
  "D58": {
    "x": -0.0391503208243991,
    "y": -0.9807195220102839,
    "z": -0.1914587985109774
  },
  "D59": {
    "x": 0.09336402786933345,
    "y": -0.1914687184210642,
    "z": -0.9770480480335703
  },
  "D60": {
    "x": -0.034163064206172114,
    "y": -0.9027058397524736,
    "z": -0.4288998157155423
  },
  "D61": {
    "x": 0.3602884094230036,
    "y": -0.5449828798002577,
    "z": -0.7570904323527408
  },
  "D62": {
    "x": -0.28951655874111837,
    "y": -0.7190193674982294,
    "z": -0.6318158840810721
  },
  "D63": {
    "x": 0.9835770634594079,
    "y": -0.1696017505721631,
    "z": 0.061736589146352966
  },
  "D64": {
    "x": 0.25028859196949005,
    "y": -0.3679869488869121,
    "z": -0.8955117119160593
  },
  "D65": {
    "x": 0.4280372106649854,
    "y": -0.7014611106069029,
    "z": -0.5698565228127773
  },
  "D66": {
    "x": -0.14268810481144445,
    "y": -0.5952779971816841,
    "z": -0.790749145315176
  },
  "D67": {
    "x": -0.04313237769219552,
    "y": -0.7677880592033043,
    "z": -0.6392504158304795
  },
  "D68": {
    "x": 0.19951977714469707,
    "y": -0.7158070370403737,
    "z": -0.6691876749101191
  }
}