{
  "D2": {
    "x": 0.9744614191229024,
    "y": 0.04816625564333482,
    "z": 0.21932841689639782
  },
  "D3": {
    "x": 0.818369080976038,
    "y": -0.5666398345760197,
    "z": -0.09587150345173462
  },
  "D4": {
    "x": 0.7439884977291243,
    "y": -0.6633738068068117,
    "z": -0.08010185821439877
  },
  "D5": {
    "x": 0.9106931744160199,
    "y": 0.4103673863600239,
    "z": 0.04729217994674971
  },
  "D7": {
    "x": 0.7510872528425553,
    "y": -0.6404053585762219,
    "z": 0.1604646855986827
  },
  "D8": {
    "x": 0.7399613569628831,
    "y": 0.6626218562615094,
    "z": 0.11571285929489522
  },
  "D9": {
    "x": 0.6818208883519964,
    "y": -0.7233400346808091,
    "z": 0.10908469386151363
  },
  "D10": {
    "x": 0.9086686488732987,
    "y": 0.36655565482866953,
    "z": 0.19989556890511437
  },
  "D11": {
    "x": 0.9935688878071418,
    "y": -0.004367061127668557,
    "z": 0.1131450129647193
  },
  "D15": {
    "x": 0.6009058935061051,
    "y": 0.7870641903142044,
    "z": 0.13943481442837394
  },
  "D16": {
    "x": 0.8371812998811297,
    "y": 0.3127846216820566,
    "z": 0.44865716484700746
  },
  "D17": {
    "x": 0.16688468503199744,
    "y": 0.9628329308697804,
    "z": 0.21237290113025137
  },
  "D18": {
    "x": 0.7528308261832269,
    "y": -0.6570372792907899,
    "z": 0.03934159084781028
  },
  "D19": {
    "x": 0.9416882900767811,
    "y": -0.3226318184359373,
    "z": 0.09556083959964229
  },
  "D20": {
    "x": 0.6755687111502108,
    "y": -0.7372339081310362,
    "z": -0.009647860730869283
  },
  "D21": {
    "x": 0.22784186248924976,
    "y": 0.9723767125059812,
    "z": 0.0507110902415839
  },
  "D22": {
    "x": 0.11066834961661405,
    "y": 0.9932278202252232,
    "z": 0.035369669545910046
  },
  "D23": {
    "x": 0.9513887029121171,
    "y": 0.2796792164245743,
    "z": 0.12899252641659276
  },
  "D26": {
    "x": 0.6505247194936999,
    "y": 0.7587369051305596,
    "z": 0.03370308770043479
  },
  "D27": {
    "x": 0.5548681745876313,
    "y": 0.8311026431061922,
    "z": 0.03727875335484718
  },
  "D28": {
    "x": 0.25629723686279926,
    "y": -0.9141877518039642,
    "z": 0.31396254685568437
  },
  "D30": {
    "x": 0.34890345943037876,
    "y": -0.8615791338809182,
    "z": 0.3687109600466483
  },
  "D31": {
    "x": 0.39608242310609604,
    "y": -0.9182139786272902,
    "z": -0.0013429668073638604
  },
  "D32": {
    "x": 0.6260772300572749,
    "y": -0.6995342036223714,
    "z": 0.3444984759998583
  },
  "D34": {
    "x": 0.42222056707499994,
    "y": -0.7890826567463501,
    "z": 0.4461819735948409
  },
  "D35": {
    "x": 0.67336780931519,
    "y": -0.7011763547369908,
    "z": 0.23436619409762902
  },
  "D36": {
    "x": 0.44417422136209417,
    "y": 0.17814015955341223,
    "z": 0.8780520170420784
  },
  "D37": {
    "x": -0.07007739934807214,
    "y": -0.9961805107215954,
    "z": 0.0520917283171934
  },
  "D38": {
    "x": 0.886494201735295,
    "y": -0.39793366599574675,
    "z": -0.23617118316358549
  },
  "D39": {
    "x": 0.878715570973168,
    "y": 0.007257456460041338,
    "z": -0.4772905557991168
  },
  "D40": {
    "x": 0.3911633888298599,
    "y": 0.9113557676016818,
    "z": -0.12814783688494108
  },
  "D41": {
    "x": 0.4536226458352108,
    "y": 0.011909930196454496,
    "z": 0.8911142736754802
  },
  "D42": {
    "x": 0.2787946249929586,
    "y": 0.9490453791303272,
    "z": -0.14692319567178366
  },
  "D43": {
    "x": 0.4134633475581044,
    "y": -0.903064859736675,
    "z": 0.11628378792774803
  },
  "D45": {
    "x": 0.829325993271351,
    "y": 0.08720160035340996,
    "z": -0.5519187238899325
  },
  "D47": {
    "x": 0.7407832924975075,
    "y": -0.6121074647411974,
    "z": 0.27670302702474364
  },
  "D48": {
    "x": 0.5823302231235903,
    "y": -0.8109268288690483,
    "z": -0.05735145558064833
  },
  "D49": {
    "x": 0.3027586925768918,
    "y": -0.9463256262290712,
    "z": 0.11315910573739575
  },
  "D50": {
    "x": 0.3363996197485045,
    "y": -0.9145035801871211,
    "z": 0.22476320352317375
  },
  "D51": {
    "x": 0.5280349276525022,
    "y": -0.7491454638116568,
    "z": 0.39995023344090486
  },
  "D52": {
    "x": 0.19687624386115812,
    "y": -0.9664380902764439,
    "z": 0.16503685123614642
  },
  "D53": {
    "x": 0.5022166351805136,
    "y": -0.8646214495184895,
    "z": 0.014429150373766044
  },
  "D54": {
    "x": 0.4573848531892372,
    "y": -0.8229296310852906,
    "z": 0.33702510048197837
  },
  "D55": {
    "x": 0.5996973201537439,
    "y": -0.7979512336930635,
    "z": 0.060307154203593234
  },
  "D56": {
    "x": 0.556805871544641,
    "y": -0.7790758501024858,
    "z": 0.2881111611869661
  },
  "D57": {
    "x": 0.5164537183567043,
    "y": -0.8461332296107221,
    "z": 0.13165908454817288
  },
  "D58": {
    "x": 0.44585287561263365,
    "y": -0.8660895684086112,
    "z": 0.2260620994367061
  },
  "D59": {
    "x": 0.6363295617354636,
    "y": -0.6317086047380859,
    "z": 0.4427515415686475
  },
  "D60": {
    "x": 0.6021204452825786,
    "y": -0.7782617354820288,
    "z": 0.17821234653415613
  },
  "D61": {
    "x": 0.536423575589885,
    "y": -0.6812264351342895,
    "z": 0.4981769681805761
  }
}