{
  "D2": {
    "x": 0.7803919349897682,
    "y": -0.5729657215896218,
    "z": -0.25039710398926274
  },
  "D4": {
    "x": 0.14254784462055844,
    "y": -0.9742792941553877,
    "z": -0.1745278458416104
  },
  "D5": {
    "x": 0.5306175285333931,
    "y": -0.7159850050708645,
    "z": 0.4536634335350251
  },
  "D7": {
    "x": 0.6515078743028027,
    "y": -0.6863805051011583,
    "z": -0.323139740574449
  },
  "D8": {
    "x": 0.11764948248810361,
    "y": 0.9883558811866957,
    "z": 0.09649482573667756
  },
  "D9": {
    "x": 0.226566919545367,
    "y": -0.8940923874602014,
    "z": 0.3863498850180238
  },
  "D10": {
    "x": 0.8526366152533794,
    "y": -0.5011723712133587,
    "z": 0.1477736670101959
  },
  "D11": {
    "x": 0.2617544338345209,
    "y": -0.9281201976984713,
    "z": -0.2647215801405695
  },
  "D12": {
    "x": 0.6431398532652576,
    "y": -0.6545474287250446,
    "z": 0.39741513898111086
  },
  "D13": {
    "x": 0.057948873136782264,
    "y": -0.9969397888380604,
    "z": -0.05246890063361841
  },
  "D15": {
    "x": 0.7078831783268328,
    "y": -0.678971895517389,
    "z": -0.19467555300916797
  },
  "D16": {
    "x": -0.441678518378666,
    "y": -0.3583478858246625,
    "z": 0.8225003824484346
  },
  "D17": {
    "x": 0.17728492935607898,
    "y": -0.9473548976111106,
    "z": 0.26662473965379185
  },
  "D18": {
    "x": -0.6071931370331942,
    "y": -0.1564506986460303,
    "z": 0.7789991484160671
  },
  "D19": {
    "x": 0.43938321337422165,
    "y": -0.8965875532669888,
    "z": -0.05543600934102044
  },
  "D20": {
    "x": 0.6819738943261692,
    "y": -0.7046175130093111,
    "z": 0.19602491631976945
  },
  "D21": {
    "x": 0.13352773970029058,
    "y": 0.9840155025693499,
    "z": -0.11782967976584399
  },
  "D22": {
    "x": 0.26227768233092846,
    "y": 0.9569613098931994,
    "z": 0.12423956180946853
  },
  "D23": {
    "x": -0.5904265348230693,
    "y": -0.39628448375420017,
    "z": 0.7031039147327302
  },
  "D26": {
    "x": 0.27676687593645993,
    "y": 0.9516174528822786,
    "z": -0.13350775166340278
  },
  "D27": {
    "x": 0.2197182137409016,
    "y": 0.9755319205314464,
    "z": -0.00783444795345622
  },
  "D28": {
    "x": 0.42740765137182535,
    "y": -0.7988609184237433,
    "z": -0.4232539811555159
  },
  "D30": {
    "x": 0.7299048596522184,
    "y": -0.6170197359198891,
    "z": 0.2941522417752853
  },
  "D31": {
    "x": 0.48573546359819597,
    "y": -0.844731640684002,
    "z": -0.2246987196900775
  },
  "D32": {
    "x": 0.8350527774786315,
    "y": -0.5498848603682,
    "z": 0.017705907575396765
  },
  "D33": {
    "x": 0.4332054515731281,
    "y": -0.8970956371760551,
    "z": 0.08690485882279439
  },
  "D34": {
    "x": 0.6574561046882338,
    "y": -0.7510347113931916,
    "z": 0.06081391856080279
  },
  "D35": {
    "x": 0.18336135271730405,
    "y": -0.9830116057335099,
    "z": 0.008172962920940564
  },
  "D36": {
    "x": -0.5543742526888827,
    "y": -0.2860784455850609,
    "z": 0.7815550594342527
  },
  "D37": {
    "x": -0.7853837277020016,
    "y": -0.5924883554719236,
    "z": 0.1792482883909455
  },
  "D38": {
    "x": 0.7746769132844574,
    "y": -0.6170642056500938,
    "z": 0.13822968613682124
  },
  "D40": {
    "x": -0.19571049259376028,
    "y": 0.4741728622898724,
    "z": 0.858404042253144
  },
  "D41": {
    "x": -0.3073361789296129,
    "y": 0.20034239113391122,
    "z": 0.9302727553979488
  },
  "D42": {
    "x": -0.31396223177092564,
    "y": 0.5716450971132658,
    "z": 0.7580564622558035
  },
  "D43": {
    "x": 0.37997987265598776,
    "y": -0.8705244115035952,
    "z": -0.312733984965911
  },
  "D45": {
    "x": -0.2172665293767463,
    "y": 0.3340929677488464,
    "z": 0.9171570989276329
  },
  "D47": {
    "x": -0.47520610964121485,
    "y": 0.27294384002815764,
    "z": 0.8364692543963257
  },
  "D48": {
    "x": 0.23099908667489907,
    "y": -0.9630746105816209,
    "z": 0.1382993724079109
  },
  "D49": {
    "x": -0.3306558144037083,
    "y": 0.451848207627998,
    "z": 0.8285529130142422
  },
  "D50": {
    "x": 0.5531943856543311,
    "y": -0.8266549404787021,
    "z": -0.10304164722421986
  },
  "D51": {
    "x": 0.4700983599593515,
    "y": -0.8043041839493463,
    "z": 0.3634588169863322
  },
  "D52": {
    "x": 0.539532437344506,
    "y": -0.7678894663099094,
    "z": -0.3453266809607666
  },
  "D53": {
    "x": 0.46869540754946915,
    "y": -0.8523575155944593,
    "z": 0.2319725857761604
  },
  "D54": {
    "x": 0.7908375296441926,
    "y": -0.6015681934221546,
    "z": -0.11265749140237286
  },
  "D56": {
    "x": 0.26286383494429727,
    "y": -0.9591500922229138,
    "z": -0.10456435753713311
  },
  "D57": {
    "x": 0.5921250727761498,
    "y": -0.7482831113176485,
    "z": 0.29909911986934906
  },
  "D58": {
    "x": 0.319182196718776,
    "y": -0.9474109802674014,
    "z": 0.023133520409526213
  },
  "D59": {
    "x": 0.7504089377554165,
    "y": -0.6609311306648139,
    "z": 0.007514429779978347
  },
  "D60": {
    "x": 0.5483839836914012,
    "y": -0.8354252247279802,
    "z": 0.03660191687538656
  },
  "D61": {
    "x": 0.3606175651053504,
    "y": -0.8133884303573856,
    "z": 0.4564583585588469
  },
  "D62": {
    "x": 0.6023031640338183,
    "y": -0.7673352867251916,
    "z": -0.2200623919283341
  },
  "D63": {
    "x": -0.351434078339287,
    "y": 0.3228355992508033,
    "z": 0.8787896588138658
  },
  "D64": {
    "x": 0.5803223557811703,
    "y": -0.7968048945617858,
    "z": 0.16830901159169745
  },
  "D65": {
    "x": 0.6635479439810611,
    "y": -0.7439644287435571,
    "z": -0.07887366355621842
  },
  "D66": {
    "x": 0.3536677190842944,
    "y": -0.8748912349786189,
    "z": 0.3308843777444017
  },
  "D67": {
    "x": 0.3712452449282104,
    "y": -0.9111116052937946,
    "z": -0.17903242951252585
  },
  "D68": {
    "x": 0.3490227039262123,
    "y": -0.9161351065357403,
    "z": 0.19717915385958928
  }
}