{
  "D2": {
    "x": -0.4119823326675198,
    "y": 0.0601978276046097,
    "z": 0.9092011763749069
  },
  "D3": {
    "x": 0.027087881367537748,
    "y": -0.7777482535705152,
    "z": 0.6279919591452042
  },
  "D4": {
    "x": 0.1409951036227515,
    "y": -0.5817125905597237,
    "z": 0.8010810462985034
  },
  "D5": {
    "x": -0.127120514959933,
    "y": -0.4080179252969719,
    "z": 0.904080608857792
  },
  "D6": {
    "x": -0.10406797485373262,
    "y": -0.623574653043009,
    "z": 0.7748061103864202
  },
  "D7": {
    "x": -0.6999728569440575,
    "y": -0.5815591030881336,
    "z": -0.4145202156190937
  },
  "D8": {
    "x": -0.017205296462266227,
    "y": 0.2229610236626624,
    "z": 0.9746755150822982
  },
  "D9": {
    "x": -0.5464595670197854,
    "y": -0.7647772386196917,
    "z": -0.3413176187977819
  },
  "D10": {
    "x": -0.25959319246044144,
    "y": 0.5152639173886594,
    "z": 0.8167707572296459
  },
  "D11": {
    "x": -0.254448398558607,
    "y": 0.2889704534856369,
    "z": 0.9229041605081569
  },
  "D15": {
    "x": -0.36593994436109784,
    "y": 0.7327115073235195,
    "z": 0.573778532324705
  },
  "D16": {
    "x": -0.7041733973929412,
    "y": 0.5108640014026822,
    "z": 0.49311033093509943
  },
  "D17": {
    "x": -0.03992042164591099,
    "y": 0.662999360584815,
    "z": 0.7475548192605939
  },
  "D18": {
    "x": -0.3179302833899104,
    "y": -0.6815832598319116,
    "z": 0.6590634224568347
  },
  "D19": {
    "x": -0.18711517762905006,
    "y": -0.8373118130899595,
    "z": 0.5137089039143217
  },
  "D20": {
    "x": -0.4445519963217373,
    "y": -0.7677322710585693,
    "z": 0.461476632714604
  },
  "D21": {
    "x": -0.030051775494958955,
    "y": 0.9296177548098737,
    "z": 0.3672978637725111
  },
  "D22": {
    "x": -0.13411929506661796,
    "y": 0.9801975097468032,
    "z": 0.14568753061603912
  },
  "D23": {
    "x": 0.11835999154222346,
    "y": -0.36488229545167544,
    "z": 0.9234997687428196
  },
  "D26": {
    "x": 0.12301259342460813,
    "y": 0.976877496478431,
    "z": 0.17486640252771546
  },
  "D27": {
    "x": 0.06256836802725851,
    "y": 0.9957907743796977,
    "z": -0.06697710790029635
  },
  "D28": {
    "x": -0.3451071884334716,
    "y": -0.481083333564514,
    "z": 0.8058907212879418
  },
  "D30": {
    "x": -0.029549590012068517,
    "y": -0.9394014320791789,
    "z": 0.34154322001425635
  },
  "D31": {
    "x": -0.3801898344785655,
    "y": -0.7594459023163643,
    "z": -0.5279181860989868
  },
  "D32": {
    "x": -0.813723148805363,
    "y": -0.5601019409683892,
    "z": 0.15537198210014563
  },
  "D34": {
    "x": 0.06056820929279333,
    "y": -0.9908210974150449,
    "z": -0.12085133404439743
  },
  "D35": {
    "x": -0.2736487597396376,
    "y": -0.91616447714475,
    "z": 0.29284638824995746
  },
  "D36": {
    "x": -0.019726866340142188,
    "y": 0.45775597121234807,
    "z": 0.8888589998215904
  },
  "D37": {
    "x": 0.42001675637992775,
    "y": -0.8543634168090912,
    "z": -0.30602136588542195
  },
  "D38": {
    "x": 0.4655873687193538,
    "y": -0.2441339215315958,
    "z": 0.8506627007495938
  },
  "D40": {
    "x": 0.907460541737689,
    "y": 0.40427899071940326,
    "z": -0.1143409937513268
  },
  "D41": {
    "x": -0.18529461310040463,
    "y": 0.9776829677210269,
    "z": -0.09900465132597018
  },
  "D42": {
    "x": 0.8595958299346773,
    "y": 0.3658772611806222,
    "z": -0.3566915178552473
  },
  "D43": {
    "x": 0.921686976299582,
    "y": -0.37008370111610156,
    "z": 0.11632356548843215
  },
  "D45": {
    "x": 0.6756128886641979,
    "y": 0.1432658263923624,
    "z": 0.7232026878122977
  },
  "D47": {
    "x": 0.988341871200963,
    "y": -0.09447161044691854,
    "z": 0.11939623298305978
  },
  "D48": {
    "x": -0.7169941935460791,
    "y": -0.6755562928441469,
    "z": -0.1718808355224075
  },
  "D49": {
    "x": 0.981240154050812,
    "y": 0.15537118008993592,
    "z": 0.1141383216794416
  },
  "D50": {
    "x": 0.1365037610129506,
    "y": -0.9830578792034768,
    "z": 0.1223271407549529
  },
  "D51": {
    "x": -0.11319323284399938,
    "y": -0.9873658979717574,
    "z": 0.1108867690969003
  },
  "D52": {
    "x": 0.39001958718020313,
    "y": -0.6494254015042115,
    "z": 0.6527873846030403
  },
  "D53": {
    "x": -0.6598719843885908,
    "y": -0.6722960948210539,
    "z": 0.33553975190344276
  },
  "D54": {
    "x": -0.07703382467743973,
    "y": -0.9335802619405406,
    "z": -0.3499909775559893
  },
  "D55": {
    "x": -0.6678624234247843,
    "y": -0.7415100600426724,
    "z": 0.06420758703367058
  },
  "D56": {
    "x": -0.32918978389052617,
    "y": -0.8889004019835947,
    "z": -0.3185752054625606
  },
  "D57": {
    "x": -0.5027176587267952,
    "y": -0.8339667264342729,
    "z": 0.22754000704217248
  },
  "D58": {
    "x": -0.5197484414353423,
    "y": -0.8475951413178158,
    "z": -0.10697679206241284
  },
  "D59": {
    "x": 0.7710237587170926,
    "y": -0.5870527923041948,
    "z": 0.2467617931155761
  },
  "D60": {
    "x": -0.1886542438390063,
    "y": -0.9734168477065475,
    "z": -0.12988154943093713
  },
  "D61": {
    "x": -0.35129461611164303,
    "y": -0.93459137242559,
    "z": 0.055955869027525584
  }
}