{
  "D2": {
    "x": -0.6868963376715381,
    "y": 0.6533038001710045,
    "z": 0.31838273504628384
  },
  "D3": {
    "x": -0.5666830716788778,
    "y": -0.7639066453547542,
    "z": 0.3087344060117657
  },
  "D4": {
    "x": -0.6876260025322825,
    "y": -0.4981096960463409,
    "z": 0.5282586595088576
  },
  "D5": {
    "x": -0.727990195010223,
    "y": -0.31453711003475077,
    "z": 0.6091770533924966
  },
  "D6": {
    "x": -0.7314995235465639,
    "y": -0.6605644219598824,
    "z": 0.16900618773274706
  },
  "D7": {
    "x": -0.05230683389865508,
    "y": -0.5635229146237005,
    "z": -0.8244427935408909
  },
  "D8": {
    "x": -0.6621539777265696,
    "y": 0.43330137018416937,
    "z": 0.6113935167937284
  },
  "D9": {
    "x": -0.1554742616677119,
    "y": -0.8019973288487207,
    "z": -0.5767391424885228
  },
  "D10": {
    "x": -0.33659192568443413,
    "y": 0.8966227117222287,
    "z": 0.28770399438993094
  },
  "D11": {
    "x": -0.3749215109642858,
    "y": 0.7150581577142427,
    "z": 0.5900217722275767
  },
  "D15": {
    "x": -0.133185717770897,
    "y": 0.5923286780456732,
    "z": -0.7946120448033216
  },
  "D16": {
    "x": -0.013551901575390985,
    "y": 0.9673946739344222,
    "z": -0.25291083568523487
  },
  "D17": {
    "x": -0.00039501302985601804,
    "y": -0.650170767152998,
    "z": -0.759788008265719
  },
  "D18": {
    "x": -0.6537981175807902,
    "y": -0.7173976368848634,
    "z": 0.24060060689829785
  },
  "D19": {
    "x": -0.4493559917158206,
    "y": -0.8482772849790144,
    "z": -0.28018715262788785
  },
  "D20": {
    "x": -0.7986779710237889,
    "y": -0.594216937929209,
    "z": 0.09497225531363555
  },
  "D21": {
    "x": -0.08828697038315779,
    "y": 0.97627634339544,
    "z": 0.1977116895557582
  },
  "D22": {
    "x": 0.041861343071843214,
    "y": 0.9972565817291285,
    "z": 0.06104865399135254
  },
  "D23": {
    "x": -0.5220071642570149,
    "y": -0.6901311756663538,
    "z": 0.5012259778161205
  },
  "D26": {
    "x": -0.16200154946499107,
    "y": 0.9827300361507436,
    "z": 0.08942691998554173
  },
  "D27": {
    "x": -0.06898045208228397,
    "y": 0.9975041416723338,
    "z": 0.015072643333681256
  },
  "D28": {
    "x": -0.8088962594748842,
    "y": -0.28454750691880565,
    "z": 0.514509045317799
  },
  "D30": {
    "x": -0.3211637553376505,
    "y": -0.8363181559014156,
    "z": -0.44432621390941285
  },
  "D31": {
    "x": -0.03262291409524688,
    "y": -0.7988536757180934,
    "z": -0.6006401170981052
  },
  "D32": {
    "x": -0.19260536350955432,
    "y": -0.8576278518535608,
    "z": -0.4768413170777037
  },
  "D34": {
    "x": -0.5457568229301782,
    "y": -0.7553049488049153,
    "z": -0.36285523909124207
  },
  "D36": {
    "x": -0.278574789949385,
    "y": 0.9554470169298249,
    "z": 0.09755554440704436
  },
  "D37": {
    "x": -0.15910087531836586,
    "y": -0.9814699037239285,
    "z": -0.10678829316489911
  },
  "D38": {
    "x": -0.5265347048851632,
    "y": -0.13761534750964774,
    "z": 0.8389417266302188
  },
  "D40": {
    "x": -0.15591346020332378,
    "y": 0.8225421862241682,
    "z": 0.5469143852642685
  },
  "D41": {
    "x": 0.07584156113078429,
    "y": 0.8443696165007549,
    "z": 0.5303659192817857
  },
  "D42": {
    "x": -0.22105131125551616,
    "y": 0.8628570787682721,
    "z": 0.454548104617873
  },
  "D43": {
    "x": 0.3544770154357626,
    "y": -0.9090360874228035,
    "z": -0.2190877387961165
  },
  "D45": {
    "x": -0.22669566254474915,
    "y": 0.1414831291163665,
    "z": 0.9636345784366805
  },
  "D47": {
    "x": 0.595184534171656,
    "y": -0.48108948139544583,
    "z": 0.6436678345028046
  },
  "D48": {
    "x": -0.1667140949935916,
    "y": -0.5838313041778596,
    "z": -0.7945737340187172
  },
  "D49": {
    "x": 0.5635544385382664,
    "y": -0.19678609893711205,
    "z": 0.8022977166045858
  },
  "D50": {
    "x": -0.035813119576158105,
    "y": -0.9124993903309538,
    "z": -0.4075074025240048
  },
  "D51": {
    "x": 0.08262522887075538,
    "y": -0.8158033887411337,
    "z": -0.5723966303818865
  },
  "D52": {
    "x": -0.22860358301170577,
    "y": -0.9210592564712758,
    "z": 0.31526218914229237
  },
  "D53": {
    "x": -0.2853084569350725,
    "y": -0.64980851832106,
    "z": -0.7045196760337616
  },
  "D54": {
    "x": 0.12874570851066805,
    "y": -0.6749406805746053,
    "z": -0.7265532466692132
  },
  "D55": {
    "x": -0.2347665150461562,
    "y": -0.7347276257988552,
    "z": -0.6364432412250602
  },
  "D56": {
    "x": 0.052789530312036044,
    "y": -0.7447421971881418,
    "z": -0.6652610955232643
  },
  "D57": {
    "x": -0.16899333897300495,
    "y": -0.6756922051869242,
    "z": -0.7175522944234705
  },
  "D58": {
    "x": -0.06293245488495773,
    "y": -0.7229412823425856,
    "z": -0.6880373597465553
  },
  "D59": {
    "x": 0.4403811993552694,
    "y": 0.8579720666816947,
    "z": 0.2644774698312806
  },
  "D60": {
    "x": -0.07643293563662897,
    "y": -0.8587607179558907,
    "z": -0.506643894314192
  },
  "D61": {
    "x": -0.4014270005123438,
    "y": -0.3050147748295331,
    "z": -0.8636100684888708
  }
}