{
  "D2": {
    "x": -0.049736127036884466,
    "y": -0.5136154174480626,
    "z": -0.8565777960156471
  },
  "D4": {
    "x": -0.11908955564669589,
    "y": -0.9537746888021494,
    "z": -0.2759194098577254
  },
  "D5": {
    "x": 0.5305155399056052,
    "y": -0.7376631670546248,
    "z": -0.4176198197997855
  },
  "D7": {
    "x": -0.16698946733867318,
    "y": -0.5743113257899618,
    "z": -0.8014243687755711
  },
  "D8": {
    "x": 0.18984380079605975,
    "y": 0.9766811108795906,
    "z": 0.10026634006641934
  },
  "D9": {
    "x": 0.5330979616173042,
    "y": -0.7969558015397966,
    "z": -0.28402115011304285
  },
  "D10": {
    "x": 0.08661274667245562,
    "y": -0.47637013095714226,
    "z": -0.8749684168275609
  },
  "D11": {
    "x": -0.2232863361303241,
    "y": -0.901728984796262,
    "z": -0.3701730001982838
  },
  "D12": {
    "x": 0.6071504700977737,
    "y": -0.5664660130951992,
    "z": -0.5572114164911574
  },
  "D13": {
    "x": 0.01880939965445529,
    "y": -0.9537294769447361,
    "z": -0.30007714223405824
  },
  "D15": {
    "x": 0.25956066922100257,
    "y": -0.5028170913214537,
    "z": -0.824501808165742
  },
  "D16": {
    "x": 0.8009021896335894,
    "y": -0.3912724518088946,
    "z": 0.4532786682556085
  },
  "D17": {
    "x": 0.31785134439793494,
    "y": -0.9369950201408066,
    "z": -0.14495121626173
  },
  "D18": {
    "x": 0.7810217081874001,
    "y": -0.2194474212845236,
    "z": 0.5846776211140704
  },
  "D19": {
    "x": -0.10298112067415349,
    "y": -0.6760399284134887,
    "z": -0.729633403823715
  },
  "D20": {
    "x": 0.2861085585178143,
    "y": -0.9164513915701429,
    "z": -0.2797476356146863
  },
  "D21": {
    "x": 0.21527137980383526,
    "y": 0.9699497386551992,
    "z": -0.11338314477938914
  },
  "D22": {
    "x": 0.33022958341429626,
    "y": 0.934267855969229,
    "z": 0.13450648884228666
  },
  "D23": {
    "x": 0.17576662839120888,
    "y": -0.9139154633161402,
    "z": -0.365875140253655
  },
  "D26": {
    "x": 0.3562690343539203,
    "y": 0.926375533265489,
    "z": -0.12206861401525823
  },
  "D27": {
    "x": 0.29522950889775557,
    "y": 0.9554261663549052,
    "z": 0.0006145895859836877
  },
  "D28": {
    "x": 0.08938768465221693,
    "y": -0.702384788083238,
    "z": -0.7061624822247219
  },
  "D30": {
    "x": 0.42526760875544395,
    "y": -0.4655751701761784,
    "z": -0.776136084626175
  },
  "D31": {
    "x": -0.29127444080584003,
    "y": -0.8325757654013284,
    "z": -0.47114413399684535
  },
  "D32": {
    "x": 0.5130863702520113,
    "y": -0.668444182881478,
    "z": -0.5384466092692286
  },
  "D33": {
    "x": -0.06947254498767026,
    "y": -0.7713006774901712,
    "z": -0.6326680254257672
  },
  "D34": {
    "x": 0.41548358248116657,
    "y": -0.8760837910010372,
    "z": -0.24464378968996311
  },
  "D35": {
    "x": 0.0501619245070777,
    "y": -0.9029853326190549,
    "z": -0.42673325439271936
  },
  "D36": {
    "x": 0.739678898963818,
    "y": -0.35270317611054675,
    "z": 0.5731279054357821
  },
  "D37": {
    "x": 0.02990629867953594,
    "y": -0.3956434630743173,
    "z": 0.91791713320204
  },
  "D38": {
    "x": 0.5293232796722486,
    "y": -0.5196260649431558,
    "z": -0.6706754939825266
  },
  "D40": {
    "x": 0.8242953514216366,
    "y": 0.5295345654444902,
    "z": 0.20032552913744045
  },
  "D41": {
    "x": 0.906342731047024,
    "y": 0.26848950799047766,
    "z": 0.32627632150870717
  },
  "D42": {
    "x": 0.7290499190352512,
    "y": 0.6207649255355261,
    "z": 0.2883350876663585
  },
  "D43": {
    "x": -0.2029692599072737,
    "y": -0.7326799008345615,
    "z": -0.6496026804484037
  },
  "D45": {
    "x": 0.8885371739275634,
    "y": 0.39764288455760144,
    "z": 0.22887076464574765
  },
  "D47": {
    "x": 0.8000331582571996,
    "y": 0.34924504773719933,
    "z": 0.4878266519164897
  },
  "D48": {
    "x": 0.3265286223435124,
    "y": -0.7057877127659938,
    "z": -0.6286833569444915
  },
  "D49": {
    "x": 0.7788659475837452,
    "y": 0.5124110363370573,
    "z": 0.3616666497404175
  },
  "D50": {
    "x": 0.011266007940742713,
    "y": -0.6180463858693938,
    "z": -0.7860609022072398
  },
  "D51": {
    "x": 0.024938314205310837,
    "y": -0.9861417672189717,
    "z": -0.1640198019473281
  },
  "D52": {
    "x": 0.2988840584934284,
    "y": -0.8625252658045465,
    "z": -0.4083117502929513
  },
  "D53": {
    "x": -0.17285382242505706,
    "y": -0.8205304070371421,
    "z": -0.544840717274791
  },
  "D54": {
    "x": 0.3456667892497937,
    "y": -0.5753410011704176,
    "z": -0.7412807856554494
  },
  "D56": {
    "x": 0.415803710984627,
    "y": -0.7607787461286332,
    "z": -0.49832015147930536
  },
  "D57": {
    "x": 0.15724815983197774,
    "y": -0.8502778571629739,
    "z": -0.5022953133842663
  },
  "D58": {
    "x": 0.2849077732453452,
    "y": -0.7976511561506491,
    "z": -0.5315827252986234
  },
  "D59": {
    "x": 0.0643514724048195,
    "y": -0.7970329614424727,
    "z": -0.6004975823211727
  },
  "D60": {
    "x": 0.4381034243153507,
    "y": -0.6233165910557589,
    "z": -0.6477204774575154
  },
  "D61": {
    "x": -0.08800271053184294,
    "y": -0.9099610677048129,
    "z": -0.4052485388012716
  },
  "D62": {
    "x": 0.42850559181469244,
    "y": -0.8227582407260506,
    "z": -0.37343250407659256
  },
  "D63": {
    "x": 0.8466228683247176,
    "y": 0.3899022226182581,
    "z": 0.3622236541516449
  },
  "D64": {
    "x": 0.14515492086672543,
    "y": -0.5801513581700353,
    "z": -0.8014701807064553
  },
  "D65": {
    "x": 0.1439993403460408,
    "y": -0.9605893066598695,
    "z": -0.23776537576067802
  },
  "D66": {
    "x": 0.1942867237082786,
    "y": -0.7531083453899283,
    "z": -0.6285542849227483
  },
  "D67": {
    "x": -0.03823812132450022,
    "y": -0.8518006197184244,
    "z": -0.5224687075078097
  },
  "D68": {
    "x": 0.23183812813227114,
    "y": -0.6540338469638599,
    "z": -0.7200630593009052
  }
}