{
  "D2": {
    "x": -0.23660938324348504,
    "y": 0.5597946441261579,
    "z": 0.7941322032059939
  },
  "D3": {
    "x": 0.6992457406578741,
    "y": 0.6386351329152242,
    "z": 0.3212484415186705
  },
  "D4": {
    "x": 0.03074642444340293,
    "y": -0.1131098210037409,
    "z": 0.9931066537771499
  },
  "D5": {
    "x": -0.2719938587595664,
    "y": -0.06686908718736129,
    "z": 0.9599728464783835
  },
  "D6": {
    "x": -0.390135624941458,
    "y": -0.274078817208806,
    "z": 0.8790193377332264
  },
  "D7": {
    "x": -0.0967675592422593,
    "y": -0.995109413460237,
    "z": -0.01983165956543068
  },
  "D8": {
    "x": -0.6167596472173498,
    "y": 0.39678984057781763,
    "z": 0.6798274486798545
  },
  "D9": {
    "x": 0.13176695271513741,
    "y": -0.897207450763701,
    "z": 0.42149289491789504
  },
  "D10": {
    "x": -0.41333461014017203,
    "y": 0.3865094875885126,
    "z": 0.8244785722287373
  },
  "D11": {
    "x": -0.33694202571355536,
    "y": 0.17134564023510623,
    "z": 0.925802755926157
  },
  "D12": {
    "x": -0.7458199989426599,
    "y": 0.18456984871560086,
    "z": 0.6400675746530758
  },
  "D13": {
    "x": 0.6498304315174153,
    "y": 0.5313518101415379,
    "z": 0.5434939412111239
  },
  "D14": {
    "x": 0.1517560097337111,
    "y": -0.9873088882529418,
    "z": -0.04681103167461569
  },
  "D15": {
    "x": 0.31614019989024045,
    "y": 0.033859466567386406,
    "z": 0.9481080690180477
  },
  "D16": {
    "x": 0.09115007513062155,
    "y": 0.9339446556551975,
    "z": 0.3455995427901732
  },
  "D18": {
    "x": -0.14737477588681674,
    "y": -0.28254843424098813,
    "z": 0.9478644722428816
  },
  "D19": {
    "x": -0.700625777027335,
    "y": -0.05254320415736179,
    "z": 0.7115916892865745
  },
  "D20": {
    "x": -0.6012993373605481,
    "y": -0.28677336484006216,
    "z": 0.745788270293972
  },
  "D21": {
    "x": -0.14988656552733834,
    "y": 0.9022447312504979,
    "z": 0.40433706533675046
  },
  "D22": {
    "x": -0.04291563405756397,
    "y": 0.9889525641777693,
    "z": 0.14188401657569627
  },
  "D23": {
    "x": -0.4505804038344025,
    "y": 0.5910535864988782,
    "z": 0.6690537777841478
  },
  "D24": {
    "x": -0.32253920646301604,
    "y": -0.8065442206723564,
    "z": 0.49543403233349737
  },
  "D25": {
    "x": -0.5601915534851862,
    "y": 0.1851269372277265,
    "z": 0.807411568233039
  },
  "D26": {
    "x": -0.0009656724405116309,
    "y": 0.638342855110352,
    "z": 0.7697515617433341
  },
  "D27": {
    "x": 0.0028860034487710514,
    "y": 0.8092547258837983,
    "z": 0.5874508146379848
  },
  "D28": {
    "x": -0.5019768559720005,
    "y": -0.051361888015254896,
    "z": 0.863354615744871
  },
  "D30": {
    "x": -0.23482305911369117,
    "y": -0.6816616627031951,
    "z": 0.692961404776055
  },
  "D31": {
    "x": -0.002459611254507854,
    "y": -0.6352499265784778,
    "z": 0.7723027133802621
  },
  "D32": {
    "x": -0.07402876684053855,
    "y": -0.8225972116295786,
    "z": 0.5637850380236351
  },
  "D34": {
    "x": -0.2547283943463914,
    "y": -0.4802280472635839,
    "z": 0.8393416871186097
  },
  "D36": {
    "x": -0.8343881522002532,
    "y": 0.5422262173682975,
    "z": 0.09892997860261953
  },
  "D37": {
    "x": 0.07701714101975334,
    "y": -0.9784526352021354,
    "z": 0.1915693103165022
  },
  "D38": {
    "x": -0.09665724320429699,
    "y": 0.1093742301524188,
    "z": 0.9892899752421992
  },
  "D40": {
    "x": 0.24399761013693674,
    "y": 0.5900140242902934,
    "z": 0.7696418760620011
  },
  "D41": {
    "x": 0.1340232544607349,
    "y": 0.20374795421681635,
    "z": 0.9698064437897984
  },
  "D42": {
    "x": 0.3320643383990619,
    "y": 0.7375451212587537,
    "z": 0.5880140043153763
  },
  "D43": {
    "x": 0.801521767805499,
    "y": -0.005852022026584099,
    "z": 0.597936961202557
  },
  "D45": {
    "x": -0.14348623381074482,
    "y": 0.3468825531843314,
    "z": 0.9268679490645515
  },
  "D47": {
    "x": 0.5082017278957318,
    "y": 0.2785196223670831,
    "z": 0.8149587865164041
  },
  "D48": {
    "x": 0.15919120688136754,
    "y": -0.7608318730076927,
    "z": 0.6291208315317971
  },
  "D49": {
    "x": 0.4743158103532657,
    "y": 0.5070941477729645,
    "z": 0.7196388242329175
  },
  "D50": {
    "x": 0.29438922797239575,
    "y": -0.43545243753316826,
    "z": 0.85071508573684
  },
  "D51": {
    "x": 0.37723795138882255,
    "y": -0.9251877730462021,
    "z": 0.04146218322488177
  },
  "D52": {
    "x": -0.4596267500129725,
    "y": -0.5732909054047138,
    "z": 0.6782925537353006
  },
  "D53": {
    "x": 0.38198181037738826,
    "y": -0.6096759328571476,
    "z": 0.6945395261866525
  },
  "D54": {
    "x": -0.3526846217254346,
    "y": -0.8975426654077974,
    "z": 0.2646331826718897
  },
  "D55": {
    "x": 0.050003594748213934,
    "y": -0.428365322079575,
    "z": 0.902221032426045
  },
  "D56": {
    "x": 0.5943058755462035,
    "y": -0.6634375700829185,
    "z": 0.4545889537744327
  },
  "D57": {
    "x": -0.11635024764860816,
    "y": -0.9320732196997326,
    "z": 0.34307744459623324
  },
  "D58": {
    "x": 0.35033194328737993,
    "y": -0.8913701835043044,
    "z": 0.2876225399234048
  },
  "D59": {
    "x": 0.0872582236812008,
    "y": 0.4376344673024787,
    "z": 0.8949089760578319
  },
  "D60": {
    "x": 0.3769097266608898,
    "y": -0.7750222700401418,
    "z": 0.5072273049533501
  },
  "D61": {
    "x": -0.547221358547684,
    "y": -0.7125636097785547,
    "z": 0.4390921164955969
  }
}