{
  "D2": {
    "x": 0.40289888759134607,
    "y": -0.02779791311818161,
    "z": -0.9148222572740182
  },
  "D4": {
    "x": 0.7504582653782549,
    "y": -0.2908807987124837,
    "z": -0.5934650392953642
  },
  "D5": {
    "x": 0.28463803496080436,
    "y": 0.1906803747297252,
    "z": -0.9394797409984865
  },
  "D7": {
    "x": -0.05972111395723024,
    "y": -0.018392310561275643,
    "z": -0.998045645980145
  },
  "D8": {
    "x": 0.018704757202495315,
    "y": 0.954834494304354,
    "z": -0.2965488501824689
  },
  "D9": {
    "x": -0.28308432638967457,
    "y": -0.19528972467197847,
    "z": -0.9390022298110092
  },
  "D10": {
    "x": 0.5957169883686612,
    "y": 0.08127413319160698,
    "z": -0.799071827211375
  },
  "D11": {
    "x": 0.6201055718771245,
    "y": -0.16499580450135007,
    "z": -0.7669716189168259
  },
  "D12": {
    "x": 0.15996097070660015,
    "y": -0.9856745388321334,
    "z": 0.053462055222966605
  },
  "D13": {
    "x": 0.478192371436352,
    "y": 0.30025044024757813,
    "z": -0.8253373425643685
  },
  "D15": {
    "x": 0.051161904249607336,
    "y": 0.48809568523887586,
    "z": -0.8712893099337017
  },
  "D16": {
    "x": 0.9721995198803849,
    "y": -0.0939571626464738,
    "z": -0.21447644423519674
  },
  "D17": {
    "x": -0.06251365283583347,
    "y": -0.9946691092609048,
    "z": -0.08200857449827477
  },
  "D18": {
    "x": 0.6595928752939575,
    "y": -0.7501310984584662,
    "z": 0.04733470172024831
  },
  "D19": {
    "x": 0.841104607860813,
    "y": -0.3845280806637267,
    "z": -0.38036981191516595
  },
  "D20": {
    "x": 0.7276026577949004,
    "y": -0.6226941589733954,
    "z": -0.2878304305493299
  },
  "D21": {
    "x": 0.0490816270172728,
    "y": 0.9974357118260312,
    "z": -0.052086415344461935
  },
  "D22": {
    "x": -0.12667122422537758,
    "y": 0.9840119546729653,
    "z": 0.12519933711459585
  },
  "D23": {
    "x": 0.3727138212190753,
    "y": -0.9257779297868345,
    "z": -0.06340056933402151
  },
  "D26": {
    "x": 0.6506281729292211,
    "y": 0.46416495070936087,
    "z": -0.601027353057879
  },
  "D27": {
    "x": 0.5858852354135835,
    "y": 0.6636933915821844,
    "z": -0.4650264217165594
  },
  "D28": {
    "x": 0.5624961913928177,
    "y": -0.8080034320960526,
    "z": -0.17529543174188586
  },
  "D30": {
    "x": 0.5665800697297856,
    "y": -0.4036298223043172,
    "z": -0.7183801160469133
  },
  "D31": {
    "x": -0.5604341048008248,
    "y": -0.6625222261326699,
    "z": -0.4969687254307959
  },
  "D32": {
    "x": 0.47938217775277087,
    "y": -0.616770467120502,
    "z": -0.6243291748276456
  },
  "D33": {
    "x": -0.6114499416147424,
    "y": -0.46190402096440647,
    "z": -0.6424746254259707
  },
  "D34": {
    "x": 0.15851280367168155,
    "y": -0.967819612966289,
    "z": -0.19544535765764617
  },
  "D35": {
    "x": 0.5410018928196058,
    "y": -0.7330706600583176,
    "z": -0.4122188245668389
  },
  "D36": {
    "x": 0.9245345192210824,
    "y": -0.35139636658006174,
    "z": -0.1475009027869754
  },
  "D37": {
    "x": -0.16621880646614862,
    "y": -0.920725341473926,
    "z": 0.3530384595829348
  },
  "D38": {
    "x": -0.510159911019771,
    "y": -0.14739108044573207,
    "z": -0.8473563209142533
  },
  "D40": {
    "x": 0.23038343453969454,
    "y": 0.5512870037905192,
    "z": 0.8018766192759124
  },
  "D41": {
    "x": 0.947973672901902,
    "y": 0.17696775501349477,
    "z": 0.2646286627906379
  },
  "D42": {
    "x": -0.012515759268046114,
    "y": 0.6097008282430998,
    "z": 0.7925328105571545
  },
  "D43": {
    "x": 0.17358075786663202,
    "y": -0.1079349237831952,
    "z": -0.9788870071291996
  },
  "D45": {
    "x": 0.27118560149409654,
    "y": 0.6228768608048865,
    "z": -0.7338138631942949
  },
  "D47": {
    "x": 0.29075344086203,
    "y": -0.35507225115128893,
    "z": 0.8884740475046224
  },
  "D48": {
    "x": -0.2756697692988132,
    "y": -0.9400586310191242,
    "z": -0.2007385078682942
  },
  "D49": {
    "x": 0.10938025156039205,
    "y": 0.0016696885431772728,
    "z": 0.9939985778202874
  },
  "D50": {
    "x": -0.1262249564509809,
    "y": -0.9085988509063585,
    "z": -0.3981399107105353
  },
  "D51": {
    "x": -0.42235233321552385,
    "y": -0.8275882725464145,
    "z": -0.36975148109378064
  },
  "D52": {
    "x": -0.045088402265215335,
    "y": -0.26518257700494435,
    "z": -0.9631434144685758
  },
  "D53": {
    "x": 0.1847411761654924,
    "y": -0.35000565073212014,
    "z": -0.9183500107718057
  },
  "D54": {
    "x": 0.36313412880666596,
    "y": -0.8791014158899454,
    "z": -0.3087301492826981
  },
  "D56": {
    "x": 0.6810712019019212,
    "y": -0.5232094390334551,
    "z": -0.5122439856612959
  },
  "D57": {
    "x": -0.40892360363821334,
    "y": -0.6016181427959056,
    "z": -0.6861757039172566
  },
  "D58": {
    "x": 0.33718730781422673,
    "y": -0.5042709502962229,
    "z": -0.7949940428307234
  },
  "D59": {
    "x": -0.4415364542765379,
    "y": -0.3866904585433033,
    "z": -0.809639456064533
  },
  "D60": {
    "x": 0.12040094627628839,
    "y": -0.8944584188914972,
    "z": -0.4306364464486225
  },
  "D61": {
    "x": -0.20570242462854954,
    "y": -0.43559282141880684,
    "z": -0.8763249434030388
  },
  "D62": {
    "x": 0.3174201451806622,
    "y": -0.7829259632565481,
    "z": -0.5350433510401694
  },
  "D63": {
    "x": 0.9098101513669699,
    "y": -0.40366671666904086,
    "z": 0.09642961331068199
  },
  "D64": {
    "x": 0.026709781471873736,
    "y": -0.5300888515647583,
    "z": -0.8475213254074971
  },
  "D65": {
    "x": -0.2679632271892382,
    "y": -0.7831290331062937,
    "z": -0.5611636360103266
  },
  "D66": {
    "x": 0.1770921326431461,
    "y": -0.6780309125577917,
    "z": -0.7133810049138896
  },
  "D67": {
    "x": -0.17004460218157252,
    "y": -0.6449851622991353,
    "z": -0.7450362230676228
  },
  "D68": {
    "x": -0.0198889557802195,
    "y": -0.792109133023086,
    "z": -0.6100553670113782
  }
}