{
  "D2": {
    "x": -0.5085718470946434,
    "y": -0.8040548300410332,
    "z": 0.3079780944002803
  },
  "D4": {
    "x": 0.015713124176474965,
    "y": -0.9998379230892779,
    "z": 0.00878779159594132
  },
  "D5": {
    "x": -0.4177488514779629,
    "y": -0.8245722183058457,
    "z": 0.3815318517332726
  },
  "D7": {
    "x": -0.1605022812361618,
    "y": -0.6890073916973577,
    "z": 0.7067586801054458
  },
  "D8": {
    "x": -0.6101684559939147,
    "y": 0.681860355453355,
    "z": 0.40343637784789127
  },
  "D9": {
    "x": -0.5275521333820408,
    "y": -0.7443406227568963,
    "z": 0.4094457032109792
  },
  "D10": {
    "x": -0.43948229707417,
    "y": -0.8969701469961758,
    "z": 0.04795691770818582
  },
  "D11": {
    "x": -0.5792404527282066,
    "y": -0.7868282903711143,
    "z": 0.2130299025838662
  },
  "D12": {
    "x": -0.21083684972958014,
    "y": -0.9758763730089172,
    "z": 0.05668445465087649
  },
  "D13": {
    "x": -0.7079450910733891,
    "y": -0.5984315329651245,
    "z": 0.3750912534012248
  },
  "D15": {
    "x": -0.48583717562144346,
    "y": -0.6127505027514374,
    "z": 0.6232969277656031
  },
  "D16": {
    "x": -0.10172150675654429,
    "y": -0.994639946886046,
    "z": 0.018550232389434446
  },
  "D17": {
    "x": -0.10433620061478338,
    "y": -0.9619921187313732,
    "z": 0.2523591106736491
  },
  "D18": {
    "x": 0.13454121924570234,
    "y": -0.9908999253666874,
    "z": 0.003999779015554538
  },
  "D19": {
    "x": -0.23696970931177497,
    "y": -0.969809344937172,
    "z": -0.05757769829739942
  },
  "D20": {
    "x": -0.0030531984794140076,
    "y": -0.99037402673299,
    "z": 0.1383833991190001
  },
  "D21": {
    "x": -0.2641763312762807,
    "y": 0.9592934587550217,
    "z": 0.09983449295324909
  },
  "D22": {
    "x": -0.15451017280914098,
    "y": 0.98765742434833,
    "z": -0.025679147729472693
  },
  "D23": {
    "x": 0.11527615253694953,
    "y": -0.9857838030666133,
    "z": 0.12223625594643588
  },
  "D24": {
    "x": 0.41665844058805807,
    "y": -0.9088827204638592,
    "z": -0.018109233251081068
  },
  "D25": {
    "x": 0.011591036977339925,
    "y": -0.9669112412162296,
    "z": 0.25484956243140783
  },
  "D26": {
    "x": -0.5491079888670816,
    "y": 0.825626136401668,
    "z": 0.12969926542892676
  },
  "D27": {
    "x": -0.405721199003975,
    "y": 0.9138100016327116,
    "z": 0.01848214259225688
  },
  "D28": {
    "x": -0.12233017513860665,
    "y": -0.9830440356458722,
    "z": 0.13660070362789223
  },
  "D29": {
    "x": -0.3018388329747691,
    "y": -0.9178256501239096,
    "z": -0.2578553759048899
  },
  "D30": {
    "x": -0.3256907209451982,
    "y": -0.9438509019596366,
    "z": 0.05541686710900826
  },
  "D31": {
    "x": -0.5219106983521498,
    "y": -0.6823123698537907,
    "z": 0.5119170371164405
  },
  "D32": {
    "x": -0.1064606513218562,
    "y": -0.876773037665334,
    "z": 0.4689724620307987
  },
  "D33": {
    "x": -0.04094122692784242,
    "y": -0.83078986532736,
    "z": 0.5550783869031384
  },
  "D34": {
    "x": -0.04617692898167618,
    "y": -0.9343722175773252,
    "z": 0.3532934336347803
  },
  "D35": {
    "x": -0.10787944053664415,
    "y": -0.7675837569807632,
    "z": 0.6318047185078609
  },
  "D36": {
    "x": -0.0604721534818405,
    "y": -0.9937663450075666,
    "z": -0.09365666118098982
  },
  "D37": {
    "x": 0.12878035448745456,
    "y": -0.962419308813392,
    "z": 0.2390913932395691
  },
  "D38": {
    "x": -0.4332798871787604,
    "y": -0.7633574270970239,
    "z": 0.4791179164487303
  },
  "D40": {
    "x": 0.094487839824249,
    "y": 0.5332845859192675,
    "z": -0.8406423725617586
  },
  "D41": {
    "x": -0.5042875596423414,
    "y": 0.7218089439366274,
    "z": -0.4740104488754048
  },
  "D42": {
    "x": 0.20658543034829022,
    "y": 0.5565729217205921,
    "z": -0.804704320092303
  },
  "D43": {
    "x": -0.22573641484797544,
    "y": -0.7462612289693142,
    "z": 0.6262086306885201
  },
  "D45": {
    "x": -0.10644439532827042,
    "y": -0.13822119522241436,
    "z": -0.9846646596148791
  },
  "D47": {
    "x": -0.034358116223053695,
    "y": -0.8537905499109512,
    "z": -0.5194816808438569
  },
  "D48": {
    "x": -0.2418997143936834,
    "y": -0.956005920218712,
    "z": 0.16594338999498529
  },
  "D49": {
    "x": 0.16388102648250033,
    "y": -0.3437264629930366,
    "z": -0.9246594658561273
  },
  "D50": {
    "x": -0.38567722381468744,
    "y": -0.9100318062642946,
    "z": 0.15197101900672014
  },
  "D51": {
    "x": 0.00999690791095069,
    "y": -0.892771570510317,
    "z": 0.45039869529202897
  },
  "D52": {
    "x": -0.31852722691197877,
    "y": -0.9154342827551416,
    "z": 0.24600910485659772
  },
  "D53": {
    "x": -0.6026994259307756,
    "y": -0.7322981680526136,
    "z": 0.31700598582597694
  },
  "D54": {
    "x": -0.4146860483538267,
    "y": -0.867018119941454,
    "z": 0.2762518072228199
  },
  "D56": {
    "x": -0.5390349349467832,
    "y": -0.8383119134447179,
    "z": 0.08169745824426203
  },
  "D57": {
    "x": -0.3268215717237952,
    "y": -0.6859039059419509,
    "z": 0.6501718942476393
  },
  "D58": {
    "x": -0.15777813274656335,
    "y": -0.914447593501406,
    "z": 0.37268171348550916
  },
  "D59": {
    "x": -0.4208195020905705,
    "y": -0.6997654073005269,
    "z": 0.5772688467306821
  },
  "D60": {
    "x": -0.3027555611319821,
    "y": -0.8822444245736998,
    "z": 0.36053272460662983
  },
  "D61": {
    "x": -0.3219521484452805,
    "y": -0.7632837336098702,
    "z": 0.5601292316225291
  },
  "D62": {
    "x": -0.2242912390817523,
    "y": -0.8639028639325295,
    "z": 0.4509603993260893
  },
  "D63": {
    "x": -0.8669261909566387,
    "y": -0.23305840809991885,
    "z": -0.44059364254077155
  },
  "D64": {
    "x": -0.17422752061587463,
    "y": -0.8184995153489119,
    "z": 0.5474516548825488
  },
  "D65": {
    "x": -0.21363922648154468,
    "y": -0.9367874573225216,
    "z": 0.2771056490069662
  },
  "D66": {
    "x": -0.3327279668322194,
    "y": -0.8231741006985216,
    "z": 0.46008314468895467
  },
  "D67": {
    "x": 0.07220264532355967,
    "y": -0.9325397071740494,
    "z": 0.3537746069915395
  },
  "D68": {
    "x": -0.48560423399316194,
    "y": -0.8542262220610619,
    "z": 0.18570430654995612
  }
}