{
  "D2": {
    "x": -0.06420758045444071,
    "y": -0.8982354162599825,
    "z": -0.4347994061500576
  },
  "D3": {
    "x": 0.6286739971934684,
    "y": 0.6498220774804185,
    "z": 0.4272005066380656
  },
  "D4": {
    "x": 0.9755825210704372,
    "y": 0.18710030672442735,
    "z": 0.115031386175579
  },
  "D5": {
    "x": 0.8373817542400983,
    "y": 0.1875319338662404,
    "z": 0.5134428609360187
  },
  "D6": {
    "x": 0.8697769991890691,
    "y": 0.49029702931146485,
    "z": 0.055648852009819526
  },
  "D7": {
    "x": 0.20500029294218722,
    "y": -0.5955464873427346,
    "z": -0.776723413646935
  },
  "D8": {
    "x": 0.6255385138490729,
    "y": 0.48317572998545755,
    "z": 0.6125706340043681
  },
  "D9": {
    "x": -0.18783346331395306,
    "y": -0.8088507277456801,
    "z": -0.5572065059605545
  },
  "D10": {
    "x": 0.05990957492596789,
    "y": 0.9968391797318394,
    "z": 0.05217751032526777
  },
  "D11": {
    "x": 0.35543668883858054,
    "y": 0.9330623042790842,
    "z": 0.055312716086556336
  },
  "D15": {
    "x": 0.40458099116379925,
    "y": -0.8170882677852865,
    "z": -0.4107079062260159
  },
  "D16": {
    "x": 0.2400258399431097,
    "y": 0.9503108356055618,
    "z": -0.1982344871364807
  },
  "D17": {
    "x": 0.9421366798403715,
    "y": 0.0645637423558332,
    "z": 0.32895288366629494
  },
  "D18": {
    "x": 0.8017044839873174,
    "y": 0.5813499198702596,
    "z": 0.1389323253295357
  },
  "D19": {
    "x": 0.04206232984165693,
    "y": -0.5839248762953034,
    "z": -0.8107172745487827
  },
  "D20": {
    "x": 0.04142795916272538,
    "y": -0.9355217154257712,
    "z": -0.350831646472256
  },
  "D21": {
    "x": 0.09530319565137957,
    "y": 0.9911466662113799,
    "z": -0.09244234395936879
  },
  "D22": {
    "x": 0.188985378092515,
    "y": 0.9711949870646844,
    "z": 0.14513725906071348
  },
  "D23": {
    "x": 0.7610962288207018,
    "y": 0.2808214388045767,
    "z": 0.584698084469783
  },
  "D26": {
    "x": 0.30524902429511536,
    "y": 0.9493648124671051,
    "z": -0.07436051382406214
  },
  "D27": {
    "x": 0.19471871396166054,
    "y": 0.9808432021899747,
    "z": 0.005588841636123196
  },
  "D28": {
    "x": 0.9354921312558553,
    "y": 0.307848508820253,
    "z": 0.17344672950368487
  },
  "D30": {
    "x": -0.14774564478571403,
    "y": -0.6965455490200062,
    "z": -0.7021363988480244
  },
  "D31": {
    "x": 0.7196718098573407,
    "y": 0.6459373908419266,
    "z": 0.25463183856105676
  },
  "D32": {
    "x": 0.4622886605457526,
    "y": -0.7297802271407449,
    "z": -0.5036963513916067
  },
  "D34": {
    "x": 0.10339165590177742,
    "y": -0.6783070490489367,
    "z": -0.7274680148985329
  },
  "D35": {
    "x": 0.301429325959744,
    "y": -0.8939031786063888,
    "z": -0.33177924698336575
  },
  "D36": {
    "x": 0.8937611415654321,
    "y": 0.32769071259955407,
    "z": 0.30628388580474214
  },
  "D37": {
    "x": 0.020869097408868643,
    "y": -0.43965456712709194,
    "z": 0.8979244636257709
  },
  "D38": {
    "x": 0.8227804240751022,
    "y": 0.4288515048998312,
    "z": 0.3729862738814194
  },
  "D40": {
    "x": 0.9303976373811474,
    "y": 0.36375480588926395,
    "z": 0.045195990397853436
  },
  "D41": {
    "x": 0.6969418575605979,
    "y": 0.5169824545124159,
    "z": 0.4969921416947167
  },
  "D42": {
    "x": 0.9470523789230679,
    "y": 0.19480899499079568,
    "z": 0.2552278336052595
  },
  "D43": {
    "x": 0.7311006732509645,
    "y": 0.5715073661142828,
    "z": 0.37265417755487684
  },
  "D45": {
    "x": 0.9029217104487124,
    "y": 0.1854108638199039,
    "z": 0.3877566200310819
  },
  "D47": {
    "x": 0.8807489120093748,
    "y": 0.43624082725460245,
    "z": 0.1843238851329987
  },
  "D48": {
    "x": 0.33369629803837664,
    "y": -0.6062875751760755,
    "z": -0.7218463526697337
  },
  "D49": {
    "x": 0.7667981252121167,
    "y": 0.39593698600382804,
    "z": 0.5052272145138142
  },
  "D50": {
    "x": -0.04940425909323568,
    "y": -0.829721475486427,
    "z": -0.5559869533541906
  },
  "D51": {
    "x": 0.2763225284226905,
    "y": -0.8437907865127098,
    "z": -0.460068439346098
  },
  "D52": {
    "x": 0.8089643463075183,
    "y": 0.5240084208760574,
    "z": 0.26644297936750067
  },
  "D53": {
    "x": -0.015090284433783624,
    "y": -0.7345020248795575,
    "z": -0.6784386919711594
  },
  "D54": {
    "x": 0.4370707721705197,
    "y": -0.6395062507717957,
    "z": -0.6324562398601715
  },
  "D55": {
    "x": 0.17278532210089725,
    "y": -0.905100416832216,
    "z": -0.3885080023842985
  },
  "D56": {
    "x": 0.23395418245273172,
    "y": -0.6950773962563023,
    "z": -0.6798035405368477
  },
  "D57": {
    "x": 0.0702441881735617,
    "y": -0.8740010715832526,
    "z": -0.4808200088381965
  },
  "D58": {
    "x": 0.34702666455950626,
    "y": -0.7346221324344258,
    "z": -0.5830118494698037
  },
  "D59": {
    "x": 0.8469000424147084,
    "y": 0.3042527447427452,
    "z": 0.4361084560914534
  },
  "D60": {
    "x": 0.08031360611906385,
    "y": -0.7976481552400813,
    "z": -0.5977517420420014
  },
  "D61": {
    "x": 0.2181324287474132,
    "y": -0.7886524962342522,
    "z": -0.57484387768527
  }
}