{
  "D2": {
    "x": -0.2977754339211278,
    "y": 0.5149907255403181,
    "z": 0.8038123808206369
  },
  "D3": {
    "x": 0.06199221295322154,
    "y": -0.8699869873435112,
    "z": 0.48916214835790767
  },
  "D4": {
    "x": -0.3905042638355494,
    "y": -0.7258614841731794,
    "z": 0.5662433449676603
  },
  "D5": {
    "x": -0.4495244065256376,
    "y": -0.5452690534895177,
    "z": 0.707537608360445
  },
  "D6": {
    "x": -0.43813057154193924,
    "y": -0.13128232203881196,
    "z": 0.8892730481693638
  },
  "D7": {
    "x": -0.13354996347695103,
    "y": -0.8237404004696394,
    "z": -0.5510137565337397
  },
  "D8": {
    "x": -0.3344672320389501,
    "y": 0.4098845400263179,
    "z": 0.8486025774999845
  },
  "D9": {
    "x": 0.07123230893699095,
    "y": -0.9448310806331854,
    "z": -0.3197189191040035
  },
  "D10": {
    "x": -0.2047761203217355,
    "y": 0.6322324800688095,
    "z": 0.7472274296972913
  },
  "D11": {
    "x": -0.38468502916612557,
    "y": -0.33759564203207987,
    "z": 0.8590963920401511
  },
  "D14": {
    "x": -0.032728615390912014,
    "y": -0.8699643499683153,
    "z": -0.49202730363141506
  },
  "D15": {
    "x": 0.2811708205039349,
    "y": 0.8952266352797248,
    "z": -0.34570542544612554
  },
  "D16": {
    "x": 0.19935826384129463,
    "y": 0.9795082000684892,
    "z": 0.02863509449562461
  },
  "D18": {
    "x": -0.3549526157391637,
    "y": -0.9012027829630685,
    "z": 0.24868088901149177
  },
  "D19": {
    "x": -0.5305761692283071,
    "y": -0.45700881195530063,
    "z": 0.7138850568839633
  },
  "D20": {
    "x": -0.4609755516227939,
    "y": -0.7670962957691236,
    "z": 0.4461668004495069
  },
  "D21": {
    "x": 0.07667980387174719,
    "y": 0.9673318819979987,
    "z": 0.24163865118891958
  },
  "D22": {
    "x": 0.15191359381410877,
    "y": 0.9785919393180469,
    "z": 0.13885271447193948
  },
  "D23": {
    "x": -0.543224198899061,
    "y": -0.5918328912021605,
    "z": 0.5955176728038933
  },
  "D24": {
    "x": -0.30506695724090427,
    "y": -0.9520666785706766,
    "z": 0.022431922681222297
  },
  "D25": {
    "x": -0.4697764102187063,
    "y": -0.38945028942348886,
    "z": 0.7922364523739025
  },
  "D26": {
    "x": -0.03368744641615946,
    "y": 0.8216763831927318,
    "z": 0.5689578870683394
  },
  "D27": {
    "x": 0.03173767146748644,
    "y": 0.8812694337242777,
    "z": 0.4715473522278678
  },
  "D28": {
    "x": -0.4389122464159264,
    "y": -0.6382596637525282,
    "z": 0.6324402276679076
  },
  "D30": {
    "x": -0.25002877475507784,
    "y": -0.9596457398266309,
    "z": -0.12870767586695328
  },
  "D31": {
    "x": -0.2747100193794216,
    "y": -0.9282034194739603,
    "z": -0.2509438529420582
  },
  "D32": {
    "x": -0.16386427916491322,
    "y": -0.9635695384151349,
    "z": -0.21138174626066283
  },
  "D34": {
    "x": -0.37095628951681064,
    "y": -0.9211437838902721,
    "z": 0.11783700890735505
  },
  "D36": {
    "x": -0.3008360599855626,
    "y": 0.9176250533546554,
    "z": 0.25973433825397235
  },
  "D37": {
    "x": 0.1329755052489959,
    "y": -0.8010941951713313,
    "z": -0.5835799906324507
  },
  "D38": {
    "x": -0.24965397024447092,
    "y": -0.46542065096743745,
    "z": 0.8491504653441696
  },
  "D40": {
    "x": 0.06391450944701767,
    "y": 0.7660784122728024,
    "z": 0.6395614135731841
  },
  "D41": {
    "x": -0.04832414572340592,
    "y": 0.7388514409901934,
    "z": 0.6721334131605254
  },
  "D42": {
    "x": 0.10844458543556927,
    "y": 0.8294716944666977,
    "z": 0.5479201401374589
  },
  "D43": {
    "x": 0.48482957050087505,
    "y": -0.8689076780649118,
    "z": 0.09969821747544334
  },
  "D45": {
    "x": -0.2792587621567134,
    "y": -0.19027793928831147,
    "z": 0.9411741866301337
  },
  "D47": {
    "x": 0.4569961460891132,
    "y": -0.5401008731538911,
    "z": 0.7067146307231106
  },
  "D48": {
    "x": -0.23499807827259814,
    "y": -0.9024231185600243,
    "z": -0.3611210576753815
  },
  "D49": {
    "x": 0.46873870756902203,
    "y": -0.4373026556109487,
    "z": 0.7674961963567865
  },
  "D50": {
    "x": -0.07242471444485597,
    "y": -0.987786497190029,
    "z": -0.13795831510508463
  },
  "D51": {
    "x": 0.013384960324245859,
    "y": -0.8105523223894671,
    "z": -0.5855132581813669
  },
  "D52": {
    "x": -0.14939405621852792,
    "y": -0.9884471397800204,
    "z": 0.025566928389469074
  },
  "D53": {
    "x": -0.1278441231089055,
    "y": -0.9380564792038905,
    "z": -0.32203403858927143
  },
  "D54": {
    "x": 0.17675742864087404,
    "y": -0.8557654216095587,
    "z": -0.48623281933419576
  },
  "D55": {
    "x": -0.24141826949056833,
    "y": -0.8497755034210216,
    "z": -0.4686137139923761
  },
  "D56": {
    "x": 0.07478424128260291,
    "y": -0.8955210018719382,
    "z": -0.43869061132199455
  },
  "D57": {
    "x": -0.13466350764848906,
    "y": -0.8915122524284192,
    "z": -0.4325177955619995
  },
  "D58": {
    "x": -0.02758454296033098,
    "y": -0.9228712243984867,
    "z": -0.3841195076625343
  },
  "D59": {
    "x": -0.24201187587234566,
    "y": -0.69040659970172,
    "z": 0.6817396710072382
  },
  "D60": {
    "x": -0.023544422811618237,
    "y": -0.9681555208292918,
    "z": -0.24923993990175455
  },
  "D61": {
    "x": -0.8486355533553849,
    "y": -0.3534431455541039,
    "z": -0.3935678346130691
  }
}