{
  "D2": {
    "x": 0.4765224040682592,
    "y": 0.6086868491397396,
    "z": 0.6343711201696861
  },
  "D3": {
    "x": -0.07529714285750813,
    "y": -0.528637390627963,
    "z": 0.8455015372591316
  },
  "D4": {
    "x": -0.7397398312123662,
    "y": 0.21799408832065395,
    "z": 0.6366031413487896
  },
  "D5": {
    "x": -0.35224435793257336,
    "y": -0.35325902030491896,
    "z": 0.8666787045254303
  },
  "D7": {
    "x": -0.4586516644080955,
    "y": -0.7000013899707785,
    "z": 0.5473908153912173
  },
  "D8": {
    "x": -0.33517742587349136,
    "y": -0.7915820907583697,
    "z": -0.5109343272627395
  },
  "D9": {
    "x": -0.04411161122273713,
    "y": -0.9743680698657567,
    "z": 0.22059245268461447
  },
  "D10": {
    "x": 0.29085677257913184,
    "y": -0.14031444787339417,
    "z": 0.9464217841759749
  },
  "D11": {
    "x": -0.05967017186539024,
    "y": -0.1672089385567612,
    "z": 0.9841141404614996
  },
  "D12": {
    "x": -0.8092031270990381,
    "y": 0.5287291008991624,
    "z": 0.25619491984717735
  },
  "D13": {
    "x": 0.3374862035195549,
    "y": -0.40525627598209163,
    "z": 0.849629574115146
  },
  "D15": {
    "x": 0.05978116311617144,
    "y": 0.683659024319313,
    "z": 0.7273489884527529
  },
  "D16": {
    "x": -0.7994542237858542,
    "y": 0.3854054175574152,
    "z": 0.46079888041134814
  },
  "D17": {
    "x": -0.29340363336773734,
    "y": -0.08446649990329996,
    "z": 0.9522498192809995
  },
  "D18": {
    "x": -0.4138507970858479,
    "y": -0.9086590969617571,
    "z": -0.055372947005304624
  },
  "D19": {
    "x": -0.7659302055125478,
    "y": -0.6187309803556929,
    "z": 0.17470802566450575
  },
  "D20": {
    "x": -0.6654159116602617,
    "y": -0.7463152740457726,
    "z": -0.015335456802010499
  },
  "D21": {
    "x": 0.11979506595262364,
    "y": 0.2680056989183269,
    "z": 0.9559404204869181
  },
  "D22": {
    "x": 0.05978116311617144,
    "y": 0.683659024319313,
    "z": 0.7273489884527529
  },
  "D23": {
    "x": -0.04232235569961691,
    "y": 0.08190739255610935,
    "z": 0.9957409287825296
  },
  "D24": {
    "x": 0.3066442687900124,
    "y": -0.9505099557655909,
    "z": -0.05000116407378066
  },
  "D25": {
    "x": 0.17358279263308476,
    "y": -0.9426102374413351,
    "z": -0.2852278990079506
  },
  "D26": {
    "x": -0.38727686683040874,
    "y": 0.8744491238981598,
    "z": -0.2921563932755238
  },
  "D27": {
    "x": -0.30527071369747044,
    "y": 0.949810433166325,
    "z": -0.06833690369804099
  },
  "D28": {
    "x": -0.5137477309368278,
    "y": -0.8421392774532898,
    "z": 0.16390456469455558
  },
  "D29": {
    "x": -0.5679958922724574,
    "y": -0.6862744831144663,
    "z": -0.45432147229421976
  },
  "D30": {
    "x": -0.6125650210695929,
    "y": -0.7084170286423586,
    "z": 0.350584381414148
  },
  "D31": {
    "x": 0.2236336608088164,
    "y": -0.9566392916386072,
    "z": 0.1866259666992542
  },
  "D32": {
    "x": 0.10993180616276986,
    "y": -0.34351335071563655,
    "z": 0.9326915759638378
  },
  "D33": {
    "x": -0.5532243883068008,
    "y": -0.8000185676965986,
    "z": -0.23219187652295
  },
  "D34": {
    "x": 0.5066860297536884,
    "y": -0.6463337412272282,
    "z": -0.5705453200260772
  },
  "D35": {
    "x": -0.3208508199663989,
    "y": -0.9024891828073233,
    "z": -0.28734652641481434
  },
  "D36": {
    "x": -0.7663517107729502,
    "y": -0.6104425678655796,
    "z": -0.20016225101914173
  },
  "D37": {
    "x": 0.5941266843057821,
    "y": -0.724368250979736,
    "z": -0.34972005943093354
  },
  "D38": {
    "x": -0.07529714285750813,
    "y": -0.528637390627963,
    "z": 0.8455015372591316
  },
  "D39": {
    "x": -0.901352302845743,
    "y": -0.41921345461221826,
    "z": 0.10873870344438488
  },
  "D40": {
    "x": -0.5154114238662281,
    "y": -0.02059318026386163,
    "z": 0.8566953863975267
  },
  "D41": {
    "x": -0.20418529359372378,
    "y": 0.9658090652657947,
    "z": 0.15975360819229353
  },
  "D42": {
    "x": 0.7943876920955777,
    "y": 0.5415621113819487,
    "z": 0.27506121893605334
  },
  "D43": {
    "x": 0.906262469019285,
    "y": -0.40360656507626824,
    "z": 0.12565857660504362
  },
  "D45": {
    "x": 0.8037707981479005,
    "y": 0.12030017122181409,
    "z": 0.5826494425026845
  },
  "D47": {
    "x": 0.7618718320585504,
    "y": -0.5836802384362519,
    "z": 0.28083570067701136
  },
  "D48": {
    "x": 0.906262469019285,
    "y": -0.40360656507626824,
    "z": 0.12565857660504362
  },
  "D49": {
    "x": 0.4969478627648743,
    "y": -0.5197911470169561,
    "z": 0.694881274158558
  },
  "D50": {
    "x": -0.3013927213261684,
    "y": -0.6199280897266893,
    "z": 0.7244664181999221
  },
  "D51": {
    "x": -0.13524755622524645,
    "y": -0.8794841822917211,
    "z": 0.45630655444970486
  },
  "D52": {
    "x": 0.03941752930387511,
    "y": -0.7893292249533465,
    "z": 0.612703544153392
  },
  "D53": {
    "x": -0.07602422653784563,
    "y": -0.9525035142588293,
    "z": -0.2948853545090062
  },
  "D54": {
    "x": -0.36860584529587803,
    "y": -0.8524306276664348,
    "z": 0.3707988077514801
  },
  "D55": {
    "x": 0.06576144370558445,
    "y": -0.997831505739335,
    "z": -0.0027782504798860856
  },
  "D56": {
    "x": -0.28375538318118515,
    "y": -0.9462586609125908,
    "z": 0.15516903416471192
  },
  "D57": {
    "x": -0.17523912228056643,
    "y": -0.9822195336230468,
    "z": -0.06735011352374508
  },
  "D58": {
    "x": 0.41242330091743906,
    "y": -0.872325101045195,
    "z": -0.2625946285567431
  },
  "D59": {
    "x": 0.6787133906066091,
    "y": -0.7343938289002593,
    "z": -0.003719876946517779
  },
  "D60": {
    "x": 0.6550685755932351,
    "y": -0.5613342089345124,
    "z": 0.5057559363468861
  },
  "D61": {
    "x": 0.11144217883429546,
    "y": -0.907676416946373,
    "z": 0.40460371092719677
  }
}