{
  "D2": {
    "x": -0.5284088050331646,
    "y": -0.5988355234916183,
    "z": 0.6018140498259764
  },
  "D3": {
    "x": 0.7071788730323997,
    "y": 0.5127465685022004,
    "z": 0.48681515796639224
  },
  "D4": {
    "x": -0.03987499627622159,
    "y": -0.9708211222542562,
    "z": 0.23646634698611585
  },
  "D5": {
    "x": -0.46033382818928636,
    "y": -0.8818233303438489,
    "z": -0.10237373044819627
  },
  "D7": {
    "x": -0.4042258750560289,
    "y": -0.7124256305710024,
    "z": 0.5736298134168911
  },
  "D8": {
    "x": 0.3904251376499685,
    "y": 0.8907354263341041,
    "z": 0.23272002957288596
  },
  "D9": {
    "x": -0.6864959798376602,
    "y": -0.7266596430353843,
    "z": -0.026249435239999338
  },
  "D10": {
    "x": 0.24068008304071475,
    "y": 0.9705888573935161,
    "z": 0.005510674283937498
  },
  "D11": {
    "x": -0.12716456565367928,
    "y": -0.9836187536917943,
    "z": 0.12776275133196047
  },
  "D12": {
    "x": 0.855165318372157,
    "y": 0.4932766936248467,
    "z": 0.15928082678083524
  },
  "D13": {
    "x": -0.7715622926354434,
    "y": -0.6059947980104298,
    "z": 0.1935508547318689
  },
  "D15": {
    "x": 0.5367436620356771,
    "y": 0.8435327419413092,
    "z": -0.018940816706447584
  },
  "D16": {
    "x": -0.07278228949701794,
    "y": -0.9268915634166639,
    "z": 0.36820479084686664
  },
  "D17": {
    "x": -0.3326320627866185,
    "y": -0.9348219136827723,
    "z": -0.12435393240584994
  },
  "D18": {
    "x": -0.31776617016098657,
    "y": -0.8007107438435247,
    "z": 0.5078257238411306
  },
  "D19": {
    "x": -0.3949655912874884,
    "y": -0.9070439895982381,
    "z": 0.14585397708885495
  },
  "D20": {
    "x": -0.7333781414350538,
    "y": -0.5669775107731575,
    "z": 0.3750906609644398
  },
  "D21": {
    "x": 0.29923468920944896,
    "y": 0.9461791631410666,
    "z": -0.12330284672867575
  },
  "D22": {
    "x": 0.28792223117463817,
    "y": 0.9480400390528627,
    "z": 0.13535461997310955
  },
  "D23": {
    "x": 0.5328940246923984,
    "y": 0.8364886106213072,
    "z": 0.12771359656658604
  },
  "D26": {
    "x": 0.4093308381072514,
    "y": 0.9113165852660091,
    "z": -0.044162726291703584
  },
  "D27": {
    "x": 0.41499107510171496,
    "y": 0.9047921670307943,
    "z": 0.0955695666289327
  },
  "D28": {
    "x": -0.2133177980966296,
    "y": -0.9769729950151265,
    "z": 0.004391358147485338
  },
  "D30": {
    "x": -0.5663532294231092,
    "y": -0.7546803713307573,
    "z": 0.33121225317020725
  },
  "D31": {
    "x": -0.7080076728741849,
    "y": -0.697737510228861,
    "z": 0.10902982147518811
  },
  "D32": {
    "x": -0.1833693218647522,
    "y": -0.839788472002317,
    "z": 0.5110097984294183
  },
  "D33": {
    "x": -0.5778142845504687,
    "y": -0.8134128059990308,
    "z": -0.06700939938705017
  },
  "D34": {
    "x": -0.5207723371649089,
    "y": -0.6930209687243981,
    "z": 0.4985159072207179
  },
  "D35": {
    "x": -0.26416124620388703,
    "y": -0.9552625765103253,
    "z": 0.13301220215778892
  },
  "D36": {
    "x": 0.8101512681199234,
    "y": 0.18808666206368305,
    "z": 0.5552281786053567
  },
  "D37": {
    "x": 0.524295808922558,
    "y": -0.4039866291992426,
    "z": -0.7496057018022702
  },
  "D38": {
    "x": 0.7353912156923175,
    "y": 0.5730280684806313,
    "z": 0.3617161768789621
  },
  "D39": {
    "x": 0.7386801848616162,
    "y": 0.3516446142973343,
    "z": 0.5750631702069673
  },
  "D40": {
    "x": 0.9497073820920482,
    "y": 0.24098868487781594,
    "z": 0.19995084936235982
  },
  "D41": {
    "x": 0.8520215557190995,
    "y": 0.2691321111497785,
    "z": 0.4490291475372938
  },
  "D42": {
    "x": 0.903572083457771,
    "y": 0.3726746391011318,
    "z": 0.21135539587771146
  },
  "D43": {
    "x": -0.6272775972887967,
    "y": -0.6596375659507934,
    "z": 0.4140061563867222
  },
  "D45": {
    "x": 0.9171717181743925,
    "y": 0.20422192280515628,
    "z": 0.3421833508907144
  },
  "D47": {
    "x": 0.8225902838901915,
    "y": 0.4859810289282214,
    "z": 0.29524170500002433
  },
  "D48": {
    "x": -0.44762061490740584,
    "y": -0.8466530003491964,
    "z": 0.2877750547035295
  },
  "D49": {
    "x": 0.791749736221429,
    "y": 0.4052035405925225,
    "z": 0.4571022269521137
  },
  "D50": {
    "x": -0.342637829464928,
    "y": -0.858051425890122,
    "z": 0.38255335359592857
  },
  "D51": {
    "x": -0.6058426353232378,
    "y": -0.7926239739219502,
    "z": 0.06857067294966737
  },
  "D52": {
    "x": 0.8654510888922194,
    "y": 0.3626206810389356,
    "z": 0.34568866689281325
  },
  "D53": {
    "x": -0.1761831889221537,
    "y": -0.9493666174351795,
    "z": 0.2601201830710308
  },
  "D54": {
    "x": -0.6220658782319803,
    "y": -0.7562486193583596,
    "z": 0.20278577084709398
  },
  "D55": {
    "x": -0.34700735902092206,
    "y": -0.9376906962470417,
    "z": 0.017945778251810818
  },
  "D56": {
    "x": -0.4583871865003876,
    "y": -0.7861183872188436,
    "z": 0.41460712551607604
  },
  "D57": {
    "x": -0.4774380062377384,
    "y": -0.8779061149562228,
    "z": 0.03652127492578114
  },
  "D58": {
    "x": -0.5163788671015456,
    "y": -0.8401961347018753,
    "z": 0.1655998817721589
  },
  "D59": {
    "x": -0.2086399071840964,
    "y": -0.8984168029025897,
    "z": 0.38641511020209973
  },
  "D60": {
    "x": -0.6876682145709151,
    "y": -0.6665075087779048,
    "z": 0.28788915820419675
  },
  "D61": {
    "x": -0.31173614646523234,
    "y": -0.914418517545665,
    "z": 0.2581847202229355
  }
}