{
  "D2": {
    "x": 0.19361094652275898,
    "y": -0.880799435834399,
    "z": -0.4320962337493418
  },
  "D4": {
    "x": 0.25184970920238514,
    "y": -0.9436011686203731,
    "z": -0.21491523573944257
  },
  "D5": {
    "x": -0.3722124813323464,
    "y": -0.06871709633009039,
    "z": -0.9256002535719071
  },
  "D7": {
    "x": -0.3065104195314638,
    "y": -0.8146963112079801,
    "z": -0.4922613972502375
  },
  "D8": {
    "x": -0.29122039788623144,
    "y": 0.8744553646928456,
    "z": -0.3879671313589436
  },
  "D9": {
    "x": -0.37169665753246145,
    "y": -0.8601513613447477,
    "z": -0.34925811423068376
  },
  "D10": {
    "x": -0.0654382032204598,
    "y": -0.826296498358691,
    "z": -0.5594210742897016
  },
  "D11": {
    "x": -0.006843297529178462,
    "y": -0.8816876241114281,
    "z": -0.4717839577260679
  },
  "D15": {
    "x": -0.37733982761404383,
    "y": 0.758378298408288,
    "z": -0.5314856639642815
  },
  "D16": {
    "x": 0.40649427869750304,
    "y": -0.9136483684572352,
    "z": -0.0030100168818678235
  },
  "D17": {
    "x": -0.24450993285498335,
    "y": -0.8775817538231427,
    "z": -0.41238957078465094
  },
  "D18": {
    "x": 0.36119907393333006,
    "y": -0.8907750187143415,
    "z": -0.27578088226737085
  },
  "D19": {
    "x": 0.3264774522129671,
    "y": -0.9415391310609333,
    "z": 0.08316572537741952
  },
  "D20": {
    "x": 0.2245777828131313,
    "y": -0.9739939651634707,
    "z": 0.030009586666228393
  },
  "D21": {
    "x": -0.20693524866466265,
    "y": 0.9477733195769117,
    "z": -0.24270051000823112
  },
  "D22": {
    "x": -0.17818716825049322,
    "y": 0.9754342706842729,
    "z": -0.12952728147193937
  },
  "D23": {
    "x": 0.14645926909955506,
    "y": -0.9784107293940142,
    "z": 0.14581538705327837
  },
  "D24": {
    "x": 0.1294199152511357,
    "y": -0.865185754958922,
    "z": 0.4844626868527122
  },
  "D25": {
    "x": 0.10059880304066642,
    "y": -0.8519044694643901,
    "z": -0.5139442146122291
  },
  "D26": {
    "x": 0.21095786580996603,
    "y": 0.8186352306297795,
    "z": -0.5341658338237592
  },
  "D27": {
    "x": 0.13387512423892697,
    "y": 0.8763995903789593,
    "z": -0.46260264708884236
  },
  "D28": {
    "x": 0.3062176848472823,
    "y": -0.950394894444714,
    "z": -0.0545918867615998
  },
  "D29": {
    "x": 0.6907490414185623,
    "y": -0.6806826707772136,
    "z": -0.24400176942583218
  },
  "D30": {
    "x": 0.19602211142535583,
    "y": -0.9767792306808798,
    "z": -0.08647350081275716
  },
  "D31": {
    "x": -0.37711322219810517,
    "y": -0.8985613191787317,
    "z": -0.22443968748672724
  },
  "D32": {
    "x": 0.1395848114103076,
    "y": -0.9714836876350548,
    "z": -0.19166513789039563
  },
  "D33": {
    "x": -0.2625709105738631,
    "y": -0.9646260786367458,
    "z": 0.023516915918271014
  },
  "D34": {
    "x": 0.027638975771932077,
    "y": -0.9900430316840069,
    "z": 0.13802493409605096
  },
  "D35": {
    "x": 0.023294801346730537,
    "y": -0.9829075293407595,
    "z": -0.18262020971256182
  },
  "D36": {
    "x": 0.4453898423182487,
    "y": -0.8781344540485965,
    "z": 0.17466473305306626
  },
  "D37": {
    "x": 0.07286068615266958,
    "y": -0.9663066220159132,
    "z": 0.2468660216829306
  },
  "D38": {
    "x": -0.27697938016560003,
    "y": -0.9119950051040099,
    "z": -0.3025682297076431
  },
  "D40": {
    "x": 0.030641199214779757,
    "y": 0.8138266755273734,
    "z": 0.5802992840860166
  },
  "D41": {
    "x": 0.9087150488560447,
    "y": 0.22088727643471592,
    "z": 0.35418324507493226
  },
  "D42": {
    "x": -0.08295146093520808,
    "y": 0.8331518139627406,
    "z": 0.5467879936678471
  },
  "D43": {
    "x": -0.0374918017142016,
    "y": -0.9957094768802909,
    "z": -0.08459906887785583
  },
  "D45": {
    "x": -0.0998527507428977,
    "y": 0.9236019695585782,
    "z": -0.3701200210696414
  },
  "D47": {
    "x": 0.1095115171403078,
    "y": -0.25496014991485216,
    "z": 0.9607302168501957
  },
  "D48": {
    "x": -0.0945990678968621,
    "y": -0.9896084412800087,
    "z": 0.10828734598463667
  },
  "D49": {
    "x": 0.15059352048557517,
    "y": 0.28778806707183363,
    "z": 0.9457799004201869
  },
  "D50": {
    "x": 0.07999262702418063,
    "y": -0.9935520686152691,
    "z": -0.08034591820428585
  },
  "D51": {
    "x": -0.33147597941824336,
    "y": -0.9399942206139267,
    "z": -0.0808365033950183
  },
  "D52": {
    "x": 0.06472614261816607,
    "y": -0.9549248905398258,
    "z": -0.2897049876844976
  },
  "D53": {
    "x": 0.08423120578681147,
    "y": -0.912822208581058,
    "z": -0.3995756743007504
  },
  "D54": {
    "x": -0.12684470607232537,
    "y": -0.8740416275590632,
    "z": -0.4690006970520714
  },
  "D56": {
    "x": 0.3552082887487914,
    "y": -0.9210264616076285,
    "z": -0.15980403193501347
  },
  "D57": {
    "x": -0.12848809823730095,
    "y": -0.9916868716360027,
    "z": -0.0069251163282752866
  },
  "D58": {
    "x": -0.027680968338573097,
    "y": -0.9300648487382459,
    "z": -0.3663511172814171
  },
  "D59": {
    "x": -0.21659772575397726,
    "y": -0.9725237429462535,
    "z": -0.0853404628767276
  },
  "D60": {
    "x": -0.14597694592909718,
    "y": -0.9206345050353544,
    "z": -0.3621088778192571
  },
  "D61": {
    "x": -0.2743585770395805,
    "y": -0.9435654334559233,
    "z": -0.18550375735265326
  },
  "D62": {
    "x": -0.06170120783884053,
    "y": -0.9637902108504788,
    "z": -0.25942511524526296
  },
  "D63": {
    "x": 0.5124990445454046,
    "y": -0.7571511842837836,
    "z": 0.4050516182879797
  },
  "D64": {
    "x": -0.12311668338644154,
    "y": -0.9798553034865785,
    "z": -0.15724460722437505
  },
  "D65": {
    "x": -0.009459377114703061,
    "y": -0.9995880956810024,
    "z": 0.027095371513032103
  },
  "D66": {
    "x": -0.17888047378546865,
    "y": -0.9504338594485966,
    "z": -0.25431723282532737
  },
  "D67": {
    "x": -0.2098048376409245,
    "y": -0.9689883985730172,
    "z": 0.13055042525156554
  },
  "D68": {
    "x": 0.18045688404669158,
    "y": -0.93325288016301,
    "z": -0.31060324316981236
  }
}