{
  "D2": {
    "x": 0.9867756169993216,
    "y": 0.06508599906070453,
    "z": 0.14845098322974504
  },
  "D3": {
    "x": 0.7354975471136547,
    "y": -0.6677097177027098,
    "z": -0.11492210873093456
  },
  "D4": {
    "x": 0.9047649509111589,
    "y": -0.4230326775622778,
    "z": -0.049434171553873286
  },
  "D5": {
    "x": 0.8658189822172543,
    "y": -0.4776952910868314,
    "z": -0.14887813441115272
  },
  "D6": {
    "x": 0.9193401469910497,
    "y": -0.06180098145293345,
    "z": -0.38857989245704594
  },
  "D7": {
    "x": 0.5010925269057989,
    "y": -0.8593673919096232,
    "z": -0.10195079794495583
  },
  "D8": {
    "x": 0.9699500207569252,
    "y": -0.2405978285354635,
    "z": 0.036188978124013095
  },
  "D9": {
    "x": 0.4458938951761314,
    "y": -0.8950840037632644,
    "z": -0.0018056721136004237
  },
  "D10": {
    "x": 0.8475360548870159,
    "y": 0.5218756163400232,
    "z": 0.09658403975955031
  },
  "D11": {
    "x": 0.9563231917874976,
    "y": 0.2920032393015512,
    "z": 0.013418684241544254
  },
  "D15": {
    "x": 0.7213500569972028,
    "y": 0.6762330121731716,
    "z": 0.14954266453869078
  },
  "D16": {
    "x": 0.7761049072621268,
    "y": 0.473837358887157,
    "z": 0.4161001444922715
  },
  "D17": {
    "x": 0.12665460167280848,
    "y": 0.9768346300676837,
    "z": 0.17248976020516069
  },
  "D18": {
    "x": 0.86754462243126,
    "y": -0.4958789623673713,
    "z": 0.03834557043599395
  },
  "D19": {
    "x": 0.7451192044891812,
    "y": -0.666916865904068,
    "z": 0.004389199711241989
  },
  "D20": {
    "x": 0.6900625113683132,
    "y": -0.7171484329465846,
    "z": 0.09752874205235333
  },
  "D21": {
    "x": 0.22074332262304106,
    "y": 0.9735877938180424,
    "z": 0.058302600678330624
  },
  "D22": {
    "x": 0.10312128041682618,
    "y": 0.9936264289066085,
    "z": 0.04552495253698712
  },
  "D23": {
    "x": 0.7959130356106547,
    "y": -0.5988069472422852,
    "z": 0.08917779813051888
  },
  "D26": {
    "x": 0.69935735261072,
    "y": 0.7137767512943897,
    "z": 0.03770998091954264
  },
  "D27": {
    "x": 0.6177203041658753,
    "y": 0.7806602818578735,
    "z": 0.09482167553257112
  },
  "D28": {
    "x": 0.8157286085170693,
    "y": -0.5775201374563017,
    "z": -0.03251658160478076
  },
  "D30": {
    "x": 0.5572012496582681,
    "y": -0.7190497370656802,
    "z": 0.41532426248058346
  },
  "D31": {
    "x": 0.38247161153024734,
    "y": -0.9188278985799793,
    "z": 0.09731782552315249
  },
  "D32": {
    "x": 0.6461479568441122,
    "y": -0.6923463574363873,
    "z": 0.3211687083305993
  },
  "D34": {
    "x": 0.7314647500066073,
    "y": -0.6097925627287833,
    "z": 0.30514316302095706
  },
  "D35": {
    "x": 0.7248248565635733,
    "y": -0.6602570001097104,
    "z": 0.19669677453817402
  },
  "D36": {
    "x": 0.3003603024999691,
    "y": 0.8979310084329639,
    "z": 0.32171974259701164
  },
  "D37": {
    "x": -0.10157537862723486,
    "y": -0.9935891633715483,
    "z": 0.049628790911731495
  },
  "D38": {
    "x": 0.800429197806942,
    "y": -0.5776233525484863,
    "z": -0.1602010046434872
  },
  "D39": {
    "x": 0.8872839243744084,
    "y": 0.02889545712534299,
    "z": -0.460317596996103
  },
  "D40": {
    "x": 0.41056798426238367,
    "y": 0.9067940212901474,
    "z": -0.09570022597239132
  },
  "D41": {
    "x": 0.4731206228601864,
    "y": -0.012866049855265944,
    "z": 0.8809037069881765
  },
  "D42": {
    "x": 0.2997229977911412,
    "y": 0.946618027380113,
    "z": -0.11866100806109417
  },
  "D43": {
    "x": 0.34133941325506073,
    "y": -0.8859849082565006,
    "z": 0.3138760062515312
  },
  "D45": {
    "x": 0.8424510339213731,
    "y": 0.11917582047005622,
    "z": -0.525426854338545
  },
  "D47": {
    "x": 0.3230625779675835,
    "y": -0.9246931261905983,
    "z": 0.20142788558885577
  },
  "D48": {
    "x": 0.5576651202028657,
    "y": -0.830065798110848,
    "z": -0.000620093318763896
  },
  "D49": {
    "x": 0.2116147980613546,
    "y": -0.9478868964582786,
    "z": 0.23817978244205493
  },
  "D50": {
    "x": 0.44803437920775235,
    "y": -0.7897653526816363,
    "z": 0.4189700260777311
  },
  "D51": {
    "x": 0.5568484714962156,
    "y": -0.7708512385878931,
    "z": 0.3093673346684156
  },
  "D52": {
    "x": 0.26910115894110576,
    "y": -0.9580714438182663,
    "z": 0.09840566445350851
  },
  "D53": {
    "x": 0.6527825593599793,
    "y": -0.7574854293546115,
    "z": -0.009526516199262106
  },
  "D54": {
    "x": 0.4541074105473512,
    "y": -0.8358733805841447,
    "z": 0.30838636694382776
  },
  "D55": {
    "x": 0.6334803814078096,
    "y": -0.7439551377255024,
    "z": 0.21268135654834575
  },
  "D56": {
    "x": 0.433377742151242,
    "y": -0.8791128692645451,
    "z": 0.19835396568092686
  },
  "D57": {
    "x": 0.5990439510881933,
    "y": -0.7937364295230567,
    "z": 0.10549324676317369
  },
  "D58": {
    "x": 0.49906169004390655,
    "y": -0.8608765117795399,
    "z": 0.09914162091075283
  },
  "D59": {
    "x": 0.6424602363374039,
    "y": -0.6359945058718676,
    "z": 0.42749951254485224
  },
  "D60": {
    "x": 0.5364075849280956,
    "y": -0.8189528866574101,
    "z": 0.2039192788019401
  },
  "D61": {
    "x": 0.5074644770253695,
    "y": -0.6877683439648845,
    "z": 0.519090078500031
  }
}