{
  "D2": {
    "x": -0.5535356191396437,
    "y": -0.45952127286098104,
    "z": 0.6945779424455655
  },
  "D3": {
    "x": 0.9042399429391297,
    "y": -0.20122905598364652,
    "z": 0.37663907474048675
  },
  "D4": {
    "x": -0.48280441875397223,
    "y": -0.6653111999706526,
    "z": 0.5694391103755074
  },
  "D5": {
    "x": -0.29373388422948904,
    "y": 0.7709553927358519,
    "z": 0.5651090051193356
  },
  "D7": {
    "x": -0.077042144788173,
    "y": -0.9345459750241297,
    "z": 0.347402257466236
  },
  "D8": {
    "x": -0.13179350589433425,
    "y": 0.8654931230843995,
    "z": 0.4832723100878971
  },
  "D9": {
    "x": -0.1802156202178487,
    "y": -0.9409830328008388,
    "z": 0.2864843140739673
  },
  "D10": {
    "x": -0.285192779909149,
    "y": 0.6099468663119298,
    "z": 0.7393442354978826
  },
  "D11": {
    "x": -0.3403407950671245,
    "y": -0.2736515931339285,
    "z": 0.8996015500144163
  },
  "D12": {
    "x": -0.8012862375476179,
    "y": 0.4682815882961616,
    "z": -0.3723610070611673
  },
  "D13": {
    "x": -0.18724059684169908,
    "y": -0.23514006177300278,
    "z": 0.9537557917222588
  },
  "D15": {
    "x": -0.17108059373185502,
    "y": 0.90953304141554,
    "z": 0.37878896106110826
  },
  "D16": {
    "x": -0.8978690874055802,
    "y": 0.06482303403529249,
    "z": 0.4354642076450485
  },
  "D17": {
    "x": -0.7916550089261862,
    "y": -0.45699215500173596,
    "z": 0.40551265961613264
  },
  "D18": {
    "x": -0.2569257852445657,
    "y": -0.9610913736291281,
    "z": -0.10145202024670966
  },
  "D19": {
    "x": -0.32567199599679136,
    "y": -0.9255864341237477,
    "z": -0.19294430281703248
  },
  "D20": {
    "x": -0.20950279969410585,
    "y": -0.9488140960049516,
    "z": -0.23634802335250846
  },
  "D21": {
    "x": -0.05202218343004827,
    "y": 0.9168451191546639,
    "z": 0.39583926019716686
  },
  "D22": {
    "x": -0.08140684477569458,
    "y": 0.9548069781384907,
    "z": 0.2858610853573984
  },
  "D23": {
    "x": -0.025876060550108555,
    "y": 0.8441507178641803,
    "z": 0.5354810874529523
  },
  "D24": {
    "x": 0.29023850690829855,
    "y": -0.9399133244759159,
    "z": -0.17979029890478915
  },
  "D25": {
    "x": 0.18148354763644678,
    "y": -0.980908637001589,
    "z": -0.06987107980398133
  },
  "D26": {
    "x": -0.3604510226240152,
    "y": 0.9159846849150516,
    "z": 0.17620192192588477
  },
  "D27": {
    "x": -0.24678175896010093,
    "y": 0.9490893304456167,
    "z": 0.19577590832083877
  },
  "D28": {
    "x": 0.030354822118921678,
    "y": -0.9507667888356689,
    "z": -0.30841708451582117
  },
  "D29": {
    "x": -0.07837579053046277,
    "y": -0.9314372749755341,
    "z": -0.35536155988637314
  },
  "D30": {
    "x": -0.0963442929408204,
    "y": -0.9737213238125575,
    "z": -0.20636026936029622
  },
  "D31": {
    "x": -0.34240182383739187,
    "y": -0.9341623106039876,
    "z": 0.10050755434218295
  },
  "D32": {
    "x": 0.06460026722466301,
    "y": -0.9966757235422478,
    "z": -0.04964179263522942
  },
  "D33": {
    "x": -0.04434939583435384,
    "y": -0.9939018816863767,
    "z": -0.10095633050684467
  },
  "D34": {
    "x": 0.04819589936497905,
    "y": -0.9832417135920365,
    "z": -0.17582061294682363
  },
  "D35": {
    "x": -0.3533919514038789,
    "y": -0.9350846244825946,
    "z": -0.02703467660623647
  },
  "D36": {
    "x": -0.4297191200057263,
    "y": -0.6960420885091816,
    "z": -0.5752102997385222
  },
  "D37": {
    "x": 0.19267899891092946,
    "y": -0.9491305280818477,
    "z": -0.24905028416316832
  },
  "D38": {
    "x": -0.46947803031080554,
    "y": 0.5550529928461486,
    "z": 0.6866633485107674
  },
  "D39": {
    "x": -0.5587198663844559,
    "y": -0.06379679229714356,
    "z": -0.8268990749782775
  },
  "D40": {
    "x": 0.7344033692330154,
    "y": 0.6760690651608653,
    "z": 0.059852405062027395
  },
  "D41": {
    "x": -0.12650533806143766,
    "y": 0.9915830455059363,
    "z": -0.02755836183690154
  },
  "D42": {
    "x": 0.8083339134891894,
    "y": 0.5881913102326218,
    "z": 0.02504529636645251
  },
  "D43": {
    "x": 0.09377122317640331,
    "y": -0.9788543647552439,
    "z": 0.181799588293288
  },
  "D45": {
    "x": 0.1356923234494918,
    "y": 0.9553560730062195,
    "z": 0.2624545048708697
  },
  "D47": {
    "x": 0.9534895891167509,
    "y": -0.29526706617440696,
    "z": -0.06062147374262745
  },
  "D48": {
    "x": 0.23982131862212738,
    "y": -0.9702077833765298,
    "z": 0.034388838450061014
  },
  "D49": {
    "x": 0.9790266347287659,
    "y": 0.19403605234123775,
    "z": -0.06210361409367415
  },
  "D50": {
    "x": 0.10880088089936005,
    "y": -0.9920870345864745,
    "z": 0.06265528007230169
  },
  "D51": {
    "x": -0.2899661002993933,
    "y": -0.9264150995562824,
    "z": 0.24015562452560868
  },
  "D52": {
    "x": 0.38251887343266555,
    "y": -0.8600256152392957,
    "z": -0.33769106088268797
  },
  "D53": {
    "x": -0.15234594357638498,
    "y": -0.9870987941079286,
    "z": -0.04926138595790948
  },
  "D54": {
    "x": -0.013870492102051187,
    "y": -0.9677700290404003,
    "z": 0.2514533363071359
  },
  "D55": {
    "x": -0.24859257063278628,
    "y": -0.9683830513884191,
    "z": 0.02088060367512556
  },
  "D56": {
    "x": -0.12174626692204209,
    "y": -0.9746860246843924,
    "z": 0.1875233312830245
  },
  "D57": {
    "x": -0.23321171404723423,
    "y": -0.9621332293212348,
    "z": 0.14110969303007986
  },
  "D58": {
    "x": -0.03432180655170648,
    "y": -0.9992615832304903,
    "z": 0.017271417854976753
  },
  "D59": {
    "x": 0.6672480701987019,
    "y": -0.7434677489334434,
    "z": 0.04511894404733557
  },
  "D60": {
    "x": -0.015536259843002618,
    "y": -0.9907888025227072,
    "z": 0.1345220183676645
  },
  "D61": {
    "x": -0.14087744612092903,
    "y": -0.9875559732964362,
    "z": 0.06990525574642617
  }
}