{
  "D2": {
    "x": 0.12833105973243994,
    "y": -0.890140788732779,
    "z": -0.4372419414261801
  },
  "D4": {
    "x": 0.3340047186742828,
    "y": -0.9421174710811216,
    "z": -0.029249249341221046
  },
  "D5": {
    "x": -0.16927069367995354,
    "y": -0.7276107348820923,
    "z": -0.6647781966531763
  },
  "D7": {
    "x": -0.351808728087139,
    "y": -0.8434169001772408,
    "z": -0.4060523997430921
  },
  "D8": {
    "x": -0.3298708150347758,
    "y": 0.8627571437074281,
    "z": -0.3831910181229373
  },
  "D9": {
    "x": -0.4125129923553087,
    "y": -0.8670284475493767,
    "z": -0.27945429371936087
  },
  "D10": {
    "x": -0.04601188344439559,
    "y": -0.8514973005689517,
    "z": -0.5223363415517703
  },
  "D11": {
    "x": -0.1645561882808099,
    "y": -0.8339261741612343,
    "z": -0.5267716743972644
  },
  "D15": {
    "x": -0.5827558629190184,
    "y": 0.4461134537022687,
    "z": -0.6792484012931825
  },
  "D16": {
    "x": 0.4011088154459647,
    "y": -0.89645778432872,
    "z": 0.18834850434228861
  },
  "D17": {
    "x": -0.10348353830008787,
    "y": -0.9929224165085203,
    "z": 0.05827720047990453
  },
  "D18": {
    "x": 0.24979264424844727,
    "y": -0.9452837134507797,
    "z": 0.20986265976603144
  },
  "D19": {
    "x": 0.33106771033104593,
    "y": -0.9392240059647744,
    "z": 0.09084292925506142
  },
  "D20": {
    "x": 0.21648263326530068,
    "y": -0.9711834444428733,
    "z": 0.09968945147104476
  },
  "D21": {
    "x": -0.248172983659006,
    "y": 0.9418150554466238,
    "z": -0.2267037086504319
  },
  "D22": {
    "x": -0.1761831180027013,
    "y": 0.9748394565164932,
    "z": -0.13655600664004042
  },
  "D23": {
    "x": 0.11322648618094161,
    "y": -0.98099163204406,
    "z": 0.1575918166868079
  },
  "D24": {
    "x": 0.13817716801872107,
    "y": -0.8635710284814996,
    "z": 0.4849248900662156
  },
  "D25": {
    "x": 0.20578007794006462,
    "y": -0.951645380794604,
    "z": -0.22809127281698813
  },
  "D26": {
    "x": 0.2001187855949827,
    "y": 0.8304446916296353,
    "z": -0.5199173836256576
  },
  "D27": {
    "x": 0.1439695510641813,
    "y": 0.8901709149203213,
    "z": -0.43228290574147865
  },
  "D28": {
    "x": 0.2640333971687618,
    "y": -0.9562633187407403,
    "z": -0.12588419444262325
  },
  "D29": {
    "x": 0.6783144313373489,
    "y": -0.6840935190770202,
    "z": -0.2681521758187084
  },
  "D30": {
    "x": 0.22135032931095372,
    "y": -0.9750463079731205,
    "z": -0.016992028187327674
  },
  "D31": {
    "x": -0.374796694060197,
    "y": -0.9108273698885698,
    "z": -0.1729767047420482
  },
  "D32": {
    "x": 0.09324530853678642,
    "y": -0.9758004267518645,
    "z": -0.19778483153861656
  },
  "D33": {
    "x": -0.19947186321423427,
    "y": -0.9798235922038516,
    "z": -0.012518144694090426
  },
  "D34": {
    "x": -0.0015646412106627508,
    "y": -0.9920237071979255,
    "z": 0.12604172426290586
  },
  "D35": {
    "x": 0.014885108462007374,
    "y": -0.9938224631834552,
    "z": -0.10997883986496676
  },
  "D36": {
    "x": 0.507564248670522,
    "y": -0.8410959008659379,
    "z": 0.18691232976463892
  },
  "D37": {
    "x": 0.06439146427677864,
    "y": -0.9620682858456363,
    "z": 0.2651006463559298
  },
  "D38": {
    "x": -0.3034053479432301,
    "y": -0.900120664440299,
    "z": -0.31261475378971215
  },
  "D40": {
    "x": 0.02138445347243742,
    "y": 0.8048914523454476,
    "z": 0.5930366389110552
  },
  "D41": {
    "x": 0.908922062101965,
    "y": 0.22473478353314172,
    "z": 0.3512192507460597
  },
  "D42": {
    "x": -0.07257619800528842,
    "y": 0.8448789344229657,
    "z": 0.530011586336951
  },
  "D43": {
    "x": -0.09138700110794663,
    "y": -0.9940295041383316,
    "z": -0.05961342911625564
  },
  "D45": {
    "x": -0.10016826263790587,
    "y": 0.9239289503782261,
    "z": -0.3692175697513502
  },
  "D47": {
    "x": 0.10441263982475889,
    "y": -0.530094672216339,
    "z": 0.8414853766600329
  },
  "D48": {
    "x": -0.14699129786149176,
    "y": -0.9748485006464257,
    "z": 0.16752301077884854
  },
  "D49": {
    "x": 0.14899179297785908,
    "y": -0.05494274415472066,
    "z": 0.987310863147971
  },
  "D50": {
    "x": 0.12906668476594252,
    "y": -0.9878972435975935,
    "z": -0.08602805923537848
  },
  "D51": {
    "x": -0.3948151719597019,
    "y": -0.9173212713078261,
    "z": -0.05140685943164066
  },
  "D52": {
    "x": 0.03333971825545717,
    "y": -0.9545877134279899,
    "z": -0.2960587113377494
  },
  "D53": {
    "x": 0.014351650950381689,
    "y": -0.91349318416546,
    "z": -0.40660082709980727
  },
  "D54": {
    "x": -0.2397074295371906,
    "y": -0.8654081135265363,
    "z": -0.4400103922262682
  },
  "D56": {
    "x": 0.37051850016207544,
    "y": -0.9149150708784604,
    "z": -0.16014510331917117
  },
  "D57": {
    "x": -0.043751374420222026,
    "y": -0.9769528038755212,
    "z": -0.20892351767117776
  },
  "D58": {
    "x": -0.11502105680366125,
    "y": -0.8932104663237105,
    "z": -0.4346782940768366
  },
  "D59": {
    "x": -0.2887080548501628,
    "y": -0.9531829964591748,
    "z": -0.08994350630114505
  },
  "D60": {
    "x": -0.19187906613468683,
    "y": -0.9180837151054555,
    "z": -0.34684970237473983
  },
  "D61": {
    "x": -0.18031545238013846,
    "y": -0.9748969166589604,
    "z": -0.13062289049702555
  },
  "D62": {
    "x": -0.0761368731955486,
    "y": -0.9401219689767549,
    "z": -0.3322256160913461
  },
  "D63": {
    "x": 0.42349268910375065,
    "y": -0.8313371149302803,
    "z": 0.359906298382054
  },
  "D64": {
    "x": -0.26548345642313603,
    "y": -0.9415232963940254,
    "z": -0.2074907629581455
  },
  "D65": {
    "x": 0.004731211418043804,
    "y": -0.9999554174728147,
    "z": 0.008171823865378285
  },
  "D66": {
    "x": -0.15353096858152823,
    "y": -0.9576201700583526,
    "z": -0.24370443488748728
  },
  "D67": {
    "x": -0.30441098324385485,
    "y": -0.9518102977493484,
    "z": 0.03729759213148031
  },
  "D68": {
    "x": 0.1451315123148159,
    "y": -0.9334329100701136,
    "z": -0.32808512086233643
  }
}