{
  "D2": {
    "x": 0.20218662601679233,
    "y": -0.7501883076571768,
    "z": 0.6295538668886139
  },
  "D3": {
    "x": -0.04449387977046328,
    "y": -0.5799991309321796,
    "z": 0.813401071293177
  },
  "D4": {
    "x": -0.33257269702664416,
    "y": -0.7080691325194225,
    "z": 0.6229233538450909
  },
  "D5": {
    "x": 0.04929938296764243,
    "y": 0.44411649566348776,
    "z": 0.8946117085745039
  },
  "D7": {
    "x": 0.34630526767321324,
    "y": -0.8358536448242128,
    "z": 0.42593584730081485
  },
  "D8": {
    "x": 0.1218002972045152,
    "y": 0.9036721818795213,
    "z": 0.41053778790508094
  },
  "D9": {
    "x": -0.142633698566449,
    "y": -0.8384251799787376,
    "z": 0.5260217159118783
  },
  "D10": {
    "x": 0.2873805917709993,
    "y": 0.36858192245618027,
    "z": 0.8840586869161214
  },
  "D11": {
    "x": 0.23435558067813997,
    "y": -0.13070635914465886,
    "z": 0.9633240936902592
  },
  "D12": {
    "x": -0.9049814699927297,
    "y": -0.30282093251574416,
    "z": -0.29884447761351274
  },
  "D13": {
    "x": 0.39492969567470637,
    "y": 0.055234784613296076,
    "z": 0.9170494283532414
  },
  "D15": {
    "x": 0.33445981499655114,
    "y": 0.8012981856258252,
    "z": 0.49604218557017227
  },
  "D16": {
    "x": -0.8396715016872158,
    "y": 0.10798707267870687,
    "z": 0.5322504686598403
  },
  "D17": {
    "x": 0.10702972708168282,
    "y": 0.08268761116317105,
    "z": 0.9908114838257319
  },
  "D18": {
    "x": -0.2604636267219955,
    "y": -0.8315680126038726,
    "z": -0.4905643072716059
  },
  "D19": {
    "x": -0.7433231511630632,
    "y": -0.6632454227993568,
    "z": 0.08704138142697725
  },
  "D20": {
    "x": -0.48098448439110014,
    "y": -0.7898952112235361,
    "z": -0.38042013755997856
  },
  "D21": {
    "x": 0.38650073094176124,
    "y": 0.8832042060802306,
    "z": 0.2656454692699913
  },
  "D22": {
    "x": 0.17140333411870592,
    "y": 0.9700032015537546,
    "z": 0.17237948262034383
  },
  "D23": {
    "x": 0.5381617403211666,
    "y": 0.6451090307250965,
    "z": 0.542417071755139
  },
  "D26": {
    "x": 0.46877400881428866,
    "y": 0.6520278045714615,
    "z": -0.5959116299636227
  },
  "D27": {
    "x": 0.40083903309972835,
    "y": 0.8148355473262496,
    "z": -0.4187733281349307
  },
  "D28": {
    "x": -0.02501452957782094,
    "y": -0.8187457119497652,
    "z": -0.5736111334988822
  },
  "D30": {
    "x": -0.6154871927191202,
    "y": -0.7711512246427754,
    "z": -0.16279221213155334
  },
  "D31": {
    "x": -0.5727605238477836,
    "y": -0.7577985370838703,
    "z": 0.31254881141216695
  },
  "D32": {
    "x": -0.17697896737901123,
    "y": -0.9427040021899312,
    "z": -0.2828208078634686
  },
  "D33": {
    "x": -0.5558570821290432,
    "y": -0.8280468525422194,
    "z": 0.07322099590902983
  },
  "D34": {
    "x": 0.3255088504383706,
    "y": -0.9053002750905551,
    "z": -0.2729018142249252
  },
  "D35": {
    "x": 0.09111234552591346,
    "y": -0.88712781526745,
    "z": 0.45244091312741375
  },
  "D36": {
    "x": -0.6829755724993454,
    "y": -0.6348945585180943,
    "z": -0.36118314873939705
  },
  "D37": {
    "x": 0.5399893395895998,
    "y": -0.7745795660370723,
    "z": -0.3292992696733601
  },
  "D38": {
    "x": -0.04449387977046328,
    "y": -0.5799991309321796,
    "z": 0.813401071293177
  },
  "D39": {
    "x": -0.855196338992652,
    "y": -0.5050676708000706,
    "z": -0.11638672469898127
  },
  "D40": {
    "x": 0.9620483160994139,
    "y": 0.23615498393674458,
    "z": 0.13672549525278102
  },
  "D41": {
    "x": -0.1894451694075667,
    "y": 0.9774878213003784,
    "z": 0.09288749645446416
  },
  "D42": {
    "x": 0.886148396797636,
    "y": 0.46006880969241454,
    "z": 0.05547710519831241
  },
  "D43": {
    "x": -0.40449140536380995,
    "y": -0.9034381747589127,
    "z": -0.14207803269715558
  },
  "D45": {
    "x": 0.8959891685924908,
    "y": 0.23335264767693886,
    "z": 0.37782264567796864
  },
  "D47": {
    "x": 0.9502718217907339,
    "y": -0.3019867758656662,
    "z": 0.0760753042240363
  },
  "D48": {
    "x": 0.49894544562434834,
    "y": -0.8610247797269143,
    "z": -0.09843663437429741
  },
  "D49": {
    "x": 0.9959891467997921,
    "y": -0.05629015156621177,
    "z": 0.06954881949879023
  },
  "D50": {
    "x": 0.43604107951926996,
    "y": -0.8886857451726293,
    "z": 0.14179500449112448
  },
  "D51": {
    "x": 0.25485955586321524,
    "y": -0.9662759664576887,
    "z": -0.03684241348587899
  },
  "D52": {
    "x": 0.7610743473917005,
    "y": -0.648183223882604,
    "z": 0.024986916965702582
  },
  "D53": {
    "x": -0.13189149395240138,
    "y": -0.9476484077640012,
    "z": 0.2908042796888609
  },
  "D54": {
    "x": 0.10108085816503418,
    "y": -0.9185262487980211,
    "z": -0.3822200810811174
  },
  "D55": {
    "x": -0.3542345408878773,
    "y": -0.8484022539503249,
    "z": 0.39335925759280566
  },
  "D56": {
    "x": 0.03145858238340014,
    "y": -0.9878250051418923,
    "z": -0.1523552323054491
  },
  "D57": {
    "x": -0.34172686968701727,
    "y": -0.9267093880228232,
    "z": 0.15630885030693822
  },
  "D58": {
    "x": 0.21519623861266562,
    "y": -0.9456808390499905,
    "z": 0.2436766905977403
  },
  "D59": {
    "x": 0.629448400988054,
    "y": -0.747279543021134,
    "z": 0.2129976410097237
  },
  "D60": {
    "x": -0.1917912446622007,
    "y": -0.9807660375269872,
    "z": -0.036250491093725974
  },
  "D61": {
    "x": 0.018987732920279915,
    "y": -0.9950838307272594,
    "z": 0.09719894970477402
  }
}