{
  "D2": {
    "x": -0.6773974781078582,
    "y": 0.5224444123622941,
    "z": 0.5178653228828233
  },
  "D3": {
    "x": 0.21673423355652854,
    "y": 0.07748437569725757,
    "z": 0.9731507814966139
  },
  "D4": {
    "x": -0.31134582939995803,
    "y": -0.3137705184177671,
    "z": 0.8970015809836113
  },
  "D5": {
    "x": -0.7794503697257404,
    "y": 0.16801968163025371,
    "z": 0.6035118124107223
  },
  "D6": {
    "x": -0.2356488637853627,
    "y": 0.1721416307272564,
    "z": 0.9564710512959754
  },
  "D7": {
    "x": 0.16104368373820752,
    "y": -0.5546066781047186,
    "z": -0.8163800368270142
  },
  "D8": {
    "x": -0.4978748652314011,
    "y": 0.5072621917654193,
    "z": 0.7034242584501597
  },
  "D9": {
    "x": -0.2535202810807883,
    "y": -0.4764838730869717,
    "z": -0.841837624348518
  },
  "D10": {
    "x": -0.48381101282727873,
    "y": 0.6920867894841604,
    "z": 0.5356704021024034
  },
  "D11": {
    "x": -0.6066706618664071,
    "y": 0.2830348723673597,
    "z": 0.7428606659761762
  },
  "D12": {
    "x": -0.39081473391527044,
    "y": 0.3400609441340988,
    "z": 0.8553492842280057
  },
  "D13": {
    "x": -0.809063035451947,
    "y": 0.09968390562221935,
    "z": -0.5792064602757655
  },
  "D14": {
    "x": -0.03857732961719446,
    "y": -0.6796054500741101,
    "z": -0.7325627767428348
  },
  "D15": {
    "x": -0.560472034601683,
    "y": 0.7310775706445224,
    "z": -0.38909726821188706
  },
  "D16": {
    "x": -0.2231432231017799,
    "y": 0.9690133543093414,
    "z": -0.10592554533212531
  },
  "D18": {
    "x": -0.7215231739128632,
    "y": -0.43899373759792504,
    "z": 0.5354332898284457
  },
  "D19": {
    "x": -0.485271427515653,
    "y": 0.10241675592691141,
    "z": 0.8683446606862552
  },
  "D20": {
    "x": -0.7643110140989176,
    "y": -0.20471981632158867,
    "z": 0.6114887329561677
  },
  "D21": {
    "x": -0.3220954979689009,
    "y": 0.9297440225853767,
    "z": 0.17841116180028765
  },
  "D22": {
    "x": -0.09049941035604943,
    "y": 0.9903529594519512,
    "z": 0.10493270429169914
  },
  "D23": {
    "x": -0.6720180042590498,
    "y": -0.01145453674954583,
    "z": 0.74044621380593
  },
  "D24": {
    "x": -0.4263090652718144,
    "y": -0.8892717203251882,
    "z": 0.16569969311061616
  },
  "D25": {
    "x": -0.2953290385564084,
    "y": -0.07060131213843436,
    "z": 0.9527834033554945
  },
  "D26": {
    "x": -0.2520257767958961,
    "y": 0.7558530435005586,
    "z": 0.604292300514716
  },
  "D27": {
    "x": -0.21059448570417708,
    "y": 0.8924248280028191,
    "z": 0.39903369400983185
  },
  "D28": {
    "x": -0.5037207936816994,
    "y": -0.16133328907441416,
    "z": 0.8486677393710157
  },
  "D30": {
    "x": -0.7582277666134032,
    "y": -0.6489074494740331,
    "z": -0.06332279173848618
  },
  "D31": {
    "x": -0.7491425960422823,
    "y": -0.5877284160125453,
    "z": -0.3055497992249616
  },
  "D32": {
    "x": -0.3727075020544706,
    "y": -0.9068764276421417,
    "z": -0.1966323038041924
  },
  "D34": {
    "x": -0.8179974645106809,
    "y": -0.5114415458445772,
    "z": 0.2632635433139319
  },
  "D36": {
    "x": -0.9038231707610628,
    "y": 0.413372477026775,
    "z": -0.11057518361805595
  },
  "D37": {
    "x": -0.5720719002880985,
    "y": -0.7640561505093827,
    "z": -0.2982481177971583
  },
  "D38": {
    "x": -0.028825114595100627,
    "y": 0.038249505000886835,
    "z": 0.99885238555843
  },
  "D40": {
    "x": 0.259828535426109,
    "y": 0.39170902472402375,
    "z": 0.8826398881356299
  },
  "D41": {
    "x": 0.05530043513847677,
    "y": 0.27114564996935403,
    "z": 0.9609484368977305
  },
  "D42": {
    "x": 0.43443872890163565,
    "y": 0.5060984609562882,
    "z": 0.7450686804906025
  },
  "D43": {
    "x": 0.973720487443975,
    "y": 0.07098666858378876,
    "z": 0.21640079763079198
  },
  "D45": {
    "x": -0.15013341403810285,
    "y": 0.4015012352486993,
    "z": 0.9034692668171023
  },
  "D47": {
    "x": 0.6867050281119785,
    "y": 0.24029529436142064,
    "z": 0.6860716987848172
  },
  "D48": {
    "x": -0.44027001752122125,
    "y": -0.3079746969336805,
    "z": -0.8433942718091408
  },
  "D49": {
    "x": 0.6396499289935816,
    "y": 0.47250292055220905,
    "z": 0.6062911498678987
  },
  "D50": {
    "x": -0.5728466250415551,
    "y": -0.8178743628316417,
    "z": -0.05411349925144318
  },
  "D51": {
    "x": -0.14928602360296694,
    "y": -0.9410760230332363,
    "z": -0.3034626863862542
  },
  "D52": {
    "x": -0.2804852454067787,
    "y": -0.8862045955097437,
    "z": 0.3687403449671744
  },
  "D53": {
    "x": -0.6132698046452029,
    "y": -0.5983738862641854,
    "z": -0.5156053131490504
  },
  "D54": {
    "x": 0.06870577511576337,
    "y": -0.8254961317443259,
    "z": -0.5602103648995587
  },
  "D55": {
    "x": -0.6586070201219988,
    "y": -0.34639990726076103,
    "z": -0.6680148930194275
  },
  "D56": {
    "x": -0.18008279243856296,
    "y": -0.8312485969555542,
    "z": -0.5259239088755637
  },
  "D57": {
    "x": -0.479533873648518,
    "y": -0.5157229908705075,
    "z": -0.7099838453875029
  },
  "D58": {
    "x": -0.2840307353926096,
    "y": -0.6697045853211212,
    "z": -0.6861649289727642
  },
  "D59": {
    "x": -0.05818166478861569,
    "y": 0.6065712761491714,
    "z": 0.7928973330975396
  },
  "D60": {
    "x": -0.41996557235022075,
    "y": -0.7596185318839276,
    "z": -0.49659702381212273
  },
  "D61": {
    "x": -0.791871976350248,
    "y": -0.39826213225105317,
    "z": -0.46295361223992726
  }
}