{
  "D2": {
    "x": -0.5247180508126335,
    "y": -0.7652580437713361,
    "z": 0.3728955531977531
  },
  "D4": {
    "x": -0.3353243413630908,
    "y": -0.6511798850455014,
    "z": -0.6808247523419936
  },
  "D5": {
    "x": -0.9658389376855215,
    "y": -0.19108031208613635,
    "z": 0.1750527371496034
  },
  "D7": {
    "x": 0.0477415844159515,
    "y": -0.4889916842766573,
    "z": 0.870980983618892
  },
  "D8": {
    "x": -0.25227093475728424,
    "y": 0.8637883029134948,
    "z": 0.43615266046020035
  },
  "D9": {
    "x": -0.4147423395170255,
    "y": -0.5513463954438284,
    "z": 0.7238825485139437
  },
  "D10": {
    "x": -0.7596367170706226,
    "y": -0.4221863763876047,
    "z": 0.49468244528269895
  },
  "D11": {
    "x": -0.8319447387251264,
    "y": -0.3852600518511209,
    "z": -0.3993026974054308
  },
  "D12": {
    "x": 0.03811200212507146,
    "y": -0.9065982437984005,
    "z": -0.4202702697499249
  },
  "D13": {
    "x": -0.941292947380691,
    "y": -0.26377275805760875,
    "z": -0.21069295032832472
  },
  "D15": {
    "x": -0.7597823706834083,
    "y": -0.20436253810428598,
    "z": 0.6172250012906755
  },
  "D16": {
    "x": -0.9264804471654499,
    "y": -0.37615567345452333,
    "z": 0.011869724010363705
  },
  "D17": {
    "x": 0.4406647391545223,
    "y": -0.8882335415567125,
    "z": 0.1298297474367748
  },
  "D18": {
    "x": -0.11504172263140221,
    "y": -0.761319578930216,
    "z": -0.6380892576995151
  },
  "D19": {
    "x": -0.8740593941265201,
    "y": -0.4014725313335848,
    "z": 0.2735689714199771
  },
  "D20": {
    "x": -0.11568819938574575,
    "y": -0.967393521044251,
    "z": -0.2253131508911319
  },
  "D21": {
    "x": -0.23227354756569493,
    "y": 0.9512702643568018,
    "z": 0.20281489898867738
  },
  "D22": {
    "x": 0.01067910310856235,
    "y": 0.9876310475833274,
    "z": 0.15643168031526172
  },
  "D23": {
    "x": -0.4290769772788831,
    "y": -0.7654011690562745,
    "z": -0.4796394458095633
  },
  "D24": {
    "x": 0.2825604005655272,
    "y": -0.8230040812554659,
    "z": -0.4927716532726852
  },
  "D25": {
    "x": -0.8105940020626027,
    "y": -0.575767412310096,
    "z": 0.10690767391478134
  },
  "D26": {
    "x": -0.5947943017072271,
    "y": 0.77855913826536,
    "z": 0.20016345041018907
  },
  "D27": {
    "x": -0.42972371001929205,
    "y": 0.9011012114729245,
    "z": 0.057914935286877925
  },
  "D28": {
    "x": -0.8400695824581548,
    "y": -0.5119966912454141,
    "z": -0.17928325293325578
  },
  "D29": {
    "x": -0.6987918581316753,
    "y": -0.3728467711965172,
    "z": -0.6104713131812275
  },
  "D30": {
    "x": -0.7081720215340646,
    "y": -0.599878278678165,
    "z": -0.37234183042800606
  },
  "D31": {
    "x": -0.17818004699871645,
    "y": -0.5703087701755303,
    "z": 0.8018726691391903
  },
  "D32": {
    "x": -0.5027391661537662,
    "y": -0.8638292547374803,
    "z": -0.03243993641647662
  },
  "D33": {
    "x": 0.4041827447758199,
    "y": -0.8361307426812116,
    "z": 0.3708391699495213
  },
  "D34": {
    "x": -0.20917637206831194,
    "y": -0.8749113007142874,
    "z": -0.4367785036500456
  },
  "D35": {
    "x": -0.3946882777002565,
    "y": -0.8961915745965907,
    "z": 0.2026371759280331
  },
  "D36": {
    "x": -0.5688540760850034,
    "y": -0.5840180002123546,
    "z": -0.579075138086103
  },
  "D37": {
    "x": 0.5335396153116042,
    "y": -0.8401977336487927,
    "z": -0.09697034219068254
  },
  "D38": {
    "x": 0.09503581489529549,
    "y": -0.684376186472026,
    "z": 0.7229090048389173
  },
  "D40": {
    "x": 0.2529306836082148,
    "y": 0.2678073188715501,
    "z": -0.9296802188109163
  },
  "D41": {
    "x": -0.6630578776103242,
    "y": 0.13965956587645448,
    "z": -0.7354246777189983
  },
  "D42": {
    "x": 0.42710895880512584,
    "y": 0.40151306491536193,
    "z": -0.8101636847024642
  },
  "D43": {
    "x": -0.6058004190944524,
    "y": -0.3937128914440981,
    "z": 0.6913725561053996
  },
  "D45": {
    "x": -0.16991030400364743,
    "y": 0.11579049593640145,
    "z": -0.9786332559463685
  },
  "D47": {
    "x": 0.3161304987195048,
    "y": -0.4483353545534625,
    "z": -0.8360962370665103
  },
  "D48": {
    "x": 0.3579679791533117,
    "y": -0.8950980857092581,
    "z": -0.2658163705653132
  },
  "D49": {
    "x": 0.40552046970491895,
    "y": -0.06198160075274393,
    "z": -0.9119821433659923
  },
  "D50": {
    "x": -0.3551744966049222,
    "y": -0.9044320580959933,
    "z": -0.2363339358824416
  },
  "D51": {
    "x": 0.2774215425115605,
    "y": -0.7695439247038235,
    "z": 0.5751864356032248
  },
  "D52": {
    "x": 0.13159428441836163,
    "y": -0.9721309734665102,
    "z": -0.19402142854714413
  },
  "D53": {
    "x": -0.2740568257069733,
    "y": -0.9616813142658146,
    "z": -0.007868041394985974
  },
  "D54": {
    "x": -0.585944065197771,
    "y": -0.5972520289184916,
    "z": 0.5476856456145764
  },
  "D56": {
    "x": -0.5663356031766085,
    "y": -0.778017790438114,
    "z": -0.2719417259936073
  },
  "D57": {
    "x": 0.22534076248508003,
    "y": -0.9735518220368689,
    "z": 0.03766152640740671
  },
  "D58": {
    "x": -0.7174777065246205,
    "y": -0.6103685990114456,
    "z": 0.3356723312711006
  },
  "D59": {
    "x": 0.17106321328102184,
    "y": -0.9446555264617834,
    "z": 0.2799344805256799
  },
  "D60": {
    "x": -0.7085451044565326,
    "y": -0.7008201449330844,
    "z": -0.0825527674075904
  },
  "D61": {
    "x": 0.04783957114508983,
    "y": -0.8730374546519777,
    "z": 0.48530091511087203
  },
  "D62": {
    "x": -0.6362537123327147,
    "y": -0.7567783459816317,
    "z": 0.1498924567686607
  },
  "D63": {
    "x": -0.462436764264233,
    "y": -0.45209837278562826,
    "z": -0.7627314733124714
  },
  "D64": {
    "x": -0.12996802882338357,
    "y": -0.7556924810202812,
    "z": 0.6419012273030611
  },
  "D65": {
    "x": -0.0201565171478379,
    "y": -0.9997940495775157,
    "z": 0.002360772301814653
  },
  "D66": {
    "x": -0.36785393889083645,
    "y": -0.738278118539448,
    "z": 0.5653573200448985
  },
  "D67": {
    "x": -0.2046661064415993,
    "y": -0.8759470841381787,
    "z": 0.4368392045866059
  },
  "D68": {
    "x": -0.15281715918749245,
    "y": -0.9656502360444339,
    "z": 0.21015836287236747
  }
}