{
  "D2": {
    "x": 0.35500253269997384,
    "y": -0.7977541205748988,
    "z": 0.4874028773841756
  },
  "D3": {
    "x": -0.04311761747830945,
    "y": -0.6261507970484119,
    "z": 0.7785088634168738
  },
  "D4": {
    "x": 0.09905066052427278,
    "y": -0.7692312825894114,
    "z": 0.6312465449692016
  },
  "D5": {
    "x": -0.011670686371771086,
    "y": 0.5542158153416995,
    "z": 0.8322911900919936
  },
  "D7": {
    "x": -0.5213119199026333,
    "y": -0.7505477184736393,
    "z": 0.4060935907662731
  },
  "D8": {
    "x": 0.016263242391539902,
    "y": 0.9929228607934384,
    "z": 0.11764225202149262
  },
  "D9": {
    "x": 0.13595988814642693,
    "y": -0.8972324416910281,
    "z": 0.42010576572140357
  },
  "D10": {
    "x": 0.29512392746117305,
    "y": 0.5115773213820625,
    "z": 0.806963761074465
  },
  "D11": {
    "x": 0.3123738180092661,
    "y": -0.0579247368246724,
    "z": 0.948191606525868
  },
  "D12": {
    "x": -0.89805036382214,
    "y": -0.3544409071227071,
    "z": -0.26053250737087424
  },
  "D13": {
    "x": 0.4671523337267805,
    "y": 0.12439879827741739,
    "z": 0.8753819943777443
  },
  "D15": {
    "x": 0.1822356797089754,
    "y": 0.8748771980609461,
    "z": 0.4487538806005313
  },
  "D16": {
    "x": -0.9733509684858401,
    "y": 0.16700260008856924,
    "z": 0.15715604891742013
  },
  "D17": {
    "x": -0.042848307516389204,
    "y": -0.017706420546459038,
    "z": 0.9989246744446815
  },
  "D18": {
    "x": -0.1579692148059011,
    "y": -0.8385942516004244,
    "z": -0.5213496028159329
  },
  "D19": {
    "x": -0.6793116968708914,
    "y": -0.702070420662096,
    "z": 0.21361821768224168
  },
  "D20": {
    "x": -0.5843738608200673,
    "y": -0.7478232778599037,
    "z": -0.3150675100373219
  },
  "D21": {
    "x": 0.3511464067475533,
    "y": 0.8977783606014496,
    "z": 0.2658763176066188
  },
  "D22": {
    "x": 0.2542031310852566,
    "y": 0.9660663023078571,
    "z": 0.04578938404997567
  },
  "D23": {
    "x": 0.49096901844256524,
    "y": 0.7399935656230461,
    "z": 0.4597379098639078
  },
  "D26": {
    "x": 0.44726270039559807,
    "y": 0.6227901917589985,
    "z": -0.6419411607644641
  },
  "D27": {
    "x": 0.39124988269688676,
    "y": 0.7927652093252479,
    "z": -0.4673829823315871
  },
  "D28": {
    "x": 0.09132948417470732,
    "y": -0.815407011887939,
    "z": -0.5716382862303437
  },
  "D30": {
    "x": -0.71938612266737,
    "y": -0.6938276162731732,
    "z": -0.03296733853822582
  },
  "D31": {
    "x": -0.3194030604103537,
    "y": -0.749810343213627,
    "z": 0.5794533063244725
  },
  "D32": {
    "x": -0.3658506399876057,
    "y": -0.8658217763484924,
    "z": -0.3413296951942512
  },
  "D33": {
    "x": -0.10435268196615215,
    "y": -0.8565908119610314,
    "z": 0.5053342444663852
  },
  "D34": {
    "x": 0.34984400586100534,
    "y": -0.887255192014214,
    "z": -0.3006449663755326
  },
  "D35": {
    "x": -0.13341818062480523,
    "y": -0.9455267091226262,
    "z": -0.2969492067921776
  },
  "D36": {
    "x": -0.7672895565586696,
    "y": -0.5885897174204365,
    "z": -0.25461516243721743
  },
  "D37": {
    "x": 0.5183814851516241,
    "y": -0.7457249661229648,
    "z": -0.41853901939114296
  },
  "D38": {
    "x": -0.065365276652693,
    "y": -0.4135915457967606,
    "z": 0.908113106310862
  },
  "D39": {
    "x": -0.8690126817688226,
    "y": -0.49446236307965363,
    "z": -0.017998067191885944
  },
  "D40": {
    "x": 0.9453719682772274,
    "y": 0.25478555183846063,
    "z": 0.2033621502886225
  },
  "D41": {
    "x": -0.22988569213647322,
    "y": 0.969882399221297,
    "z": 0.08050279642146282
  },
  "D42": {
    "x": 0.8843011987403137,
    "y": 0.46076755275302145,
    "z": 0.07552914825705387
  },
  "D43": {
    "x": -0.3101480392671664,
    "y": -0.8777857635683656,
    "z": 0.3651032005001238
  },
  "D45": {
    "x": 0.8705277269698221,
    "y": 0.22133303643885566,
    "z": 0.4395374427253168
  },
  "D47": {
    "x": 0.9462068206486447,
    "y": -0.28593543886447526,
    "z": 0.15143836158438778
  },
  "D48": {
    "x": 0.5481384310904487,
    "y": -0.8038501522309123,
    "z": 0.23101773334538697
  },
  "D49": {
    "x": 0.988389164894661,
    "y": -0.039566380436000095,
    "z": 0.14670160277934347
  },
  "D50": {
    "x": 0.323781979025094,
    "y": -0.9108184346512486,
    "z": 0.2560761784275198
  },
  "D51": {
    "x": 0.10947962791337748,
    "y": -0.9301392230277796,
    "z": -0.3505071138468189
  },
  "D52": {
    "x": 0.7263439646410943,
    "y": -0.6326441134101278,
    "z": 0.26867428384006165
  },
  "D53": {
    "x": -0.5286798577139542,
    "y": -0.843912767198658,
    "z": -0.09115289028142144
  },
  "D54": {
    "x": 0.1976438094973571,
    "y": -0.9729576184024591,
    "z": -0.11954245003339715
  },
  "D55": {
    "x": -0.4906368891177884,
    "y": -0.8566516223000392,
    "z": 0.1594472986523446
  },
  "D56": {
    "x": -0.0613975103740068,
    "y": -0.9971778239583297,
    "z": -0.043205707095293006
  },
  "D57": {
    "x": -0.30214741725370015,
    "y": -0.9464730870304304,
    "z": -0.11355894405112114
  },
  "D58": {
    "x": 0.1274661970798748,
    "y": -0.9845462777248182,
    "z": 0.12008744988632065
  },
  "D59": {
    "x": 0.6792415938951365,
    "y": -0.7332910246951582,
    "z": 0.030251119389528496
  },
  "D60": {
    "x": -0.26293826407517107,
    "y": -0.9556567814716158,
    "z": 0.1326031120013705
  },
  "D61": {
    "x": -0.06201263635725497,
    "y": -0.9577554367558491,
    "z": 0.28081836887325534
  }
}