{
  "D2": {
    "x": 0.15313531692136595,
    "y": 0.9744583461163601,
    "z": -0.16425743939183113
  },
  "D3": {
    "x": -0.04621742526341029,
    "y": -0.9989310877907156,
    "z": 0.0007946365702893398
  },
  "D4": {
    "x": -0.14352348849868962,
    "y": -0.9576535254325899,
    "z": 0.24960114878681636
  },
  "D5": {
    "x": -0.10325298585530918,
    "y": -0.817406853265664,
    "z": 0.5667317329621562
  },
  "D6": {
    "x": -0.13680907838649806,
    "y": -0.9781963803871677,
    "z": -0.1562533758626686
  },
  "D7": {
    "x": -0.2185769031705101,
    "y": -0.5524319256129402,
    "z": -0.8043898961100696
  },
  "D8": {
    "x": 0.21122321988975837,
    "y": -0.18073626287864775,
    "z": 0.9605827161989033
  },
  "D9": {
    "x": -0.19514272733779325,
    "y": -0.6481963936624731,
    "z": -0.7360439872793825
  },
  "D10": {
    "x": 0.043630172478041684,
    "y": 0.9979192839306122,
    "z": -0.0474711576533664
  },
  "D11": {
    "x": 0.10719561317917956,
    "y": 0.9553939378044268,
    "z": 0.27519361206556214
  },
  "D15": {
    "x": -0.08690725549405003,
    "y": 0.543172538775195,
    "z": -0.835111203411259
  },
  "D16": {
    "x": 0.033674062679734725,
    "y": 0.9852533329675688,
    "z": -0.16775555841443338
  },
  "D17": {
    "x": -0.2824529329039036,
    "y": -0.6907108184234488,
    "z": -0.6656867927237197
  },
  "D18": {
    "x": -0.15894070833358243,
    "y": -0.9865393714726949,
    "z": -0.038443722097104435
  },
  "D19": {
    "x": -0.13940701963348223,
    "y": -0.9018093084846371,
    "z": -0.4090301382629043
  },
  "D20": {
    "x": -0.235900781158375,
    "y": -0.9473310532445328,
    "z": -0.2165980078566579
  },
  "D21": {
    "x": 0.056198875286206255,
    "y": 0.983780641289777,
    "z": 0.1703447570077826
  },
  "D22": {
    "x": 0.09927034295548233,
    "y": 0.9933246710457886,
    "z": 0.05874944171034418
  },
  "D23": {
    "x": -0.06579955730860194,
    "y": -0.90629137848389,
    "z": 0.4175001263996967
  },
  "D26": {
    "x": 0.29252453953771296,
    "y": 0.9351717568378949,
    "z": -0.19970773390375823
  },
  "D27": {
    "x": 0.24838354387497294,
    "y": 0.964284866575409,
    "z": -0.09197995012911948
  },
  "D28": {
    "x": 0.44637906243644443,
    "y": -0.8740771389013613,
    "z": 0.19166347557208477
  },
  "D30": {
    "x": 0.052626468868779676,
    "y": -0.7999172265919304,
    "z": -0.5977983651498868
  },
  "D31": {
    "x": -0.2512187931178373,
    "y": -0.8561919518648348,
    "z": -0.4514692232548102
  },
  "D32": {
    "x": -0.028010578275587426,
    "y": -0.8662677295865039,
    "z": -0.4987941741657683
  },
  "D34": {
    "x": -0.02120185845200598,
    "y": -0.9198425477879991,
    "z": -0.3917143965659977
  },
  "D35": {
    "x": -0.06699936320936413,
    "y": -0.8026784011111897,
    "z": -0.5926368784670119
  },
  "D36": {
    "x": -0.06973977526116487,
    "y": 0.9438664012257564,
    "z": 0.32288168170966525
  },
  "D37": {
    "x": -0.2589173704972201,
    "y": -0.9607511602448263,
    "z": -0.09959419331981903
  },
  "D38": {
    "x": 0.5065175946898918,
    "y": -0.37006753160391653,
    "z": 0.7787746454027318
  },
  "D40": {
    "x": 0.6005853159699391,
    "y": 0.7991619777884397,
    "z": 0.02524700969536261
  },
  "D41": {
    "x": 0.8889458091410122,
    "y": -0.38841911042193855,
    "z": 0.2427054656773535
  },
  "D42": {
    "x": 0.5154324070111437,
    "y": 0.8561207429941156,
    "z": -0.03723851793375329
  },
  "D43": {
    "x": 0.6963252762636255,
    "y": -0.6254304053595917,
    "z": -0.3520907804645305
  },
  "D45": {
    "x": 0.708588964243831,
    "y": 0.0021770086561853576,
    "z": 0.7056181264573395
  },
  "D47": {
    "x": 0.9628584003472962,
    "y": -0.2591604262986848,
    "z": 0.07575997836146615
  },
  "D48": {
    "x": -0.10025584773601162,
    "y": -0.5670942708139717,
    "z": -0.8175285028699019
  },
  "D49": {
    "x": 0.9728531980346754,
    "y": -0.12672824416667194,
    "z": 0.19364040695096943
  },
  "D50": {
    "x": 0.16843972465354057,
    "y": -0.8060460464633851,
    "z": -0.5673780310686922
  },
  "D51": {
    "x": -0.15656693404270094,
    "y": -0.8382959476166373,
    "z": -0.5222515671340704
  },
  "D52": {
    "x": 0.1442208789663192,
    "y": -0.9764693731551793,
    "z": 0.16033683719006536
  },
  "D53": {
    "x": 0.03907438457968087,
    "y": -0.6373717890091083,
    "z": -0.7695650687531548
  },
  "D54": {
    "x": -0.31776607152493874,
    "y": -0.7892063065402448,
    "z": -0.5255265259762941
  },
  "D55": {
    "x": -0.07642918561062197,
    "y": -0.6606823155956895,
    "z": -0.7467646600141272
  },
  "D56": {
    "x": -0.22323466338754283,
    "y": -0.7705414198620784,
    "z": -0.5970194346411032
  },
  "D57": {
    "x": -0.015018997050903413,
    "y": -0.7359079171869981,
    "z": -0.6769150368761793
  },
  "D58": {
    "x": -0.1364254302987298,
    "y": -0.7302682968808358,
    "z": -0.6693999675370249
  },
  "D59": {
    "x": 0.9031883899344217,
    "y": -0.24705388607616213,
    "z": -0.3510200986586572
  },
  "D60": {
    "x": 0.10254002074190746,
    "y": -0.7169232563955907,
    "z": -0.6895698576543142
  },
  "D61": {
    "x": -0.3260592529172391,
    "y": -0.5701176437544423,
    "z": -0.7540896736243871
  }
}