{
  "D2": {
    "x": -0.6950990700543493,
    "y": 0.7102614959729157,
    "z": 0.111202024027869
  },
  "D3": {
    "x": -0.3417664325317026,
    "y": 0.5462969378525304,
    "z": 0.7646929849864597
  },
  "D4": {
    "x": -0.8006565495278967,
    "y": -0.5009307384061976,
    "z": -0.32866013603402594
  },
  "D5": {
    "x": -0.9219004611589192,
    "y": -0.37469861452897724,
    "z": -0.09849105535548423
  },
  "D6": {
    "x": -0.7849125083334025,
    "y": 0.46689011461464874,
    "z": -0.40734012217910304
  },
  "D7": {
    "x": 0.32674353544988516,
    "y": -0.9005275125737191,
    "z": 0.2868603512852546
  },
  "D8": {
    "x": -0.5215733877572865,
    "y": 0.8528234511760381,
    "z": -0.025560952790914793
  },
  "D9": {
    "x": -0.024028678812502518,
    "y": -0.842745117016325,
    "z": 0.5377762456074704
  },
  "D10": {
    "x": -0.499438005308606,
    "y": 0.8371672194227509,
    "z": 0.2229635072771794
  },
  "D11": {
    "x": -0.9621899501770126,
    "y": 0.22744930702352806,
    "z": 0.14985764082246555
  },
  "D12": {
    "x": -0.9112962741603505,
    "y": 0.3390871957677395,
    "z": -0.23357862566560764
  },
  "D13": {
    "x": -0.37710774794506247,
    "y": -0.15613329931504755,
    "z": 0.9129140919521405
  },
  "D14": {
    "x": 0.08224837367110586,
    "y": -0.9472862147595097,
    "z": 0.3096514691634104
  },
  "D15": {
    "x": -0.36776224335136026,
    "y": 0.7820887976098748,
    "z": 0.5030785674408275
  },
  "D16": {
    "x": 0.182376733859499,
    "y": 0.9573871450447673,
    "z": 0.2239387895157321
  },
  "D18": {
    "x": -0.625939334625917,
    "y": -0.771397229026259,
    "z": -0.11465716034628495
  },
  "D19": {
    "x": -0.5744465278765261,
    "y": -0.7366992378967634,
    "z": -0.3567708220874168
  },
  "D20": {
    "x": -0.7996635741478293,
    "y": -0.5926967856530093,
    "z": -0.09617010168295519
  },
  "D21": {
    "x": -0.089568780032404,
    "y": 0.9873708633926113,
    "z": 0.13067598006839673
  },
  "D22": {
    "x": 0.14107628437041747,
    "y": 0.9897867238205016,
    "z": -0.020487150531862657
  },
  "D23": {
    "x": -0.7835943798942394,
    "y": -0.3405248800971176,
    "z": -0.5196370404744123
  },
  "D24": {
    "x": -0.6309973662241422,
    "y": -0.5660580969252101,
    "z": -0.5304908620547628
  },
  "D25": {
    "x": -0.11800501035498996,
    "y": -0.8322998313895738,
    "z": -0.541619615782152
  },
  "D26": {
    "x": -0.2941241661100405,
    "y": 0.9546941996805032,
    "z": -0.045276484033954185
  },
  "D27": {
    "x": -0.07075303706056016,
    "y": 0.9856601594556911,
    "z": -0.15319287779948784
  },
  "D28": {
    "x": -0.9912138446714168,
    "y": 0.11218131764322181,
    "z": -0.0700747180054173
  },
  "D30": {
    "x": -0.6338536225010174,
    "y": -0.7324134075856695,
    "z": 0.24859643125170938
  },
  "D31": {
    "x": -0.49911917249001664,
    "y": -0.8628015483014595,
    "z": 0.08033392746209617
  },
  "D32": {
    "x": -0.4220534548189132,
    "y": -0.882597074118186,
    "z": -0.207106943469881
  },
  "D34": {
    "x": -0.7530735608707688,
    "y": -0.5274538265638941,
    "z": 0.39328446798790073
  },
  "D36": {
    "x": -0.9495704583794412,
    "y": 0.0522144597341494,
    "z": -0.30917566975382904
  },
  "D37": {
    "x": 0.15623338846878773,
    "y": -0.959558015411994,
    "z": -0.23417844347026598
  },
  "D38": {
    "x": -0.9212465795607608,
    "y": 0.056679983645831315,
    "z": 0.38482738871019445
  },
  "D40": {
    "x": -0.7219385159000499,
    "y": 0.4643546695069546,
    "z": 0.513010253471722
  },
  "D41": {
    "x": -0.8681733223408002,
    "y": 0.36495615439491363,
    "z": 0.33627680227011303
  },
  "D42": {
    "x": -0.5333739361014277,
    "y": 0.6127754412705557,
    "z": 0.5831110553431016
  },
  "D43": {
    "x": -0.4742699013481737,
    "y": -0.4073201957448001,
    "z": 0.7804859504267913
  },
  "D45": {
    "x": -0.8024676867136784,
    "y": 0.23063985277913007,
    "z": 0.5503188803688449
  },
  "D47": {
    "x": -0.5386210866542029,
    "y": 0.02113538830363143,
    "z": 0.8422829811724207
  },
  "D48": {
    "x": -0.20572097695549216,
    "y": -0.9228057783832424,
    "z": -0.32574280502104114
  },
  "D49": {
    "x": -0.4380112774862428,
    "y": 0.2489820337305283,
    "z": 0.863802099832062
  },
  "D50": {
    "x": -0.36454376197841276,
    "y": -0.6270996285926599,
    "z": 0.6883704681503808
  },
  "D51": {
    "x": -0.5182751607442894,
    "y": -0.7112178060924649,
    "z": 0.47493166882458154
  },
  "D52": {
    "x": -0.6121036703573122,
    "y": -0.5158032837328154,
    "z": 0.5993964207647154
  },
  "D53": {
    "x": 0.15778979502140766,
    "y": -0.9867902301534208,
    "z": 0.03670725079410018
  },
  "D54": {
    "x": -0.4030484345310686,
    "y": -0.8606993718485307,
    "z": 0.31104429061083805
  },
  "D55": {
    "x": -0.06808990980214674,
    "y": -0.9894367448914396,
    "z": -0.12797926410855626
  },
  "D56": {
    "x": -0.28874255567325274,
    "y": -0.8005614722422106,
    "z": 0.5250991008416054
  },
  "D57": {
    "x": -0.2867186595255486,
    "y": -0.9579529167975065,
    "z": -0.010891256999175692
  },
  "D58": {
    "x": -0.16377030362727996,
    "y": -0.9234996792169984,
    "z": 0.34688273254218016
  },
  "D59": {
    "x": -0.6160731671061592,
    "y": -0.20232823116432336,
    "z": 0.761260231225632
  },
  "D60": {
    "x": -0.07724115828372988,
    "y": -0.9895399791861177,
    "z": 0.12183773249419036
  },
  "D61": {
    "x": -0.8033948299820816,
    "y": -0.5754110070623675,
    "z": 0.15316305073200326
  }
}