{
  "D2": {
    "x": -0.3643535245157253,
    "y": 0.045705104158874556,
    "z": 0.9301384588472811
  },
  "D3": {
    "x": -0.20137307282729233,
    "y": -0.6415510106992536,
    "z": 0.7401764561311445
  },
  "D4": {
    "x": -0.007791537221103033,
    "y": -0.4307306194768871,
    "z": 0.9024469100134308
  },
  "D5": {
    "x": -0.17005647218447198,
    "y": -0.2476171467392541,
    "z": 0.9538168298519808
  },
  "D6": {
    "x": -0.309844971037933,
    "y": -0.4408472456884266,
    "z": 0.8424071461540615
  },
  "D7": {
    "x": -0.3939060469121981,
    "y": -0.8008216093523294,
    "z": -0.45113498667289176
  },
  "D8": {
    "x": 0.04994585723449494,
    "y": 0.250896811782632,
    "z": 0.9667244701477367
  },
  "D9": {
    "x": -0.21270235273968463,
    "y": -0.9206330023038068,
    "z": -0.3274027858893104
  },
  "D10": {
    "x": -0.34182143519501673,
    "y": 0.4184464178357766,
    "z": 0.8414634287012275
  },
  "D11": {
    "x": -0.07021261272864901,
    "y": 0.03376269737261186,
    "z": 0.9969605154066746
  },
  "D15": {
    "x": -0.47628526212989114,
    "y": 0.7395161771089654,
    "z": 0.47567654227636863
  },
  "D16": {
    "x": -0.08341262533081506,
    "y": 0.4479983674445137,
    "z": 0.890134707054203
  },
  "D17": {
    "x": -0.14322088465555535,
    "y": 0.646029322963975,
    "z": 0.749755888319117
  },
  "D18": {
    "x": 0.04672961879850079,
    "y": -0.6358746393771543,
    "z": 0.7703763922420787
  },
  "D19": {
    "x": -0.35040833193538906,
    "y": -0.7447100951379192,
    "z": 0.5679972492098263
  },
  "D20": {
    "x": 0.08129615803215037,
    "y": -0.8041892759443222,
    "z": 0.5887873496818342
  },
  "D21": {
    "x": -0.03403958072120582,
    "y": 0.8900724805517065,
    "z": 0.45454624221178713
  },
  "D22": {
    "x": -0.14742621323590863,
    "y": 0.9735905852624813,
    "z": 0.17431834079975525
  },
  "D23": {
    "x": 0.2950428608672803,
    "y": 0.26225656530333863,
    "z": 0.9187878994667631
  },
  "D26": {
    "x": 0.15338292269839165,
    "y": 0.9423010885814848,
    "z": 0.2975606450501279
  },
  "D27": {
    "x": 0.07710266386974099,
    "y": 0.9948784120319607,
    "z": 0.06536149093276664
  },
  "D28": {
    "x": 0.23799005548309826,
    "y": -0.38643949185050575,
    "z": 0.8910809461712638
  },
  "D30": {
    "x": -0.7368948715582883,
    "y": -0.5992014693882152,
    "z": 0.3129593381800541
  },
  "D31": {
    "x": 0.01207045741287732,
    "y": -0.9728278612171707,
    "z": -0.2312147410903318
  },
  "D32": {
    "x": -0.7820520536213627,
    "y": -0.6195016571226638,
    "z": 0.0679137854112314
  },
  "D34": {
    "x": -0.5361279856432056,
    "y": -0.5828658752008389,
    "z": 0.6106014694844082
  },
  "D35": {
    "x": -0.12724475891899573,
    "y": -0.87362310733132,
    "z": 0.46967162748500746
  },
  "D36": {
    "x": -0.20602379231379175,
    "y": 0.23824497413276186,
    "z": 0.9491014325672064
  },
  "D37": {
    "x": 0.44276924217349084,
    "y": -0.8410453000157864,
    "z": -0.31080251206589116
  },
  "D38": {
    "x": 0.7653886687460756,
    "y": -0.2203931879986185,
    "z": 0.6046544702877137
  },
  "D39": {
    "x": 0.18114316438796813,
    "y": 0.03869008176793616,
    "z": 0.9826953910384967
  },
  "D40": {
    "x": 0.9042279230391681,
    "y": 0.4136046844345453,
    "z": -0.10631570067526543
  },
  "D41": {
    "x": -0.14147317130779985,
    "y": 0.9870773944328836,
    "z": -0.07525662229799925
  },
  "D42": {
    "x": 0.8678906659234784,
    "y": 0.35568008171241616,
    "z": -0.34678159045132445
  },
  "D43": {
    "x": 0.9178774712252791,
    "y": -0.3622594651444585,
    "z": 0.16207722767353192
  },
  "D45": {
    "x": 0.6437108649365697,
    "y": 0.16574603922542974,
    "z": 0.7471041244991863
  },
  "D47": {
    "x": 0.9867400525639358,
    "y": -0.019162733814776192,
    "z": 0.16117337962227257
  },
  "D48": {
    "x": -0.6279038491391867,
    "y": -0.7086593364308273,
    "z": -0.32177430153076725
  },
  "D49": {
    "x": 0.9669095431670686,
    "y": 0.22625754452984922,
    "z": 0.11787051741540062
  },
  "D50": {
    "x": 0.10374085062347284,
    "y": -0.9628349672795684,
    "z": 0.24937253596912168
  },
  "D51": {
    "x": -0.5470121308202287,
    "y": -0.730376756583367,
    "z": 0.4090568691249104
  },
  "D52": {
    "x": 0.5250124753563428,
    "y": -0.5024447430582557,
    "z": 0.6869579178474683
  },
  "D53": {
    "x": -0.45692795936546093,
    "y": -0.8625781855758308,
    "z": -0.21719970929728122
  },
  "D54": {
    "x": -0.14584638383319082,
    "y": -0.9609396049912148,
    "z": 0.23521034816119257
  },
  "D55": {
    "x": -0.6401111072499901,
    "y": -0.7642771842520435,
    "z": -0.07834638477274737
  },
  "D56": {
    "x": -0.3474215545301174,
    "y": -0.869402490041162,
    "z": 0.3513368380316869
  },
  "D57": {
    "x": -0.6121446816747677,
    "y": -0.7721456292503583,
    "z": 0.17049931356713893
  },
  "D58": {
    "x": -0.2668138109738554,
    "y": -0.9598580902806797,
    "z": -0.08650339181982669
  },
  "D59": {
    "x": 0.8229090077608253,
    "y": -0.4159876256842458,
    "z": 0.38700782966715025
  },
  "D60": {
    "x": -0.04033368292460144,
    "y": -0.9991164756182676,
    "z": 0.01180941022530549
  },
  "D61": {
    "x": -0.4090806046300452,
    "y": -0.905625315625132,
    "z": 0.11178482282669908
  }
}