{
  "D2": {
    "x": -0.936252958306773,
    "y": -0.29591352031778284,
    "z": -0.18938211783310777
  },
  "D4": {
    "x": -0.11525559192741151,
    "y": -0.8615191587661747,
    "z": 0.4944703101383182
  },
  "D5": {
    "x": -0.789606783744474,
    "y": -0.5365199220483232,
    "z": 0.2977708855982537
  },
  "D7": {
    "x": -0.3937687319850879,
    "y": 0.05566002752781123,
    "z": -0.9175228318938223
  },
  "D8": {
    "x": -0.608778936655365,
    "y": 0.7932184615232909,
    "z": 0.013880871132131418
  },
  "D9": {
    "x": -0.33618496083107297,
    "y": -0.6222986258952917,
    "z": -0.7069116580732288
  },
  "D10": {
    "x": -0.8791243891659554,
    "y": -0.4758404216084881,
    "z": -0.02676194195200436
  },
  "D11": {
    "x": -0.9169328601166712,
    "y": -0.3533722716613652,
    "z": 0.18537035269736965
  },
  "D12": {
    "x": 0.12991377788445022,
    "y": -0.9637833146499076,
    "z": -0.2329036983781647
  },
  "D13": {
    "x": -0.9902034934344349,
    "y": -0.015266273056119283,
    "z": 0.13879474953043783
  },
  "D15": {
    "x": -0.8145680164664858,
    "y": -0.05291714796131693,
    "z": -0.5776493071072576
  },
  "D16": {
    "x": 0.19985100682587503,
    "y": -0.9564548534702069,
    "z": 0.21272914314679345
  },
  "D17": {
    "x": -0.2281198396507797,
    "y": -0.2055856894880429,
    "z": -0.9516805467358408
  },
  "D18": {
    "x": -0.35041742327813935,
    "y": -0.9291858001609926,
    "z": -0.1175643578738261
  },
  "D19": {
    "x": -0.04324005970374931,
    "y": -0.9620001983158138,
    "z": 0.2696032560581393
  },
  "D20": {
    "x": 0.05482740984568315,
    "y": -0.9984378477623936,
    "z": 0.01076193687087158
  },
  "D21": {
    "x": -0.4686418216041459,
    "y": 0.8579333386158644,
    "z": 0.21053557783658455
  },
  "D22": {
    "x": -0.25683498562310925,
    "y": 0.9609747584466689,
    "z": 0.10277793434557689
  },
  "D23": {
    "x": -0.5816653626054804,
    "y": -0.7662466201705974,
    "z": 0.27300462088062094
  },
  "D26": {
    "x": -0.2803430074735213,
    "y": 0.7685934620065755,
    "z": -0.5750407710079765
  },
  "D27": {
    "x": -0.1772274776322411,
    "y": 0.9030642451588633,
    "z": -0.3912357221519605
  },
  "D28": {
    "x": -0.28185164537490653,
    "y": -0.9060136890338328,
    "z": 0.3157512395585536
  },
  "D30": {
    "x": -0.1955007208497822,
    "y": -0.978053768764344,
    "z": 0.07204369197284703
  },
  "D31": {
    "x": -0.042246804344422635,
    "y": -0.4089697854722127,
    "z": -0.911569482866499
  },
  "D32": {
    "x": -0.11235514466997298,
    "y": -0.9783185973115602,
    "z": -0.17398000925546206
  },
  "D33": {
    "x": 0.31135320432233715,
    "y": -0.7049734776730122,
    "z": -0.6372374580451403
  },
  "D34": {
    "x": -0.7334965430042822,
    "y": -0.6728447220552106,
    "z": 0.09624344862489818
  },
  "D35": {
    "x": -0.7485087896461902,
    "y": -0.6456384883044427,
    "z": -0.15127965574507818
  },
  "D36": {
    "x": 0.011639550528408859,
    "y": -0.7403860244732972,
    "z": 0.6720811376821425
  },
  "D37": {
    "x": -0.4258624092030263,
    "y": -0.7728850025350271,
    "z": 0.47041469076148656
  },
  "D38": {
    "x": 0.1453361944598563,
    "y": -0.5705435487990498,
    "z": -0.8083052947393782
  },
  "D40": {
    "x": -0.6604537135252451,
    "y": 0.4708256932111081,
    "z": 0.5849137191953984
  },
  "D41": {
    "x": 0.13950491028104453,
    "y": 0.15732556420070884,
    "z": 0.9776436195549002
  },
  "D42": {
    "x": -0.64874915578886,
    "y": 0.6441803167426765,
    "z": 0.40516200757789034
  },
  "D43": {
    "x": 0.21297926432344358,
    "y": -0.8593937197628176,
    "z": -0.4648464987503642
  },
  "D45": {
    "x": -0.19675434416778995,
    "y": 0.29052561750256173,
    "z": 0.9364200946294661
  },
  "D47": {
    "x": -0.9240396108429606,
    "y": -0.1628945201755175,
    "z": 0.3458557110848075
  },
  "D48": {
    "x": -0.8716423026418579,
    "y": -0.24406029450265457,
    "z": -0.42505795945079883
  },
  "D49": {
    "x": -0.9126578385594475,
    "y": 0.08043699275255864,
    "z": 0.40073128142549885
  },
  "D50": {
    "x": -0.5871392890482531,
    "y": -0.8076414779237269,
    "z": -0.05461408603181041
  },
  "D51": {
    "x": -0.46222753563851154,
    "y": -0.17891096014404165,
    "z": -0.8685255169756877
  },
  "D52": {
    "x": -0.8193389003204301,
    "y": -0.4709067431387751,
    "z": -0.3270024551714255
  },
  "D53": {
    "x": -0.6559043010388631,
    "y": -0.6515107757693132,
    "z": -0.38121287614033755
  },
  "D54": {
    "x": -0.17008536165326457,
    "y": -0.7910435799945236,
    "z": -0.5876402167148926
  },
  "D56": {
    "x": -0.42958854228611526,
    "y": -0.8954594264726807,
    "z": 0.11664518797493681
  },
  "D57": {
    "x": -0.6746635277802623,
    "y": -0.21522227469583838,
    "z": -0.7060513414461023
  },
  "D58": {
    "x": -0.49713218381073787,
    "y": -0.8190521428533433,
    "z": -0.28637943205983507
  },
  "D59": {
    "x": -0.5131083051516051,
    "y": -0.39732465641490783,
    "z": -0.7608238853961033
  },
  "D60": {
    "x": -0.027839242419836915,
    "y": -0.90777145370646,
    "z": -0.418540278130015
  },
  "D61": {
    "x": -0.2850294559423258,
    "y": -0.4296398044551252,
    "z": -0.856835951435853
  },
  "D62": {
    "x": -0.26845495281732523,
    "y": -0.896814637377702,
    "z": -0.35164676095898983
  },
  "D63": {
    "x": -0.7453404996832583,
    "y": -0.3531240600388358,
    "z": 0.5654829243696042
  },
  "D64": {
    "x": -0.09907501197667576,
    "y": -0.6151554162365042,
    "z": -0.7821559664649469
  },
  "D65": {
    "x": -0.7289067032520705,
    "y": -0.40538079645763686,
    "z": -0.5516896118448944
  },
  "D66": {
    "x": 0.06693069515851693,
    "y": -0.7523562731233646,
    "z": -0.6553474806066769
  },
  "D67": {
    "x": -0.555427122892511,
    "y": -0.5794641356211954,
    "z": -0.5964243679496407
  },
  "D68": {
    "x": -0.40476164591861447,
    "y": -0.759000127572397,
    "z": -0.5099870746777206
  }
}