{
  "D2": {
    "x": 0.45824932601045903,
    "y": 0.058688822014065965,
    "z": -0.8868839706419106
  },
  "D4": {
    "x": 0.7381191143481023,
    "y": -0.1680131437150943,
    "z": -0.6534154548011121
  },
  "D5": {
    "x": 0.28412467195891583,
    "y": 0.23216064159331495,
    "z": -0.9302551302084922
  },
  "D7": {
    "x": -0.3286514196049474,
    "y": -0.3236989076880803,
    "z": -0.8872470127045774
  },
  "D8": {
    "x": -0.021200575600679346,
    "y": 0.9950908500160336,
    "z": -0.09666817371073029
  },
  "D9": {
    "x": 0.22279035013035817,
    "y": -0.7044965431171476,
    "z": -0.6738316411573304
  },
  "D10": {
    "x": 0.5506036681302516,
    "y": -0.16258217881845186,
    "z": -0.8187811891904678
  },
  "D11": {
    "x": 0.31301374783217323,
    "y": -0.13754584934875164,
    "z": -0.9397358847011149
  },
  "D12": {
    "x": 0.10422711831138222,
    "y": -0.9932256555825857,
    "z": 0.05137611216361259
  },
  "D13": {
    "x": 0.6643850373348009,
    "y": 0.051441808162906534,
    "z": -0.7456180406471976
  },
  "D15": {
    "x": 0.3480232237419295,
    "y": 0.6396391084647995,
    "z": -0.6853770105997364
  },
  "D16": {
    "x": 0.8341360596277322,
    "y": 0.03822764268293269,
    "z": -0.5502323885083704
  },
  "D17": {
    "x": -0.4985835202667247,
    "y": -0.4408520345362285,
    "z": -0.7463671730212339
  },
  "D18": {
    "x": 0.9346445658637546,
    "y": -0.07007028088764762,
    "z": -0.348611088804817
  },
  "D19": {
    "x": 0.6551081570546979,
    "y": -0.7488119996577526,
    "z": 0.10056784639712171
  },
  "D20": {
    "x": 0.4277431179139218,
    "y": -0.8978576075940656,
    "z": 0.1043433829370005
  },
  "D21": {
    "x": 0.19008078935985528,
    "y": 0.9810994521781289,
    "z": 0.03623752822848239
  },
  "D22": {
    "x": -0.08100656374536788,
    "y": 0.9836386548570795,
    "z": 0.16091281273137628
  },
  "D23": {
    "x": 0.893186136938008,
    "y": -0.3149329222979961,
    "z": -0.3209918678636617
  },
  "D24": {
    "x": 0.19432227734554963,
    "y": -0.8707890146950193,
    "z": 0.4516252256171223
  },
  "D25": {
    "x": 0.38872937035327393,
    "y": -0.3578612545636309,
    "z": -0.8490140158483198
  },
  "D26": {
    "x": 0.7286191677324471,
    "y": 0.48738278924676837,
    "z": -0.48121941477762137
  },
  "D27": {
    "x": 0.5615518875494577,
    "y": 0.6793305822618745,
    "z": -0.4724081260873735
  },
  "D28": {
    "x": 0.7331146383729504,
    "y": -0.6689198729348055,
    "z": -0.1228378223357191
  },
  "D29": {
    "x": 0.9740167153516853,
    "y": -0.19229799656037472,
    "z": -0.11963661117893766
  },
  "D30": {
    "x": 0.7738771750212998,
    "y": -0.539252643255245,
    "z": -0.33214560771337026
  },
  "D31": {
    "x": -0.2705036346058682,
    "y": -0.5520469342201472,
    "z": -0.7887153897846493
  },
  "D32": {
    "x": 0.5948867796457964,
    "y": -0.38118245114117766,
    "z": -0.707679064509229
  },
  "D33": {
    "x": -0.28477451252673386,
    "y": -0.9257980779669621,
    "z": -0.24859886533900283
  },
  "D34": {
    "x": 0.5438546232533112,
    "y": -0.8317387435378992,
    "z": -0.11150251685049738
  },
  "D35": {
    "x": 0.6028754261135637,
    "y": -0.721268938109388,
    "z": -0.34104594926042553
  },
  "D36": {
    "x": 0.879154442699054,
    "y": -0.4613741162049869,
    "z": -0.11925347281560872
  },
  "D37": {
    "x": -0.17812916689439406,
    "y": -0.893285882535558,
    "z": 0.4126867237556576
  },
  "D38": {
    "x": -0.4239080673119009,
    "y": -0.8040511797251925,
    "z": -0.41689765032968845
  },
  "D39": {
    "x": 0.5509090125159207,
    "y": 0.2694452072340939,
    "z": -0.7898724835233274
  },
  "D40": {
    "x": 0.37023741425364565,
    "y": 0.5474576572236325,
    "z": 0.7504760959777376
  },
  "D41": {
    "x": 0.9578595835520809,
    "y": 0.23514431417993817,
    "z": 0.1649611157402883
  },
  "D42": {
    "x": 0.128281760786618,
    "y": 0.5814491471347805,
    "z": 0.8034056753258104
  },
  "D43": {
    "x": 0.07671717562054774,
    "y": -0.0631792034851443,
    "z": -0.9950491762781318
  },
  "D45": {
    "x": 0.5625286037781958,
    "y": 0.48722391826216993,
    "z": -0.6679628907391576
  },
  "D47": {
    "x": 0.3679124864362019,
    "y": 0.0009970064220475572,
    "z": 0.9298598863820968
  },
  "D48": {
    "x": -0.09907162700889788,
    "y": -0.99062759224064,
    "z": -0.09403077269342257
  },
  "D49": {
    "x": 0.24488059721693975,
    "y": 0.2619951229438779,
    "z": 0.9334838234593554
  },
  "D50": {
    "x": 0.09525939154967182,
    "y": -0.9638100144634437,
    "z": -0.24898976754389485
  },
  "D51": {
    "x": -0.14634066781877123,
    "y": -0.1759492255023302,
    "z": -0.9734609796943512
  },
  "D52": {
    "x": 0.12570182639051075,
    "y": -0.3028403580669868,
    "z": -0.94471517843631
  },
  "D53": {
    "x": 0.7630673305768488,
    "y": -0.3791770490739394,
    "z": -0.5234052105796249
  },
  "D54": {
    "x": 0.29659968148340987,
    "y": -0.9495596491195034,
    "z": -0.10180914353821703
  },
  "D56": {
    "x": 0.423813430253863,
    "y": -0.562723137418472,
    "z": -0.7097357585400115
  },
  "D57": {
    "x": 0.19542245250728493,
    "y": -0.5157263776504247,
    "z": -0.8341680696667846
  },
  "D58": {
    "x": -0.09152469427112558,
    "y": -0.9094526817360746,
    "z": -0.405609479698933
  },
  "D59": {
    "x": -0.4704716773036249,
    "y": -0.6438433957193449,
    "z": -0.6034252916838149
  },
  "D60": {
    "x": 0.6106762862827851,
    "y": -0.5754657710833829,
    "z": -0.543979429467028
  },
  "D61": {
    "x": -0.24176165541310737,
    "y": -0.7404747042139934,
    "z": -0.6270952992896
  },
  "D62": {
    "x": 0.0010072307813299736,
    "y": -0.7946453708487276,
    "z": -0.6070730763877127
  },
  "D63": {
    "x": 0.9670210988518949,
    "y": -0.21983932315494284,
    "z": 0.1286112995426539
  },
  "D64": {
    "x": -0.09568400568553924,
    "y": -0.41222061561052714,
    "z": -0.906045658408917
  },
  "D65": {
    "x": 0.3983897262554659,
    "y": -0.8624122744461225,
    "z": -0.3122990472267898
  },
  "D66": {
    "x": -0.02769811029966407,
    "y": -0.6197184607843551,
    "z": -0.7843352880298688
  },
  "D67": {
    "x": 0.19572964315417013,
    "y": -0.8657035100611016,
    "z": -0.4607030925212348
  },
  "D68": {
    "x": 0.4217901098653189,
    "y": -0.7376229027851076,
    "z": -0.5272623222900287
  }
}