{
  "D2": {
    "x": 0.8274869236868052,
    "y": -0.5614161176842718,
    "z": 0.00879397132515285
  },
  "D3": {
    "x": 0.7227456518815225,
    "y": 0.6186718034387934,
    "z": 0.30803233972449107
  },
  "D4": {
    "x": 0.3950480351624258,
    "y": -0.9167739885025489,
    "z": -0.05884304478385807
  },
  "D5": {
    "x": 0.513975645768815,
    "y": -0.7143742064893173,
    "z": 0.4748668536119233
  },
  "D7": {
    "x": 0.7518263785280342,
    "y": -0.6243998181880187,
    "z": -0.21185363720311773
  },
  "D8": {
    "x": 0.08889478574215723,
    "y": 0.9925540191718392,
    "z": 0.08327206070276108
  },
  "D9": {
    "x": 0.38423535375739926,
    "y": -0.8234669497864505,
    "z": 0.4174510456716161
  },
  "D10": {
    "x": 0.868598284340972,
    "y": -0.473768392091829,
    "z": 0.14519136026170068
  },
  "D11": {
    "x": 0.4271210628826278,
    "y": -0.8834090455888811,
    "z": -0.19275906156068717
  },
  "D15": {
    "x": 0.35717781915583097,
    "y": 0.9274785432701287,
    "z": -0.11048781505941925
  },
  "D16": {
    "x": 0.28472624049006723,
    "y": -0.9584652452100291,
    "z": 0.01659342342228741
  },
  "D17": {
    "x": 0.8497078202921902,
    "y": 0.19730912260945138,
    "z": 0.488943483717069
  },
  "D18": {
    "x": 0.6738313831584832,
    "y": -0.5649614750578654,
    "z": 0.4762035266261334
  },
  "D19": {
    "x": 0.9437617325084171,
    "y": 0.31387529282546367,
    "z": 0.10390424825983031
  },
  "D20": {
    "x": 0.652663663330086,
    "y": -0.7128310864118838,
    "z": -0.25671381889841016
  },
  "D21": {
    "x": 0.09107511483914119,
    "y": 0.9873768316444893,
    "z": -0.1295851680892817
  },
  "D22": {
    "x": 0.20731319588903407,
    "y": 0.9662123658637585,
    "z": 0.15314993588713496
  },
  "D23": {
    "x": 0.4170407910023308,
    "y": 0.9083925805561412,
    "z": 0.029998303797128697
  },
  "D26": {
    "x": 0.22328108064651964,
    "y": 0.9709018138275284,
    "z": -0.08657497867015568
  },
  "D27": {
    "x": 0.2861464463004617,
    "y": 0.9574404342640712,
    "z": 0.037789232670746964
  },
  "D28": {
    "x": 0.2801994266493981,
    "y": -0.9147984800554652,
    "z": 0.2909158335215862
  },
  "D30": {
    "x": 0.6089678918058442,
    "y": -0.7931943387895007,
    "z": -0.0009206855232376834
  },
  "D31": {
    "x": 0.2546496391135155,
    "y": -0.9538834580211369,
    "z": 0.15893366481961718
  },
  "D32": {
    "x": 0.7935614559488422,
    "y": -0.5918908767477231,
    "z": 0.14115737903193526
  },
  "D34": {
    "x": 0.6078551384134862,
    "y": -0.7818556782033053,
    "z": 0.1386139573259897
  },
  "D35": {
    "x": 0.5493891794811966,
    "y": -0.8034184905002512,
    "z": -0.22954358756296298
  },
  "D36": {
    "x": 0.7233303522382927,
    "y": 0.4919711604537449,
    "z": 0.48451788286153413
  },
  "D37": {
    "x": -0.8779042255214093,
    "y": -0.4460059072993664,
    "z": 0.17424953792111897
  },
  "D38": {
    "x": 0.9551374456548677,
    "y": 0.16326254375863722,
    "z": 0.2470987691457685
  },
  "D39": {
    "x": 0.8091533400425844,
    "y": 0.5423679188775506,
    "z": 0.2260705926704407
  },
  "D40": {
    "x": 0.8299714529211417,
    "y": 0.3302003976028384,
    "z": 0.4495721129684274
  },
  "D41": {
    "x": 0.8616181437266236,
    "y": 0.5015754470820306,
    "z": 0.07769327696492527
  },
  "D42": {
    "x": 0.9009386221068847,
    "y": 0.23566216404304446,
    "z": 0.36438021850080876
  },
  "D43": {
    "x": 0.5043513357856692,
    "y": -0.7869168839854367,
    "z": 0.3555158896446993
  },
  "D45": {
    "x": 0.8836157597920618,
    "y": 0.4262867585716178,
    "z": 0.19365636708768638
  },
  "D47": {
    "x": 0.7850939062777863,
    "y": 0.5043730859956999,
    "z": 0.3594931827568654
  },
  "D48": {
    "x": 0.7568798396242525,
    "y": -0.6493300401900886,
    "z": -0.07418495317181108
  },
  "D49": {
    "x": 0.9230260443649727,
    "y": 0.29941821334838775,
    "z": 0.2416022660059523
  },
  "D50": {
    "x": 0.3809829518109126,
    "y": -0.9179592240385974,
    "z": 0.11046652629597968
  },
  "D51": {
    "x": 0.7398159676761625,
    "y": -0.6065737879100747,
    "z": 0.29110234247049094
  },
  "D52": {
    "x": 0.8603646061748931,
    "y": 0.3908588269250024,
    "z": 0.32711178801188484
  },
  "D53": {
    "x": 0.48906277929705877,
    "y": -0.8715651444698107,
    "z": 0.03452241085953642
  },
  "D54": {
    "x": 0.701627433835232,
    "y": -0.6883552404759924,
    "z": 0.18408152269857475
  },
  "D55": {
    "x": 0.7079136849658527,
    "y": -0.704865617393847,
    "z": 0.044974170965769805
  },
  "D56": {
    "x": 0.6386897893183912,
    "y": -0.6658203668497811,
    "z": 0.38569235422607484
  },
  "D57": {
    "x": 0.5238397711745924,
    "y": -0.846082300392694,
    "z": -0.09867438927076189
  },
  "D58": {
    "x": 0.41110923312196335,
    "y": -0.8653657910657439,
    "z": 0.28658549526281085
  },
  "D59": {
    "x": 0.6610899317530229,
    "y": -0.7406852220540497,
    "z": -0.11977271795165517
  },
  "D60": {
    "x": 0.6094200304476973,
    "y": -0.7442009743718513,
    "z": 0.27344494186785545
  },
  "D61": {
    "x": 0.4923495924614252,
    "y": -0.8529821269410898,
    "z": 0.17324367209835792
  }
}