{
  "D2": {
    "x": -0.4612244479062874,
    "y": -0.727099120197397,
    "z": 0.508526182277483
  },
  "D3": {
    "x": -0.5000514808575508,
    "y": 0.48336730208716056,
    "z": 0.7185433652641643
  },
  "D4": {
    "x": -0.3267441845032918,
    "y": -0.8804179408165286,
    "z": 0.34366042452057566
  },
  "D5": {
    "x": -0.39472146973419125,
    "y": 0.6758673052030911,
    "z": 0.6224133249605054
  },
  "D7": {
    "x": -0.19598370901854487,
    "y": -0.9249422833799523,
    "z": 0.325687209167345
  },
  "D8": {
    "x": -0.20797199917259185,
    "y": 0.7700865173651551,
    "z": 0.6030873927819767
  },
  "D9": {
    "x": -0.28318507929007375,
    "y": -0.9276728857045121,
    "z": 0.24337055696229512
  },
  "D10": {
    "x": -0.3758191243142199,
    "y": 0.4224074863539927,
    "z": 0.8248223452791481
  },
  "D11": {
    "x": -0.3464844211733454,
    "y": -0.4268228438688847,
    "z": 0.8353267659041278
  },
  "D12": {
    "x": -0.5501339628760151,
    "y": -0.21923058196733586,
    "z": -0.8057856878975914
  },
  "D13": {
    "x": -0.19768241689990665,
    "y": -0.2335060050617529,
    "z": 0.9520486372285356
  },
  "D15": {
    "x": -0.1590724010140367,
    "y": 0.8667247610727534,
    "z": 0.472741112850372
  },
  "D16": {
    "x": -0.8918716587172854,
    "y": 0.05658844674350894,
    "z": 0.44873454521803324
  },
  "D17": {
    "x": -0.6395127565086932,
    "y": 0.7045147192663275,
    "z": 0.3077051260537277
  },
  "D18": {
    "x": -0.117588865589996,
    "y": -0.9807713468181088,
    "z": -0.15575758071391163
  },
  "D19": {
    "x": -0.3127275423495696,
    "y": -0.9385674374177022,
    "z": -0.14592001122247045
  },
  "D20": {
    "x": -0.09246342761003941,
    "y": -0.9584260697871922,
    "z": -0.2699444078081247
  },
  "D21": {
    "x": -0.07914425538010553,
    "y": 0.9144035419596689,
    "z": 0.39699162370501057
  },
  "D22": {
    "x": -0.07933526967942038,
    "y": 0.9554659750555918,
    "z": 0.28423702344339496
  },
  "D23": {
    "x": -0.03918986321084493,
    "y": 0.7952106384779206,
    "z": 0.6050654469336791
  },
  "D24": {
    "x": 0.29495139153154354,
    "y": -0.9378708785744208,
    "z": -0.18276184436487344
  },
  "D25": {
    "x": 0.18746386740107882,
    "y": -0.980070346064925,
    "z": -0.06572225789798257
  },
  "D26": {
    "x": -0.37658387722103565,
    "y": 0.9117471428546993,
    "z": 0.16401747136651246
  },
  "D27": {
    "x": -0.27051868390466094,
    "y": 0.9388143752852922,
    "z": 0.2131835134717894
  },
  "D28": {
    "x": 0.03052302291963487,
    "y": -0.9514741954454451,
    "z": -0.3062110391107586
  },
  "D29": {
    "x": -0.07261330299901657,
    "y": -0.9213446146751709,
    "z": -0.38190497409255303
  },
  "D30": {
    "x": -0.2163828043094036,
    "y": -0.9521496134339429,
    "z": -0.21584623146302878
  },
  "D31": {
    "x": -0.3334510564384714,
    "y": -0.9360377614230118,
    "z": 0.11244421794945327
  },
  "D32": {
    "x": -0.21471309269824929,
    "y": -0.9728637073022909,
    "z": -0.08622351673409978
  },
  "D33": {
    "x": 0.07342603175559635,
    "y": -0.9966705232945782,
    "z": -0.03544694424541757
  },
  "D34": {
    "x": 0.02724022836945286,
    "y": -0.9860530254772025,
    "z": -0.164187091166253
  },
  "D35": {
    "x": 0.11092960219954792,
    "y": -0.9737602156735176,
    "z": 0.19871000409469783
  },
  "D36": {
    "x": -0.43322558457128674,
    "y": -0.6972582080591655,
    "z": -0.5710924480038133
  },
  "D37": {
    "x": 0.19503055799256888,
    "y": -0.9488470468998091,
    "z": -0.24829893885922844
  },
  "D38": {
    "x": -0.4506309643262017,
    "y": 0.5838207355285402,
    "z": 0.6753407160517956
  },
  "D39": {
    "x": -0.5732010742945495,
    "y": -0.06775300198970471,
    "z": -0.8166088777064314
  },
  "D40": {
    "x": 0.7328504384045776,
    "y": 0.6784342429209577,
    "z": 0.05154816158201584
  },
  "D41": {
    "x": -0.12882486526371056,
    "y": 0.9913304296862258,
    "z": -0.02584827398318576
  },
  "D42": {
    "x": 0.8072055553272921,
    "y": 0.5899562349420528,
    "z": 0.019257006562688344
  },
  "D43": {
    "x": -0.34725666840852837,
    "y": -0.9372515203378344,
    "z": -0.03118323059317792
  },
  "D45": {
    "x": 0.38588637988731267,
    "y": 0.905288292811911,
    "z": 0.1776085828870898
  },
  "D47": {
    "x": 0.9726013280890432,
    "y": -0.2267564583273499,
    "z": -0.05126563377415923
  },
  "D48": {
    "x": 0.2156709609894034,
    "y": -0.9751430576643227,
    "z": 0.05081391221882688
  },
  "D49": {
    "x": 0.9772600109880084,
    "y": 0.1994235720136661,
    "z": -0.07206323507189996
  },
  "D50": {
    "x": 0.100977935105174,
    "y": -0.9916083876006271,
    "z": 0.08072336874771784
  },
  "D51": {
    "x": -0.017236292867855784,
    "y": -0.9562810267399023,
    "z": 0.29194093256248216
  },
  "D52": {
    "x": 0.4082013717279084,
    "y": -0.8644022816817705,
    "z": -0.2935648745044325
  },
  "D53": {
    "x": -0.04107578175939031,
    "y": -0.996913853572316,
    "z": -0.06689954191509541
  },
  "D54": {
    "x": -0.1272957406021659,
    "y": -0.9635418960058082,
    "z": 0.2353355244455851
  },
  "D55": {
    "x": -0.13702078820158659,
    "y": -0.9905637083066748,
    "z": 0.002973783170423117
  },
  "D56": {
    "x": -0.2227255488272286,
    "y": -0.9636043304606396,
    "z": 0.14785135852305334
  },
  "D57": {
    "x": -0.11025828305702477,
    "y": -0.9867435273009053,
    "z": 0.11908115865696223
  },
  "D58": {
    "x": -0.014022252540047032,
    "y": -0.9986812528184061,
    "z": 0.049387566276965854
  },
  "D59": {
    "x": 0.6791003979822959,
    "y": -0.7325636117905594,
    "z": 0.04661763765633953
  },
  "D60": {
    "x": -0.005763593295930275,
    "y": -0.9843533705132387,
    "z": 0.1761113935881082
  },
  "D61": {
    "x": -0.25053435099614096,
    "y": -0.9675876140660687,
    "z": 0.03172929367122685
  }
}