{
  "D2": {
    "x": -0.5997288721161999,
    "y": 0.7466179643054744,
    "z": 0.287900842872299
  },
  "D3": {
    "x": -0.7296060002605239,
    "y": 0.38813495258009245,
    "z": -0.5630509239575847
  },
  "D4": {
    "x": -0.7383505230189517,
    "y": -0.4355002398278819,
    "z": 0.5149544118341913
  },
  "D5": {
    "x": -0.7270990651933885,
    "y": -0.34534725508084413,
    "z": 0.5933483149070428
  },
  "D6": {
    "x": -0.6811763537717608,
    "y": -0.6955874841238877,
    "z": 0.2283786920717636
  },
  "D7": {
    "x": -0.07519834929678874,
    "y": -0.5537000203719691,
    "z": -0.8293138704393646
  },
  "D8": {
    "x": -0.7298621342955617,
    "y": -0.11940629006754624,
    "z": 0.6730849892946895
  },
  "D9": {
    "x": -0.15738545406035184,
    "y": -0.8268003703968406,
    "z": -0.5400286717961037
  },
  "D10": {
    "x": -0.42170941323306815,
    "y": 0.8249567900705692,
    "z": 0.3763076737286714
  },
  "D11": {
    "x": -0.4126206010842225,
    "y": 0.6130904913566955,
    "z": 0.6736945071535769
  },
  "D15": {
    "x": -0.15956473979104366,
    "y": 0.3317266783026247,
    "z": -0.9297830417456125
  },
  "D16": {
    "x": -0.14011360644328505,
    "y": 0.9442596797521505,
    "z": -0.29789567718216836
  },
  "D17": {
    "x": -0.13766457259831263,
    "y": -0.6317013163101095,
    "z": -0.7628904983176805
  },
  "D18": {
    "x": -0.7665233062089837,
    "y": -0.5153849419537219,
    "z": 0.383171479426389
  },
  "D19": {
    "x": -0.4459486466075444,
    "y": -0.8554249436700676,
    "z": -0.2633969823972194
  },
  "D20": {
    "x": -0.8186752831660871,
    "y": -0.5046965276609435,
    "z": 0.273956558052392
  },
  "D21": {
    "x": -0.07484926109180984,
    "y": 0.9817083273149598,
    "z": 0.17506098421542696
  },
  "D22": {
    "x": 0.04194221116202507,
    "y": 0.997168026372968,
    "z": 0.062424178827438226
  },
  "D23": {
    "x": -0.5651629683804319,
    "y": -0.6608756516017551,
    "z": 0.49379569893972813
  },
  "D26": {
    "x": -0.06683192776368407,
    "y": 0.9976950352804242,
    "z": 0.011752021450926835
  },
  "D27": {
    "x": 0.02383245865461087,
    "y": 0.9974777679077579,
    "z": -0.0668589294278141
  },
  "D28": {
    "x": -0.9265473051121599,
    "y": 0.2148074616388213,
    "z": 0.3088168483319529
  },
  "D30": {
    "x": -0.36080644636288506,
    "y": -0.7097715303707908,
    "z": -0.6050149443923615
  },
  "D31": {
    "x": -0.06711226839347502,
    "y": -0.7899376289500981,
    "z": -0.6095034748053365
  },
  "D32": {
    "x": -0.2587429293883559,
    "y": -0.8397722965302291,
    "z": -0.4773202137683644
  },
  "D34": {
    "x": -0.5475435776591029,
    "y": -0.7624934431384168,
    "z": -0.34467343926562155
  },
  "D35": {
    "x": -0.011611113791805072,
    "y": -0.6369391273029066,
    "z": -0.7708266537601859
  },
  "D36": {
    "x": -0.17711845080398184,
    "y": 0.9836226738145086,
    "z": -0.03339895122296992
  },
  "D37": {
    "x": -0.14386417568028664,
    "y": -0.9813784648911292,
    "z": -0.12727689344009852
  },
  "D38": {
    "x": -0.4829497434190278,
    "y": 0.07506608362197108,
    "z": 0.8724245689004606
  },
  "D40": {
    "x": -0.1663041069686901,
    "y": 0.8302048980550529,
    "z": 0.532074027979891
  },
  "D41": {
    "x": 0.06037916498189799,
    "y": 0.8457063502823262,
    "z": 0.5302217701379642
  },
  "D42": {
    "x": -0.22866028201696814,
    "y": 0.8696829714439711,
    "z": 0.4374540028486491
  },
  "D43": {
    "x": 0.343168138578358,
    "y": -0.9049001175997828,
    "z": -0.25177649976231714
  },
  "D45": {
    "x": -0.16842588715858212,
    "y": -0.10483046030079388,
    "z": 0.9801241223069496
  },
  "D47": {
    "x": 0.5071737616159784,
    "y": -0.5105085348783768,
    "z": 0.694374402858164
  },
  "D48": {
    "x": 0.07264516506457035,
    "y": -0.8179594066278304,
    "z": -0.5706707361533347
  },
  "D49": {
    "x": 0.478958341815261,
    "y": -0.19391854158646013,
    "z": 0.8561509832001338
  },
  "D50": {
    "x": -0.11188813241828731,
    "y": -0.8874734535662947,
    "z": -0.44707036922509397
  },
  "D51": {
    "x": -0.24734581538375527,
    "y": -0.6505803586122745,
    "z": -0.7180287212918921
  },
  "D52": {
    "x": -0.19368801410912478,
    "y": -0.9718133963645613,
    "z": 0.134401174983106
  },
  "D53": {
    "x": 0.15137371587807538,
    "y": -0.7524811816251639,
    "z": -0.64098211319916
  },
  "D54": {
    "x": -0.26290653387543733,
    "y": -0.7732326887006005,
    "z": -0.5770540386917363
  },
  "D55": {
    "x": 0.09518067222726972,
    "y": -0.6750664442567774,
    "z": -0.7315913719234778
  },
  "D56": {
    "x": -0.18354334920627977,
    "y": -0.731524883384399,
    "z": -0.6566454019876963
  },
  "D57": {
    "x": 0.03321801616043226,
    "y": -0.7496226188705797,
    "z": -0.6610313855483556
  },
  "D58": {
    "x": -0.07352865722564872,
    "y": -0.7108322379981135,
    "z": -0.6995077311861437
  },
  "D59": {
    "x": -0.1214796204535259,
    "y": 0.6487748774078378,
    "z": 0.7512215786696441
  },
  "D60": {
    "x": -0.002354905497228486,
    "y": -0.8700969258090049,
    "z": -0.4928750289047095
  },
  "D61": {
    "x": -0.3513700021474491,
    "y": -0.420242124143502,
    "z": -0.8366215863138238
  }
}