{
  "D2": {
    "x": -0.22928085254585773,
    "y": 0.47937537787349344,
    "z": 0.847130177566878
  },
  "D3": {
    "x": -0.45416769502221566,
    "y": 0.43986879248852445,
    "z": 0.774756187579612
  },
  "D4": {
    "x": -0.2655995264060081,
    "y": 0.581616965654193,
    "z": 0.7688813932175192
  },
  "D5": {
    "x": -0.26724664592803565,
    "y": 0.7437196782336313,
    "z": 0.6127481296979036
  },
  "D6": {
    "x": -0.19110511162194913,
    "y": 0.8727670962317088,
    "z": 0.44917305356313775
  },
  "D7": {
    "x": 0.10803642666275615,
    "y": -0.9921483002883493,
    "z": -0.06300698968275019
  },
  "D8": {
    "x": -0.09311889211465195,
    "y": 0.6988986649655466,
    "z": 0.7091329410207345
  },
  "D9": {
    "x": 0.07007145957761331,
    "y": -0.9957061761874731,
    "z": 0.060491332063226606
  },
  "D10": {
    "x": -0.21160456072771922,
    "y": 0.682447783333756,
    "z": 0.6996345709740708
  },
  "D11": {
    "x": -0.12179312925149854,
    "y": 0.5319278505402095,
    "z": 0.8379852000404303
  },
  "D12": {
    "x": -0.13870933005317979,
    "y": 0.9264064148968767,
    "z": 0.35004410606966935
  },
  "D13": {
    "x": 0.014621928582533295,
    "y": -0.4346667130595775,
    "z": 0.9004726801866396
  },
  "D15": {
    "x": -0.18892426715703972,
    "y": 0.8118109631188241,
    "z": 0.5525129694760682
  },
  "D16": {
    "x": -0.4153008325166445,
    "y": 0.630829247207223,
    "z": 0.6554232826036547
  },
  "D17": {
    "x": -0.2922024062224872,
    "y": 0.9363817814869946,
    "z": 0.1944399987066214
  },
  "D18": {
    "x": -0.4347069447402201,
    "y": -0.056937962616465325,
    "z": 0.8987702379405479
  },
  "D19": {
    "x": -0.3441899335276349,
    "y": 0.4646935478753036,
    "z": 0.8158389523804961
  },
  "D20": {
    "x": -0.2187950777872194,
    "y": -0.8933125444674542,
    "z": 0.39258299992889006
  },
  "D21": {
    "x": -0.0009018065571711544,
    "y": 0.9338313085570572,
    "z": 0.35771255765425375
  },
  "D22": {
    "x": -0.06643168291726984,
    "y": 0.962918300712733,
    "z": 0.26148647700652095
  },
  "D23": {
    "x": -0.07089046636959409,
    "y": 0.8330681869672631,
    "z": 0.5486090936550161
  },
  "D24": {
    "x": 0.28034689918436384,
    "y": -0.9436549361162349,
    "z": -0.17584361706123094
  },
  "D25": {
    "x": -0.002097311021015499,
    "y": -0.988696844522977,
    "z": -0.1499138116278472
  },
  "D26": {
    "x": -0.2498118974105436,
    "y": 0.9188943194312255,
    "z": 0.30533137020157175
  },
  "D27": {
    "x": -0.17625584817405587,
    "y": 0.9609854266768821,
    "z": 0.21316867898238492
  },
  "D28": {
    "x": -0.3915639666877308,
    "y": -0.91156757144042,
    "z": 0.12538828769061577
  },
  "D29": {
    "x": -0.17862697324299157,
    "y": -0.9660653281258235,
    "z": -0.1865748810081163
  },
  "D30": {
    "x": -0.25106708202372086,
    "y": -0.9258809542386331,
    "z": 0.2823292030631125
  },
  "D31": {
    "x": -0.31953858823495673,
    "y": -0.9472888114115285,
    "z": 0.023216339146049318
  },
  "D32": {
    "x": -0.04050177808505921,
    "y": -0.9322865202714917,
    "z": 0.3594460322385296
  },
  "D33": {
    "x": -0.0068581311591698405,
    "y": -0.999513032162725,
    "z": -0.030441165777266806
  },
  "D34": {
    "x": 0.10146550507103107,
    "y": -0.9680329654694205,
    "z": 0.2293838029267974
  },
  "D35": {
    "x": -0.28525783638565494,
    "y": -0.9433328497940738,
    "z": 0.16956149704448195
  },
  "D36": {
    "x": -0.9138448219847807,
    "y": -0.366950215567588,
    "z": -0.17388266338685085
  },
  "D37": {
    "x": 0.19473324729506464,
    "y": -0.945796463001672,
    "z": -0.25990000571651795
  },
  "D38": {
    "x": 0.04479370209561143,
    "y": 0.8514336007365948,
    "z": 0.5225460245655751
  },
  "D39": {
    "x": -0.07284031667224376,
    "y": 0.8927895002757222,
    "z": 0.44454605662913427
  },
  "D40": {
    "x": 0.7857952674016607,
    "y": -0.08483178535141482,
    "z": -0.6126413028218423
  },
  "D41": {
    "x": -0.12817906536420606,
    "y": 0.9917503949330236,
    "z": 0.0011319684404010686
  },
  "D42": {
    "x": 0.7493346334315661,
    "y": -0.19749732865702727,
    "z": -0.6320541213482581
  },
  "D43": {
    "x": 0.4458859659476017,
    "y": -0.8948160226517633,
    "z": 0.02213573980360993
  },
  "D45": {
    "x": 0.1973183539764036,
    "y": 0.9104159922372397,
    "z": 0.36360443927807723
  },
  "D47": {
    "x": 0.9576302960052261,
    "y": -0.28280491559386456,
    "z": -0.054457284993746614
  },
  "D48": {
    "x": 0.26123791822537146,
    "y": -0.9641616759986436,
    "z": 0.04633586749766005
  },
  "D49": {
    "x": 0.9930946839011627,
    "y": -0.06621309331187819,
    "z": -0.09684407612922125
  },
  "D50": {
    "x": 0.16643953077383825,
    "y": -0.9775810358611823,
    "z": 0.12896976746649796
  },
  "D51": {
    "x": -0.017179462433990888,
    "y": -0.9687832078019133,
    "z": 0.24731349003140554
  },
  "D52": {
    "x": 0.5505960072975733,
    "y": -0.8040347044579389,
    "z": -0.22443758770581534
  },
  "D53": {
    "x": -0.2918015001450185,
    "y": -0.947969505681419,
    "z": -0.12730161354532263
  },
  "D54": {
    "x": -0.13353663102539926,
    "y": -0.9489070450517388,
    "z": 0.28590800622851364
  },
  "D55": {
    "x": -0.2141160136622816,
    "y": -0.9759397199373073,
    "z": -0.04118246886800251
  },
  "D56": {
    "x": -0.13932287928086629,
    "y": -0.9756312149608831,
    "z": 0.16950772166140424
  },
  "D57": {
    "x": -0.2158971273306194,
    "y": -0.9733169578648477,
    "z": 0.07773371175432339
  },
  "D58": {
    "x": -0.10764880667906679,
    "y": -0.9897943896039972,
    "z": -0.09337451862806899
  },
  "D59": {
    "x": 0.5064654941436255,
    "y": -0.8532553853238192,
    "z": -0.12428978500968738
  },
  "D60": {
    "x": -0.02739013812775444,
    "y": -0.9911498284325501,
    "z": 0.12989148521542415
  },
  "D61": {
    "x": -0.10476445059040411,
    "y": -0.9937612997821889,
    "z": 0.03824773127526959
  }
}