{
  "D2": {
    "x": 0.8384196104949223,
    "y": 0.051269067075118774,
    "z": 0.5426085508898563
  },
  "D3": {
    "x": 0.9044372478841581,
    "y": -0.4116172342894936,
    "z": -0.11209155666506739
  },
  "D4": {
    "x": 0.9587123100799293,
    "y": -0.09717874282463712,
    "z": 0.2672582991119799
  },
  "D5": {
    "x": 0.9999409690794762,
    "y": -0.0075631233979560645,
    "z": 0.007801123051543843
  },
  "D6": {
    "x": 0.9652100399475011,
    "y": 0.20623588881116792,
    "z": -0.1607368562303333
  },
  "D7": {
    "x": -0.10692315213976676,
    "y": -0.9712883658173094,
    "z": -0.21252376329351236
  },
  "D8": {
    "x": 0.8171346467994052,
    "y": 0.29548926449532553,
    "z": 0.49495157699316733
  },
  "D9": {
    "x": 0.07467098659185135,
    "y": -0.96901401191427,
    "z": 0.23544869605757107
  },
  "D10": {
    "x": 0.7417591743972253,
    "y": 0.5219981211344974,
    "z": 0.4210834700265512
  },
  "D11": {
    "x": 0.884211506935754,
    "y": 0.38121283126783034,
    "z": 0.2699014417878644
  },
  "D15": {
    "x": 0.5646065178951475,
    "y": 0.6971150822125904,
    "z": 0.44187106954636657
  },
  "D16": {
    "x": 0.4881878368078053,
    "y": 0.4840511625170053,
    "z": 0.7262004599687688
  },
  "D17": {
    "x": 0.20775297582889615,
    "y": 0.6021178025188508,
    "z": 0.7709039193856185
  },
  "D18": {
    "x": 0.8955634597630965,
    "y": -0.33796058447757177,
    "z": 0.2893937333059079
  },
  "D19": {
    "x": 0.853421760740636,
    "y": -0.5089731675629597,
    "z": 0.11232814872185765
  },
  "D20": {
    "x": 0.7741508992745884,
    "y": -0.6260061187576731,
    "z": -0.09384414968606335
  },
  "D21": {
    "x": 0.10500313857888946,
    "y": 0.9473305361344853,
    "z": 0.30255445162107797
  },
  "D22": {
    "x": -0.2610430772263431,
    "y": 0.9428661365591088,
    "z": 0.20702647261232493
  },
  "D23": {
    "x": 0.9331185584372219,
    "y": 0.14348780503256872,
    "z": 0.32969835563280664
  },
  "D26": {
    "x": 0.7831730158531687,
    "y": 0.593585279946725,
    "z": 0.18519325762570424
  },
  "D27": {
    "x": 0.6272980489606261,
    "y": 0.7716985329328941,
    "z": 0.10477849034706745
  },
  "D28": {
    "x": 0.9688106983986785,
    "y": -0.17777211995950135,
    "z": -0.17263517611822224
  },
  "D30": {
    "x": 0.7623215846114283,
    "y": -0.5365653969788006,
    "z": 0.3618886243038082
  },
  "D31": {
    "x": 0.15866723412962117,
    "y": -0.962701988480204,
    "z": -0.21915654265824974
  },
  "D32": {
    "x": 0.012241455384791055,
    "y": -0.8863251693493535,
    "z": 0.46290154563136005
  },
  "D34": {
    "x": 0.6981889744404753,
    "y": -0.6934071501984626,
    "z": 0.17809738915381051
  },
  "D35": {
    "x": 0.6035463605097467,
    "y": -0.7968045738157736,
    "z": -0.028883591565142235
  },
  "D36": {
    "x": 0.1641719771625276,
    "y": 0.08764285833425631,
    "z": 0.9825305548925937
  },
  "D37": {
    "x": -0.5806241704270934,
    "y": -0.7982296422377195,
    "z": -0.16032782343963822
  },
  "D38": {
    "x": 0.9664158082058477,
    "y": -0.24802322741356797,
    "z": 0.06726785497691723
  },
  "D39": {
    "x": 0.9697929523046419,
    "y": 0.22551397277431834,
    "z": 0.09297891020973781
  },
  "D40": {
    "x": 0.8252545200731761,
    "y": 0.5215663027863701,
    "z": -0.21661848696856015
  },
  "D41": {
    "x": 0.658517853529508,
    "y": 0.305100735418603,
    "z": 0.6879446037508523
  },
  "D42": {
    "x": 0.7027203346473974,
    "y": 0.5670324935422597,
    "z": -0.4297188412675163
  },
  "D43": {
    "x": 0.5350473922810199,
    "y": -0.4769235095229253,
    "z": 0.6973293727340162
  },
  "D45": {
    "x": 0.8931384280221576,
    "y": 0.4495951086986451,
    "z": 0.012960965410124776
  },
  "D47": {
    "x": 0.6414397706130353,
    "y": -0.07169323111311729,
    "z": 0.7638161436422104
  },
  "D48": {
    "x": -0.06953941760837995,
    "y": -0.997024383040609,
    "z": 0.033266334652026566
  },
  "D49": {
    "x": -0.039181072182699235,
    "y": 0.9938377374036367,
    "z": 0.1036889352584657
  },
  "D50": {
    "x": 0.5840669680990231,
    "y": -0.6328751575152884,
    "z": 0.5082664771314487
  },
  "D51": {
    "x": 0.5202342939252966,
    "y": -0.7899317273511893,
    "z": 0.3245984373776533
  },
  "D52": {
    "x": 0.8518504125223207,
    "y": -0.19194868433379525,
    "z": 0.48734646532839143
  },
  "D53": {
    "x": 0.46651120647273076,
    "y": -0.8110868724576157,
    "z": -0.3528531983166378
  },
  "D54": {
    "x": 0.32605298243242203,
    "y": -0.6117589354412409,
    "z": 0.7207221777874763
  },
  "D55": {
    "x": 0.40220882812878944,
    "y": -0.9061621723487366,
    "z": -0.13075999380347395
  },
  "D56": {
    "x": 0.37206724807033525,
    "y": -0.763993431599267,
    "z": 0.527143243707575
  },
  "D57": {
    "x": 0.20984565281845632,
    "y": -0.9774121701362097,
    "z": 0.025104813538856664
  },
  "D58": {
    "x": 0.29438552034976456,
    "y": -0.8968516815433979,
    "z": 0.330142736889937
  },
  "D59": {
    "x": 0.6963205731204717,
    "y": -0.29057026276085685,
    "z": 0.6562823948943505
  },
  "D60": {
    "x": 0.42736782362026804,
    "y": -0.8963557504710984,
    "z": 0.11791145801604497
  },
  "D61": {
    "x": 0.1454033072870846,
    "y": -0.7604805425333255,
    "z": 0.6328722008890868
  }
}