{
  "D2": {
    "x": -0.9244056708115599,
    "y": -0.2890744985677829,
    "z": -0.24881738293217134
  },
  "D4": {
    "x": -0.02412807884658622,
    "y": -0.8741879177185368,
    "z": 0.4849879589496029
  },
  "D5": {
    "x": -0.778972356069973,
    "y": -0.550644464050784,
    "z": 0.2999879042378547
  },
  "D7": {
    "x": -0.38883708849283966,
    "y": -0.05129345014642786,
    "z": -0.9198775465161042
  },
  "D8": {
    "x": -0.6119944192205068,
    "y": 0.7907068862112853,
    "z": 0.015666874002433506
  },
  "D9": {
    "x": -0.27689877762798815,
    "y": -0.686352283228882,
    "z": -0.6724935763668131
  },
  "D10": {
    "x": -0.9263374622905585,
    "y": -0.3763378026183326,
    "z": -0.0163940317644173
  },
  "D11": {
    "x": -0.9082586955378726,
    "y": -0.3489011341789669,
    "z": 0.23094185534127998
  },
  "D12": {
    "x": -0.14907437321193442,
    "y": -0.9347368269200771,
    "z": -0.32255836006970096
  },
  "D13": {
    "x": -0.9900217301582294,
    "y": -0.010845201656454756,
    "z": 0.14049681638932873
  },
  "D15": {
    "x": -0.7818917822588161,
    "y": 0.001902226319677208,
    "z": -0.6234112786685535
  },
  "D16": {
    "x": 0.14354544726196772,
    "y": -0.9393427705690427,
    "z": 0.3114961700407191
  },
  "D17": {
    "x": 0.04895118955423455,
    "y": -0.349391252835436,
    "z": -0.9356973514354466
  },
  "D18": {
    "x": -0.511816824978068,
    "y": -0.8590271181072752,
    "z": 0.010767916496667041
  },
  "D19": {
    "x": -0.22145468323638293,
    "y": -0.9148556924004456,
    "z": 0.3376342479002603
  },
  "D20": {
    "x": 0.31989750817819723,
    "y": -0.9346970185688637,
    "z": -0.15494214320144786
  },
  "D21": {
    "x": -0.47003695718440425,
    "y": 0.8571997337068739,
    "z": 0.21041358181850134
  },
  "D22": {
    "x": -0.2597726276454736,
    "y": 0.9601021573432159,
    "z": 0.10354723265770453
  },
  "D23": {
    "x": -0.3859823319725116,
    "y": -0.7791127956249484,
    "z": 0.4939644633964464
  },
  "D26": {
    "x": -0.2797847012242217,
    "y": 0.7702480530676296,
    "z": -0.5730955048736635
  },
  "D27": {
    "x": -0.17633761089674688,
    "y": 0.9041705826622759,
    "z": -0.38907660483687295
  },
  "D28": {
    "x": -0.4514607462192673,
    "y": -0.8522807679622226,
    "z": 0.2641981967857969
  },
  "D30": {
    "x": -0.09322836391498159,
    "y": -0.9919478185695978,
    "z": -0.0857204607824299
  },
  "D31": {
    "x": -0.1686764392675147,
    "y": -0.22880955801584424,
    "z": -0.9587462881266484
  },
  "D32": {
    "x": 0.09268790486458618,
    "y": -0.959793052311534,
    "z": -0.264964618442392
  },
  "D33": {
    "x": 0.3126781199222199,
    "y": -0.6692123626209421,
    "z": -0.6740824927538193
  },
  "D34": {
    "x": -0.8096469337888333,
    "y": -0.5843383947564286,
    "z": 0.054958921203208944
  },
  "D35": {
    "x": -0.4961275054995235,
    "y": -0.6686908037743742,
    "z": -0.55381414502918
  },
  "D36": {
    "x": -0.004925371182463675,
    "y": -0.7273119510262167,
    "z": 0.6862893461311731
  },
  "D37": {
    "x": -0.6026034589603382,
    "y": -0.6755506606153935,
    "z": 0.4248533584557638
  },
  "D38": {
    "x": 0.1545508889621414,
    "y": -0.5460352185034099,
    "z": -0.8233829988984137
  },
  "D40": {
    "x": -0.6578665821379299,
    "y": 0.4729065774759321,
    "z": 0.5861492378960829
  },
  "D41": {
    "x": 0.14085589588644618,
    "y": 0.15818583636962893,
    "z": 0.9773110343007837
  },
  "D42": {
    "x": -0.6470110750065732,
    "y": 0.64558908308731,
    "z": 0.4056986623312001
  },
  "D43": {
    "x": 0.29488918098055855,
    "y": -0.870166265672346,
    "z": -0.39477973735547695
  },
  "D45": {
    "x": -0.18790088218360015,
    "y": 0.2918374715715647,
    "z": 0.9378294880527809
  },
  "D47": {
    "x": -0.9213482867369243,
    "y": -0.13782763388248082,
    "z": 0.3634843571122301
  },
  "D48": {
    "x": -0.8820941477431792,
    "y": -0.14531644523037524,
    "z": -0.44809936985320775
  },
  "D49": {
    "x": -0.9064056078319817,
    "y": 0.10747177077631619,
    "z": 0.4085078855749777
  },
  "D50": {
    "x": -0.683194137561524,
    "y": -0.7220506425570563,
    "z": -0.10903504016832069
  },
  "D51": {
    "x": -0.5828373806563345,
    "y": -0.15136802853601233,
    "z": -0.7983660236049528
  },
  "D52": {
    "x": -0.8027742570064285,
    "y": -0.4209240095012046,
    "z": -0.42234638688309695
  },
  "D53": {
    "x": -0.8206075189526436,
    "y": -0.5350312507502071,
    "z": -0.2008603011026712
  },
  "D54": {
    "x": 0.1320655114644627,
    "y": -0.808542227781462,
    "z": -0.573426688056826
  },
  "D56": {
    "x": -0.2926600404736037,
    "y": -0.951118189263504,
    "z": 0.09861181857212672
  },
  "D57": {
    "x": -0.739416430337647,
    "y": -0.24428209407687884,
    "z": -0.6273671979472202
  },
  "D58": {
    "x": -0.32791820979641606,
    "y": -0.9330369551618899,
    "z": -0.14802597064752926
  },
  "D59": {
    "x": -0.4357258675618537,
    "y": -0.507140823217713,
    "z": -0.7436068543010684
  },
  "D60": {
    "x": -0.5144256278496836,
    "y": -0.815341257999397,
    "z": -0.2656782008660469
  },
  "D61": {
    "x": -0.3925402572305945,
    "y": -0.29635482969504023,
    "z": -0.8706813202140968
  },
  "D62": {
    "x": -0.11447782528426438,
    "y": -0.8292186153006699,
    "z": -0.5470752375652048
  },
  "D63": {
    "x": -0.7440860004525156,
    "y": -0.35405939997405794,
    "z": 0.5665491728178491
  },
  "D64": {
    "x": -0.20424140034114927,
    "y": -0.5068863725309875,
    "z": -0.8374674057711521
  },
  "D65": {
    "x": -0.6664042327515252,
    "y": -0.6469601479917674,
    "z": -0.37060486435194184
  },
  "D66": {
    "x": -0.03398075852387693,
    "y": -0.6813956243512892,
    "z": -0.7311260569594403
  },
  "D67": {
    "x": -0.6407381149387174,
    "y": -0.4725109997116606,
    "z": -0.6051347149323579
  },
  "D68": {
    "x": -0.34078441074510313,
    "y": -0.8292726352127239,
    "z": -0.44291407956900347
  }
}