{
  "D2": {
    "x": 0.8132734391034774,
    "y": -0.08291494714521418,
    "z": 0.5759439424012625
  },
  "D3": {
    "x": 0.9791480553663329,
    "y": -0.19226907356463924,
    "z": -0.06558726265765492
  },
  "D4": {
    "x": 0.9488824288277229,
    "y": -0.2640548258347179,
    "z": 0.1729080253065141
  },
  "D5": {
    "x": 0.8630737088740845,
    "y": 0.43399265436082357,
    "z": 0.2583682430392305
  },
  "D7": {
    "x": -0.00974535098154924,
    "y": -0.9542985431927525,
    "z": -0.29869603042966025
  },
  "D8": {
    "x": 0.2719235721480444,
    "y": 0.7641812750380491,
    "z": 0.584879944767701
  },
  "D9": {
    "x": -0.06852674166249073,
    "y": -0.9825714159065148,
    "z": 0.17279322417441403
  },
  "D10": {
    "x": 0.7736473953270483,
    "y": 0.4021807727524399,
    "z": 0.4896124321664268
  },
  "D11": {
    "x": 0.9309943807345914,
    "y": 0.1985179149543837,
    "z": 0.3063333159856744
  },
  "D15": {
    "x": 0.4397629467519925,
    "y": 0.8023346259964134,
    "z": 0.40356870368154146
  },
  "D16": {
    "x": 0.4813888886261891,
    "y": 0.4037394501963468,
    "z": 0.7779840578459136
  },
  "D17": {
    "x": 0.035774077420150444,
    "y": 0.4876385643817281,
    "z": 0.872312355703199
  },
  "D18": {
    "x": 0.8702472588856013,
    "y": -0.4849783351765175,
    "z": 0.08640441430569837
  },
  "D19": {
    "x": 0.9512589443550777,
    "y": -0.050274583874158264,
    "z": 0.3042677883061949
  },
  "D20": {
    "x": 0.7595921445828552,
    "y": -0.646755524280578,
    "z": -0.06875365954313599
  },
  "D21": {
    "x": 0.022297834200250808,
    "y": 0.949346864958013,
    "z": 0.3134379309917205
  },
  "D22": {
    "x": -0.19912705186490764,
    "y": 0.9598221600249311,
    "z": 0.19771150280311442
  },
  "D23": {
    "x": 0.6636838040546721,
    "y": 0.6166742875116686,
    "z": 0.4233634742836176
  },
  "D26": {
    "x": 0.7491360156116794,
    "y": 0.6447365263959823,
    "z": 0.15201987253086457
  },
  "D27": {
    "x": 0.5961102952548,
    "y": 0.8022413156602233,
    "z": 0.03257894011457429
  },
  "D28": {
    "x": 0.752555662743672,
    "y": -0.47558800306925675,
    "z": 0.45549536310376343
  },
  "D30": {
    "x": 0.5672349472115673,
    "y": -0.5754644424877621,
    "z": 0.5891393638979997
  },
  "D31": {
    "x": 0.03106168537306658,
    "y": -0.9979490545838091,
    "z": -0.055971922935222684
  },
  "D32": {
    "x": 0.7423002246334441,
    "y": -0.6205624518273147,
    "z": 0.2527698951442005
  },
  "D34": {
    "x": 0.26335121976629683,
    "y": -0.5796191670716084,
    "z": 0.7711600068797775
  },
  "D35": {
    "x": -0.17697532467575935,
    "y": -0.9059566654452693,
    "z": 0.38460662343646423
  },
  "D36": {
    "x": 0.24789537137792778,
    "y": -0.32889741865872635,
    "z": 0.9112487985446267
  },
  "D37": {
    "x": -0.5710542816354275,
    "y": -0.8039268780255576,
    "z": -0.16612821016891222
  },
  "D38": {
    "x": 0.9974890830326525,
    "y": 0.01774535870065663,
    "z": 0.06856115135602048
  },
  "D39": {
    "x": 0.968028846202889,
    "y": 0.2501687957424648,
    "z": -0.018322842461488627
  },
  "D40": {
    "x": 0.8326316008581525,
    "y": 0.5029879682062074,
    "z": -0.23179240947921817
  },
  "D41": {
    "x": 0.6689649971981545,
    "y": 0.26007031560097094,
    "z": 0.6963111829253386
  },
  "D42": {
    "x": 0.6930573357974028,
    "y": 0.5839654695293576,
    "z": -0.4226770158108471
  },
  "D43": {
    "x": 0.6238713168988456,
    "y": -0.7754873904947495,
    "z": 0.09697364144211597
  },
  "D45": {
    "x": 0.8767794029008873,
    "y": 0.4807109215559497,
    "z": 0.01322454330376274
  },
  "D47": {
    "x": 0.8306828654723476,
    "y": 0.16259448304226787,
    "z": 0.532474422948997
  },
  "D48": {
    "x": 0.06968105749476715,
    "y": -0.9025935256590439,
    "z": 0.4248169931450339
  },
  "D49": {
    "x": 0.019818317409213727,
    "y": 0.9974796764794184,
    "z": 0.06812877002840093
  },
  "D50": {
    "x": 0.6294810332265617,
    "y": -0.7303727244005146,
    "z": -0.26515903201624114
  },
  "D51": {
    "x": 0.36381401698897287,
    "y": -0.7202517543171246,
    "z": 0.5906579140631674
  },
  "D52": {
    "x": 0.8730771184600257,
    "y": -0.2614142917247566,
    "z": 0.41158099239831536
  },
  "D53": {
    "x": 0.32954835145205097,
    "y": -0.901192670543015,
    "z": -0.2815131517616622
  },
  "D54": {
    "x": 0.5463654238607846,
    "y": -0.7552577927394261,
    "z": 0.3620365867088513
  },
  "D55": {
    "x": 0.2769132169661418,
    "y": -0.960378233877275,
    "z": -0.03150743030188923
  },
  "D56": {
    "x": 0.31451809058256996,
    "y": -0.8642706878769939,
    "z": 0.3925742589280683
  },
  "D57": {
    "x": 0.4965174888495999,
    "y": -0.8622890682306378,
    "z": -0.09963907906251426
  },
  "D58": {
    "x": 0.17817942356150962,
    "y": -0.9619461403770083,
    "z": 0.20715143261166513
  },
  "D59": {
    "x": 0.6668641998921097,
    "y": -0.35343651145290156,
    "z": 0.6560295506105343
  },
  "D60": {
    "x": 0.41529283049186244,
    "y": -0.8944363750840322,
    "z": 0.16587777388364516
  },
  "D61": {
    "x": 0.12148716332925823,
    "y": -0.7679070128992509,
    "z": 0.6289353612942746
  }
}