{
  "D2": {
    "x": 0.2010213984564252,
    "y": -0.6981508848089977,
    "z": 0.6871504488851309
  },
  "D3": {
    "x": -0.10831174996865836,
    "y": -0.6241338556439732,
    "z": 0.7737735424901236
  },
  "D4": {
    "x": -0.33819682633777787,
    "y": -0.6499601601327858,
    "z": 0.6805693916825959
  },
  "D5": {
    "x": 0.12099635679422661,
    "y": 0.6942296225601836,
    "z": 0.709510474061144
  },
  "D7": {
    "x": -0.0567785266452118,
    "y": -0.8145835849056811,
    "z": 0.5772605842374896
  },
  "D8": {
    "x": 0.010443598009410896,
    "y": 0.9075132709180959,
    "z": 0.41989355123430594
  },
  "D9": {
    "x": 0.27667053756915994,
    "y": -0.8277212165375762,
    "z": 0.48819156212981274
  },
  "D10": {
    "x": 0.25700483923116785,
    "y": 0.38774685574134793,
    "z": 0.8852123408959344
  },
  "D11": {
    "x": 0.22473670725813516,
    "y": -0.3180279608629089,
    "z": 0.9210600569561962
  },
  "D12": {
    "x": -0.9441321454751264,
    "y": -0.12027142965250309,
    "z": 0.30683753859310964
  },
  "D13": {
    "x": 0.45093455038762614,
    "y": -0.22988199457603684,
    "z": 0.8624455344173638
  },
  "D15": {
    "x": 0.24736051634800207,
    "y": 0.907279854216217,
    "z": 0.34008240337519663
  },
  "D16": {
    "x": -0.9576028450430738,
    "y": 0.12485980440103295,
    "z": 0.25962823500217924
  },
  "D17": {
    "x": -0.049709662540563956,
    "y": -0.04636282017008912,
    "z": 0.9976870442959451
  },
  "D18": {
    "x": -0.5550925445074895,
    "y": -0.7096380487807453,
    "z": 0.4339194703569516
  },
  "D19": {
    "x": -0.6820045608081382,
    "y": -0.6976945560379697,
    "z": 0.2192990777725222
  },
  "D20": {
    "x": -0.6095398603592983,
    "y": -0.7659724034464386,
    "z": -0.2043218925902299
  },
  "D21": {
    "x": 0.315263735637882,
    "y": 0.9434827112451252,
    "z": 0.10222108673456479
  },
  "D22": {
    "x": 0.0707992151872927,
    "y": 0.9888357160842683,
    "z": 0.13111597051837653
  },
  "D23": {
    "x": 0.44786133122965244,
    "y": 0.5971627528707046,
    "z": 0.6654448696722255
  },
  "D24": {
    "x": 0.28148714248026663,
    "y": -0.6885287358654765,
    "z": -0.6683510817719852
  },
  "D25": {
    "x": 0.3569413563261942,
    "y": -0.933993360477941,
    "z": -0.015788309825293535
  },
  "D26": {
    "x": 0.4296784989168178,
    "y": 0.780597290293877,
    "z": -0.45392098206014575
  },
  "D27": {
    "x": 0.3770640100802136,
    "y": 0.8950868015088438,
    "z": -0.23799653372874247
  },
  "D28": {
    "x": 0.038803601186202,
    "y": -0.7903207365072299,
    "z": -0.6114633382155075
  },
  "D29": {
    "x": -0.523712434941883,
    "y": -0.7308836942496354,
    "z": -0.4376463309194417
  },
  "D30": {
    "x": -0.20242891094920754,
    "y": -0.8100714826676609,
    "z": -0.5502787738778733
  },
  "D31": {
    "x": -0.3321700988806168,
    "y": -0.8073970374730451,
    "z": 0.48761977942797924
  },
  "D32": {
    "x": -0.1422958184861852,
    "y": -0.9764752598737724,
    "z": -0.16201224304291106
  },
  "D33": {
    "x": 0.06815095681629571,
    "y": -0.9197434990673706,
    "z": 0.38655833066735557
  },
  "D34": {
    "x": 0.24236322074866945,
    "y": -0.8445423301246447,
    "z": -0.4775021694777599
  },
  "D35": {
    "x": -0.3379313017792474,
    "y": -0.8734783409588349,
    "z": -0.3504825575596949
  },
  "D36": {
    "x": -0.7580692537494479,
    "y": -0.5840994332316826,
    "z": -0.29010146262675435
  },
  "D37": {
    "x": 0.48678231058188143,
    "y": -0.8177105742347139,
    "z": -0.3072334599116754
  },
  "D38": {
    "x": 0.11027178399023305,
    "y": -0.5259161520561942,
    "z": 0.8433577738196391
  },
  "D39": {
    "x": -0.8028563336925523,
    "y": -0.5960159747584372,
    "z": -0.013662550365989208
  },
  "D40": {
    "x": 0.9617478300058206,
    "y": 0.22999367589983818,
    "z": 0.14880867086690655
  },
  "D41": {
    "x": -0.22793709000055704,
    "y": 0.9698401506929131,
    "z": 0.08634098161374751
  },
  "D42": {
    "x": 0.8795976808006488,
    "y": 0.462868673419397,
    "z": 0.1098203582997607
  },
  "D43": {
    "x": -0.17611784675063707,
    "y": -0.9257584762295709,
    "z": 0.33459490095490435
  },
  "D45": {
    "x": 0.8792633385162335,
    "y": 0.29162400093459195,
    "z": 0.3766316816469219
  },
  "D47": {
    "x": 0.9559341695592124,
    "y": -0.26117211153754716,
    "z": 0.13408576219777493
  },
  "D48": {
    "x": 0.5595469048427177,
    "y": -0.8247978978164591,
    "z": 0.08133688608795077
  },
  "D49": {
    "x": 0.9937086941215427,
    "y": -0.015126955468728342,
    "z": 0.11096939418373575
  },
  "D50": {
    "x": 0.432156000853849,
    "y": -0.8523619761032888,
    "z": 0.2944830260291832
  },
  "D51": {
    "x": 0.007840481610719891,
    "y": -0.9334902426076903,
    "z": -0.3585170760289497
  },
  "D52": {
    "x": 0.7603247945375677,
    "y": -0.6470723053974957,
    "z": 0.05660069256621662
  },
  "D53": {
    "x": -0.5676751993551236,
    "y": -0.8224819376297606,
    "z": 0.03561362534080627
  },
  "D54": {
    "x": 0.259101437396231,
    "y": -0.9341606053543924,
    "z": -0.24537809303831926
  },
  "D55": {
    "x": -0.44144278585851904,
    "y": -0.8611772372368122,
    "z": 0.25199609695120495
  },
  "D56": {
    "x": 0.0901374914024628,
    "y": -0.9933268071195145,
    "z": -0.07195197635521894
  },
  "D57": {
    "x": -0.3868292930765391,
    "y": -0.915632209231,
    "z": -0.10945663724353562
  },
  "D58": {
    "x": 0.22628325986226117,
    "y": -0.9541202081143336,
    "z": 0.1960880281250464
  },
  "D59": {
    "x": 0.6469917546635746,
    "y": -0.7075634569408468,
    "z": 0.28417533988590127
  },
  "D60": {
    "x": -0.262240446993194,
    "y": -0.9595411156342828,
    "z": 0.10252217012981017
  },
  "D61": {
    "x": -0.017501249543727337,
    "y": -0.9880567934426943,
    "z": 0.15309304097884088
  }
}