{
  "D2": {
    "x": -0.5099517336669882,
    "y": 0.22852711521518854,
    "z": 0.829291617551665
  },
  "D3": {
    "x": -0.4475609558861088,
    "y": 0.481720297891769,
    "z": 0.7534153869980214
  },
  "D4": {
    "x": -0.6202268623677365,
    "y": 0.10199079229546924,
    "z": 0.7777637928602843
  },
  "D5": {
    "x": -0.2778388139372577,
    "y": 0.8328328162881543,
    "z": 0.4787432439037438
  },
  "D7": {
    "x": -0.028482042459712704,
    "y": -0.9474853584391794,
    "z": 0.3185282857152612
  },
  "D8": {
    "x": -0.16236410334044857,
    "y": 0.8651865010676529,
    "z": 0.4744367358423718
  },
  "D9": {
    "x": -0.15682771168314197,
    "y": -0.9414702646318319,
    "z": 0.29839371585590996
  },
  "D10": {
    "x": -0.3109599165401076,
    "y": 0.5278199953979534,
    "z": 0.7903859707531972
  },
  "D11": {
    "x": -0.2800788459284609,
    "y": 0.13155957554681427,
    "z": 0.9509195119174512
  },
  "D15": {
    "x": -0.20862630959769957,
    "y": 0.794187222697007,
    "z": 0.5707378717488959
  },
  "D16": {
    "x": -0.4820248951832847,
    "y": 0.6505058544322293,
    "z": 0.5869362263252618
  },
  "D17": {
    "x": -0.6277917708205275,
    "y": 0.7154721258126021,
    "z": 0.3065568946789854
  },
  "D18": {
    "x": -0.34428633861783564,
    "y": -0.9221753923728209,
    "z": 0.1762369505613369
  },
  "D19": {
    "x": -0.37215997050876654,
    "y": -0.8984775265373836,
    "z": -0.2328842859837887
  },
  "D20": {
    "x": -0.2915629405966313,
    "y": -0.9550820235071973,
    "z": -0.05300358519989864
  },
  "D21": {
    "x": -0.0867512663905813,
    "y": 0.9144318553977298,
    "z": 0.3953335295841928
  },
  "D22": {
    "x": -0.07190183217555335,
    "y": 0.956179450271372,
    "z": 0.2838150549363719
  },
  "D23": {
    "x": -0.050663306332458684,
    "y": 0.854506268852642,
    "z": 0.5169644725539654
  },
  "D24": {
    "x": 0.2740931279903091,
    "y": -0.8915386093772731,
    "z": -0.3605993138902596
  },
  "D25": {
    "x": 0.024231406588727408,
    "y": -0.9862413775666535,
    "z": -0.16352609611362212
  },
  "D26": {
    "x": -0.28663564570172695,
    "y": 0.937390595265938,
    "z": 0.19783548347079863
  },
  "D27": {
    "x": -0.17854107264288702,
    "y": 0.9711418971695744,
    "z": 0.1581344394539248
  },
  "D28": {
    "x": -0.2744393323480834,
    "y": -0.944058529792036,
    "z": -0.18285662467419073
  },
  "D29": {
    "x": -0.06289184913646928,
    "y": -0.9374645408099062,
    "z": -0.342351938852794
  },
  "D30": {
    "x": -0.09114356832889836,
    "y": -0.974979263371593,
    "z": -0.20275178408009453
  },
  "D31": {
    "x": -0.36870569329656,
    "y": -0.9277534051885516,
    "z": 0.05770382042594801
  },
  "D32": {
    "x": 0.06554941490717037,
    "y": -0.9977405799980336,
    "z": -0.014731233163433567
  },
  "D33": {
    "x": -0.06591343371646279,
    "y": -0.9941684114505162,
    "z": -0.08534980333698995
  },
  "D34": {
    "x": 0.137686657132284,
    "y": -0.9825701236926774,
    "z": -0.1248933003579199
  },
  "D35": {
    "x": -0.17858517552575892,
    "y": -0.9763782416753621,
    "z": -0.12162591938136381
  },
  "D36": {
    "x": -0.8729345632114466,
    "y": -0.2736015239687765,
    "z": -0.4038903990351885
  },
  "D37": {
    "x": 0.2173512178901797,
    "y": -0.9485289975889706,
    "z": -0.23032843683426993
  },
  "D38": {
    "x": -0.4681636437450094,
    "y": 0.570218573208525,
    "z": 0.6750359852951766
  },
  "D39": {
    "x": -0.5679173901145192,
    "y": -0.08507083058733707,
    "z": -0.8186774650548857
  },
  "D40": {
    "x": 0.7427233521397089,
    "y": 0.6685993774832598,
    "z": 0.036563569510532454
  },
  "D41": {
    "x": -0.11554512906670998,
    "y": 0.9929385867400546,
    "z": -0.026875381143721865
  },
  "D42": {
    "x": 0.8165879713576212,
    "y": 0.5750272851152008,
    "z": 0.050276300650372016
  },
  "D43": {
    "x": 0.42841101431557405,
    "y": -0.9035587963578463,
    "z": 0.006745690287943769
  },
  "D45": {
    "x": 0.659643720929081,
    "y": 0.7482658407055658,
    "z": 0.0704868290677733
  },
  "D47": {
    "x": 0.9836822032212119,
    "y": -0.1720622137437705,
    "z": -0.052572974687145925
  },
  "D48": {
    "x": 0.5974193348202146,
    "y": -0.8003313510249739,
    "z": -0.050595127725031115
  },
  "D49": {
    "x": 0.9811481709731757,
    "y": 0.18481590000191203,
    "z": -0.05649203220344665
  },
  "D50": {
    "x": 0.1226756851150007,
    "y": -0.9882065401464536,
    "z": 0.09164338652265454
  },
  "D51": {
    "x": -0.27369932614564785,
    "y": -0.9190973959933009,
    "z": 0.2834583841514517
  },
  "D52": {
    "x": 0.5880019324626962,
    "y": -0.7585988423300539,
    "z": -0.28068046571793476
  },
  "D53": {
    "x": 0.07234112600392294,
    "y": -0.9686507469245871,
    "z": 0.23766045521063023
  },
  "D54": {
    "x": -0.2547832538293984,
    "y": -0.9650349172461753,
    "z": 0.06158816496512983
  },
  "D55": {
    "x": 0.011759712243057623,
    "y": -0.9905133856617848,
    "z": 0.1369121688995866
  },
  "D56": {
    "x": -0.22962996765499696,
    "y": -0.956736742458123,
    "z": 0.17867535808102986
  },
  "D57": {
    "x": -0.13562292597366266,
    "y": -0.9845870287235682,
    "z": 0.11043009019120677
  },
  "D58": {
    "x": -0.04495590242220477,
    "y": -0.998471852856812,
    "z": 0.03213916442737812
  },
  "D59": {
    "x": 0.5442721711752847,
    "y": -0.8373928962234758,
    "z": 0.050407747803298666
  },
  "D60": {
    "x": -0.07865753833272363,
    "y": -0.973714807271164,
    "z": 0.21375796070396114
  },
  "D61": {
    "x": -0.15806830395004998,
    "y": -0.9874107374871972,
    "z": -0.005869138040965626
  }
}