{
  "D2": {
    "x": -0.5082803845624183,
    "y": -0.3715053444404189,
    "z": 0.7769393990018051
  },
  "D3": {
    "x": -0.020878040396594008,
    "y": -0.6765951793055485,
    "z": 0.7360591489613392
  },
  "D4": {
    "x": -0.3527537014681959,
    "y": -0.5646995968006124,
    "z": 0.7461093696461081
  },
  "D5": {
    "x": -0.15514399886082153,
    "y": 0.669361080137631,
    "z": 0.7265576948972858
  },
  "D7": {
    "x": 0.08982127756012662,
    "y": -0.8204379938213925,
    "z": 0.5646358440550825
  },
  "D8": {
    "x": -0.11707916996642215,
    "y": 0.942175495289054,
    "z": 0.3140028726569223
  },
  "D9": {
    "x": -0.12024935969141565,
    "y": -0.8868074774168677,
    "z": 0.4462203373797927
  },
  "D10": {
    "x": -0.17163290949612295,
    "y": 0.22955752999028958,
    "z": 0.9580425276586906
  },
  "D11": {
    "x": -0.14613769751841743,
    "y": -0.016804917425601164,
    "z": 0.989121513320954
  },
  "D12": {
    "x": -0.15273403529969082,
    "y": 0.46370435963552925,
    "z": 0.8727259485749673
  },
  "D13": {
    "x": -0.15097516577938802,
    "y": -0.2637011875835788,
    "z": 0.9527162132476262
  },
  "D15": {
    "x": -0.13861635570176592,
    "y": 0.8319020350309428,
    "z": 0.5373309129794578
  },
  "D16": {
    "x": -0.9503638627949144,
    "y": 0.1511473799312734,
    "z": 0.27196139033590855
  },
  "D17": {
    "x": -0.4001749194958995,
    "y": 0.28261513404170374,
    "z": 0.8717733190554985
  },
  "D18": {
    "x": -0.49564006585210546,
    "y": -0.6596400883985358,
    "z": 0.5649919281721576
  },
  "D19": {
    "x": -0.7131497127325696,
    "y": -0.5478632263961615,
    "z": 0.4373366808218145
  },
  "D20": {
    "x": -0.7745912351466344,
    "y": -0.5698446963493737,
    "z": -0.27438192447116666
  },
  "D21": {
    "x": 0.13478286442855555,
    "y": 0.9395005517696858,
    "z": 0.31491632647560436
  },
  "D22": {
    "x": 0.023770964543479316,
    "y": 0.994914381533108,
    "z": 0.0978790818472773
  },
  "D23": {
    "x": 0.07475787908841995,
    "y": 0.17965090891942165,
    "z": 0.980885727512959
  },
  "D26": {
    "x": 0.014346530004931425,
    "y": 0.968027252902482,
    "z": -0.2504344519328197
  },
  "D27": {
    "x": 0.26115200730713983,
    "y": 0.9391982346125641,
    "z": -0.22294910894662665
  },
  "D28": {
    "x": -0.5807111574225478,
    "y": -0.7379390410621016,
    "z": 0.34383211502317645
  },
  "D30": {
    "x": -0.5114335333228067,
    "y": -0.7970246841286145,
    "z": -0.32122794692030143
  },
  "D31": {
    "x": 0.10236813126646162,
    "y": -0.9339747028975169,
    "z": 0.34236241039066667
  },
  "D32": {
    "x": -0.7533758073728835,
    "y": -0.6314134686262576,
    "z": 0.183689750673831
  },
  "D33": {
    "x": -0.2795365226017653,
    "y": -0.9232860481504028,
    "z": -0.2634429840070235
  },
  "D34": {
    "x": 0.20762625136829221,
    "y": -0.9643764774811255,
    "z": -0.16391872810587207
  },
  "D35": {
    "x": -0.23182007374695263,
    "y": -0.7477735440889467,
    "z": 0.6221689321788846
  },
  "D36": {
    "x": -0.8408145329536277,
    "y": -0.33321331257451997,
    "z": 0.42661435688111554
  },
  "D37": {
    "x": 0.45748537489168256,
    "y": -0.8241633900909895,
    "z": -0.33385900945450664
  },
  "D38": {
    "x": -0.14066049107854978,
    "y": -0.49446719606681777,
    "z": 0.8577393649957781
  },
  "D39": {
    "x": -0.8861651688621146,
    "y": -0.42000214599929503,
    "z": 0.19572810439884922
  },
  "D40": {
    "x": 0.941271993409924,
    "y": 0.2672754331782753,
    "z": 0.20632711223073297
  },
  "D41": {
    "x": -0.2087595541161709,
    "y": 0.9779370568462677,
    "z": 0.007652542850418554
  },
  "D42": {
    "x": 0.8667236223122717,
    "y": 0.4861954146427747,
    "z": 0.11137406029338588
  },
  "D43": {
    "x": 0.5989085825671985,
    "y": -0.7913105524157908,
    "z": 0.12302893709516134
  },
  "D45": {
    "x": 0.8922953658825711,
    "y": 0.1546055434539418,
    "z": 0.42415339908787686
  },
  "D47": {
    "x": 0.9399946049577808,
    "y": -0.22420677501866793,
    "z": 0.2571798294695642
  },
  "D48": {
    "x": 0.7461784777022683,
    "y": -0.6210026665345397,
    "z": 0.23994450935771888
  },
  "D49": {
    "x": 0.9759440309702326,
    "y": 0.019927279882207136,
    "z": 0.21710861781622132
  },
  "D50": {
    "x": 0.29060244162198035,
    "y": -0.9401420427344896,
    "z": 0.17799764157528758
  },
  "D51": {
    "x": -0.4579777661177596,
    "y": -0.8840662672136901,
    "z": -0.09318369447837524
  },
  "D52": {
    "x": 0.49750920482562977,
    "y": -0.6628696359463707,
    "z": 0.5595430607684234
  },
  "D53": {
    "x": 0.07601483043007201,
    "y": -0.9952769098975601,
    "z": 0.06037895477276298
  },
  "D54": {
    "x": -0.6622830302310656,
    "y": -0.7382645415206669,
    "z": -0.12785403631186984
  },
  "D55": {
    "x": -0.1222936116986392,
    "y": -0.969918666431798,
    "z": 0.21048052889724694
  },
  "D56": {
    "x": -0.58922921397808,
    "y": -0.8014197423614465,
    "z": 0.10264175538291549
  },
  "D57": {
    "x": -0.3626262615836137,
    "y": -0.8292277898692665,
    "z": 0.42530397002429254
  },
  "D58": {
    "x": -0.04144750058028034,
    "y": -0.9856384199340847,
    "z": -0.16370403124385355
  },
  "D59": {
    "x": 0.4921016122625711,
    "y": -0.79752751695609,
    "z": 0.3489783129457069
  },
  "D60": {
    "x": -0.23864208781055501,
    "y": -0.971047970445516,
    "z": -0.010760716475381923
  },
  "D61": {
    "x": -0.3765986882154928,
    "y": -0.9070804657331357,
    "z": 0.1880916178880061
  }
}