{
  "D2": {
    "x": -0.13725019477694236,
    "y": -0.8989744893030028,
    "z": 0.4159414040656411
  },
  "D3": {
    "x": 0.6575416252967122,
    "y": 0.616651299721864,
    "z": 0.43287432997752845
  },
  "D4": {
    "x": 0.9518146868766943,
    "y": 0.05770546377758588,
    "z": 0.301195752453507
  },
  "D5": {
    "x": 0.8017526745835473,
    "y": 0.11592743645346462,
    "z": 0.5863049362537012
  },
  "D6": {
    "x": 0.7298454882477705,
    "y": 0.6438965782173328,
    "z": 0.22961437203359836
  },
  "D7": {
    "x": -0.7342225019647745,
    "y": -0.6296818622416969,
    "z": 0.2538071511451469
  },
  "D8": {
    "x": 0.21428083978180276,
    "y": 0.9683473096456788,
    "z": 0.1280125369031539
  },
  "D9": {
    "x": -0.337390026059025,
    "y": -0.7661325123725683,
    "z": 0.546999948630333
  },
  "D10": {
    "x": -0.7174601446894258,
    "y": -0.6958837768186832,
    "z": -0.031570713371626764
  },
  "D11": {
    "x": -0.3442685301835436,
    "y": -0.9374005827716144,
    "z": -0.05252929225394486
  },
  "D15": {
    "x": -0.6617423016683925,
    "y": -0.6318451522005536,
    "z": 0.403570105215039
  },
  "D16": {
    "x": 0.9770184056350875,
    "y": 0.1865968772060594,
    "z": 0.10303708297122223
  },
  "D17": {
    "x": 0.6687306731894228,
    "y": 0.43395274846864484,
    "z": 0.6037253504965071
  },
  "D18": {
    "x": 0.8801972997813589,
    "y": 0.425516510878451,
    "z": 0.21021040037884428
  },
  "D19": {
    "x": -0.17637784439827903,
    "y": -0.9630912465095894,
    "z": 0.20333742130267538
  },
  "D20": {
    "x": -0.6406999374848444,
    "y": -0.7316939977561608,
    "z": 0.23265314043554958
  },
  "D21": {
    "x": 0.2659137839606461,
    "y": 0.9606077098521772,
    "z": -0.08076315541313495
  },
  "D22": {
    "x": 0.3474282840841824,
    "y": 0.9203798917056292,
    "z": 0.17942809802886212
  },
  "D23": {
    "x": 0.8992539323054454,
    "y": 0.07489032946462722,
    "z": 0.4309684487127489
  },
  "D26": {
    "x": 0.40487242510246113,
    "y": 0.9115388883692339,
    "z": -0.07193868487978569
  },
  "D27": {
    "x": 0.33021124502015164,
    "y": 0.9429570443591782,
    "z": 0.04233847134279229
  },
  "D28": {
    "x": 0.9037184505044598,
    "y": 0.4219874366718937,
    "z": 0.07224656053337686
  },
  "D30": {
    "x": -0.3239416813429168,
    "y": -0.8424908106480256,
    "z": 0.43043120363463094
  },
  "D31": {
    "x": -0.5780230075685393,
    "y": -0.6322632280666556,
    "z": 0.5158804252500309
  },
  "D32": {
    "x": -0.28647391213549156,
    "y": -0.9552469937206864,
    "z": 0.07372841143940057
  },
  "D34": {
    "x": -0.4805190177546545,
    "y": -0.8706360979510332,
    "z": -0.10532928614920548
  },
  "D35": {
    "x": -0.2493366963270915,
    "y": -0.9094670807459729,
    "z": 0.33271735888602183
  },
  "D36": {
    "x": 0.8287752057149818,
    "y": 0.23018240074152183,
    "z": 0.5100467829336435
  },
  "D37": {
    "x": 0.5284705960243561,
    "y": -0.44573400847344125,
    "z": -0.7225233718211888
  },
  "D38": {
    "x": 0.751049749080137,
    "y": 0.5642797310529677,
    "z": 0.3428011953442607
  },
  "D39": {
    "x": 0.7426064589284009,
    "y": 0.26897868434565597,
    "z": 0.6133401295574106
  },
  "D40": {
    "x": 0.9378524420882872,
    "y": 0.3108537332453851,
    "z": 0.1542814097564674
  },
  "D41": {
    "x": 0.7295937890355646,
    "y": 0.49751051752032327,
    "z": 0.46922935538752064
  },
  "D42": {
    "x": 0.9502818029831271,
    "y": 0.18745798690096346,
    "z": 0.24864432039798443
  },
  "D43": {
    "x": 0.8279261090563826,
    "y": 0.4473657179580614,
    "z": 0.3382340496440697
  },
  "D45": {
    "x": 0.8996266176949621,
    "y": 0.20695292298640405,
    "z": 0.38450284316517874
  },
  "D47": {
    "x": 0.8176462324841223,
    "y": 0.546976837313473,
    "z": 0.179641247900006
  },
  "D48": {
    "x": -0.6747336847684828,
    "y": -0.7316787338995744,
    "z": 0.09685393640870636
  },
  "D49": {
    "x": 0.7660006964025102,
    "y": 0.3735388791765956,
    "z": 0.5231745777982356
  },
  "D50": {
    "x": -0.4382240841578353,
    "y": -0.8829462214096955,
    "z": 0.16842096711029644
  },
  "D51": {
    "x": -0.3115602302388439,
    "y": -0.9270591646913198,
    "z": 0.20854622532031397
  },
  "D52": {
    "x": 0.904332105453523,
    "y": 0.3130055891186331,
    "z": 0.29019122010580484
  },
  "D53": {
    "x": -0.5762705874544378,
    "y": -0.7337553409695527,
    "z": 0.3598823552684581
  },
  "D54": {
    "x": -0.5828556251564956,
    "y": -0.8125468342967104,
    "z": -0.00685290433503595
  },
  "D55": {
    "x": -0.46526712993857566,
    "y": -0.7150342895824596,
    "z": 0.5217781736715592
  },
  "D56": {
    "x": -0.5666409314201133,
    "y": -0.8132687886922026,
    "z": 0.13233265726367077
  },
  "D57": {
    "x": -0.38905087796877574,
    "y": -0.867808818766646,
    "z": 0.30910721185789813
  },
  "D58": {
    "x": -0.44893923991082174,
    "y": -0.8930850137683439,
    "z": 0.029201319331337332
  },
  "D59": {
    "x": 0.8463416593907578,
    "y": 0.33249600823235254,
    "z": 0.416115609043028
  },
  "D60": {
    "x": -0.4571007945135357,
    "y": -0.791845708382792,
    "z": 0.4050175771134493
  },
  "D61": {
    "x": -0.5145740115705513,
    "y": -0.8156198568785488,
    "z": 0.2645332411656539
  }
}