{
  "D2": {
    "x": -0.6977993093895342,
    "y": 0.706742443234014,
    "z": 0.1165814854387504
  },
  "D3": {
    "x": -0.3450737578572403,
    "y": 0.5449909990811288,
    "z": 0.7641393279754916
  },
  "D4": {
    "x": -0.8146110988484132,
    "y": -0.48559850679617705,
    "z": -0.31717951987841864
  },
  "D5": {
    "x": -0.9140172779846598,
    "y": -0.39415230232885756,
    "z": -0.09600196932549833
  },
  "D6": {
    "x": -0.7903063760625318,
    "y": 0.4593662060427059,
    "z": -0.40546087443899986
  },
  "D7": {
    "x": 0.322111695190982,
    "y": -0.8989383684963839,
    "z": 0.29690716641107084
  },
  "D8": {
    "x": -0.5255100887359833,
    "y": 0.8505168848469098,
    "z": -0.021451695201259356
  },
  "D9": {
    "x": -0.011925086636883632,
    "y": -0.8527974425610968,
    "z": 0.5221056543171654
  },
  "D10": {
    "x": -0.50190900779231,
    "y": 0.8346217361679612,
    "z": 0.22692268598118923
  },
  "D11": {
    "x": -0.963463495881257,
    "y": 0.2241045354907417,
    "z": 0.14668077337110752
  },
  "D12": {
    "x": -0.914925149466486,
    "y": 0.33119479541588037,
    "z": -0.23069889111818837
  },
  "D13": {
    "x": -0.3784202673651193,
    "y": -0.15524979330924712,
    "z": 0.9125215629916631
  },
  "D14": {
    "x": 0.07739203513025902,
    "y": -0.9493202407170019,
    "z": 0.304633473970623
  },
  "D15": {
    "x": -0.36081501043799463,
    "y": 0.776946428131469,
    "z": 0.515913535445991
  },
  "D16": {
    "x": 0.18243567994464224,
    "y": 0.9580851168437674,
    "z": 0.22088488306264967
  },
  "D18": {
    "x": -0.6091574132851577,
    "y": -0.7792586132458047,
    "z": -0.1472523667788091
  },
  "D19": {
    "x": -0.5935231497267388,
    "y": -0.7063001519349483,
    "z": -0.38583722748734334
  },
  "D20": {
    "x": -0.7865358179595195,
    "y": -0.6091169033341736,
    "z": -0.10167598113289285
  },
  "D21": {
    "x": -0.08197178899703604,
    "y": 0.98784177239758,
    "z": 0.1320956415444251
  },
  "D22": {
    "x": 0.14158154267491177,
    "y": 0.9896422250405806,
    "z": -0.02372621315172341
  },
  "D23": {
    "x": -0.7495054606240015,
    "y": -0.3866643706665729,
    "z": -0.5373380955709604
  },
  "D26": {
    "x": -0.29823777856512906,
    "y": 0.953877495979977,
    "z": -0.03423375672499304
  },
  "D27": {
    "x": -0.07673329754102744,
    "y": 0.9863789294318216,
    "z": -0.145494359414424
  },
  "D28": {
    "x": -0.9939316456169223,
    "y": 0.09055370987531652,
    "z": -0.06244925515211382
  },
  "D30": {
    "x": -0.6224440473374981,
    "y": -0.7312587164225526,
    "z": 0.2789697072984003
  },
  "D31": {
    "x": -0.5254132570014566,
    "y": -0.8472412529917284,
    "z": 0.07825067792759108
  },
  "D32": {
    "x": -0.39456613908407906,
    "y": -0.8975486931218444,
    "z": -0.196783905245202
  },
  "D34": {
    "x": -0.7786750039031695,
    "y": -0.5005680715522308,
    "z": 0.3782814349646038
  },
  "D36": {
    "x": -0.9489633254895301,
    "y": 0.07003156992183322,
    "z": -0.307512903940852
  },
  "D37": {
    "x": 0.1175344402137877,
    "y": -0.9703049005243736,
    "z": -0.21140968611210112
  },
  "D38": {
    "x": -0.9226941962433896,
    "y": 0.05198507057185053,
    "z": 0.3820117441341364
  },
  "D40": {
    "x": -0.7245209400942698,
    "y": 0.4606908777797599,
    "z": 0.5126727245479612
  },
  "D41": {
    "x": -0.86955097542673,
    "y": 0.36450946941523077,
    "z": 0.33318755655193566
  },
  "D42": {
    "x": -0.5373543538324851,
    "y": 0.6120321001916786,
    "z": 0.5802301325786481
  },
  "D43": {
    "x": -0.4741390586035406,
    "y": -0.4091546892307686,
    "z": 0.7796054087722978
  },
  "D45": {
    "x": -0.8061607199405693,
    "y": 0.22683036033590226,
    "z": 0.54649142834521
  },
  "D47": {
    "x": -0.5414175061714382,
    "y": 0.020096329578888673,
    "z": 0.8405136652955486
  },
  "D48": {
    "x": -0.20799240190417403,
    "y": -0.9083465383150117,
    "z": -0.36283016286034897
  },
  "D49": {
    "x": -0.4381581751988176,
    "y": 0.24651356279861586,
    "z": 0.8644353514652066
  },
  "D50": {
    "x": -0.3497079013189369,
    "y": -0.6399191622188243,
    "z": 0.6842571516471441
  },
  "D51": {
    "x": -0.4891120293911423,
    "y": -0.7210990959195176,
    "z": 0.49069900811896155
  },
  "D52": {
    "x": -0.6254528127635673,
    "y": -0.5287459057713016,
    "z": 0.5737913785830417
  },
  "D53": {
    "x": 0.17035210301863096,
    "y": -0.9848467211882025,
    "z": 0.032513024497521734
  },
  "D54": {
    "x": -0.41005349202804586,
    "y": -0.8614668920349958,
    "z": 0.2995512103183199
  },
  "D55": {
    "x": -0.12156052237242651,
    "y": -0.9827407426585647,
    "z": -0.13944056841334126
  },
  "D56": {
    "x": -0.25827100595814023,
    "y": -0.8103888787132001,
    "z": 0.5258953819338331
  },
  "D57": {
    "x": -0.3038157808557277,
    "y": -0.9522695885152088,
    "z": 0.029641222850947807
  },
  "D58": {
    "x": -0.17103941752712024,
    "y": -0.9302590266323939,
    "z": 0.32459769102834757
  },
  "D59": {
    "x": -0.6164441080578198,
    "y": -0.20451107633078333,
    "z": 0.7603761446145083
  },
  "D60": {
    "x": -0.06879607243904504,
    "y": -0.9920896454950541,
    "z": 0.10500112246285537
  },
  "D61": {
    "x": -0.7881176385416008,
    "y": -0.5974608080797013,
    "z": 0.14802422311352084
  }
}