{
  "D2": {
    "x": 0.9801179831982765,
    "y": 0.05692971478261059,
    "z": 0.19007300330692398
  },
  "D3": {
    "x": 0.8590216509987942,
    "y": -0.4785689205638233,
    "z": -0.18180646684230636
  },
  "D4": {
    "x": 0.6582908715411362,
    "y": -0.7464035526221363,
    "z": -0.09764663372930696
  },
  "D5": {
    "x": 0.915579631015485,
    "y": -0.3964751579588996,
    "z": -0.06724126999851943
  },
  "D6": {
    "x": 0.798138123497955,
    "y": -0.5801530303242881,
    "z": -0.1624746048609098
  },
  "D7": {
    "x": 0.7907348330430752,
    "y": -0.5832709120778267,
    "z": 0.18583182433652312
  },
  "D8": {
    "x": 0.9676549249153906,
    "y": -0.25221334712219823,
    "z": 0.0056897996807555706
  },
  "D9": {
    "x": 0.7224128395375861,
    "y": -0.6819920325811152,
    "z": 0.1140462922111949
  },
  "D10": {
    "x": 0.8724300422255609,
    "y": 0.4767476745432285,
    "z": 0.1075986814042347
  },
  "D11": {
    "x": 0.9816130775530727,
    "y": 0.18912023163014643,
    "z": 0.025870909627317966
  },
  "D15": {
    "x": 0.6581923448377359,
    "y": 0.7323613337166142,
    "z": 0.17444114788038162
  },
  "D16": {
    "x": 0.8904476904029548,
    "y": 0.09204458655697571,
    "z": 0.4456800475022401
  },
  "D17": {
    "x": 0.13059848232166418,
    "y": 0.9773183451555971,
    "z": 0.16671199308269127
  },
  "D18": {
    "x": 0.74631099622559,
    "y": -0.6641767254221014,
    "z": -0.04346463298294301
  },
  "D19": {
    "x": 0.8204450312937234,
    "y": -0.5699251809473994,
    "z": -0.04533474106593387
  },
  "D20": {
    "x": 0.6758012744230344,
    "y": -0.7368101332138408,
    "z": 0.020086440242236683
  },
  "D21": {
    "x": 0.20258866483767213,
    "y": 0.9771851670021247,
    "z": 0.06377289604776488
  },
  "D22": {
    "x": 0.08508498016316578,
    "y": 0.9952433668319979,
    "z": 0.04744667456780593
  },
  "D23": {
    "x": 0.7965070694529448,
    "y": -0.6008344959104048,
    "z": 0.06763428742562061
  },
  "D26": {
    "x": 0.6139333004376946,
    "y": 0.7856467108898267,
    "z": 0.07645356945020078
  },
  "D27": {
    "x": 0.51509605549771,
    "y": 0.8536975516959847,
    "z": 0.07665861881733671
  },
  "D28": {
    "x": 0.5240277202559729,
    "y": -0.8470834276659346,
    "z": -0.08856983107728715
  },
  "D30": {
    "x": 0.3347576111516847,
    "y": -0.9261121805530184,
    "z": 0.17393553635571735
  },
  "D31": {
    "x": 0.37554228246904237,
    "y": -0.9261625710537243,
    "z": 0.034509216987598144
  },
  "D32": {
    "x": 0.7132419388261665,
    "y": -0.6619535371378199,
    "z": 0.23044186114987847
  },
  "D34": {
    "x": 0.7530982209769864,
    "y": -0.5811186520194584,
    "z": 0.308454505294356
  },
  "D35": {
    "x": 0.5841464598451075,
    "y": -0.8116068564896478,
    "z": 0.008199021247702908
  },
  "D36": {
    "x": 0.4652294320664398,
    "y": 0.8145211184911222,
    "z": 0.3465788843410821
  },
  "D37": {
    "x": -0.06588960985278201,
    "y": -0.9947174871299237,
    "z": 0.0787126426400395
  },
  "D38": {
    "x": 0.995568566927136,
    "y": 0.06147775474141964,
    "z": 0.07115977950080078
  },
  "D39": {
    "x": 0.8528590785087701,
    "y": 0.04397741931604795,
    "z": -0.520285862575058
  },
  "D40": {
    "x": 0.39722826417071544,
    "y": 0.9175874234337531,
    "z": 0.015589307236912285
  },
  "D41": {
    "x": 0.3514095100441494,
    "y": 0.026342239083778606,
    "z": 0.9358511861885863
  },
  "D42": {
    "x": 0.2971673634335781,
    "y": 0.9539978585171558,
    "z": -0.03974473618753071
  },
  "D43": {
    "x": 0.436720910962281,
    "y": -0.8061054005581639,
    "z": 0.3993356096308434
  },
  "D45": {
    "x": 0.8989151766948598,
    "y": 0.14600930028938228,
    "z": -0.41307721958085997
  },
  "D47": {
    "x": 0.4319874152169473,
    "y": -0.6044402316162116,
    "z": 0.6693570642772968
  },
  "D48": {
    "x": 0.5370034459597289,
    "y": -0.7695558406732221,
    "z": 0.3455591224567897
  },
  "D49": {
    "x": 0.12029630717962436,
    "y": -0.11124426603927676,
    "z": 0.9864854341308482
  },
  "D50": {
    "x": 0.35130043612951045,
    "y": -0.8885601435563303,
    "z": 0.2950404630866235
  },
  "D51": {
    "x": 0.4447929239536981,
    "y": -0.8786090779390877,
    "z": 0.17379684394069378
  },
  "D52": {
    "x": 0.15658646880845148,
    "y": -0.9725638075861406,
    "z": 0.17204742938983025
  },
  "D53": {
    "x": 0.6515073384748086,
    "y": -0.6573338139573826,
    "z": 0.37874852467265424
  },
  "D54": {
    "x": 0.4830180627088361,
    "y": -0.8753729920428865,
    "z": 0.02038813132406461
  },
  "D55": {
    "x": 0.6283854493358457,
    "y": -0.724486027786484,
    "z": 0.28328734988549914
  },
  "D56": {
    "x": 0.5398949673800818,
    "y": -0.8336609998444923,
    "z": 0.11628740918922402
  },
  "D57": {
    "x": 0.6341474631429034,
    "y": -0.7599035791712169,
    "z": 0.14284097924683362
  },
  "D58": {
    "x": 0.46002878231401123,
    "y": -0.8402727970752311,
    "z": 0.28690616225179894
  },
  "D59": {
    "x": 0.6073261722066763,
    "y": -0.6153755776360502,
    "z": 0.5024617587457618
  },
  "D60": {
    "x": 0.5554625654256936,
    "y": -0.7994983428171664,
    "z": 0.22861263797811324
  },
  "D61": {
    "x": 0.5516986089346578,
    "y": -0.705081493060825,
    "z": 0.4455207436727063
  }
}