{
  "D2": {
    "x": -0.38067090560009065,
    "y": 0.053959760385679026,
    "z": 0.923134879575421
  },
  "D3": {
    "x": -0.18611801045107468,
    "y": -0.6486835438253098,
    "z": 0.7379496908028156
  },
  "D4": {
    "x": -0.0044440751938046195,
    "y": -0.47468410571850406,
    "z": 0.8801450164455265
  },
  "D5": {
    "x": -0.14678172379363708,
    "y": -0.28084824829901617,
    "z": 0.9484615896216054
  },
  "D6": {
    "x": -0.3098517161014167,
    "y": -0.4544187657553541,
    "z": 0.8351619599565031
  },
  "D7": {
    "x": -0.5014851182543476,
    "y": -0.749204423963663,
    "z": -0.4326724018038345
  },
  "D8": {
    "x": 0.05086628713354575,
    "y": 0.2399522486350127,
    "z": 0.9694511535958111
  },
  "D9": {
    "x": -0.09966713466616346,
    "y": -0.9074347346749333,
    "z": -0.40820174494099126
  },
  "D10": {
    "x": -0.3472380210212557,
    "y": 0.4158761892147774,
    "z": 0.8405193346981596
  },
  "D11": {
    "x": -0.0824775021682492,
    "y": 0.02712602082655538,
    "z": 0.9962236900567081
  },
  "D15": {
    "x": -0.49683775237412153,
    "y": 0.7471574610675578,
    "z": 0.4414838345703181
  },
  "D16": {
    "x": -0.07805251601775928,
    "y": 0.44054279098009447,
    "z": 0.8943320714694103
  },
  "D17": {
    "x": -0.12767124273016964,
    "y": 0.6424957551633477,
    "z": 0.7555787572297236
  },
  "D18": {
    "x": 0.06250517827288478,
    "y": -0.6747341362722182,
    "z": 0.7354093744561994
  },
  "D19": {
    "x": -0.37845063507898125,
    "y": -0.7120821493757219,
    "z": 0.591366324158527
  },
  "D20": {
    "x": -0.06361317077693245,
    "y": -0.842652750109321,
    "z": 0.5346865504544727
  },
  "D21": {
    "x": -0.025133667318499885,
    "y": 0.9014128505904655,
    "z": 0.4322304611633637
  },
  "D22": {
    "x": -0.1434705177914674,
    "y": 0.9738608348071601,
    "z": 0.17610021281460542
  },
  "D23": {
    "x": 0.29602180563820213,
    "y": 0.2507431744665491,
    "z": 0.9216826737251473
  },
  "D26": {
    "x": 0.158494229513092,
    "y": 0.949828792573032,
    "z": 0.2696383578245269
  },
  "D27": {
    "x": 0.07331155506575987,
    "y": 0.9965349872602288,
    "z": 0.039286576080079585
  },
  "D28": {
    "x": 0.23481404205447473,
    "y": -0.4023459625754897,
    "z": 0.8848616231102139
  },
  "D30": {
    "x": -0.7107068440236446,
    "y": -0.6665077113967792,
    "z": 0.22508498951857892
  },
  "D31": {
    "x": -0.027904224768249768,
    "y": -0.9830891197754958,
    "z": -0.18098932791500122
  },
  "D32": {
    "x": -0.7722153968094765,
    "y": -0.6349761623357046,
    "z": -0.022105524101538973
  },
  "D34": {
    "x": -0.5413326286319279,
    "y": -0.5320697070428477,
    "z": 0.6510459369551318
  },
  "D35": {
    "x": -0.08059691634966037,
    "y": -0.9477999024491378,
    "z": 0.30851172099667606
  },
  "D36": {
    "x": -0.2112440968265013,
    "y": 0.23603208631877043,
    "z": 0.9485066081920379
  },
  "D37": {
    "x": 0.43342473744772436,
    "y": -0.8460352643985248,
    "z": -0.3104308753369895
  },
  "D38": {
    "x": 0.7697367914524716,
    "y": -0.23115022277239744,
    "z": 0.5950418862540058
  },
  "D39": {
    "x": 0.1870942709281265,
    "y": 0.030697852251246834,
    "z": 0.9818621978938966
  },
  "D40": {
    "x": 0.9060331762898381,
    "y": 0.40885899068172593,
    "z": -0.10926211237600854
  },
  "D41": {
    "x": -0.14691969401754515,
    "y": 0.9860240004641609,
    "z": -0.0785574567971949
  },
  "D42": {
    "x": 0.8678754335050592,
    "y": 0.3526879847294576,
    "z": -0.3498619975731567
  },
  "D43": {
    "x": 0.9190176629606582,
    "y": -0.36668583951387224,
    "z": 0.14473434376932423
  },
  "D45": {
    "x": 0.6531798687937905,
    "y": 0.1499037844580461,
    "z": 0.7422162180979894
  },
  "D47": {
    "x": 0.9872391409513065,
    "y": -0.024132793926032976,
    "z": 0.15740548539059987
  },
  "D48": {
    "x": -0.7113410084323937,
    "y": -0.6513707271298474,
    "z": -0.2640267894754604
  },
  "D49": {
    "x": 0.9675334628456352,
    "y": 0.22230324120713726,
    "z": 0.12025085123497199
  },
  "D50": {
    "x": 0.1506727262233436,
    "y": -0.9648929737249974,
    "z": 0.21512619279984682
  },
  "D51": {
    "x": -0.5916659871928602,
    "y": -0.6705912455825562,
    "z": 0.4474804363848033
  },
  "D52": {
    "x": 0.5273106061262542,
    "y": -0.5145324399955836,
    "z": 0.6761655809481532
  },
  "D53": {
    "x": -0.33086299995084806,
    "y": -0.889636604280103,
    "z": -0.3147640188911247
  },
  "D54": {
    "x": -0.2918410315652235,
    "y": -0.8631737644423356,
    "z": 0.4120192527945672
  },
  "D55": {
    "x": -0.539124170805055,
    "y": -0.8191888135165134,
    "z": -0.19563950588561782
  },
  "D56": {
    "x": -0.4966101280276177,
    "y": -0.823561077259926,
    "z": 0.27409037334949143
  },
  "D57": {
    "x": -0.5977605781378116,
    "y": -0.8003160551096948,
    "z": 0.04665300802740498
  },
  "D58": {
    "x": -0.35515846180968474,
    "y": -0.932209891213518,
    "z": -0.06962173316328228
  },
  "D59": {
    "x": 0.8289015960807122,
    "y": -0.417487454153538,
    "z": 0.372325623130138
  },
  "D60": {
    "x": -0.0813519871966433,
    "y": -0.9946953906074595,
    "z": 0.06295183939672405
  },
  "D61": {
    "x": -0.29830691139536886,
    "y": -0.9385237801191362,
    "z": 0.17374147681150573
  }
}