{
  "D2": {
    "x": -0.12313160151154849,
    "y": 0.33331452785683197,
    "z": 0.9347406240389781
  },
  "D3": {
    "x": -0.4278508655603392,
    "y": 0.6087387608385484,
    "z": 0.6681173234485221
  },
  "D4": {
    "x": -0.2955898317066687,
    "y": -0.28692331146141026,
    "z": 0.9112089029040716
  },
  "D5": {
    "x": -0.5465390014966681,
    "y": -0.18216312762932324,
    "z": 0.8173810095514379
  },
  "D6": {
    "x": -0.552085805230664,
    "y": 0.09349465579082562,
    "z": 0.8285288244843171
  },
  "D7": {
    "x": 0.5823627475262864,
    "y": -0.6623777757605496,
    "z": -0.4712847467000625
  },
  "D8": {
    "x": -0.4273539772628175,
    "y": 0.4025802479314107,
    "z": 0.8095046152389344
  },
  "D9": {
    "x": 0.683639406663315,
    "y": -0.6881702893662699,
    "z": -0.24302019358599608
  },
  "D10": {
    "x": -0.21494898631520454,
    "y": 0.5341711937782988,
    "z": 0.8175928503965364
  },
  "D11": {
    "x": -0.33384087297742293,
    "y": 0.19948079018076273,
    "z": 0.921280459946118
  },
  "D15": {
    "x": 0.7167958634238205,
    "y": 0.6298612537112986,
    "z": 0.2991295559648539
  },
  "D16": {
    "x": 0.1838663916211329,
    "y": 0.9769683423850198,
    "z": 0.10828669359478585
  },
  "D18": {
    "x": -0.20755471423895355,
    "y": -0.6791518100925383,
    "z": 0.7040410921567115
  },
  "D19": {
    "x": -0.1578600018743222,
    "y": -0.4886423983539779,
    "z": 0.8580843934830137
  },
  "D20": {
    "x": -0.39280388637409275,
    "y": -0.5183927390567977,
    "z": 0.7595880955772014
  },
  "D21": {
    "x": -0.12512811422646486,
    "y": 0.9050054966514889,
    "z": 0.4065808727187261
  },
  "D22": {
    "x": -0.05582553944724174,
    "y": 0.982239344600644,
    "z": 0.17913508607730036
  },
  "D23": {
    "x": -0.6001802662776183,
    "y": -0.39405970117429967,
    "z": 0.6960607731235462
  },
  "D26": {
    "x": 0.010390602349299283,
    "y": 0.6332252852034888,
    "z": 0.7738977797886352
  },
  "D27": {
    "x": 0.19937815381144935,
    "y": 0.7362145108435714,
    "z": 0.6467121042675008
  },
  "D28": {
    "x": -0.7163253508509675,
    "y": -0.04423180273026594,
    "z": 0.6963630801209018
  },
  "D30": {
    "x": 0.05860403991100973,
    "y": -0.8803898785151848,
    "z": 0.4706157969236975
  },
  "D31": {
    "x": 0.6252268675234871,
    "y": -0.6910928622063948,
    "z": 0.36260449519295923
  },
  "D32": {
    "x": 0.07374503066080962,
    "y": -0.968655868792595,
    "z": 0.23720766915616215
  },
  "D34": {
    "x": -0.1887135522191578,
    "y": -0.838030952210543,
    "z": 0.5119485504871731
  },
  "D36": {
    "x": -0.9035077140388956,
    "y": 0.3845775490848336,
    "z": 0.18913994663241246
  },
  "D37": {
    "x": 0.08768099955754739,
    "y": -0.9913643592166917,
    "z": -0.09751281757526929
  },
  "D38": {
    "x": -0.36735997067759196,
    "y": -0.04812698903812778,
    "z": 0.9288328401116547
  },
  "D40": {
    "x": -0.6338638859209965,
    "y": 0.30003539046639754,
    "z": 0.7128782074048906
  },
  "D41": {
    "x": 0.08976681910194918,
    "y": 0.20827232880935564,
    "z": 0.9739427884843368
  },
  "D42": {
    "x": -0.6645483768399839,
    "y": 0.4951615714518203,
    "z": 0.5596342314375584
  },
  "D43": {
    "x": 0.7999086902487883,
    "y": -0.5228441760585131,
    "z": 0.2945845461428054
  },
  "D45": {
    "x": -0.1433717870261186,
    "y": 0.04832552891358247,
    "z": 0.9884883276701653
  },
  "D47": {
    "x": 0.6218864845054249,
    "y": 0.015840509706214905,
    "z": 0.7829471748730762
  },
  "D48": {
    "x": 0.28217439180047005,
    "y": -0.9541447987504121,
    "z": 0.09992655117420214
  },
  "D49": {
    "x": 0.5199502473529436,
    "y": 0.24117720589981356,
    "z": 0.8194420636213228
  },
  "D50": {
    "x": 0.32609147031854996,
    "y": -0.8300945896503873,
    "z": 0.45233541229782287
  },
  "D51": {
    "x": 0.3063412664104977,
    "y": -0.7971995459397492,
    "z": -0.5202191004254558
  },
  "D52": {
    "x": 0.045258344791434396,
    "y": -0.6887185343547181,
    "z": 0.7236148579617673
  },
  "D53": {
    "x": 0.09190878770751339,
    "y": -0.48701144704093985,
    "z": 0.8685462711872208
  },
  "D54": {
    "x": 0.4607922143691209,
    "y": -0.8535812503013244,
    "z": 0.2430423508585076
  },
  "D55": {
    "x": 0.17737426229858202,
    "y": -0.9214089410282483,
    "z": -0.3457512609770724
  },
  "D56": {
    "x": 0.6525832186702659,
    "y": -0.7480386737775885,
    "z": 0.1207198626698287
  },
  "D57": {
    "x": 0.4609508790539848,
    "y": -0.825454806738722,
    "z": -0.32580461803249217
  },
  "D58": {
    "x": 0.3262733415766222,
    "y": -0.9340370038075393,
    "z": -0.14532921968640658
  },
  "D59": {
    "x": 0.08362622936498178,
    "y": -0.1873943181894575,
    "z": 0.978718561830981
  },
  "D60": {
    "x": 0.5476541680902804,
    "y": -0.8318336645747173,
    "z": -0.09015357260552474
  },
  "D61": {
    "x": -0.14874243087404646,
    "y": -0.9887417220486202,
    "z": -0.01629405836520132
  }
}