{
  "D2": {
    "x": -0.3333279680918455,
    "y": 0.7511208217435865,
    "z": 0.5698332886301054
  },
  "D3": {
    "x": -0.5353396375630036,
    "y": 0.4702993266208225,
    "z": 0.7015910602579775
  },
  "D4": {
    "x": -0.4436971626928708,
    "y": 0.7104553053571268,
    "z": 0.5462472763393955
  },
  "D5": {
    "x": -0.37373981708998527,
    "y": 0.8025568164172212,
    "z": 0.46499581239383136
  },
  "D6": {
    "x": -0.5176265484204551,
    "y": 0.5703628809493835,
    "z": 0.6377687201528827
  },
  "D7": {
    "x": 0.07411170968074797,
    "y": -0.9940924411483604,
    "z": -0.07929484812956276
  },
  "D8": {
    "x": -0.21802203518565053,
    "y": 0.7658417900632968,
    "z": 0.6049402819833972
  },
  "D9": {
    "x": 0.03472412300120795,
    "y": -0.998820721937854,
    "z": 0.03393229596330051
  },
  "D10": {
    "x": -0.25932480841505645,
    "y": 0.8218083386465711,
    "z": 0.5073279987064161
  },
  "D11": {
    "x": -0.1125987788436492,
    "y": 0.8125890093149685,
    "z": 0.571857164809043
  },
  "D15": {
    "x": -0.26783832061710316,
    "y": 0.6846654328243738,
    "z": 0.677861253579538
  },
  "D16": {
    "x": -0.2538143412822237,
    "y": 0.8795281960858117,
    "z": 0.402502711108272
  },
  "D17": {
    "x": -0.31100752452736785,
    "y": 0.943516681190598,
    "z": 0.11423918768285297
  },
  "D18": {
    "x": -0.4208267257599552,
    "y": 0.641172131224907,
    "z": 0.6417189143438629
  },
  "D19": {
    "x": -0.5646257840295676,
    "y": -0.4963954655461522,
    "z": 0.6593855213713863
  },
  "D20": {
    "x": -0.23890087470139715,
    "y": -0.930154952440183,
    "z": 0.27881559590149957
  },
  "D21": {
    "x": 0.02427277737337427,
    "y": 0.9199702066600484,
    "z": 0.39123605551693563
  },
  "D22": {
    "x": -0.08503327501824512,
    "y": 0.935017392342934,
    "z": 0.34425545479467895
  },
  "D23": {
    "x": -0.013048022589028919,
    "y": 0.9671628306967713,
    "z": 0.2538223946485506
  },
  "D26": {
    "x": -0.3153119740371094,
    "y": 0.8998786994676459,
    "z": 0.30132488326263324
  },
  "D27": {
    "x": -0.22192054498655656,
    "y": 0.9556532845618669,
    "z": 0.1935925396780182
  },
  "D28": {
    "x": -0.15342547985227498,
    "y": 0.8674604262481802,
    "z": 0.4732578906108429
  },
  "D30": {
    "x": -0.3809636027452759,
    "y": -0.9198952571155187,
    "z": 0.09305616218023004
  },
  "D31": {
    "x": -0.30468483134565777,
    "y": -0.9498130249655247,
    "z": -0.0708686895159474
  },
  "D32": {
    "x": -0.12867872065419406,
    "y": -0.9368102420023218,
    "z": 0.32531270699182824
  },
  "D34": {
    "x": -0.3379104860388036,
    "y": -0.8826046029977627,
    "z": 0.3268418856147137
  },
  "D35": {
    "x": -0.25070208626304225,
    "y": -0.9543883760471634,
    "z": 0.16214589606097457
  },
  "D36": {
    "x": -0.3819985821562925,
    "y": 0.9019099022436137,
    "z": 0.20158276579484055
  },
  "D37": {
    "x": 0.22138046751022575,
    "y": -0.9477900403686323,
    "z": -0.22953154027928296
  },
  "D38": {
    "x": 0.6057679840470372,
    "y": 0.7200553979494725,
    "z": 0.33847507055529996
  },
  "D39": {
    "x": -0.19936817073160143,
    "y": 0.9300911147036783,
    "z": 0.30851718079939106
  },
  "D40": {
    "x": 0.8569923543275906,
    "y": 0.3368854306279126,
    "z": -0.3899644999928834
  },
  "D41": {
    "x": -0.09990715446560461,
    "y": 0.9944960140306438,
    "z": -0.031563247040622966
  },
  "D42": {
    "x": 0.8817159066958834,
    "y": 0.22239988785257755,
    "z": -0.4160713277343406
  },
  "D43": {
    "x": 0.7886108410966706,
    "y": -0.6056912951531983,
    "z": -0.10597639492095745
  },
  "D45": {
    "x": 0.10569859076408113,
    "y": 0.9658318771157893,
    "z": 0.23663599273457608
  },
  "D47": {
    "x": 0.9839334996974275,
    "y": 0.08802936740300013,
    "z": -0.15532449468065337
  },
  "D48": {
    "x": -0.081738302047826,
    "y": -0.9893893592247535,
    "z": -0.12011471946089729
  },
  "D49": {
    "x": 0.9619941621512016,
    "y": 0.22127985969124248,
    "z": -0.1600076738223254
  },
  "D50": {
    "x": 0.1377878425499112,
    "y": -0.9860130699513632,
    "z": 0.09376959171569915
  },
  "D51": {
    "x": -0.02994406530582386,
    "y": -0.9642991403585829,
    "z": 0.26311693380825707
  },
  "D52": {
    "x": 0.5810930548924196,
    "y": 0.7628460070885854,
    "z": -0.28354334946317716
  },
  "D53": {
    "x": -0.27819006184907785,
    "y": -0.9594399576324665,
    "z": 0.04566461635245822
  },
  "D54": {
    "x": 0.05190229983294023,
    "y": -0.9827627645926069,
    "z": 0.17743590336329293
  },
  "D55": {
    "x": -0.1932303763907325,
    "y": -0.9804880476787177,
    "z": -0.03612769019841155
  },
  "D56": {
    "x": -0.05166752269195283,
    "y": -0.9917269102892123,
    "z": 0.11750830824707237
  },
  "D57": {
    "x": -0.16597080575660442,
    "y": -0.982705388165115,
    "z": 0.08212071424283808
  },
  "D58": {
    "x": -0.08002383549140502,
    "y": -0.9967928819301478,
    "z": -0.00036917019797143844
  },
  "D59": {
    "x": 0.9538523216286656,
    "y": -0.2842100183824374,
    "z": 0.09690414838725384
  },
  "D60": {
    "x": -0.13667663678689132,
    "y": -0.9701272883481982,
    "z": 0.20043088923316274
  },
  "D61": {
    "x": -0.20028615208121822,
    "y": -0.9673826349410349,
    "z": -0.15510091843390178
  }
}