{
  "D2": {
    "x": -0.0025780124105978836,
    "y": 0.33780026595283835,
    "z": 0.9412142870644297
  },
  "D3": {
    "x": -0.5985528205264573,
    "y": 0.5069305018856519,
    "z": 0.6202870200945558
  },
  "D4": {
    "x": -0.4464064770852381,
    "y": 0.09406530580110736,
    "z": 0.8898724489840614
  },
  "D5": {
    "x": -0.5634308771699245,
    "y": 0.18564137224525576,
    "z": 0.8050359790484075
  },
  "D6": {
    "x": -0.04518803931705399,
    "y": 0.5923916588405052,
    "z": 0.8043818518830936
  },
  "D7": {
    "x": -0.5542875914619324,
    "y": -0.6758779712796301,
    "z": 0.48575120575276126
  },
  "D8": {
    "x": -0.4383389135707785,
    "y": 0.6361653069553609,
    "z": 0.6349430675863632
  },
  "D9": {
    "x": -0.04544318247344794,
    "y": -0.9071113555139927,
    "z": 0.4184302879384473
  },
  "D10": {
    "x": -0.02794915967907027,
    "y": 0.46372230352736005,
    "z": 0.8855396488495098
  },
  "D11": {
    "x": -0.6152181532525681,
    "y": 0.33925250106428734,
    "z": 0.7116279677121504
  },
  "D12": {
    "x": -0.15257994540462605,
    "y": 0.699387786970821,
    "z": 0.6982664847294182
  },
  "D13": {
    "x": -0.6365842861612238,
    "y": -0.7522117861992944,
    "z": 0.1701113615120167
  },
  "D14": {
    "x": -0.2528834054371105,
    "y": -0.966679894032097,
    "z": 0.039748782731345834
  },
  "D15": {
    "x": -0.17117209953332196,
    "y": -0.8274183370957334,
    "z": 0.534863541269253
  },
  "D16": {
    "x": 0.3961516977178712,
    "y": 0.9144260842146958,
    "z": -0.08299860783788182
  },
  "D18": {
    "x": -0.3768707206002716,
    "y": -0.9253996792459138,
    "z": -0.04004864049867395
  },
  "D19": {
    "x": -0.11250581743973158,
    "y": 0.25335138977801874,
    "z": 0.9608098221499218
  },
  "D20": {
    "x": -0.48585567825738196,
    "y": 0.5203697180759586,
    "z": 0.7022532423667454
  },
  "D21": {
    "x": 0.12812842924705897,
    "y": 0.9897960905641627,
    "z": -0.06234424370045213
  },
  "D22": {
    "x": 0.21266394588751486,
    "y": 0.9689493813308332,
    "z": 0.12613937742888953
  },
  "D23": {
    "x": -0.33540352752847813,
    "y": 0.17116408858909876,
    "z": 0.9263948016363848
  },
  "D26": {
    "x": 0.26434262388857366,
    "y": 0.9613001055150413,
    "z": -0.07762141671262261
  },
  "D27": {
    "x": 0.32701461706687385,
    "y": 0.9437267260880067,
    "z": 0.049409580971896114
  },
  "D28": {
    "x": -0.152749757195874,
    "y": 0.5125078014526563,
    "z": 0.8449871390303916
  },
  "D30": {
    "x": -0.48168468074825765,
    "y": -0.7720966947627175,
    "z": 0.41454380018152037
  },
  "D31": {
    "x": -0.42294093652308357,
    "y": -0.8765113469648551,
    "z": 0.2298887184157423
  },
  "D32": {
    "x": -0.287816045828814,
    "y": -0.755778786691139,
    "z": 0.5881839417657848
  },
  "D34": {
    "x": -0.5153654106785223,
    "y": -0.8569356059739155,
    "z": 0.007736969062667409
  },
  "D36": {
    "x": -0.35749798852294656,
    "y": 0.34055149456753514,
    "z": 0.8696090315480086
  },
  "D37": {
    "x": -0.13389062186328987,
    "y": -0.947656987267079,
    "z": 0.289861235526492
  },
  "D38": {
    "x": -0.41214538050512634,
    "y": 0.4454963678693065,
    "z": 0.7947761770105721
  },
  "D40": {
    "x": -0.1601834742106425,
    "y": 0.3876112540476215,
    "z": 0.9077988600595612
  },
  "D41": {
    "x": -0.30669769431978666,
    "y": 0.6733632259098866,
    "z": 0.6726949459384677
  },
  "D42": {
    "x": -0.20380124862500354,
    "y": 0.14744440603936587,
    "z": 0.9678456479142674
  },
  "D43": {
    "x": -0.3594154652121775,
    "y": 0.5644506668461727,
    "z": 0.7431123522477775
  },
  "D45": {
    "x": -0.24620129270567892,
    "y": 0.27905059856014786,
    "z": 0.9281786934169928
  },
  "D47": {
    "x": -0.44551374973357216,
    "y": 0.2317887738676845,
    "z": 0.8647493643289064
  },
  "D48": {
    "x": -0.41824548592129696,
    "y": -0.7350035141710813,
    "z": 0.5337045509105384
  },
  "D49": {
    "x": -0.2263998430712507,
    "y": 0.6016186992759596,
    "z": 0.7660274484238901
  },
  "D50": {
    "x": -0.2693573142826647,
    "y": -0.9144584730068636,
    "z": 0.30201380496325875
  },
  "D51": {
    "x": -0.60854486868693,
    "y": -0.7101957994666125,
    "z": 0.35397043550950164
  },
  "D52": {
    "x": -0.5028723932448856,
    "y": 0.33887469035189666,
    "z": 0.7951624364562673
  },
  "D53": {
    "x": -0.18450826487905383,
    "y": -0.8926681958020134,
    "z": 0.4112179378321177
  },
  "D54": {
    "x": -0.5276910714397606,
    "y": -0.8368092412996673,
    "z": 0.14591924752489943
  },
  "D55": {
    "x": -0.2954919592159395,
    "y": -0.8313908157205846,
    "z": 0.4706100440642829
  },
  "D56": {
    "x": -0.4152546805647504,
    "y": -0.9049367667568897,
    "z": 0.093021494508815
  },
  "D57": {
    "x": -0.3798915294084215,
    "y": -0.8517716874562785,
    "z": 0.36078722029974164
  },
  "D58": {
    "x": -0.16502543771043882,
    "y": -0.9739065308719697,
    "z": 0.15579689994798776
  },
  "D59": {
    "x": -0.28112909008376324,
    "y": 0.4565429795909296,
    "z": 0.8441178487005895
  },
  "D60": {
    "x": -0.526851983436254,
    "y": -0.8006960500471753,
    "z": 0.28515403379250387
  },
  "D61": {
    "x": -0.3016350452314573,
    "y": -0.9385182349571928,
    "z": 0.16792802666932166
  }
}