{
  "D2": {
    "x": -0.7862178329995034,
    "y": -0.5604482994347245,
    "z": -0.260306017476144
  },
  "D4": {
    "x": -0.3170232597366953,
    "y": -0.94817519187802,
    "z": -0.021448969509038532
  },
  "D5": {
    "x": -0.11545668168142409,
    "y": -0.6839575814775986,
    "z": -0.7203275514614366
  },
  "D7": {
    "x": -0.4948849884344694,
    "y": -0.8382289292876227,
    "z": -0.22904390480329503
  },
  "D8": {
    "x": 0.08041576828601991,
    "y": 0.992017212151373,
    "z": 0.09713472605812638
  },
  "D9": {
    "x": 0.010257569574714886,
    "y": -0.9045165799038027,
    "z": -0.42631507004274133
  },
  "D10": {
    "x": -0.6607090778878939,
    "y": -0.5205353233016684,
    "z": -0.5408386927650022
  },
  "D11": {
    "x": -0.5228172340419379,
    "y": -0.8515592928255699,
    "z": 0.03884469836609569
  },
  "D12": {
    "x": -0.19122216698100525,
    "y": -0.5792993945019348,
    "z": -0.7923675248171018
  },
  "D13": {
    "x": -0.18523294106230662,
    "y": -0.9800117694149697,
    "z": -0.07256506978945546
  },
  "D15": {
    "x": -0.2581339233686705,
    "y": -0.6632308984738913,
    "z": -0.7024896105394104
  },
  "D16": {
    "x": -0.689703140873855,
    "y": -0.7177699747726739,
    "z": -0.09547691230645614
  },
  "D17": {
    "x": -0.2358224873264437,
    "y": -0.928384993459706,
    "z": -0.28720908479710555
  },
  "D18": {
    "x": -0.5896083364353696,
    "y": -0.46754210901911425,
    "z": -0.658609433503556
  },
  "D19": {
    "x": 0.037232593147589005,
    "y": -0.9636977289801464,
    "z": -0.26438687782493037
  },
  "D20": {
    "x": -0.5915674732083887,
    "y": -0.6343484066757613,
    "z": -0.497644475092174
  },
  "D21": {
    "x": 0.07202452096377124,
    "y": 0.9906960846321976,
    "z": -0.11547179861062677
  },
  "D22": {
    "x": 0.21508144529764656,
    "y": 0.9745570425457408,
    "z": 0.06307569035036135
  },
  "D23": {
    "x": -0.543347267663229,
    "y": -0.31100322150872545,
    "z": 0.7797760851257868
  },
  "D26": {
    "x": -0.17905703885282676,
    "y": -0.889875030654186,
    "z": -0.4195962424229619
  },
  "D27": {
    "x": 0.20567172301914272,
    "y": 0.9756183525283221,
    "z": -0.07660269290475191
  },
  "D28": {
    "x": -0.746012263324747,
    "y": -0.5096497759370469,
    "z": -0.42862898741966377
  },
  "D30": {
    "x": -0.511079730783853,
    "y": -0.7357541129822847,
    "z": -0.44436853400252785
  },
  "D31": {
    "x": -0.4524425285051593,
    "y": -0.6912452675913062,
    "z": -0.5634498544080756
  },
  "D32": {
    "x": -0.4187351428252447,
    "y": -0.9010274835116848,
    "z": -0.11318283491644032
  },
  "D33": {
    "x": -0.5297044684252926,
    "y": -0.5857437158362713,
    "z": -0.6134472067656644
  },
  "D34": {
    "x": 0.051836090105590024,
    "y": -0.8374154705196744,
    "z": -0.5441032526064126
  },
  "D35": {
    "x": -0.4037448087413456,
    "y": -0.9111854190939382,
    "z": 0.08204426515618446
  },
  "D36": {
    "x": -0.5771174170500296,
    "y": -0.17628708147881084,
    "z": 0.7974072684903152
  },
  "D37": {
    "x": -0.7100478229420303,
    "y": -0.6681002930099543,
    "z": 0.22242771323577534
  },
  "D38": {
    "x": -0.049612685008668396,
    "y": -0.7765560572992544,
    "z": -0.6280917698537912
  },
  "D40": {
    "x": -0.09200623420581093,
    "y": 0.48362592029125734,
    "z": 0.8704256556936383
  },
  "D41": {
    "x": -0.1955571960268344,
    "y": 0.21198932809748672,
    "z": 0.9575060876333364
  },
  "D42": {
    "x": -0.2124065192539479,
    "y": 0.581706109146315,
    "z": 0.7851760778069323
  },
  "D43": {
    "x": -0.31344701751025245,
    "y": -0.8667709985164418,
    "z": -0.3878904527630686
  },
  "D45": {
    "x": -0.10692452692297919,
    "y": 0.34569825183491165,
    "z": 0.9322338034101655
  },
  "D47": {
    "x": -0.37359219925936227,
    "y": 0.2874550971324922,
    "z": 0.8819288155997074
  },
  "D48": {
    "x": -0.32779278871891226,
    "y": -0.5490451417934189,
    "z": -0.7688311387664545
  },
  "D49": {
    "x": -0.23585308302602773,
    "y": 0.46246822226489026,
    "z": 0.8546908602660204
  },
  "D50": {
    "x": -0.5444639072096592,
    "y": -0.8330135366219733,
    "z": -0.09822169592581902
  },
  "D51": {
    "x": -0.32347966114015025,
    "y": -0.7320744434270082,
    "z": -0.5995230755439609
  },
  "D52": {
    "x": -0.368846272867791,
    "y": -0.8919015904259157,
    "z": -0.2616562248203957
  },
  "D53": {
    "x": -0.6978684928808617,
    "y": -0.6689587185862838,
    "z": -0.2558784857536713
  },
  "D54": {
    "x": -0.1882270986246701,
    "y": -0.7570697539770811,
    "z": -0.625632437583299
  },
  "D56": {
    "x": -0.3835821954549024,
    "y": -0.787241433868624,
    "z": -0.482820488515628
  },
  "D57": {
    "x": -0.4643721350003751,
    "y": -0.5189228049397419,
    "z": -0.7176890989479109
  },
  "D58": {
    "x": -0.08442323281282223,
    "y": -0.9403357243209244,
    "z": -0.32960801465873807
  },
  "D59": {
    "x": -0.6777185094907147,
    "y": -0.6248058501777148,
    "z": -0.38770513470598666
  },
  "D60": {
    "x": -0.12945627386630834,
    "y": -0.9710695124333252,
    "z": -0.20066159368238778
  },
  "D61": {
    "x": -0.39046200278966997,
    "y": -0.6288486427906863,
    "z": -0.6723754969046625
  },
  "D62": {
    "x": -0.289560689068953,
    "y": -0.9439178948834243,
    "z": -0.1586619521648403
  },
  "D63": {
    "x": -0.24469795867037436,
    "y": 0.33423578456033504,
    "z": 0.9101699562949159
  },
  "D64": {
    "x": -0.5984594016246733,
    "y": -0.7276177090681191,
    "z": -0.33528914992510594
  },
  "D65": {
    "x": -0.08443148039342346,
    "y": -0.8525472017915634,
    "z": -0.5157854145242479
  },
  "D66": {
    "x": -0.6112021441756774,
    "y": -0.7654962325691572,
    "z": -0.20111553116922984
  },
  "D67": {
    "x": -0.25112943323657105,
    "y": -0.8185876760572988,
    "z": -0.5165735420725586
  },
  "D68": {
    "x": -0.4427122038777436,
    "y": -0.8221156192566174,
    "z": -0.357955043423081
  }
}