{
  "D2": {
    "x": -0.36515236006518786,
    "y": 0.9268844379150473,
    "z": 0.08688493937231123
  },
  "D3": {
    "x": -0.2108773866122697,
    "y": 0.8976643286974919,
    "z": 0.38694893823301896
  },
  "D4": {
    "x": -0.04174512554643852,
    "y": -0.9923899388206102,
    "z": -0.11584279788030723
  },
  "D5": {
    "x": -0.28521146774996503,
    "y": -0.9579425213706416,
    "z": 0.03163138337108373
  },
  "D6": {
    "x": -0.17345528928508833,
    "y": 0.37366461592756034,
    "z": -0.9112014143002277
  },
  "D7": {
    "x": 0.15407007710449153,
    "y": -0.917593596846252,
    "z": 0.36644836248477614
  },
  "D8": {
    "x": -0.23067414571885678,
    "y": 0.9710868573858893,
    "z": 0.06147970323019625
  },
  "D9": {
    "x": -0.25422399257202305,
    "y": -0.9524605218509592,
    "z": 0.16789614622181903
  },
  "D10": {
    "x": -0.22677886715413584,
    "y": 0.9570574254198358,
    "z": 0.18058911888882515
  },
  "D11": {
    "x": -0.45481391303341256,
    "y": -0.6956016422252616,
    "z": 0.5561318727107398
  },
  "D12": {
    "x": -0.6194921222790529,
    "y": -0.7840321244220002,
    "z": 0.03902740458344734
  },
  "D13": {
    "x": -0.417723266975765,
    "y": -0.4600995865720653,
    "z": 0.7834638745106939
  },
  "D14": {
    "x": 0.03552371762733116,
    "y": -0.9334882627470706,
    "z": 0.35684412395244736
  },
  "D15": {
    "x": -0.38438888535407983,
    "y": 0.8706915158674019,
    "z": 0.30682481811739787
  },
  "D16": {
    "x": -0.09597246741156287,
    "y": 0.9935882713569367,
    "z": 0.059763136805818885
  },
  "D18": {
    "x": 0.18697554531856975,
    "y": -0.9684986794218295,
    "z": 0.16447022043821674
  },
  "D19": {
    "x": -0.11212028389056555,
    "y": -0.9935131270260106,
    "z": -0.018992323904607315
  },
  "D20": {
    "x": -0.359791872315398,
    "y": -0.9252904613928604,
    "z": 0.11994736625356818
  },
  "D21": {
    "x": -0.1651175552223858,
    "y": 0.9855423330091672,
    "z": -0.03798029494659365
  },
  "D22": {
    "x": 0.0012316095030922394,
    "y": 0.9999460581448751,
    "z": -0.010313289415024412
  },
  "D23": {
    "x": -0.21976507742124768,
    "y": -0.9731929636369517,
    "z": -0.06781420406935024
  },
  "D24": {
    "x": -0.23326406410295808,
    "y": -0.954545697167366,
    "z": -0.18555427350896078
  },
  "D25": {
    "x": 0.14811114156728877,
    "y": -0.9780258878550945,
    "z": -0.1467257728856415
  },
  "D26": {
    "x": -0.1372854029198806,
    "y": 0.9784102564278268,
    "z": -0.15448653100500587
  },
  "D27": {
    "x": -0.021001644846657543,
    "y": 0.9915600316297823,
    "z": -0.127936056637993
  },
  "D28": {
    "x": -0.7198104672866626,
    "y": 0.6919050234599331,
    "z": -0.056038644661213076
  },
  "D30": {
    "x": -0.3304381463161455,
    "y": -0.910241470807348,
    "z": 0.24954177261858457
  },
  "D31": {
    "x": -0.28932172176221466,
    "y": -0.8870346917273388,
    "z": 0.3598088339503808
  },
  "D32": {
    "x": 0.0662832484854714,
    "y": -0.995760872239509,
    "z": -0.06377159467212277
  },
  "D34": {
    "x": -0.5130094184072796,
    "y": -0.8318300324818745,
    "z": 0.211849318352995
  },
  "D36": {
    "x": -0.5801153920640248,
    "y": 0.8044297873829142,
    "z": -0.12790171641335546
  },
  "D37": {
    "x": 0.15238507545695118,
    "y": -0.9880071287444807,
    "z": 0.02491389829124499
  },
  "D38": {
    "x": -0.4073661241351138,
    "y": -0.6378717560967185,
    "z": 0.6535843202534956
  },
  "D40": {
    "x": -0.4473677879684626,
    "y": 0.8710736983486064,
    "z": 0.20271328109792383
  },
  "D41": {
    "x": -0.47544531774299675,
    "y": 0.8755188915423759,
    "z": 0.08613025245911099
  },
  "D42": {
    "x": -0.3371642407807156,
    "y": 0.918333160147109,
    "z": 0.20732699224410714
  },
  "D43": {
    "x": -0.31463615743925843,
    "y": -0.6122963703883593,
    "z": 0.7253256118744875
  },
  "D45": {
    "x": -0.4724490405627906,
    "y": -0.270595266102649,
    "z": 0.8387908595318234
  },
  "D47": {
    "x": -0.42655080721930677,
    "y": -0.17128724773584872,
    "z": 0.8880963278967186
  },
  "D48": {
    "x": 0.11644754745506443,
    "y": -0.9583765974507715,
    "z": 0.260680390805259
  },
  "D49": {
    "x": -0.4425447604514402,
    "y": -0.052571483263806,
    "z": 0.8952040963626231
  },
  "D50": {
    "x": -0.1914595642919741,
    "y": -0.8811640428580523,
    "z": 0.4323114211019416
  },
  "D51": {
    "x": -0.17834812822317062,
    "y": -0.9807172855260993,
    "z": 0.07990964290754349
  },
  "D52": {
    "x": -0.07594813577745892,
    "y": -0.9072825530922165,
    "z": 0.41360639444573166
  },
  "D53": {
    "x": 0.0779006661580771,
    "y": -0.9898442288387247,
    "z": 0.11891126459170395
  },
  "D54": {
    "x": -0.18766827411352033,
    "y": -0.9302676624378684,
    "z": 0.3152502103308363
  },
  "D55": {
    "x": -0.0028258155927309214,
    "y": -0.9995447387835441,
    "z": 0.030038807172933477
  },
  "D56": {
    "x": -0.06978912504508863,
    "y": -0.950580209090826,
    "z": 0.3025338726659918
  },
  "D57": {
    "x": -0.06859475116184913,
    "y": -0.9897509854506232,
    "z": 0.12525073617573745
  },
  "D58": {
    "x": 0.007951171115736327,
    "y": -0.9764906135449543,
    "z": 0.2154132320366765
  },
  "D59": {
    "x": -0.308883879865948,
    "y": -0.5055101719400769,
    "z": 0.8056365277369643
  },
  "D60": {
    "x": -0.144907660266548,
    "y": -0.9666040561521037,
    "z": 0.2113725824849942
  },
  "D61": {
    "x": -0.606543914877225,
    "y": -0.7791463965470041,
    "z": 0.1582256997874505
  }
}