{
  "D2": {
    "x": 0.7973648451044295,
    "y": 0.0034568484915967037,
    "z": 0.6034876585234326
  },
  "D3": {
    "x": 0.9669530902043337,
    "y": -0.14339957666663083,
    "z": -0.21080389644435138
  },
  "D4": {
    "x": 0.8999516816464752,
    "y": -0.430291793089512,
    "z": 0.07025627019344186
  },
  "D5": {
    "x": 0.9972534900676385,
    "y": 0.049685099075175036,
    "z": -0.05492601822273662
  },
  "D6": {
    "x": 0.9576381462640557,
    "y": -0.07761395256857007,
    "z": 0.277317967659196
  },
  "D7": {
    "x": -0.21549716762943533,
    "y": -0.9729219125105848,
    "z": 0.08356986837633067
  },
  "D8": {
    "x": 0.771650364427131,
    "y": 0.2513839048513713,
    "z": 0.5842617970235197
  },
  "D9": {
    "x": 0.43959458727674594,
    "y": -0.8916642368708005,
    "z": -0.10812718216341505
  },
  "D10": {
    "x": 0.7611830463812705,
    "y": 0.4639736990789977,
    "z": 0.4531321843178658
  },
  "D11": {
    "x": 0.8919665088228985,
    "y": 0.3676756199811284,
    "z": 0.26307866810097497
  },
  "D15": {
    "x": 0.43185878609627687,
    "y": 0.7283650227358771,
    "z": 0.5319608843950985
  },
  "D16": {
    "x": 0.6409291991991546,
    "y": 0.122793358300129,
    "z": 0.757714690877316
  },
  "D17": {
    "x": 0.30799495292434165,
    "y": 0.607619599752523,
    "z": 0.7320775443692535
  },
  "D18": {
    "x": 0.9068014435997677,
    "y": -0.3834252816046544,
    "z": -0.1752032970916043
  },
  "D19": {
    "x": 0.9794153774420981,
    "y": -0.1936515796164793,
    "z": 0.05696125123270203
  },
  "D20": {
    "x": 0.7713143073655964,
    "y": -0.6343486656031321,
    "z": -0.051730162387681994
  },
  "D21": {
    "x": 0.03458006923363754,
    "y": 0.9484879317532217,
    "z": 0.3149204060239555
  },
  "D22": {
    "x": -0.19014801604966475,
    "y": 0.9599905571916656,
    "z": 0.2055769006849064
  },
  "D23": {
    "x": 0.9024931737052317,
    "y": 0.1259622663532413,
    "z": 0.41187325583316753
  },
  "D26": {
    "x": 0.7358199603800597,
    "y": 0.624093704908469,
    "z": 0.26282319798660836
  },
  "D27": {
    "x": 0.627986626059865,
    "y": 0.7726354815305417,
    "z": 0.09309785266060325
  },
  "D28": {
    "x": 0.8631097518554879,
    "y": -0.3946930822147767,
    "z": 0.3150538479431057
  },
  "D30": {
    "x": 0.7722208571620793,
    "y": -0.6042326292526192,
    "z": 0.19641251872100807
  },
  "D31": {
    "x": 0.009606931252838263,
    "y": -0.9946245590739222,
    "z": -0.10310040426161808
  },
  "D32": {
    "x": 0.22850229438643285,
    "y": -0.9432257355513268,
    "z": -0.24106412684967188
  },
  "D34": {
    "x": 0.6247786529617717,
    "y": -0.48713111646940827,
    "z": 0.610208906990501
  },
  "D35": {
    "x": 0.6212446945434335,
    "y": -0.7545303577620364,
    "z": -0.21151588289565734
  },
  "D36": {
    "x": 0.4516107619451291,
    "y": 0.029525625214096688,
    "z": 0.8917263914178255
  },
  "D37": {
    "x": -0.625403677175733,
    "y": -0.7588203087063123,
    "z": -0.18182953464695528
  },
  "D38": {
    "x": 0.9735303613153271,
    "y": 0.14911058963524867,
    "z": 0.1732185545946999
  },
  "D39": {
    "x": 0.9551272885059069,
    "y": 0.2947594372898762,
    "z": -0.02913308908971776
  },
  "D40": {
    "x": 0.8253871821749036,
    "y": 0.5254810362023759,
    "z": -0.20641143401723155
  },
  "D41": {
    "x": 0.5991117216907723,
    "y": 0.39192445014712063,
    "z": 0.6981836222009192
  },
  "D42": {
    "x": 0.7022567955637122,
    "y": 0.5763179930716487,
    "z": -0.4179628738852935
  },
  "D43": {
    "x": 0.25240690989340286,
    "y": -0.6609346583368632,
    "z": 0.7067221018527703
  },
  "D45": {
    "x": 0.8570992325008816,
    "y": 0.5134284493335983,
    "z": 0.04209671081327102
  },
  "D47": {
    "x": 0.38097369640332623,
    "y": 0.8642952443636251,
    "z": 0.32840945969811525
  },
  "D48": {
    "x": -0.16597586716654347,
    "y": -0.9236578510868458,
    "z": 0.34541017015129133
  },
  "D49": {
    "x": 0.0823980841645357,
    "y": 0.9938655005496928,
    "z": 0.07376938757454084
  },
  "D50": {
    "x": 0.46377579162005617,
    "y": -0.6748665085204633,
    "z": 0.5739923438379555
  },
  "D51": {
    "x": 0.6014588209572358,
    "y": -0.7968585005815512,
    "z": 0.05712982359200929
  },
  "D52": {
    "x": 0.8588142599360322,
    "y": -0.19989018583761567,
    "z": 0.47167995562280246
  },
  "D53": {
    "x": 0.08152976360020936,
    "y": -0.9212191273241567,
    "z": 0.38040533263798115
  },
  "D54": {
    "x": 0.6507252584498385,
    "y": -0.6376342342249717,
    "z": 0.41228536398922144
  },
  "D55": {
    "x": 0.02596349644776786,
    "y": -0.9889021756583575,
    "z": 0.14628186432491816
  },
  "D56": {
    "x": 0.5128949518655949,
    "y": -0.8077464543589482,
    "z": 0.2906620612005233
  },
  "D57": {
    "x": 0.23301992351867495,
    "y": -0.9724455315226267,
    "z": 0.007169620982094825
  },
  "D58": {
    "x": 0.29359735599641645,
    "y": -0.8292352683943902,
    "z": 0.47557277277278753
  },
  "D59": {
    "x": 0.7054224039005215,
    "y": -0.2560119062677754,
    "z": 0.6609365596820538
  },
  "D60": {
    "x": 0.29623165328356044,
    "y": -0.9234194337936746,
    "z": 0.24401507511844053
  },
  "D61": {
    "x": 0.07402674891608454,
    "y": -0.7981581440553513,
    "z": 0.5978826118252912
  }
}