{
  "D2": {
    "x": -0.6055722749224983,
    "y": -0.5596737195089595,
    "z": 0.5657274498698083
  },
  "D3": {
    "x": 0.688036326081024,
    "y": 0.5581546306061815,
    "z": 0.4637557787519244
  },
  "D4": {
    "x": -0.11814703401329325,
    "y": -0.991226833853257,
    "z": 0.05925067259626248
  },
  "D5": {
    "x": -0.5928578599351961,
    "y": -0.7905807989475847,
    "z": -0.15330217952937922
  },
  "D7": {
    "x": -0.3780318473483945,
    "y": -0.7056276869450698,
    "z": 0.5993175200233268
  },
  "D8": {
    "x": 0.1852034567792717,
    "y": 0.9770352408668954,
    "z": 0.10536516360342313
  },
  "D9": {
    "x": -0.38575136485063444,
    "y": -0.916908528770166,
    "z": -0.10234566128763006
  },
  "D10": {
    "x": -0.7996917928028328,
    "y": -0.5724559399119983,
    "z": 0.18107245340819203
  },
  "D11": {
    "x": -0.1637627542618343,
    "y": -0.8590089078169616,
    "z": 0.48506232239547237
  },
  "D12": {
    "x": 0.8537047961113595,
    "y": 0.504691556320055,
    "z": 0.12835323944374338
  },
  "D13": {
    "x": -0.6750250012696692,
    "y": -0.7358114856072089,
    "z": -0.05406205054745273
  },
  "D15": {
    "x": 0.46747390623678514,
    "y": 0.8824652780985611,
    "z": -0.05218409660184252
  },
  "D16": {
    "x": -0.12538274810864333,
    "y": -0.9454828802991982,
    "z": 0.3005682776639219
  },
  "D17": {
    "x": 0.8720628953784455,
    "y": 0.18105651739572573,
    "z": 0.45467003861338134
  },
  "D18": {
    "x": -0.5238575582708287,
    "y": -0.6673673370172127,
    "z": 0.5293336340391372
  },
  "D19": {
    "x": -0.1887913451418973,
    "y": -0.9658560043017036,
    "z": 0.17742606052623888
  },
  "D20": {
    "x": -0.23615125468362866,
    "y": -0.8978192730479202,
    "z": 0.3716895718944132
  },
  "D21": {
    "x": 0.21447169769819568,
    "y": 0.9710322767074026,
    "z": -0.10534803500252085
  },
  "D22": {
    "x": 0.2895005161923341,
    "y": 0.9380813526759874,
    "z": 0.19024412444530883
  },
  "D23": {
    "x": 0.505828051886653,
    "y": 0.8574266647094798,
    "z": 0.09464405195114405
  },
  "D26": {
    "x": 0.3372842265306522,
    "y": 0.9402988054297112,
    "z": -0.04557967793960372
  },
  "D27": {
    "x": 0.38115574612230246,
    "y": 0.9205127366415199,
    "z": 0.08588712871374284
  },
  "D28": {
    "x": -0.43324579522059276,
    "y": -0.8807679541900464,
    "z": 0.19116979833529335
  },
  "D30": {
    "x": -0.23313198638393232,
    "y": -0.7781408332348942,
    "z": 0.5832206448482314
  },
  "D31": {
    "x": -0.583189031188072,
    "y": -0.7868824656763121,
    "z": 0.20175861595749822
  },
  "D32": {
    "x": -0.30108518235498816,
    "y": -0.920820664710154,
    "z": 0.24786491564764454
  },
  "D33": {
    "x": -0.7484620588332446,
    "y": -0.6581257350657915,
    "z": 0.08170106077164588
  },
  "D34": {
    "x": -0.4293918016671414,
    "y": -0.7633728348451303,
    "z": 0.48258118040548975
  },
  "D35": {
    "x": -0.515455818852407,
    "y": -0.8550779923347004,
    "z": -0.05609746728732736
  },
  "D36": {
    "x": 0.83484968039367,
    "y": 0.3161808211926317,
    "z": 0.4506170208242697
  },
  "D37": {
    "x": 0.5287295884957044,
    "y": -0.4334906500942546,
    "z": -0.729747133279757
  },
  "D38": {
    "x": 0.9306390261422663,
    "y": 0.11058385502200635,
    "z": 0.3488297780142146
  },
  "D39": {
    "x": 0.7780731813482972,
    "y": 0.545422480412006,
    "z": 0.3116351108712797
  },
  "D40": {
    "x": 0.9370219058697404,
    "y": 0.3128854845060358,
    "z": 0.1552179806132739
  },
  "D41": {
    "x": 0.7287938120565374,
    "y": 0.43765982425154254,
    "z": 0.5266055998033156
  },
  "D42": {
    "x": 0.9457585135035602,
    "y": 0.20807043333800346,
    "z": 0.24949454684636238
  },
  "D43": {
    "x": -0.7502330935839097,
    "y": -0.5831389140348696,
    "z": 0.31160762543581894
  },
  "D45": {
    "x": 0.7696381924870267,
    "y": 0.2860987277806118,
    "z": 0.5707929314800755
  },
  "D47": {
    "x": 0.8699103386211194,
    "y": 0.42830929467885615,
    "z": 0.24455500577945705
  },
  "D48": {
    "x": -0.27115785369834755,
    "y": -0.9622560456304937,
    "z": -0.023167240346469147
  },
  "D49": {
    "x": 0.7990318502632006,
    "y": 0.4438347746731419,
    "z": 0.4056584709528542
  },
  "D50": {
    "x": -0.49314029928048986,
    "y": -0.8146176660732287,
    "z": 0.3053042799355336
  },
  "D51": {
    "x": -0.5339558259833513,
    "y": -0.8414670600691178,
    "z": 0.08260970110751491
  },
  "D52": {
    "x": 0.8925441597908721,
    "y": 0.3146295550969135,
    "z": 0.3230683610054143
  },
  "D53": {
    "x": -0.3047702921474985,
    "y": -0.8265966526575874,
    "z": 0.4731311053393131
  },
  "D54": {
    "x": -0.6892577921646857,
    "y": -0.695516360308589,
    "z": 0.20293025521926442
  },
  "D55": {
    "x": -0.42049872259886517,
    "y": -0.9066968750231224,
    "z": 0.03288770463299204
  },
  "D56": {
    "x": -0.6697793906474575,
    "y": -0.5936667740777086,
    "z": 0.44604408887472957
  },
  "D57": {
    "x": -0.36952606181163483,
    "y": -0.8593870626371981,
    "z": 0.35341811811760915
  },
  "D58": {
    "x": -0.6518174026233289,
    "y": -0.67945034018185,
    "z": 0.3368698693325744
  },
  "D59": {
    "x": -0.3099805931881441,
    "y": -0.9443413502342793,
    "z": 0.1101428440000745
  },
  "D60": {
    "x": -0.5438048765718448,
    "y": -0.7335770128455122,
    "z": 0.4076040019937681
  },
  "D61": {
    "x": -0.6488486412874973,
    "y": -0.7564966964841583,
    "z": 0.08190353416015642
  }
}