{
  "D2": {
    "x": -0.3137096388549136,
    "y": 0.23753710819881324,
    "z": 0.9193271369420492
  },
  "D3": {
    "x": 0.5391069143546335,
    "y": -0.6144032328959838,
    "z": 0.5760836764759
  },
  "D4": {
    "x": -0.1635662802675716,
    "y": -0.47116926235357104,
    "z": 0.8667442518832312
  },
  "D5": {
    "x": 0.007651348871854758,
    "y": -0.3095880746065149,
    "z": 0.9508399870229859
  },
  "D6": {
    "x": -0.3085011383098463,
    "y": -0.8353548632650608,
    "z": -0.45498274701458813
  },
  "D7": {
    "x": -0.3357153820918987,
    "y": -0.9371517463084689,
    "z": -0.09508830957524592
  },
  "D8": {
    "x": -0.2022446827777459,
    "y": 0.013943830692115088,
    "z": 0.979235751938091
  },
  "D9": {
    "x": -0.4851383578819056,
    "y": -0.8290059746000169,
    "z": -0.2781903445289295
  },
  "D10": {
    "x": -0.21411090046112155,
    "y": 0.47258264532964633,
    "z": 0.8548813751842775
  },
  "D11": {
    "x": -0.07062375713627468,
    "y": 0.2823974434435918,
    "z": 0.9566942922712981
  },
  "D15": {
    "x": -0.5628014372166875,
    "y": 0.5892378222775788,
    "z": 0.5797010704357959
  },
  "D16": {
    "x": -0.21248873197791632,
    "y": 0.7447200506816919,
    "z": 0.6326457025026533
  },
  "D17": {
    "x": -0.038881201625018784,
    "y": 0.6327133272995572,
    "z": 0.7734093984544784
  },
  "D18": {
    "x": -0.15651670245407925,
    "y": -0.6745019468318066,
    "z": 0.7214912650704814
  },
  "D19": {
    "x": 0.13027046344830673,
    "y": -0.8546825544526139,
    "z": 0.502540881389085
  },
  "D20": {
    "x": -0.11691326356183768,
    "y": -0.8365349967664354,
    "z": 0.5352947673836356
  },
  "D21": {
    "x": -0.08035061856601715,
    "y": 0.8796304363294704,
    "z": 0.46882200628691073
  },
  "D22": {
    "x": -0.013363017387979991,
    "y": 0.999910559642743,
    "z": -0.0005499829314531123
  },
  "D23": {
    "x": 0.09605145223309075,
    "y": 0.4545922020915918,
    "z": 0.8855055326317459
  },
  "D26": {
    "x": 0.1973096878964927,
    "y": 0.9046435377558897,
    "z": 0.3777419180587414
  },
  "D27": {
    "x": -0.006125149758564027,
    "y": 0.9688911309111131,
    "z": 0.24741151748093604
  },
  "D28": {
    "x": 0.10231534294933704,
    "y": -0.6150972468917854,
    "z": 0.7817844635596857
  },
  "D30": {
    "x": -0.7265988017477389,
    "y": -0.5693101513369507,
    "z": 0.3846298647835969
  },
  "D31": {
    "x": -0.7281795925587469,
    "y": -0.6700664408151679,
    "z": -0.14410220634768398
  },
  "D32": {
    "x": -0.08266111604710973,
    "y": -0.9460778729455489,
    "z": 0.31321525859490335
  },
  "D34": {
    "x": -0.3575235823351146,
    "y": -0.7293157166554216,
    "z": 0.5833313582464563
  },
  "D35": {
    "x": -0.5607082339508821,
    "y": -0.5699524099506209,
    "z": 0.600633437939616
  },
  "D36": {
    "x": 0.16894149504372216,
    "y": 0.21118305972563045,
    "z": 0.9627359381145554
  },
  "D37": {
    "x": 0.4384710903012995,
    "y": -0.8465874794599236,
    "z": -0.3017163280163722
  },
  "D38": {
    "x": 0.7554867918989705,
    "y": -0.21061125916587584,
    "z": 0.6203890753219031
  },
  "D39": {
    "x": 0.2783278615505017,
    "y": -0.013602657028994073,
    "z": 0.960389800657252
  },
  "D40": {
    "x": 0.9153540503004911,
    "y": 0.3873254783065927,
    "z": -0.11002698056865515
  },
  "D41": {
    "x": -0.1741043444171947,
    "y": 0.9664061424190754,
    "z": -0.18906836104896207
  },
  "D42": {
    "x": 0.8750182215605096,
    "y": 0.33356657221712455,
    "z": -0.3508225389515344
  },
  "D43": {
    "x": 0.9150423796471117,
    "y": -0.36705241046173515,
    "z": 0.1672422537039638
  },
  "D45": {
    "x": 0.643279087335776,
    "y": 0.16888014600782947,
    "z": 0.7467740703056214
  },
  "D47": {
    "x": 0.990713555818689,
    "y": -0.0303235821735236,
    "z": 0.1325410528147978
  },
  "D48": {
    "x": -0.12060215869914732,
    "y": -0.9633496386028557,
    "z": -0.23960925090833354
  },
  "D49": {
    "x": 0.9735254227206591,
    "y": 0.2137164684745679,
    "z": 0.08107726203641329
  },
  "D50": {
    "x": 0.16375108563541052,
    "y": -0.9485045217448269,
    "z": 0.2711544839807033
  },
  "D51": {
    "x": -0.5401419049895336,
    "y": -0.7334575961904779,
    "z": 0.4126580631282555
  },
  "D52": {
    "x": 0.310652137878384,
    "y": -0.4424627781932413,
    "z": 0.8412621108460241
  },
  "D53": {
    "x": 0.18144126199988267,
    "y": -0.9831040912533905,
    "z": 0.024195334358821777
  },
  "D54": {
    "x": -0.846812980428179,
    "y": -0.5216189588003944,
    "z": 0.10402614093744413
  },
  "D55": {
    "x": -0.06713890901262569,
    "y": -0.9977412957183689,
    "z": 0.002161877615582061
  },
  "D56": {
    "x": -0.6897829197541173,
    "y": -0.7022624397074091,
    "z": 0.17614479666366104
  },
  "D57": {
    "x": -0.2673493088721255,
    "y": -0.9526464684019355,
    "z": 0.14487599279010074
  },
  "D58": {
    "x": -0.5624072315186296,
    "y": -0.8258697960657867,
    "z": -0.040462153697084974
  },
  "D59": {
    "x": 0.8716785307493716,
    "y": -0.2719503171143695,
    "z": 0.4077003360950425
  },
  "D60": {
    "x": -0.4890087645015243,
    "y": -0.849666839504881,
    "z": 0.19732382037270477
  },
  "D61": {
    "x": -0.3172182358774699,
    "y": -0.8693526031101381,
    "z": 0.37894411499904945
  }
}