{
  "D2": {
    "x": -0.5694192346320104,
    "y": -0.15786373349463806,
    "z": 0.8067470340064657
  },
  "D3": {
    "x": -0.4731308338244023,
    "y": 0.5544228140947763,
    "z": 0.6846623673723092
  },
  "D4": {
    "x": -0.6878707414725409,
    "y": -0.18375092094352932,
    "z": 0.7021890358574546
  },
  "D5": {
    "x": -0.30278305683004697,
    "y": 0.8221735945594633,
    "z": 0.482030082988421
  },
  "D7": {
    "x": -0.22275679448756974,
    "y": -0.9202694892189124,
    "z": 0.3216884793124935
  },
  "D8": {
    "x": -0.09984080485007314,
    "y": 0.8514737108455062,
    "z": 0.5148051412193483
  },
  "D9": {
    "x": -0.23154993451592867,
    "y": -0.9507370030758897,
    "z": 0.20611593535664532
  },
  "D10": {
    "x": -0.34273138515664503,
    "y": 0.45185233901681815,
    "z": 0.823628958544828
  },
  "D11": {
    "x": -0.30265007982609626,
    "y": -0.09189120943148232,
    "z": 0.9486616545483838
  },
  "D15": {
    "x": -0.20576955582805173,
    "y": 0.8085175824812775,
    "z": 0.551324050548275
  },
  "D16": {
    "x": -0.8941783441557757,
    "y": 0.06363454398767276,
    "z": 0.4431655826599311
  },
  "D17": {
    "x": -0.4587865158670181,
    "y": 0.8651537287278309,
    "z": 0.20254372003825025
  },
  "D18": {
    "x": -0.39822440229977557,
    "y": -0.9039075077441471,
    "z": 0.1561042691816953
  },
  "D19": {
    "x": -0.36120764104416947,
    "y": -0.908041762950221,
    "z": -0.21210656941632236
  },
  "D20": {
    "x": -0.17943893302141042,
    "y": -0.9761040524458139,
    "z": -0.12256650486571737
  },
  "D21": {
    "x": -0.05463823075165044,
    "y": 0.9182068316212786,
    "z": 0.392314769164178
  },
  "D22": {
    "x": -0.12073931031281569,
    "y": 0.947369103928996,
    "z": 0.2965026135904313
  },
  "D23": {
    "x": -0.10618424550737707,
    "y": 0.6467322298655858,
    "z": 0.7552895662321281
  },
  "D24": {
    "x": 0.27644855614671465,
    "y": -0.8905465237650743,
    "z": -0.3612521070033208
  },
  "D25": {
    "x": 0.024618948440334965,
    "y": -0.9804418393857487,
    "z": -0.1952631735878071
  },
  "D26": {
    "x": -0.3437783845944675,
    "y": 0.9176632817187708,
    "z": 0.1992749950966111
  },
  "D27": {
    "x": -0.24412157400440931,
    "y": 0.9587528592877655,
    "z": 0.14559399683072025
  },
  "D28": {
    "x": -0.29600811815216366,
    "y": -0.9476508991236723,
    "z": -0.11973707603791868
  },
  "D29": {
    "x": -0.061917621856344786,
    "y": -0.9357564475791262,
    "z": -0.34716866062153223
  },
  "D30": {
    "x": -0.09528217946421584,
    "y": -0.9734246798691722,
    "z": -0.2082443250082663
  },
  "D31": {
    "x": -0.3101597508484951,
    "y": -0.9466354739902689,
    "z": 0.08764820783574757
  },
  "D32": {
    "x": 0.1080796125450207,
    "y": -0.992959905780754,
    "z": -0.04847084550525769
  },
  "D33": {
    "x": -0.047169587981682214,
    "y": -0.9938094597404649,
    "z": -0.10058721439628218
  },
  "D34": {
    "x": 0.13970804710179544,
    "y": -0.9768051727084635,
    "z": -0.16227543296812239
  },
  "D35": {
    "x": -0.3612878289935322,
    "y": -0.9322480911872623,
    "z": -0.019611249293361166
  },
  "D36": {
    "x": -0.869452413892782,
    "y": -0.2644843375233263,
    "z": -0.4172535622147064
  },
  "D37": {
    "x": 0.22756323752148297,
    "y": -0.9445226734138529,
    "z": -0.23683726973576052
  },
  "D38": {
    "x": -0.4731308338244023,
    "y": 0.5544228140947763,
    "z": 0.6846623673723092
  },
  "D39": {
    "x": -0.5584458494398189,
    "y": -0.07127516752231519,
    "z": -0.8264732807163853
  },
  "D40": {
    "x": 0.7414367394564332,
    "y": 0.6702312120777852,
    "z": 0.03258348877815676
  },
  "D41": {
    "x": -0.11952906921098748,
    "y": 0.9924541468996999,
    "z": -0.027341688227755213
  },
  "D42": {
    "x": 0.8156970020634443,
    "y": 0.5767506165167379,
    "z": 0.044689228817156784
  },
  "D43": {
    "x": 0.42496386619079085,
    "y": -0.9052101536158564,
    "z": -0.0005387234291224022
  },
  "D45": {
    "x": 0.6577985837678714,
    "y": 0.7505061609952527,
    "z": 0.06357299348898822
  },
  "D47": {
    "x": 0.9836645057502945,
    "y": -0.1689755376785068,
    "z": -0.062059711514702444
  },
  "D48": {
    "x": 0.5810592786401118,
    "y": -0.8132662788192456,
    "z": -0.031113894673119234
  },
  "D49": {
    "x": 0.9796091340386754,
    "y": 0.19024723390719073,
    "z": -0.06459051399902904
  },
  "D50": {
    "x": 0.116924998164277,
    "y": -0.9902718305009441,
    "z": 0.07543372270140906
  },
  "D51": {
    "x": 0.00961715536250166,
    "y": -0.9630972241915827,
    "z": 0.2689818712798351
  },
  "D52": {
    "x": 0.5873272754232124,
    "y": -0.7540294101942551,
    "z": -0.29408556596006175
  },
  "D53": {
    "x": -0.12996679874625364,
    "y": -0.9914149850434189,
    "z": -0.01431637716072219
  },
  "D54": {
    "x": -0.10466833534482035,
    "y": -0.9415652147290053,
    "z": 0.3201554091194871
  },
  "D55": {
    "x": -0.24747801829707028,
    "y": -0.9688140419388854,
    "z": -0.012408972632516087
  },
  "D56": {
    "x": -0.11365767434727081,
    "y": -0.972115909964965,
    "z": 0.20511604192495023
  },
  "D57": {
    "x": -0.19517672633115032,
    "y": -0.9761620178199267,
    "z": 0.09494082612019089
  },
  "D58": {
    "x": 0.003551900082387794,
    "y": -0.9999660481643003,
    "z": 0.007435490869931407
  },
  "D59": {
    "x": 0.720386232166575,
    "y": -0.6935402126311764,
    "z": 0.006756476030317165
  },
  "D60": {
    "x": 0.02571944702653673,
    "y": -0.9878996337406661,
    "z": 0.15294712713780143
  },
  "D61": {
    "x": -0.07781232683846975,
    "y": -0.9925756444832138,
    "z": 0.0934817189118599
  }
}