{
  "D2": {
    "x": 0.29393315079811116,
    "y": -0.7353925410420472,
    "z": 0.6105744126980887
  },
  "D3": {
    "x": 0.7670963589548916,
    "y": -0.5606689713840356,
    "z": 0.31179076414370566
  },
  "D4": {
    "x": 0.05078405319337012,
    "y": -0.7421577279484158,
    "z": 0.6682985012609993
  },
  "D5": {
    "x": 0.12882616067821043,
    "y": 0.7673075229554781,
    "z": 0.6282061648382959
  },
  "D7": {
    "x": -0.6100014379884482,
    "y": -0.6406372039459872,
    "z": 0.4663498885732611
  },
  "D8": {
    "x": 0.4057041033115658,
    "y": 0.9091237206384751,
    "z": 0.09433048886025307
  },
  "D9": {
    "x": -0.5398533879986036,
    "y": -0.7933118652338498,
    "z": 0.2814508908239927
  },
  "D10": {
    "x": 0.29119922263753295,
    "y": 0.6108868147155356,
    "z": 0.7362202879179598
  },
  "D11": {
    "x": 0.292352158151732,
    "y": -0.031724121197702064,
    "z": 0.9557843876933011
  },
  "D12": {
    "x": -0.9696955836090596,
    "y": -0.17978592564273724,
    "z": 0.1654312427260028
  },
  "D13": {
    "x": 0.45697024137588327,
    "y": 0.13978833575672492,
    "z": 0.878428949706937
  },
  "D15": {
    "x": 0.007797330630869174,
    "y": 0.965068724221256,
    "z": 0.2618808109904011
  },
  "D16": {
    "x": -0.9711958202447314,
    "y": 0.12926712761592157,
    "z": 0.20017164748558264
  },
  "D17": {
    "x": -0.2613097965474172,
    "y": -0.6903853046116267,
    "z": 0.6746001196298878
  },
  "D18": {
    "x": 0.11466133986785579,
    "y": -0.8827505948663948,
    "z": 0.4556359998976531
  },
  "D19": {
    "x": -0.709161989276752,
    "y": -0.6934917266316163,
    "z": 0.12711608103831495
  },
  "D20": {
    "x": -0.5110051752256167,
    "y": -0.8112641997139493,
    "z": -0.2841198851807492
  },
  "D21": {
    "x": 0.252332676023613,
    "y": 0.9225846204038101,
    "z": 0.2918318673570797
  },
  "D22": {
    "x": 0.16706645820254815,
    "y": 0.9838048472366432,
    "z": 0.06493705488657132
  },
  "D23": {
    "x": 0.4219589855627254,
    "y": 0.7992711562260272,
    "z": 0.4279208260040465
  },
  "D24": {
    "x": 0.5936533576427134,
    "y": -0.7889806487446992,
    "z": -0.15838316471748543
  },
  "D25": {
    "x": 0.3817559864211292,
    "y": -0.8920543293319488,
    "z": -0.24187070999142812
  },
  "D26": {
    "x": 0.41742711246243536,
    "y": 0.7080169009965053,
    "z": -0.5696197623718635
  },
  "D27": {
    "x": 0.4293635499604573,
    "y": 0.8314740325450762,
    "z": -0.35255903784839143
  },
  "D28": {
    "x": -0.14959746789936268,
    "y": -0.7999036487555551,
    "z": -0.5811839212380612
  },
  "D29": {
    "x": -0.41911151495508875,
    "y": -0.7519399734849683,
    "z": -0.5088534310658379
  },
  "D30": {
    "x": -0.2606561477254227,
    "y": -0.8934052809943513,
    "z": -0.36590350714955805
  },
  "D31": {
    "x": 0.23002505475434776,
    "y": -0.945700578153432,
    "z": 0.22964949524334632
  },
  "D32": {
    "x": -0.5739077612591245,
    "y": -0.8178251240103508,
    "z": -0.042331408008643275
  },
  "D33": {
    "x": -0.10756506239457476,
    "y": -0.977002789956268,
    "z": -0.1841067781742971
  },
  "D34": {
    "x": 0.2313719503910717,
    "y": -0.8676823913820411,
    "z": -0.43999350933596043
  },
  "D35": {
    "x": -0.12566605543287232,
    "y": -0.8431377076090686,
    "z": 0.5228067028258793
  },
  "D36": {
    "x": -0.7079135615916574,
    "y": -0.6746581326222948,
    "z": -0.20903299596286845
  },
  "D37": {
    "x": 0.5163928414290124,
    "y": -0.7558930202678236,
    "z": -0.40244772981252896
  },
  "D38": {
    "x": -0.035577131496362734,
    "y": -0.5662129644500428,
    "z": 0.8234908297019373
  },
  "D39": {
    "x": -0.83501249437566,
    "y": -0.5492041851842621,
    "z": -0.03359906565113104
  },
  "D40": {
    "x": 0.9299214205445197,
    "y": 0.2720231215083168,
    "z": 0.24748651069772348
  },
  "D41": {
    "x": -0.23458771391745398,
    "y": 0.9672256843205488,
    "z": 0.09717551167670237
  },
  "D42": {
    "x": 0.8976283071243947,
    "y": 0.43638476470049387,
    "z": 0.061901206662618315
  },
  "D43": {
    "x": -0.3475376094612679,
    "y": -0.9280481834749136,
    "z": -0.13395588512215514
  },
  "D45": {
    "x": 0.7248058363707929,
    "y": 0.30888942788415624,
    "z": 0.6158277526258735
  },
  "D47": {
    "x": 0.9524516263191709,
    "y": -0.2731490067940849,
    "z": 0.13500192446543652
  },
  "D48": {
    "x": 0.5335453039204598,
    "y": -0.8421326808733959,
    "z": 0.07837063524950708
  },
  "D49": {
    "x": 0.9884955080657707,
    "y": -0.02615671073565438,
    "z": 0.1489713295143907
  },
  "D50": {
    "x": 0.3787019260392526,
    "y": -0.8356540026374465,
    "z": 0.39782815271191546
  },
  "D51": {
    "x": 0.32277896997577393,
    "y": -0.9464596841232734,
    "z": -0.005272842748640025
  },
  "D52": {
    "x": 0.7251090964211797,
    "y": -0.6822855873377466,
    "z": 0.09329081197227679
  },
  "D53": {
    "x": -0.39214816237067346,
    "y": -0.7830257268137949,
    "z": 0.48279450069054464
  },
  "D54": {
    "x": -0.012008660589960774,
    "y": -0.9136925973043983,
    "z": -0.4062285436819742
  },
  "D55": {
    "x": -0.2541473993577782,
    "y": -0.9128104375318028,
    "z": 0.31966577003594954
  },
  "D56": {
    "x": 0.14100499644811526,
    "y": -0.9674052024575079,
    "z": -0.21034439672787844
  },
  "D57": {
    "x": -0.3995326902930928,
    "y": -0.9099769509442476,
    "z": 0.11097557450796977
  },
  "D58": {
    "x": -0.16705944834702327,
    "y": -0.9842060367984898,
    "z": 0.058562939197052515
  },
  "D59": {
    "x": 0.5920126066773007,
    "y": -0.7471779061644891,
    "z": 0.30206994235573614
  },
  "D60": {
    "x": -0.01742425950708788,
    "y": -0.9656874066437166,
    "z": 0.259122032699581
  },
  "D61": {
    "x": 0.0808314997068794,
    "y": -0.9962604756513898,
    "z": 0.030517754013092445
  }
}