{
  "D2": {
    "x": -0.19407757115155033,
    "y": -0.8913645085091204,
    "z": 0.40963790028049096
  },
  "D3": {
    "x": 0.7053826352068997,
    "y": 0.6228288281253298,
    "z": 0.33840743018527003
  },
  "D4": {
    "x": 0.9753436417911644,
    "y": 0.1801629821580941,
    "z": 0.12746011249583536
  },
  "D5": {
    "x": 0.7817462431490173,
    "y": 0.21143664390400824,
    "z": 0.5866577852010548
  },
  "D6": {
    "x": 0.8621453183775464,
    "y": 0.4928846587247313,
    "z": 0.11734633864541574
  },
  "D7": {
    "x": -0.7024796942928905,
    "y": -0.6680062462891249,
    "z": 0.245540086390961
  },
  "D8": {
    "x": 0.2336772816054714,
    "y": 0.9631126215484669,
    "z": 0.13345038881740542
  },
  "D9": {
    "x": -0.23752150178997122,
    "y": -0.8183034762951102,
    "z": 0.5234147083057323
  },
  "D10": {
    "x": -0.7234792669928353,
    "y": -0.6886590224541962,
    "z": 0.04823381618678598
  },
  "D11": {
    "x": -0.3023911757576516,
    "y": -0.9458240790721701,
    "z": -0.11822177579103729
  },
  "D15": {
    "x": -0.6778418183572035,
    "y": -0.5994857850793416,
    "z": 0.4256139832923791
  },
  "D16": {
    "x": -0.16601121596913088,
    "y": -0.9808168943013261,
    "z": 0.10216895822876967
  },
  "D17": {
    "x": 0.8869229896106537,
    "y": 0.07946363750309335,
    "z": 0.45503092292159364
  },
  "D18": {
    "x": 0.6628386357782485,
    "y": 0.4369563024983752,
    "z": 0.6080412260912733
  },
  "D19": {
    "x": -0.4702020628588503,
    "y": -0.8269393167821986,
    "z": 0.30835269812841387
  },
  "D20": {
    "x": -0.16219690306105058,
    "y": -0.9449221030216156,
    "z": 0.2842787080641309
  },
  "D21": {
    "x": 0.2880304844301214,
    "y": 0.9547095005228808,
    "z": -0.07462043721596039
  },
  "D22": {
    "x": 0.3650168527999578,
    "y": 0.9121196359546846,
    "z": 0.1865488324217225
  },
  "D23": {
    "x": 0.9381807387933505,
    "y": 0.24211833501421776,
    "z": 0.24737747109853422
  },
  "D26": {
    "x": 0.42575969248908174,
    "y": 0.9025657082284987,
    "z": -0.06406111598771004
  },
  "D27": {
    "x": 0.35026721153904944,
    "y": 0.9353524704905278,
    "z": 0.049281197914878005
  },
  "D28": {
    "x": 0.7388258802475675,
    "y": 0.5205555278135637,
    "z": 0.4279699301810224
  },
  "D30": {
    "x": -0.5072190694754983,
    "y": -0.6783163785159414,
    "z": 0.5316161267281383
  },
  "D31": {
    "x": -0.4124781833985884,
    "y": -0.895990550872913,
    "z": 0.16450738879045673
  },
  "D32": {
    "x": -0.5817689167384712,
    "y": -0.7005616588510453,
    "z": 0.4132291006993793
  },
  "D34": {
    "x": -0.5126396893623902,
    "y": -0.8539288326716958,
    "z": -0.08947679935260833
  },
  "D35": {
    "x": -0.346448983102488,
    "y": -0.8908061332293113,
    "z": 0.2940026107167999
  },
  "D36": {
    "x": 0.8401440699098053,
    "y": 0.2669535984950995,
    "z": 0.47211621243705
  },
  "D37": {
    "x": 0.520088851625738,
    "y": -0.4381022663221939,
    "z": -0.7331943744042085
  },
  "D38": {
    "x": 0.6460696720797056,
    "y": 0.5508417239175897,
    "z": 0.5283629188449164
  },
  "D40": {
    "x": 0.9403068235792739,
    "y": 0.3164731180594627,
    "z": 0.12517125499082365
  },
  "D41": {
    "x": 0.8063954405552304,
    "y": 0.39828570078560926,
    "z": 0.4371440197480142
  },
  "D42": {
    "x": 0.954180136760636,
    "y": 0.09730103537794084,
    "z": 0.2829713326926156
  },
  "D43": {
    "x": 0.783145020271461,
    "y": 0.5772225882839541,
    "z": 0.2312962619645761
  },
  "D45": {
    "x": 0.9070897962547975,
    "y": 0.19219624184074,
    "z": 0.37449793878301374
  },
  "D47": {
    "x": 0.8878398239329608,
    "y": 0.40320466134310534,
    "z": 0.22173508542826748
  },
  "D48": {
    "x": -0.6174183456154082,
    "y": -0.7866120317672508,
    "z": 0.006008159163192792
  },
  "D49": {
    "x": 0.7555645550333184,
    "y": 0.34561448984676735,
    "z": 0.5564825492189872
  },
  "D50": {
    "x": -0.40273808455487903,
    "y": -0.9149569942862698,
    "z": -0.025607300828123687
  },
  "D51": {
    "x": -0.5963250766070659,
    "y": -0.7510314177118632,
    "z": 0.2834576028602613
  },
  "D52": {
    "x": 0.8193963402338951,
    "y": 0.47539742294499304,
    "z": 0.3202919416228861
  },
  "D53": {
    "x": -0.26724567530936194,
    "y": -0.944360667708767,
    "z": 0.19173595988518943
  },
  "D54": {
    "x": -0.645011349531673,
    "y": -0.7499719177064842,
    "z": 0.1466372450197717
  },
  "D55": {
    "x": -0.36486479289899504,
    "y": -0.7614633180730589,
    "z": 0.535767951758913
  },
  "D56": {
    "x": -0.5332381960174278,
    "y": -0.8258564066813501,
    "z": 0.1833527252359441
  },
  "D57": {
    "x": -0.3337816471292169,
    "y": -0.8416681846557772,
    "z": 0.4244814235958454
  },
  "D58": {
    "x": -0.29499649287157526,
    "y": -0.953922801729702,
    "z": 0.0548484961838175
  },
  "D59": {
    "x": 0.88065483583673,
    "y": 0.3294132269099235,
    "z": 0.3404908017174232
  },
  "D60": {
    "x": -0.4632052683026423,
    "y": -0.7712435612903124,
    "z": 0.43660536939542277
  },
  "D61": {
    "x": -0.5070222321863326,
    "y": -0.8604665772248727,
    "z": 0.05025659705651541
  }
}