{
  "D2": {
    "x": -0.5931299376571061,
    "y": -0.10579551976467155,
    "z": 0.7981254193750507
  },
  "D3": {
    "x": 0.06136747179608595,
    "y": -0.3566692035843185,
    "z": 0.9322130189070975
  },
  "D4": {
    "x": -0.38001813741705825,
    "y": -0.4804814442833513,
    "z": 0.7903947095808868
  },
  "D5": {
    "x": -0.1888864062210375,
    "y": 0.5170880761832256,
    "z": 0.8348304300958559
  },
  "D7": {
    "x": 0.2065075036604445,
    "y": -0.9775162030364433,
    "z": 0.042623042279345415
  },
  "D8": {
    "x": -0.15812769889965925,
    "y": 0.9150895417730535,
    "z": 0.37095385343500875
  },
  "D9": {
    "x": -0.34424062550764123,
    "y": -0.9379006135990205,
    "z": 0.04290490369047061
  },
  "D10": {
    "x": -0.2814784556623417,
    "y": 0.16912408792122718,
    "z": 0.9445458813010388
  },
  "D11": {
    "x": -0.1215891326548929,
    "y": -0.10747475585286041,
    "z": 0.9867447794007319
  },
  "D12": {
    "x": 0.02768584073562169,
    "y": 0.3870326350120069,
    "z": 0.9216502773061073
  },
  "D13": {
    "x": -0.27408084929818277,
    "y": -0.29249656979839445,
    "z": 0.9161470649978418
  },
  "D15": {
    "x": -0.2365542742825889,
    "y": 0.786501878182535,
    "z": 0.5704882741424077
  },
  "D16": {
    "x": -0.6946457103351162,
    "y": 0.4292496654790305,
    "z": 0.5772452354062028
  },
  "D17": {
    "x": -0.37998797639325843,
    "y": -0.06624949121001897,
    "z": 0.9226159237250191
  },
  "D18": {
    "x": -0.45533490479483857,
    "y": -0.6427310182493157,
    "z": 0.6160900605071253
  },
  "D19": {
    "x": -0.8644660935207539,
    "y": -0.49592069420018325,
    "z": -0.08222553263418447
  },
  "D20": {
    "x": -0.22155239848284974,
    "y": -0.6707823648639197,
    "z": 0.7077892014675442
  },
  "D21": {
    "x": 0.08934641518080548,
    "y": 0.9370545014949075,
    "z": 0.3375590012464038
  },
  "D22": {
    "x": -0.01997592975368669,
    "y": 0.9926089260823976,
    "z": 0.1197016378000957
  },
  "D23": {
    "x": -0.008969264114906896,
    "y": 0.735053418967615,
    "z": 0.67794986803248
  },
  "D24": {
    "x": 0.12933358152458838,
    "y": -0.8546765914268992,
    "z": -0.5027929481972874
  },
  "D25": {
    "x": -0.11640973987325867,
    "y": -0.9373944700818472,
    "z": -0.3282382974648341
  },
  "D26": {
    "x": 0.0671974264297306,
    "y": 0.9911361741481898,
    "z": -0.11460187684375113
  },
  "D27": {
    "x": 0.3118693944316662,
    "y": 0.9415034098170174,
    "z": -0.12770595177890248
  },
  "D28": {
    "x": -0.6659265452458072,
    "y": -0.5522398287245744,
    "z": 0.5015705413072392
  },
  "D29": {
    "x": -0.598629096212433,
    "y": -0.6571000026689866,
    "z": -0.4581078384619757
  },
  "D30": {
    "x": -0.682268867496857,
    "y": -0.6953945103927902,
    "z": -0.2256893160079314
  },
  "D31": {
    "x": -0.7214532662834238,
    "y": -0.6369150272911286,
    "z": 0.2717433211317629
  },
  "D32": {
    "x": -0.018147005982986048,
    "y": -0.9882480994941012,
    "z": 0.15177740286403169
  },
  "D33": {
    "x": -0.406348385336302,
    "y": -0.8119235098310037,
    "z": -0.4191195580240609
  },
  "D34": {
    "x": 0.09593264729886652,
    "y": -0.9786841323402886,
    "z": -0.18158826032419537
  },
  "D35": {
    "x": -0.5359233984835271,
    "y": -0.7425512529908089,
    "z": 0.4017508526931167
  },
  "D36": {
    "x": -0.8253874703216163,
    "y": -0.377291199364094,
    "z": 0.41998437437419783
  },
  "D37": {
    "x": 0.45109250637227155,
    "y": -0.8326777327364541,
    "z": -0.3211905106002677
  },
  "D38": {
    "x": -0.1353403000270461,
    "y": -0.4924837211575373,
    "z": 0.859734137732947
  },
  "D39": {
    "x": -0.8705168006708328,
    "y": -0.4564935909511476,
    "z": 0.18388610923705936
  },
  "D40": {
    "x": 0.9378507618569225,
    "y": 0.2740964435864403,
    "z": 0.21285461728056404
  },
  "D41": {
    "x": -0.18157525742015312,
    "y": 0.9789625523986667,
    "z": -0.09307387868727283
  },
  "D42": {
    "x": 0.8667115720039262,
    "y": 0.48777813662370134,
    "z": 0.1043242080554312
  },
  "D43": {
    "x": 0.5763684925572437,
    "y": -0.7755799752355407,
    "z": 0.2574394352093881
  },
  "D45": {
    "x": 0.8908458422832481,
    "y": 0.1544215140345474,
    "z": 0.4272559903499636
  },
  "D47": {
    "x": 0.9372250100259243,
    "y": -0.21089668622685329,
    "z": 0.2777262470859359
  },
  "D48": {
    "x": 0.7524109406573362,
    "y": -0.5988895229245077,
    "z": 0.27424280430012726
  },
  "D49": {
    "x": 0.976803478123478,
    "y": 0.02715113033936578,
    "z": 0.21240946600180272
  },
  "D50": {
    "x": 0.11738845547580634,
    "y": -0.9169260575733414,
    "z": 0.3814007806284804
  },
  "D51": {
    "x": -0.33364441639707987,
    "y": -0.9199567197360089,
    "z": -0.20581797108030786
  },
  "D52": {
    "x": 0.4679962553323407,
    "y": -0.7269128919270537,
    "z": 0.5025705448443571
  },
  "D53": {
    "x": -0.05616677103210958,
    "y": -0.8143514541613048,
    "z": 0.5776478191226855
  },
  "D54": {
    "x": -0.7314104949589514,
    "y": -0.6816720545281069,
    "z": 0.019023615306547614
  },
  "D55": {
    "x": -0.13196076572475923,
    "y": -0.9218727672760457,
    "z": 0.3643308349071498
  },
  "D56": {
    "x": -0.5363654787343761,
    "y": -0.8398783008538451,
    "z": -0.08316557567228106
  },
  "D57": {
    "x": -0.29712043480772315,
    "y": -0.8059122637584983,
    "z": 0.5120789688547286
  },
  "D58": {
    "x": -0.12871338290667403,
    "y": -0.9890295071580302,
    "z": -0.07248102532017359
  },
  "D59": {
    "x": 0.35759022434554744,
    "y": -0.8750404035089505,
    "z": 0.32624151127561035
  },
  "D60": {
    "x": -0.5689307940835807,
    "y": -0.8062006534742536,
    "z": 0.16235226478590617
  },
  "D61": {
    "x": -0.36655754172051647,
    "y": -0.8854088170342879,
    "z": 0.2858090189720314
  }
}