{
  "D2": {
    "x": -0.8438975961272632,
    "y": -0.31315652712910913,
    "z": 0.4356257990145466
  },
  "D4": {
    "x": -0.5593079137963906,
    "y": -0.5925879721772376,
    "z": -0.5796672776650402
  },
  "D5": {
    "x": -0.9788828265483784,
    "y": 0.07690302787732313,
    "z": 0.18940521690797504
  },
  "D7": {
    "x": -0.6874011706689788,
    "y": -0.3844646401349737,
    "z": 0.6161708943538331
  },
  "D8": {
    "x": -0.3272574534232417,
    "y": 0.8799057799027332,
    "z": 0.3444827683247706
  },
  "D9": {
    "x": -0.6015555523304841,
    "y": -0.15261073584093512,
    "z": 0.7841178997870503
  },
  "D10": {
    "x": -0.924804371169337,
    "y": -0.08650669159998525,
    "z": 0.3704773506903121
  },
  "D11": {
    "x": -0.7794424431829379,
    "y": -0.146832039726491,
    "z": 0.6090236693879565
  },
  "D12": {
    "x": 0.09146972515753736,
    "y": -0.9846938120684111,
    "z": -0.14836234648247304
  },
  "D13": {
    "x": -0.8414285483123727,
    "y": 0.08327752071791134,
    "z": 0.5339127762359795
  },
  "D15": {
    "x": -0.6761160904315447,
    "y": 0.1938461892123809,
    "z": 0.7108380175450671
  },
  "D16": {
    "x": -0.8618525771819706,
    "y": -0.27955722861744214,
    "z": -0.4231523261575325
  },
  "D17": {
    "x": 0.22916861092061422,
    "y": -0.8174887106762132,
    "z": 0.5283880729971663
  },
  "D18": {
    "x": -0.37480731117983185,
    "y": -0.7554706171089677,
    "z": -0.5373859192155486
  },
  "D19": {
    "x": -0.9937416317043692,
    "y": -0.10923460452401867,
    "z": 0.02335317092000043
  },
  "D20": {
    "x": -0.33957228354589203,
    "y": -0.882569772705952,
    "z": -0.32520956405553697
  },
  "D21": {
    "x": -0.19785835560406692,
    "y": 0.9687043020268561,
    "z": 0.14988010659295667
  },
  "D22": {
    "x": 0.051279541364880284,
    "y": 0.9883542037983194,
    "z": 0.14327029165740437
  },
  "D23": {
    "x": -0.5594727596147204,
    "y": -0.788593612497814,
    "z": -0.25516728939410804
  },
  "D24": {
    "x": 0.24045271582170646,
    "y": -0.8445214599934412,
    "z": -0.478503913322046
  },
  "D25": {
    "x": -0.9400939450250982,
    "y": -0.27300118030724063,
    "z": 0.20419042601944107
  },
  "D26": {
    "x": -0.6381438430522781,
    "y": 0.7554823257432222,
    "z": 0.1483876378411675
  },
  "D27": {
    "x": -0.433437773237534,
    "y": 0.8942305687034908,
    "z": 0.11172907735732618
  },
  "D28": {
    "x": -0.8689532402580763,
    "y": -0.4383452781048879,
    "z": -0.2297252345915409
  },
  "D29": {
    "x": -0.9570282618876894,
    "y": -0.20609368290676133,
    "z": -0.20401544013666134
  },
  "D30": {
    "x": -0.7282927917331891,
    "y": -0.5566638315539613,
    "z": -0.39964357638918807
  },
  "D31": {
    "x": 0.000450569339424172,
    "y": -0.7822908361635648,
    "z": 0.6229131918989844
  },
  "D32": {
    "x": -0.8314744407027147,
    "y": -0.4900895716836117,
    "z": 0.26165333207334046
  },
  "D33": {
    "x": -0.06917380419228188,
    "y": -0.609698279050487,
    "z": 0.789609392887675
  },
  "D34": {
    "x": -0.09904102642023063,
    "y": -0.9470024923277256,
    "z": -0.3055767573142684
  },
  "D35": {
    "x": -0.7445318006143974,
    "y": -0.6460566108521388,
    "z": -0.16817625708800707
  },
  "D36": {
    "x": -0.7091120007217718,
    "y": -0.3917266918656358,
    "z": -0.5862681718397914
  },
  "D37": {
    "x": 0.46041764592460926,
    "y": -0.8659675756978423,
    "z": -0.1952325514898654
  },
  "D38": {
    "x": -0.1729579990169515,
    "y": -0.40837293232585886,
    "z": 0.8962795762035592
  },
  "D40": {
    "x": 0.2571278312090088,
    "y": 0.4455502340116157,
    "z": -0.8575373271117392
  },
  "D41": {
    "x": -0.62099007130223,
    "y": 0.15018034617576406,
    "z": -0.7692965585303102
  },
  "D42": {
    "x": 0.44681940937489084,
    "y": 0.5317909386461536,
    "z": -0.7194100450923082
  },
  "D43": {
    "x": -0.48685094864744405,
    "y": -0.7456617527258097,
    "z": 0.4549337361890819
  },
  "D45": {
    "x": -0.1474202704460345,
    "y": 0.4181185968082471,
    "z": -0.8963504353012389
  },
  "D47": {
    "x": 0.31002762801260636,
    "y": -0.42152229274978925,
    "z": -0.8521747629353018
  },
  "D48": {
    "x": 0.06385290571666856,
    "y": -0.9929483155868329,
    "z": 0.0998821756111151
  },
  "D49": {
    "x": 0.49210171275574804,
    "y": 0.06252203639396199,
    "z": -0.8682896401938764
  },
  "D50": {
    "x": -0.382913792107415,
    "y": -0.9201371273635576,
    "z": -0.0820042356287753
  },
  "D51": {
    "x": -0.3445012929308107,
    "y": -0.22703857619487902,
    "z": 0.910918406932477
  },
  "D52": {
    "x": 0.1845986017127215,
    "y": -0.9325610462978907,
    "z": 0.3102470808460435
  },
  "D53": {
    "x": -0.7607213601796504,
    "y": -0.6441074553021537,
    "z": 0.08017853946416253
  },
  "D54": {
    "x": -0.6051494430303629,
    "y": -0.7599886824265224,
    "z": 0.23708933797967435
  },
  "D56": {
    "x": -0.8962303514672322,
    "y": -0.44315200197076926,
    "z": 0.019684010216943795
  },
  "D57": {
    "x": -0.31361262378605514,
    "y": -0.5657547214524576,
    "z": 0.7626065285298037
  },
  "D58": {
    "x": -0.14329200541041046,
    "y": -0.9876584440542381,
    "z": -0.06323131402892201
  },
  "D59": {
    "x": -0.6808391311648805,
    "y": -0.5896776756318107,
    "z": 0.43444023333033477
  },
  "D60": {
    "x": -0.04199285276815808,
    "y": -0.9100104015331316,
    "z": 0.41245323300696835
  },
  "D61": {
    "x": -0.49517464186831456,
    "y": -0.378336681144281,
    "z": 0.782089144376341
  },
  "D62": {
    "x": -0.16988485985703516,
    "y": -0.9681326213360875,
    "z": 0.18400641808445556
  },
  "D63": {
    "x": -0.4920817420848925,
    "y": -0.4298708346190443,
    "z": -0.7570116410271531
  },
  "D64": {
    "x": -0.5249378865353873,
    "y": -0.5731658944655194,
    "z": 0.6292225939215009
  },
  "D65": {
    "x": -0.5920545876089969,
    "y": -0.8058566504978163,
    "z": -0.008150100587192833
  },
  "D66": {
    "x": -0.27425317554654716,
    "y": -0.7516314454732224,
    "z": 0.5998627892097236
  },
  "D67": {
    "x": -0.40908727243192017,
    "y": -0.8973561745852617,
    "z": 0.1655279416531157
  },
  "D68": {
    "x": -0.28799622295734634,
    "y": -0.877210080136553,
    "z": 0.3841362399841033
  }
}