{
  "D2": {
    "x": 0.09860785150122252,
    "y": 0.31912292074017606,
    "z": 0.942569389000392
  },
  "D3": {
    "x": -0.47074295998445614,
    "y": 0.49350658781882273,
    "z": 0.7313359784698792
  },
  "D4": {
    "x": -0.37037124794063314,
    "y": 0.04741376533227877,
    "z": 0.9276729345819645
  },
  "D5": {
    "x": -0.49099555154782043,
    "y": 0.08449403205919725,
    "z": 0.8670548580722163
  },
  "D6": {
    "x": 0.029387076693842294,
    "y": 0.5268927977480183,
    "z": 0.8494235571283953
  },
  "D7": {
    "x": 0.07490319196347446,
    "y": -0.5948898553887262,
    "z": 0.800309672432655
  },
  "D8": {
    "x": -0.4138355598478434,
    "y": 0.6091002038272797,
    "z": 0.6765626882285103
  },
  "D9": {
    "x": 0.31880185500364183,
    "y": -0.8713845682424076,
    "z": 0.372899867893822
  },
  "D10": {
    "x": -0.03703503810982812,
    "y": 0.2876307029013283,
    "z": 0.9570250700481631
  },
  "D11": {
    "x": -0.6074916057618862,
    "y": 0.26879195637320213,
    "z": 0.7474656066454909
  },
  "D12": {
    "x": -0.07353695557306426,
    "y": 0.6037606436319555,
    "z": 0.7937665912383641
  },
  "D13": {
    "x": -0.22957223466239032,
    "y": -0.6857778977584473,
    "z": 0.6906556768883617
  },
  "D14": {
    "x": -0.11011202120144278,
    "y": -0.9383799111313604,
    "z": 0.3275950017506879
  },
  "D15": {
    "x": 0.33877143436870893,
    "y": -0.7747395380481232,
    "z": 0.5338656792122419
  },
  "D16": {
    "x": 0.32399869912155027,
    "y": 0.9418629048588583,
    "z": -0.08898938935837646
  },
  "D18": {
    "x": -0.2467869264484038,
    "y": -0.8930875865171957,
    "z": 0.37615259635291715
  },
  "D19": {
    "x": -0.0152940182490524,
    "y": 0.15287282459186705,
    "z": 0.9881275183432054
  },
  "D20": {
    "x": -0.3433344290252867,
    "y": 0.5348538556982445,
    "z": 0.7720445731242478
  },
  "D21": {
    "x": 0.05149261220948923,
    "y": 0.9967050562864173,
    "z": -0.06267010181045932
  },
  "D22": {
    "x": 0.14087973488275954,
    "y": 0.9822159277982928,
    "z": 0.12411595980655551
  },
  "D23": {
    "x": -0.2874733555740985,
    "y": 0.2811946248107026,
    "z": 0.915581046555976
  },
  "D26": {
    "x": 0.18919997916639414,
    "y": 0.9786505963450015,
    "z": -0.08028934024519736
  },
  "D27": {
    "x": 0.25548098961934157,
    "y": 0.9657471931551489,
    "z": 0.04540729959019337
  },
  "D28": {
    "x": -0.16199121135389086,
    "y": 0.3424849133597788,
    "z": 0.9254528251429373
  },
  "D30": {
    "x": 0.06099698311414412,
    "y": -0.7012303618077117,
    "z": 0.7103205950343822
  },
  "D31": {
    "x": -0.05522985663118075,
    "y": -0.8230809837411972,
    "z": 0.5652321267763557
  },
  "D32": {
    "x": 0.3131643440990467,
    "y": -0.6909439027640305,
    "z": 0.6515555362501525
  },
  "D34": {
    "x": -0.28939155678296286,
    "y": -0.8101816248474605,
    "z": 0.5097629464979406
  },
  "D36": {
    "x": -0.41803587110291907,
    "y": 0.20253634027822653,
    "z": 0.8855648148712358
  },
  "D37": {
    "x": 0.16106122797548805,
    "y": -0.9130305341357156,
    "z": 0.3747459467144081
  },
  "D38": {
    "x": -0.2809485421859155,
    "y": 0.6566164029890769,
    "z": 0.6999448663782706
  },
  "D40": {
    "x": -0.19160490678613773,
    "y": 0.03714467202952777,
    "z": 0.9807690008535619
  },
  "D41": {
    "x": -0.29523826702134676,
    "y": 0.4310075348672995,
    "z": 0.8526821626924336
  },
  "D42": {
    "x": -0.14630406401840912,
    "y": 0.20088189635501683,
    "z": 0.9686287134751425
  },
  "D43": {
    "x": -0.5124931315254665,
    "y": 0.36757720138664857,
    "z": 0.7760398128704353
  },
  "D45": {
    "x": -0.037673604531937195,
    "y": 0.41854348633227456,
    "z": 0.9074150371083766
  },
  "D47": {
    "x": -0.27395434839210536,
    "y": 0.14630866845022705,
    "z": 0.9505486776243386
  },
  "D48": {
    "x": 0.1944403004964448,
    "y": -0.6613227100126423,
    "z": 0.7244620367999879
  },
  "D49": {
    "x": -0.21065135278533445,
    "y": 0.5757349958950106,
    "z": 0.7900349499050537
  },
  "D50": {
    "x": 0.09294512371711608,
    "y": -0.8676844770068917,
    "z": 0.4883491090792396
  },
  "D51": {
    "x": -0.06342565364150893,
    "y": -0.6345672682714305,
    "z": 0.7702607146276392
  },
  "D52": {
    "x": -0.39923545941653005,
    "y": 0.33728300241983744,
    "z": 0.8525557015369332
  },
  "D53": {
    "x": 0.2310668609963338,
    "y": -0.8467548237126009,
    "z": 0.4791809410533175
  },
  "D54": {
    "x": -0.18450325471138246,
    "y": -0.7802287422206291,
    "z": 0.5976634996498632
  },
  "D55": {
    "x": 0.21384580043983856,
    "y": -0.7731844694508638,
    "z": 0.5970391526811545
  },
  "D56": {
    "x": -0.1617302212499603,
    "y": -0.8608011422946785,
    "z": 0.4825605961520434
  },
  "D57": {
    "x": 0.07542664089644982,
    "y": -0.7925193318557291,
    "z": 0.6051643830216934
  },
  "D58": {
    "x": 0.03492164776047715,
    "y": -0.945648289529094,
    "z": 0.32331067261751817
  },
  "D59": {
    "x": -0.16164058249830995,
    "y": 0.47006856446776485,
    "z": 0.8677026373065959
  },
  "D60": {
    "x": -0.06964461340908355,
    "y": -0.7357305037091497,
    "z": 0.673684090457078
  },
  "D61": {
    "x": -0.03409708565290967,
    "y": -0.8982755197983736,
    "z": 0.4381078397848412
  }
}