{
  "D2": {
    "x": 0.8439876560015916,
    "y": -0.23834891265069227,
    "z": 0.4804941543402702
  },
  "D4": {
    "x": 0.42061997151205793,
    "y": -0.49232394571819765,
    "z": 0.762034101623845
  },
  "D5": {
    "x": 0.6244549717017712,
    "y": -0.1342242825527956,
    "z": 0.7694412455087959
  },
  "D7": {
    "x": 0.6508483013515955,
    "y": -0.43526402637137346,
    "z": -0.6220463937478642
  },
  "D8": {
    "x": 0.2015371986876596,
    "y": 0.9412448550245919,
    "z": 0.27099977940003206
  },
  "D9": {
    "x": 0.7109021314248775,
    "y": -0.7012240269251335,
    "z": -0.053879714164663604
  },
  "D10": {
    "x": 0.6542580436095597,
    "y": -0.35935842449242605,
    "z": 0.6654381527373622
  },
  "D11": {
    "x": 0.4326254043383522,
    "y": -0.26484107221400127,
    "z": 0.8617972302053513
  },
  "D12": {
    "x": -0.28119412416987327,
    "y": -0.9560652582312186,
    "z": 0.08287995255555437
  },
  "D13": {
    "x": 0.24026771355976123,
    "y": -0.1396964644546789,
    "z": 0.9606020631039823
  },
  "D15": {
    "x": 0.95636836360847,
    "y": -0.15916203419604555,
    "z": 0.24500408151586794
  },
  "D16": {
    "x": -0.05739304553707299,
    "y": -0.5736813569898725,
    "z": 0.8170653211134578
  },
  "D17": {
    "x": 0.5166379406138379,
    "y": -0.6453111875955325,
    "z": -0.5627243636829099
  },
  "D18": {
    "x": -0.2021570670212822,
    "y": -0.7436121038587816,
    "z": 0.6373174713187058
  },
  "D19": {
    "x": 0.7560723380245641,
    "y": -0.47076425852693055,
    "z": 0.45468190261726765
  },
  "D20": {
    "x": 0.5973683664525754,
    "y": -0.7878564963773169,
    "z": 0.149777087292551
  },
  "D21": {
    "x": 0.28630421016935137,
    "y": 0.8302020989335444,
    "z": 0.4783245489891162
  },
  "D22": {
    "x": 0.027834068847150076,
    "y": 0.9946658768584246,
    "z": 0.09932299846900382
  },
  "D23": {
    "x": -0.2891164347384709,
    "y": -0.8733767631700039,
    "z": 0.3919498905712342
  },
  "D26": {
    "x": 0.8154600608908334,
    "y": 0.32502686238015044,
    "z": 0.47893885603825576
  },
  "D27": {
    "x": 0.7141820063763628,
    "y": 0.5491391192876514,
    "z": 0.43403950216105425
  },
  "D28": {
    "x": 0.046051296979384024,
    "y": -0.7439479931234332,
    "z": 0.6666488292753036
  },
  "D30": {
    "x": 0.3542668836351814,
    "y": -0.7042010438255534,
    "z": 0.6153014424121057
  },
  "D31": {
    "x": 0.7070769575562579,
    "y": -0.569497438245238,
    "z": -0.41918354443500905
  },
  "D32": {
    "x": -0.05626373762485734,
    "y": -0.8741991112760635,
    "z": 0.48229690614042076
  },
  "D33": {
    "x": 0.9045692278710127,
    "y": -0.3138148440207964,
    "z": -0.28857365725416256
  },
  "D34": {
    "x": -0.10030938166595149,
    "y": -0.9618469025780675,
    "z": 0.2545359777139021
  },
  "D35": {
    "x": 0.882397761610282,
    "y": -0.397472857419795,
    "z": 0.2517727505503867
  },
  "D36": {
    "x": 0.15993043956567513,
    "y": -0.37139936754716407,
    "z": 0.9145954101600862
  },
  "D37": {
    "x": -0.42376538759483123,
    "y": -0.8873269048598074,
    "z": -0.18186220109884557
  },
  "D38": {
    "x": 0.029042828707490732,
    "y": -0.8009190288189809,
    "z": -0.5980679086661713
  },
  "D40": {
    "x": -0.8624471187554429,
    "y": 0.41756645810841647,
    "z": 0.28604758417652687
  },
  "D41": {
    "x": -0.11627469282646191,
    "y": 0.2585996370932346,
    "z": 0.9589611167838658
  },
  "D42": {
    "x": -0.8456143530492102,
    "y": 0.5300156883538281,
    "z": 0.06340138812347619
  },
  "D43": {
    "x": 0.911843761958035,
    "y": -0.41053439469580993,
    "z": -0.001569888519391369
  },
  "D45": {
    "x": -0.6712518447418616,
    "y": 0.42300147882026956,
    "z": 0.6086794803889095
  },
  "D47": {
    "x": -0.9452999652794233,
    "y": -0.2180481753963243,
    "z": 0.2426169178953826
  },
  "D48": {
    "x": -0.18653846939153088,
    "y": -0.9652603140867194,
    "z": -0.18296427379757127
  },
  "D49": {
    "x": -0.9718337980916881,
    "y": 0.07548430430120388,
    "z": 0.223251402438702
  },
  "D50": {
    "x": 0.15002204486834253,
    "y": -0.9530771894290373,
    "z": 0.26293964524880603
  },
  "D51": {
    "x": -0.040131724529130754,
    "y": -0.9990551955152119,
    "z": 0.016678159382251295
  },
  "D52": {
    "x": 0.6418225427820909,
    "y": -0.6741302568579869,
    "z": 0.36553005398368515
  },
  "D53": {
    "x": -0.07497891839312112,
    "y": -0.9132681682572107,
    "z": -0.4003990692355779
  },
  "D54": {
    "x": 0.7769532789336588,
    "y": -0.6071098312459244,
    "z": 0.1666170914365678
  },
  "D56": {
    "x": 0.19879318346085828,
    "y": -0.8511028870431314,
    "z": 0.48590651968906984
  },
  "D57": {
    "x": 0.2724109126572123,
    "y": -0.744432642961708,
    "z": -0.6096001433384928
  },
  "D58": {
    "x": 0.20889579094548602,
    "y": -0.9778871136092762,
    "z": 0.009967023737222394
  },
  "D59": {
    "x": 0.5095012651263371,
    "y": -0.8573676272195612,
    "z": -0.07300145635918286
  },
  "D60": {
    "x": 0.4311319923485721,
    "y": -0.8082321971116212,
    "z": 0.4011058722153943
  },
  "D61": {
    "x": 0.40935201070586846,
    "y": -0.8136836014512607,
    "z": -0.412734694519819
  },
  "D62": {
    "x": 0.3803996550826119,
    "y": -0.9076415003472027,
    "z": 0.17743452105074908
  },
  "D63": {
    "x": -0.3630089964424094,
    "y": -0.38636962507756306,
    "z": 0.8479050544249034
  },
  "D64": {
    "x": 0.8222678009478379,
    "y": -0.5326280178963961,
    "z": -0.2004571227873012
  },
  "D65": {
    "x": 0.17332441297497658,
    "y": -0.8925146339289297,
    "z": -0.41638476928147655
  },
  "D66": {
    "x": 0.6060237919822575,
    "y": -0.7463920237066697,
    "z": -0.27501656404389163
  },
  "D67": {
    "x": 0.06877431888342862,
    "y": -0.9761818184836486,
    "z": -0.20576479369434847
  },
  "D68": {
    "x": 0.3133468106062501,
    "y": -0.9258612871592713,
    "z": -0.21117446157778727
  }
}