{
  "D2": {
    "x": -0.22576745790277128,
    "y": -0.6294815291780498,
    "z": 0.7434931468250293
  },
  "D4": {
    "x": 0.11485457671183245,
    "y": -0.9481530049544781,
    "z": 0.2963347860176717
  },
  "D5": {
    "x": -0.7049056351323117,
    "y": -0.7084962649188117,
    "z": -0.0337799963707132
  },
  "D7": {
    "x": -0.40067783054141093,
    "y": -0.7315228433162072,
    "z": 0.5516625833054116
  },
  "D8": {
    "x": 0.17012126101701533,
    "y": 0.9794588573685327,
    "z": 0.10825480715565908
  },
  "D9": {
    "x": -0.2756873912637692,
    "y": -0.9518445865249454,
    "z": -0.13412063749227085
  },
  "D10": {
    "x": -0.5472494925141523,
    "y": -0.5759130857821294,
    "z": 0.6073237279803158
  },
  "D11": {
    "x": -0.08374780354392576,
    "y": -0.966621643353712,
    "z": 0.24213406204360646
  },
  "D12": {
    "x": -0.6909172332850526,
    "y": -0.7104354889067988,
    "z": 0.133846153667134
  },
  "D13": {
    "x": -0.11986323142278847,
    "y": -0.9922262709084815,
    "z": -0.0334639070034532
  },
  "D15": {
    "x": -0.7193626385477915,
    "y": -0.5983021796400153,
    "z": 0.35291910701967694
  },
  "D16": {
    "x": -0.12597457039104645,
    "y": -0.7738596017344981,
    "z": 0.6207026054545892
  },
  "D17": {
    "x": -0.6130339310557278,
    "y": -0.7893139235879439,
    "z": 0.034248056945857065
  },
  "D18": {
    "x": -0.10590772994239413,
    "y": -0.24972093472822846,
    "z": -0.9625087051538334
  },
  "D19": {
    "x": -0.2153117794002773,
    "y": -0.9358932093364676,
    "z": 0.2788274347501934
  },
  "D20": {
    "x": -0.3316533083775873,
    "y": -0.9214550322349742,
    "z": 0.20230350123278568
  },
  "D21": {
    "x": 0.20434100210990105,
    "y": 0.9733592425021445,
    "z": -0.10400259560401842
  },
  "D22": {
    "x": 0.3095893208659612,
    "y": 0.9391734699453332,
    "z": 0.14868640071168357
  },
  "D23": {
    "x": -0.09686387370406829,
    "y": -0.47964096886936,
    "z": -0.872102018661294
  },
  "D26": {
    "x": 0.34603314296136145,
    "y": 0.932206214001937,
    "z": -0.106078454685468
  },
  "D27": {
    "x": 0.278991962389357,
    "y": 0.9601957202224644,
    "z": 0.01369904334611455
  },
  "D28": {
    "x": -0.45687478134074266,
    "y": -0.8600761840156496,
    "z": 0.22701187604160103
  },
  "D30": {
    "x": 0.0353048148011978,
    "y": -0.9131505029223407,
    "z": 0.4060907891894736
  },
  "D31": {
    "x": -0.46922218134123794,
    "y": -0.8652301971304988,
    "z": -0.1766557401017274
  },
  "D32": {
    "x": -0.10062153315932178,
    "y": -0.9220471174099016,
    "z": 0.37377054504168583
  },
  "D33": {
    "x": -0.25216757007755763,
    "y": -0.9676697939665568,
    "z": 0.005165892556158013
  },
  "D34": {
    "x": -0.6446820368575124,
    "y": -0.5925264386447723,
    "z": 0.48300878963036714
  },
  "D35": {
    "x": 0.04168805502261243,
    "y": -0.9824144972888033,
    "z": 0.18199961973921724
  },
  "D36": {
    "x": -0.03684152066713011,
    "y": -0.3669425752199551,
    "z": -0.9295137701217132
  },
  "D37": {
    "x": 0.5052544770305313,
    "y": -0.5834306892481244,
    "z": -0.6358667661421401
  },
  "D38": {
    "x": -0.662800613690909,
    "y": -0.6976710089275365,
    "z": 0.2719384301509949
  },
  "D40": {
    "x": -0.468267542640014,
    "y": 0.36852895532358765,
    "z": -0.8030640806299256
  },
  "D41": {
    "x": -0.42163932646056396,
    "y": 0.08678074914568076,
    "z": -0.9026014513391813
  },
  "D42": {
    "x": -0.3355209827427074,
    "y": 0.4723839241861675,
    "z": -0.8150331884713929
  },
  "D43": {
    "x": 0.0036547072006749342,
    "y": -0.8499098264023749,
    "z": 0.5269154866769079
  },
  "D45": {
    "x": -0.485432500600559,
    "y": 0.22503160956831253,
    "z": -0.8448171767049856
  },
  "D47": {
    "x": -0.23703472194982944,
    "y": 0.16981441668559596,
    "z": -0.9565446170858409
  },
  "D48": {
    "x": -0.5434855369116668,
    "y": -0.7821778384939803,
    "z": 0.304665882790841
  },
  "D49": {
    "x": -0.3340631710464596,
    "y": 0.34661143081896556,
    "z": -0.8765057408688283
  },
  "D50": {
    "x": -0.5246875202413636,
    "y": -0.6782413679722135,
    "z": 0.5144819266739594
  },
  "D51": {
    "x": -0.39471465845387815,
    "y": -0.9161615025557237,
    "z": -0.0696307377275078
  },
  "D52": {
    "x": -0.30088434562425864,
    "y": -0.6994263585723591,
    "z": 0.6482834098544181
  },
  "D53": {
    "x": -0.36231316128231195,
    "y": -0.8718422430854086,
    "z": 0.32957590375120105
  },
  "D54": {
    "x": -0.23084882000468476,
    "y": -0.8834528451674041,
    "z": 0.4077007391065943
  },
  "D56": {
    "x": -0.49369719679840357,
    "y": -0.8647513105804262,
    "z": 0.09202308798792745
  },
  "D57": {
    "x": -0.6001044202718179,
    "y": -0.6941074564870113,
    "z": 0.3976047328935575
  },
  "D58": {
    "x": -0.0815625595118815,
    "y": -0.9911960481592056,
    "z": 0.10429737772084437
  },
  "D59": {
    "x": -0.42554205356771024,
    "y": -0.6323699580915575,
    "z": 0.6473192386671803
  },
  "D60": {
    "x": -0.37035339087282093,
    "y": -0.9264095252238032,
    "z": 0.06785099441873611
  },
  "D61": {
    "x": -0.5179267044830651,
    "y": -0.8542161883616514,
    "z": -0.045460227938315854
  },
  "D62": {
    "x": -0.24929123507823756,
    "y": -0.7922049437511938,
    "z": 0.5570145484718824
  },
  "D63": {
    "x": -0.3610546004898502,
    "y": 0.2128795420293338,
    "z": -0.9079217345402057
  },
  "D64": {
    "x": -0.5843780178969564,
    "y": -0.7932108607197292,
    "z": 0.171227517166753
  },
  "D65": {
    "x": -0.1345174860364932,
    "y": -0.8528312543851618,
    "z": 0.504563075833194
  },
  "D66": {
    "x": -0.4723275185188366,
    "y": -0.7722855801092334,
    "z": 0.4248313759660209
  },
  "D67": {
    "x": -0.21466647443405534,
    "y": -0.9665949767927863,
    "z": 0.1400444771956608
  },
  "D68": {
    "x": -0.34462611380498204,
    "y": -0.8193482343591248,
    "z": 0.4581498799915376
  }
}