{
  "D2": {
    "x": -0.5855412448549242,
    "y": 0.37890574128972143,
    "z": 0.7166393024328434
  },
  "D3": {
    "x": -0.5694981013305083,
    "y": 0.13729991458534752,
    "z": 0.8104447211474713
  },
  "D4": {
    "x": -0.3671288184871987,
    "y": -0.3086902960638508,
    "z": 0.8774546892872622
  },
  "D5": {
    "x": -0.46653590213035173,
    "y": -0.07933120100384597,
    "z": 0.8809374623494599
  },
  "D6": {
    "x": -0.4698244356867884,
    "y": -0.4874155761510202,
    "z": 0.7359966411315748
  },
  "D7": {
    "x": 0.24946417133063686,
    "y": -0.4983104220571137,
    "z": -0.8303338789255681
  },
  "D8": {
    "x": -0.38742238158900977,
    "y": 0.2968616058905038,
    "z": 0.8727984218546749
  },
  "D9": {
    "x": 0.2599308854405686,
    "y": -0.6923789839027488,
    "z": -0.6730878675506484
  },
  "D10": {
    "x": -0.15408167220514501,
    "y": 0.640121328185492,
    "z": 0.7526642833910135
  },
  "D11": {
    "x": -0.17596649669273615,
    "y": 0.42959901423156027,
    "z": 0.8857090261552927
  },
  "D15": {
    "x": 0.22375752324985287,
    "y": 0.6807295233268909,
    "z": -0.6975241120278461
  },
  "D16": {
    "x": 0.04834932490129144,
    "y": 0.9959419600520893,
    "z": -0.07590754237354815
  },
  "D18": {
    "x": -0.49929243748690716,
    "y": -0.6617628239608632,
    "z": 0.5592647196916026
  },
  "D19": {
    "x": -0.3880746157065856,
    "y": -0.8528253602640273,
    "z": 0.34940949834645
  },
  "D20": {
    "x": -0.6713834865845351,
    "y": -0.3761593820204698,
    "z": 0.6385517467359804
  },
  "D21": {
    "x": -0.17032912851722615,
    "y": 0.9219468997400128,
    "z": 0.3478532765956666
  },
  "D22": {
    "x": -0.010053915742946727,
    "y": 0.9859112567950675,
    "z": 0.1669668006012106
  },
  "D23": {
    "x": -0.6596175246380249,
    "y": -0.14672272640995307,
    "z": 0.7371412095014324
  },
  "D26": {
    "x": -0.0020664577157036637,
    "y": 0.8542234993859786,
    "z": 0.5199018588630764
  },
  "D27": {
    "x": 0.15815544337832527,
    "y": 0.9262817222013557,
    "z": 0.3420365869983735
  },
  "D28": {
    "x": -0.7471259893004214,
    "y": 0.18011328976991123,
    "z": 0.6398140034104653
  },
  "D30": {
    "x": -0.3495779100510617,
    "y": -0.9227052157857777,
    "z": -0.16251267509352363
  },
  "D31": {
    "x": 0.021771874893494025,
    "y": -0.9628919020449699,
    "z": -0.2690077516352315
  },
  "D32": {
    "x": -0.1271331606001933,
    "y": -0.9894159402899878,
    "z": -0.06995181610140354
  },
  "D34": {
    "x": -0.6290018319089783,
    "y": -0.7771314439677482,
    "z": 0.020577032141496285
  },
  "D36": {
    "x": -0.9093788707717476,
    "y": 0.41351031060098337,
    "z": -0.045158525447358176
  },
  "D37": {
    "x": -0.016943881468252812,
    "y": -0.9876916950132868,
    "z": 0.15549283096840852
  },
  "D38": {
    "x": -0.24093339754890436,
    "y": -0.019261965181550673,
    "z": 0.9703504906181512
  },
  "D40": {
    "x": -0.3792747978979061,
    "y": 0.5218405562950771,
    "z": 0.7640896946596957
  },
  "D41": {
    "x": 0.0880691355569415,
    "y": 0.3314184108283845,
    "z": 0.9393645002480355
  },
  "D42": {
    "x": -0.534870229576674,
    "y": 0.6068992505265052,
    "z": 0.5878665981521338
  },
  "D43": {
    "x": 0.8553977930676736,
    "y": -0.4978712973497067,
    "z": 0.14289432070685495
  },
  "D45": {
    "x": -0.12274352367855615,
    "y": 0.20102955768251435,
    "z": 0.9718647767734689
  },
  "D47": {
    "x": 0.6620886594873291,
    "y": 0.15659195525136607,
    "z": 0.7328830510585068
  },
  "D48": {
    "x": -0.3164477804692421,
    "y": -0.634847362154203,
    "z": -0.7048614253893745
  },
  "D49": {
    "x": 0.5327336466235342,
    "y": 0.36855851424399005,
    "z": 0.7618132863986123
  },
  "D50": {
    "x": 0.14441563598757465,
    "y": -0.988881822129721,
    "z": -0.03545230519595567
  },
  "D51": {
    "x": 0.49935283059435187,
    "y": -0.8346102165294004,
    "z": -0.2325350232591988
  },
  "D52": {
    "x": -0.17079679583836227,
    "y": -0.48709681233838437,
    "z": 0.8564841796210444
  },
  "D53": {
    "x": -0.22791074484123214,
    "y": -0.8967403580128478,
    "z": -0.37935922645548525
  },
  "D54": {
    "x": 0.5283894187802847,
    "y": -0.7106374566407875,
    "z": -0.4645417390721159
  },
  "D55": {
    "x": -0.15512342188367967,
    "y": -0.7898749058654153,
    "z": -0.593324832673637
  },
  "D56": {
    "x": 0.2692230550607977,
    "y": -0.9315657314552829,
    "z": -0.24434449983970255
  },
  "D57": {
    "x": 0.019001394204551925,
    "y": -0.6750545356580092,
    "z": -0.7375230985574842
  },
  "D58": {
    "x": 0.3077242043706806,
    "y": -0.8280651742223356,
    "z": -0.4686297912900594
  },
  "D59": {
    "x": 0.24691391050988112,
    "y": -0.5037864035722018,
    "z": 0.8277878836830757
  },
  "D60": {
    "x": 0.062143879511855654,
    "y": -0.8661216128420812,
    "z": -0.49595512902585037
  },
  "D61": {
    "x": -0.41517771085819627,
    "y": -0.7671540921076396,
    "z": -0.48898064109845
  }
}