{
  "D2": {
    "x": -0.11009661433980265,
    "y": -0.9414989116842376,
    "z": 0.3185255638222917
  },
  "D3": {
    "x": 0.6333856064061375,
    "y": 0.6065860841828925,
    "z": 0.48049557341685717
  },
  "D4": {
    "x": 0.9731725071033125,
    "y": 0.20639017477284816,
    "z": 0.10167776145985158
  },
  "D5": {
    "x": 0.7766078617775126,
    "y": 0.23629567774217808,
    "z": 0.5839902239812963
  },
  "D6": {
    "x": 0.8455569557387167,
    "y": 0.5078992732954435,
    "z": 0.16453498955491105
  },
  "D7": {
    "x": -0.6397612695387965,
    "y": -0.660341269814608,
    "z": 0.3932619043051827
  },
  "D8": {
    "x": 0.20613972981121856,
    "y": 0.9744141835217428,
    "z": 0.08957349354029359
  },
  "D9": {
    "x": -0.36042469316151277,
    "y": -0.7112540244532436,
    "z": 0.6034995884493163
  },
  "D10": {
    "x": -0.7537640294781189,
    "y": -0.6391033664971137,
    "z": 0.1529270244167638
  },
  "D11": {
    "x": 0.4987792685210893,
    "y": 0.8630778775886835,
    "z": 0.07947212411016125
  },
  "D15": {
    "x": -0.27061389192048063,
    "y": -0.9626393868847817,
    "z": 0.009671210769190343
  },
  "D16": {
    "x": -0.20757443915674306,
    "y": -0.8849279075619724,
    "z": 0.4169118019758528
  },
  "D17": {
    "x": 0.8855986050005963,
    "y": 0.1002811741908613,
    "z": 0.45349619284388704
  },
  "D18": {
    "x": -0.3764911412988853,
    "y": -0.9200042317940497,
    "z": -0.10884224365798184
  },
  "D19": {
    "x": -0.2458787378796176,
    "y": -0.9253789857695691,
    "z": 0.2884742258067606
  },
  "D20": {
    "x": -0.6762081092732509,
    "y": -0.7320633331897637,
    "z": 0.08261881839017271
  },
  "D21": {
    "x": 0.3059689114187768,
    "y": 0.9490146774330167,
    "z": -0.07585622757503829
  },
  "D22": {
    "x": 0.3095602146493496,
    "y": 0.9318091675315088,
    "z": 0.18948390119080136
  },
  "D23": {
    "x": 0.6917814229377709,
    "y": 0.6764211470435681,
    "z": 0.2527704387590774
  },
  "D26": {
    "x": 0.4399162289119208,
    "y": 0.8968601161462949,
    "z": -0.04599612598870857
  },
  "D27": {
    "x": 0.3516876268990791,
    "y": 0.9344409369825049,
    "z": 0.05599953908160843
  },
  "D28": {
    "x": 0.9559697523100467,
    "y": 0.07588518762702831,
    "z": 0.2834841635207842
  },
  "D30": {
    "x": -0.49799594739388775,
    "y": -0.8226309671255584,
    "z": 0.27436896381575804
  },
  "D31": {
    "x": -0.635942692491563,
    "y": -0.7703708728462082,
    "z": -0.04588692773277381
  },
  "D32": {
    "x": -0.28103626763180023,
    "y": -0.8121573774762453,
    "z": 0.5112915122378767
  },
  "D34": {
    "x": -0.6468035181596394,
    "y": -0.7152566137284914,
    "z": 0.26467562300666253
  },
  "D35": {
    "x": -0.1732076071237697,
    "y": -0.9688517364006024,
    "z": 0.176989936742165
  },
  "D36": {
    "x": 0.7252192627657909,
    "y": 0.36651720994644804,
    "z": 0.5828568912919484
  },
  "D37": {
    "x": 0.5237350201235582,
    "y": -0.4339520016121715,
    "z": -0.7330670426318222
  },
  "D38": {
    "x": 0.8757643928249448,
    "y": 0.32538542877921406,
    "z": 0.3565964820327352
  },
  "D40": {
    "x": 0.9051894748620857,
    "y": 0.3827414769574468,
    "z": 0.18477276968031248
  },
  "D41": {
    "x": 0.6983049569948365,
    "y": 0.4897197282571566,
    "z": 0.5220582101568523
  },
  "D42": {
    "x": 0.8514152108833523,
    "y": 0.241174700016859,
    "z": 0.46575412263149624
  },
  "D43": {
    "x": 0.7772577990555245,
    "y": 0.567258982950738,
    "z": 0.27219030120314075
  },
  "D45": {
    "x": 0.9396346131494971,
    "y": 0.2544004031994036,
    "z": 0.2288388704380789
  },
  "D47": {
    "x": 0.7701595493196896,
    "y": 0.4952024808763393,
    "z": 0.40203080917463485
  },
  "D48": {
    "x": -0.5467263723676774,
    "y": -0.6700382331197396,
    "z": 0.5021344838939638
  },
  "D49": {
    "x": 0.9162871113381432,
    "y": 0.19146543755034204,
    "z": 0.35179385415219716
  },
  "D50": {
    "x": -0.5018122059963532,
    "y": -0.8601608862376777,
    "z": -0.09114691272822374
  },
  "D51": {
    "x": -0.37714851440254643,
    "y": -0.8904819585901099,
    "z": 0.2545601687410542
  },
  "D52": {
    "x": 0.8022292274583404,
    "y": 0.37398439459950816,
    "z": 0.4653643080508368
  },
  "D53": {
    "x": -0.5839530491293909,
    "y": -0.7943069750102625,
    "z": 0.1675567541537302
  },
  "D54": {
    "x": -0.4122965796653155,
    "y": -0.7697361346530797,
    "z": 0.48735799306630684
  },
  "D55": {
    "x": -0.4010604305943357,
    "y": -0.9155951854332772,
    "z": 0.028913447094542112
  },
  "D56": {
    "x": -0.3568544817651181,
    "y": -0.8501860604229017,
    "z": 0.38708983648080336
  },
  "D57": {
    "x": -0.546654498636221,
    "y": -0.8364337995045733,
    "z": 0.03933647375051532
  },
  "D58": {
    "x": -0.30950856059424986,
    "y": -0.9401912702717043,
    "z": 0.14228431474956946
  },
  "D59": {
    "x": 0.8450584287581623,
    "y": 0.4466996685053231,
    "z": 0.293829301027009
  },
  "D60": {
    "x": -0.5182853669141483,
    "y": -0.757636449156377,
    "z": 0.39669546172395703
  },
  "D61": {
    "x": -0.46441322713727545,
    "y": -0.8734305464647322,
    "z": 0.14642211227222707
  }
}