{
  "D2": {
    "x": 0.550547037940827,
    "y": 0.5813982749798333,
    "z": 0.5990609358529863
  },
  "D3": {
    "x": -0.04380780485237527,
    "y": -0.5566720264121335,
    "z": 0.8295764770316388
  },
  "D4": {
    "x": -0.7574624230879696,
    "y": 0.2528992953287235,
    "z": 0.601907487934763
  },
  "D5": {
    "x": -0.2677968973607024,
    "y": -0.36625381815978286,
    "z": 0.8911469926153386
  },
  "D7": {
    "x": -0.3439775933470491,
    "y": -0.799911270469557,
    "z": 0.4917533677067718
  },
  "D8": {
    "x": -0.22922091218773724,
    "y": -0.7875172520180792,
    "z": -0.5720789728610158
  },
  "D9": {
    "x": -0.28488045061796125,
    "y": -0.9170696615015286,
    "z": 0.2789737708265406
  },
  "D10": {
    "x": 0.35796163406361586,
    "y": -0.10170566421727459,
    "z": 0.9281807078390655
  },
  "D11": {
    "x": -0.022892699173113238,
    "y": -0.152102292927501,
    "z": 0.9880995986289874
  },
  "D12": {
    "x": -0.7741470227212991,
    "y": 0.5873899303852479,
    "z": 0.23594375790378944
  },
  "D13": {
    "x": 0.45278594179681725,
    "y": -0.3260700186309538,
    "z": 0.8298573575387391
  },
  "D15": {
    "x": 0.11496500506204915,
    "y": 0.7029848608546354,
    "z": 0.7018513610589295
  },
  "D16": {
    "x": -0.7905078970612185,
    "y": 0.4336975529629051,
    "z": 0.4324392410938655
  },
  "D17": {
    "x": -0.17003138296654863,
    "y": 0.049972623584058615,
    "z": 0.9841707502758904
  },
  "D18": {
    "x": -0.42519306618918096,
    "y": -0.902192725926339,
    "z": 0.07251994036294235
  },
  "D19": {
    "x": -0.7871647485302884,
    "y": -0.5906818169772836,
    "z": 0.17738841496462693
  },
  "D20": {
    "x": -0.6352691844553542,
    "y": -0.7673936190098853,
    "z": 0.08683373068306975
  },
  "D21": {
    "x": 0.12809656070778738,
    "y": 0.1761816794659666,
    "z": 0.9759873395466704
  },
  "D22": {
    "x": 0.11496500506204915,
    "y": 0.7029848608546354,
    "z": 0.7018513610589295
  },
  "D23": {
    "x": 0.12809656070778738,
    "y": 0.1761816794659666,
    "z": 0.9759873395466704
  },
  "D26": {
    "x": -0.3188722784862051,
    "y": 0.92965869617841,
    "z": -0.1845404525649453
  },
  "D27": {
    "x": -0.3188722784862051,
    "y": 0.92965869617841,
    "z": -0.1845404525649453
  },
  "D28": {
    "x": -0.5378225794725845,
    "y": -0.8314907196200946,
    "z": -0.13917634926636438
  },
  "D30": {
    "x": -0.5087066079868477,
    "y": -0.8074734928006195,
    "z": 0.29867063031855634
  },
  "D31": {
    "x": 0.28410640784062446,
    "y": -0.9397808314622812,
    "z": 0.18998825711069656
  },
  "D32": {
    "x": 0.21973475178378674,
    "y": -0.3236588781533152,
    "z": 0.9203051501817509
  },
  "D33": {
    "x": -0.3903648403115303,
    "y": -0.8452671443424025,
    "z": -0.36488182490197246
  },
  "D34": {
    "x": 0.5352919872961398,
    "y": -0.607149199359899,
    "z": -0.5872242655520828
  },
  "D35": {
    "x": -0.31128164029710675,
    "y": -0.9388827441754977,
    "z": -0.1469793628487673
  },
  "D36": {
    "x": -0.7233381370755687,
    "y": -0.6678520409282415,
    "z": -0.17537271988547196
  },
  "D37": {
    "x": 0.5578577839548036,
    "y": -0.7396559666171834,
    "z": -0.37643557739490524
  },
  "D38": {
    "x": -0.04380780485237527,
    "y": -0.5566720264121335,
    "z": 0.8295764770316388
  },
  "D39": {
    "x": -0.8778644561063829,
    "y": -0.4781695052610223,
    "z": -0.026606783786733538
  },
  "D40": {
    "x": -0.44392503666532573,
    "y": -0.04332562717680491,
    "z": 0.8950158947479233
  },
  "D41": {
    "x": -0.23542716022322854,
    "y": 0.96876545917379,
    "z": 0.07789439864985191
  },
  "D42": {
    "x": 0.7841419291959868,
    "y": 0.5576772309349058,
    "z": 0.27224536905808294
  },
  "D43": {
    "x": 0.904836596893327,
    "y": -0.4133982666285131,
    "z": 0.10184599192429683
  },
  "D45": {
    "x": 0.8194142986729733,
    "y": 0.10788422238883852,
    "z": 0.5629575487457601
  },
  "D47": {
    "x": 0.7039435913470334,
    "y": -0.6691406415730174,
    "z": 0.23814747950942303
  },
  "D48": {
    "x": 0.904836596893327,
    "y": -0.4133982666285131,
    "z": 0.10184599192429683
  },
  "D49": {
    "x": 0.5407843079261376,
    "y": -0.5016664272361445,
    "z": 0.6751911789152538
  },
  "D50": {
    "x": -0.45532386745866565,
    "y": -0.6261936571025751,
    "z": 0.6328994229156684
  },
  "D51": {
    "x": 0.16621825884137104,
    "y": -0.8983918232490413,
    "z": 0.40652628739972807
  },
  "D52": {
    "x": 0.1024059567234656,
    "y": -0.78004139963613,
    "z": 0.6172912075198049
  },
  "D53": {
    "x": -0.1506328865652385,
    "y": -0.9157671312150428,
    "z": -0.37239803285086587
  },
  "D54": {
    "x": -0.10169651516148508,
    "y": -0.861237355338157,
    "z": 0.49792372565900805
  },
  "D55": {
    "x": -0.05267792214139876,
    "y": -0.9867251416836698,
    "z": -0.15361813463327473
  },
  "D56": {
    "x": -0.03860911506076098,
    "y": -0.9600584733151991,
    "z": 0.27712283206172983
  },
  "D57": {
    "x": -0.18003998278824948,
    "y": -0.9817385112215268,
    "z": 0.06144184390256271
  },
  "D58": {
    "x": 0.3693929292999544,
    "y": -0.8816084101490789,
    "z": -0.2937949539008666
  },
  "D59": {
    "x": 0.6769518516978328,
    "y": -0.7360262903091627,
    "z": -0.0012208425811293076
  },
  "D60": {
    "x": 0.6496522978060751,
    "y": -0.5966261688337907,
    "z": 0.47115719947592827
  },
  "D61": {
    "x": 0.078474632853369,
    "y": -0.9951660055682938,
    "z": 0.05904535002669899
  }
}