{
  "D2": {
    "x": -0.45825500693540694,
    "y": 0.058712878213154206,
    "z": 0.8868794430758656
  },
  "D3": {
    "x": 0.033860355520538926,
    "y": -0.7787912415127053,
    "z": 0.6263686442240877
  },
  "D4": {
    "x": 0.1355569665477934,
    "y": -0.585811376308925,
    "z": 0.7990302498700557
  },
  "D5": {
    "x": -0.14489068946198858,
    "y": -0.41333519074135566,
    "z": 0.8989775904893496
  },
  "D6": {
    "x": -0.10875389263483223,
    "y": -0.6296629898991091,
    "z": 0.7692185060098891
  },
  "D7": {
    "x": -0.6838744724365383,
    "y": -0.560416332124379,
    "z": -0.4671715323496328
  },
  "D8": {
    "x": -0.07115200577012633,
    "y": 0.2207965651358184,
    "z": 0.9727210642826196
  },
  "D9": {
    "x": -0.5810779190604126,
    "y": -0.7433353864413871,
    "z": -0.33136227190863876
  },
  "D10": {
    "x": -0.2940695722851851,
    "y": 0.5113114816309157,
    "z": 0.807516969114833
  },
  "D11": {
    "x": -0.304990085919616,
    "y": 0.2832174257673947,
    "z": 0.909268352705864
  },
  "D15": {
    "x": -0.40512720816453784,
    "y": 0.7199315579624632,
    "z": 0.5635339360274121
  },
  "D16": {
    "x": -0.7342531024280415,
    "y": 0.4884026129431412,
    "z": 0.4715244100204232
  },
  "D17": {
    "x": -0.05091577003181455,
    "y": 0.6590331628802566,
    "z": 0.7503884824450017
  },
  "D18": {
    "x": -0.3250326277827419,
    "y": -0.6821039577763899,
    "z": 0.6550480758405678
  },
  "D19": {
    "x": -0.1837857999799601,
    "y": -0.8357342512886199,
    "z": 0.517465980474829
  },
  "D20": {
    "x": -0.45190550049594835,
    "y": -0.7662575799833885,
    "z": 0.45676114079407787
  },
  "D21": {
    "x": -0.044633623767427535,
    "y": 0.9286391234651739,
    "z": 0.3682895844294559
  },
  "D22": {
    "x": -0.17131006564050902,
    "y": 0.9725807817908986,
    "z": 0.15728790259027942
  },
  "D23": {
    "x": 0.1003478536674974,
    "y": -0.3712195338516679,
    "z": 0.9231069092750184
  },
  "D26": {
    "x": 0.08326295577792128,
    "y": 0.9836909469162295,
    "z": 0.1594346297081526
  },
  "D27": {
    "x": 0.04665318078139987,
    "y": 0.9950619918915149,
    "z": -0.08760772235293454
  },
  "D28": {
    "x": -0.36345943047981055,
    "y": -0.4806725717186803,
    "z": 0.7980295240106359
  },
  "D30": {
    "x": -0.0530706756745946,
    "y": -0.9435979807997871,
    "z": 0.32681241410632905
  },
  "D31": {
    "x": -0.4288070742970449,
    "y": -0.7320957174793629,
    "z": -0.52930176032315
  },
  "D32": {
    "x": -0.7755663657613147,
    "y": -0.618605921786025,
    "z": 0.12579159682208185
  },
  "D34": {
    "x": 0.057616106177645295,
    "y": -0.9890225373047538,
    "z": -0.13606911851038572
  },
  "D35": {
    "x": -0.3004310800542952,
    "y": -0.9030634839175642,
    "z": 0.30694870931815454
  },
  "D36": {
    "x": -0.029599848313149463,
    "y": 0.45332714794136825,
    "z": 0.8908525949444068
  },
  "D37": {
    "x": 0.42590026451296537,
    "y": -0.8526812226977147,
    "z": -0.3025618897787962
  },
  "D38": {
    "x": 0.4628196149681181,
    "y": -0.2366725156190164,
    "z": 0.8542740335228091
  },
  "D40": {
    "x": 0.9035636386806407,
    "y": 0.4125149935200845,
    "z": -0.11577621074869139
  },
  "D41": {
    "x": -0.20270014232492217,
    "y": 0.9750294577246623,
    "z": -0.09072049862411105
  },
  "D42": {
    "x": 0.8591106933835819,
    "y": 0.3663116765988881,
    "z": -0.357413726794723
  },
  "D43": {
    "x": 0.9291402986035517,
    "y": -0.3526495568202752,
    "z": 0.11107022816833617
  },
  "D45": {
    "x": 0.674101916891097,
    "y": 0.1517799066251552,
    "z": 0.722875829993373
  },
  "D47": {
    "x": 0.9902806232565635,
    "y": -0.07488831799934006,
    "z": 0.11720079790607993
  },
  "D48": {
    "x": -0.7466945310277178,
    "y": -0.6426260632374018,
    "z": -0.17169455489704813
  },
  "D49": {
    "x": 0.9778945387115282,
    "y": 0.1747917431717924,
    "z": 0.11476113312935605
  },
  "D50": {
    "x": 0.1281560820666838,
    "y": -0.9837375075419988,
    "z": 0.12584329495198932
  },
  "D51": {
    "x": -0.11918770391333786,
    "y": -0.988785215657756,
    "z": 0.0899893801096076
  },
  "D52": {
    "x": 0.3831708178446046,
    "y": -0.6536806476098195,
    "z": 0.6525961502282279
  },
  "D53": {
    "x": -0.666787455440792,
    "y": -0.6594278439688962,
    "z": 0.3472022578632332
  },
  "D54": {
    "x": -0.07260626113686736,
    "y": -0.9365555138216363,
    "z": -0.34291704590763067
  },
  "D55": {
    "x": -0.5225413619499943,
    "y": -0.8227452024241068,
    "z": 0.22369813798858582
  },
  "D56": {
    "x": -0.31490172189696,
    "y": -0.8777609637585038,
    "z": -0.3610714555985733
  },
  "D57": {
    "x": -0.6277970146676506,
    "y": -0.7783759785251958,
    "z": 0.0013207684618012415
  },
  "D58": {
    "x": -0.45914875975746106,
    "y": -0.8743836661785792,
    "z": -0.1569573850868202
  },
  "D59": {
    "x": 0.7871957997695103,
    "y": -0.5675380058895781,
    "z": 0.24129522311086535
  },
  "D60": {
    "x": -0.22079857652733267,
    "y": -0.9653273835084385,
    "z": -0.13925168312180508
  },
  "D61": {
    "x": -0.3610067125725993,
    "y": -0.9302232391193881,
    "z": 0.06602180609282277
  }
}