{
  "D2": {
    "x": 0.03257404250160892,
    "y": 0.2963506253739885,
    "z": 0.9545235662861077
  },
  "D3": {
    "x": -0.517502335313136,
    "y": 0.5426655039269356,
    "z": 0.6615931406787524
  },
  "D4": {
    "x": -0.44599430279465724,
    "y": 0.05824610377066099,
    "z": 0.893138552112854
  },
  "D5": {
    "x": -0.5770989190002247,
    "y": 0.1695031611721488,
    "z": 0.7988901777099409
  },
  "D6": {
    "x": -0.044954647920987856,
    "y": 0.6434306960682161,
    "z": 0.7641832365260776
  },
  "D7": {
    "x": 0.751562652561638,
    "y": -0.6528721499903292,
    "z": 0.0944009271221409
  },
  "D8": {
    "x": -0.39902025015345366,
    "y": 0.6148768664771762,
    "z": 0.6802273730442522
  },
  "D9": {
    "x": 0.41230685382687926,
    "y": -0.8773613025248441,
    "z": -0.24543879709469213
  },
  "D10": {
    "x": 0.04045018845001642,
    "y": 0.42651246914460056,
    "z": 0.903576723869387
  },
  "D11": {
    "x": -0.5889191420529698,
    "y": 0.4250484648630955,
    "z": 0.6873922072886192
  },
  "D15": {
    "x": 0.2714500794295387,
    "y": -0.952022126416625,
    "z": 0.14131073982845402
  },
  "D16": {
    "x": 0.33847831285800417,
    "y": 0.9354863734182858,
    "z": -0.10147746978271961
  },
  "D18": {
    "x": 0.6780788871458621,
    "y": -0.70711177359986,
    "z": 0.20050427038716545
  },
  "D19": {
    "x": -0.10732308896373342,
    "y": 0.295748367877671,
    "z": 0.9492179188537143
  },
  "D20": {
    "x": -0.45775244551962485,
    "y": 0.1953946952692164,
    "z": 0.8673428455238753
  },
  "D21": {
    "x": 0.06816304759827135,
    "y": 0.995509714080293,
    "z": -0.06568263175215494
  },
  "D22": {
    "x": 0.16385723970531546,
    "y": 0.9794279427275413,
    "z": 0.11777822379646923
  },
  "D23": {
    "x": -0.22943567339112647,
    "y": 0.35045701733038087,
    "z": 0.9080413816448311
  },
  "D26": {
    "x": 0.20476838066640976,
    "y": 0.9748211976708553,
    "z": -0.08828104468579703
  },
  "D27": {
    "x": 0.27521841641944517,
    "y": 0.9607437672573761,
    "z": 0.035017666108374486
  },
  "D28": {
    "x": -0.21974335960840352,
    "y": 0.07888905349021581,
    "z": 0.9723627785695161
  },
  "D30": {
    "x": 0.5603878546032706,
    "y": -0.7900316608873774,
    "z": -0.2486270846240926
  },
  "D31": {
    "x": 0.3593087416402695,
    "y": -0.9022813000252473,
    "z": 0.23829746915491148
  },
  "D32": {
    "x": 0.6889029765279832,
    "y": -0.6983345155765146,
    "z": -0.19427195702262315
  },
  "D34": {
    "x": 0.5881735387937801,
    "y": -0.7518007888257187,
    "z": 0.2980729142069591
  },
  "D36": {
    "x": -0.5839386214495662,
    "y": 0.3018015144394186,
    "z": 0.7536123222596972
  },
  "D37": {
    "x": 0.33894033580506655,
    "y": -0.9305268565274843,
    "z": -0.13870550834565787
  },
  "D38": {
    "x": -0.26745398014849714,
    "y": 0.6542863107127485,
    "z": 0.7073738701115756
  },
  "D40": {
    "x": -0.35012819799498557,
    "y": 0.28100737201133086,
    "z": 0.8935575537390246
  },
  "D41": {
    "x": -0.17242487624170183,
    "y": 0.5907624322072202,
    "z": 0.78820645185487
  },
  "D42": {
    "x": -0.22392814809802827,
    "y": 0.21704800349634965,
    "z": 0.9501296483468118
  },
  "D43": {
    "x": -0.32954655123298854,
    "y": 0.5389894120746866,
    "z": 0.7751706162141514
  },
  "D45": {
    "x": -0.0975290308875517,
    "y": 0.44579517410475983,
    "z": 0.8898060186799379
  },
  "D47": {
    "x": -0.4648584576582386,
    "y": 0.3312279418081647,
    "z": 0.8210935786553996
  },
  "D48": {
    "x": 0.5453611844926226,
    "y": -0.8381999624316577,
    "z": -0.0014147184777411521
  },
  "D49": {
    "x": -0.22768204941178824,
    "y": 0.4772683810900678,
    "z": 0.8487495371352576
  },
  "D50": {
    "x": 0.300057721802715,
    "y": -0.9539114505443405,
    "z": 0.004278797372729912
  },
  "D51": {
    "x": 0.7024744863753642,
    "y": -0.7113387362098658,
    "z": -0.02295208833678224
  },
  "D52": {
    "x": -0.3421409754776205,
    "y": 0.1452767999027273,
    "z": 0.9283502594975914
  },
  "D53": {
    "x": -0.45060224242821595,
    "y": 0.46801802207755566,
    "z": 0.7602083596812627
  },
  "D54": {
    "x": 0.45148434364133744,
    "y": -0.8861585984545454,
    "z": 0.10433036869400333
  },
  "D55": {
    "x": 0.6155428060753497,
    "y": -0.7806657144142136,
    "z": -0.10801896234934917
  },
  "D56": {
    "x": 0.4663616958735075,
    "y": -0.833400933038073,
    "z": 0.2965630682220148
  },
  "D57": {
    "x": 0.42579627404661285,
    "y": -0.9042495697145724,
    "z": -0.03209748711398575
  },
  "D58": {
    "x": 0.54571072002959,
    "y": -0.8179239287338221,
    "z": 0.1822093764036755
  },
  "D59": {
    "x": -0.3515289799913473,
    "y": 0.4109353054993426,
    "z": 0.841165590665955
  },
  "D60": {
    "x": 0.5006895983834955,
    "y": -0.854339471981221,
    "z": -0.13933410453088219
  },
  "D61": {
    "x": 0.6328881079246466,
    "y": -0.7697041206798388,
    "z": 0.08371504916104903
  }
}