{
  "D2": {
    "x": 0.46285866832065886,
    "y": 0.7951896159195354,
    "z": 0.3917082178027009
  },
  "D3": {
    "x": 0.11459781295543377,
    "y": -0.9205356038917355,
    "z": 0.3734722790696914
  },
  "D4": {
    "x": 0.08395918658143148,
    "y": -0.4719236694975878,
    "z": 0.8776325570285757
  },
  "D5": {
    "x": 0.18369058248575415,
    "y": -0.11541377191572644,
    "z": 0.9761851418446346
  },
  "D6": {
    "x": 0.09950495427684077,
    "y": -0.6743178063814305,
    "z": 0.731706402918069
  },
  "D7": {
    "x": -0.35914973856940585,
    "y": -0.40393855040671656,
    "z": -0.841335315305882
  },
  "D8": {
    "x": 0.23972858688041615,
    "y": 0.4640952468974459,
    "z": 0.852728448241008
  },
  "D9": {
    "x": -0.007971607737598974,
    "y": -0.7116676875116164,
    "z": -0.7024710357174496
  },
  "D10": {
    "x": 0.2635073910001086,
    "y": 0.9454547448430998,
    "z": 0.19151809403287492
  },
  "D11": {
    "x": 0.18862450554317908,
    "y": 0.8854565063921999,
    "z": 0.4247205801421816
  },
  "D15": {
    "x": 0.11007551374003208,
    "y": 0.4149911259900724,
    "z": -0.9031421519474994
  },
  "D16": {
    "x": 0.1629980142961334,
    "y": 0.9598790259300043,
    "z": -0.22817515840946342
  },
  "D17": {
    "x": -0.22221570763919998,
    "y": -0.6000088691590291,
    "z": -0.7685112466378826
  },
  "D18": {
    "x": 0.23024615473801555,
    "y": -0.7974178856125602,
    "z": 0.5577736314433943
  },
  "D19": {
    "x": 0.05828579697942079,
    "y": -0.9974552214602262,
    "z": -0.041059067843836776
  },
  "D20": {
    "x": 0.3072830631368952,
    "y": -0.5367095383293248,
    "z": 0.785824401870755
  },
  "D21": {
    "x": 0.016475808069025488,
    "y": 0.969309313551579,
    "z": 0.24529166804161828
  },
  "D22": {
    "x": 0.0832694587879326,
    "y": 0.9965094769106794,
    "z": 0.005921119857680486
  },
  "D23": {
    "x": -0.01888860270027367,
    "y": -0.261484228659855,
    "z": 0.9650229110493658
  },
  "D26": {
    "x": 0.6886683102583596,
    "y": 0.7222729377131625,
    "z": -0.06370056430750073
  },
  "D27": {
    "x": 0.5283451150247704,
    "y": 0.8171685107784301,
    "z": -0.23040630291210573
  },
  "D28": {
    "x": 0.6525118303702576,
    "y": -0.2695642539246501,
    "z": 0.7082114262230615
  },
  "D30": {
    "x": 0.48500773776890177,
    "y": -0.84766036693285,
    "z": -0.21503347794136235
  },
  "D31": {
    "x": -0.029048899120551676,
    "y": -0.9616994926698714,
    "z": -0.2725623731522677
  },
  "D32": {
    "x": 0.1645713604797432,
    "y": -0.888248458732409,
    "z": -0.42887170910348754
  },
  "D34": {
    "x": 0.32626675554423773,
    "y": -0.9445658162089412,
    "z": 0.03668000921719331
  },
  "D35": {
    "x": -0.011601276950597235,
    "y": -0.5044157710148154,
    "z": -0.8633829627254901
  },
  "D36": {
    "x": -0.14716643179956176,
    "y": 0.6678546665211536,
    "z": 0.7295972764185074
  },
  "D37": {
    "x": -0.1748639213911405,
    "y": -0.9548531166050643,
    "z": 0.24016272547027032
  },
  "D38": {
    "x": 0.5709567760863336,
    "y": 0.14044381085228436,
    "z": 0.8088781711941473
  },
  "D40": {
    "x": 0.8683602193932108,
    "y": 0.4959337766639021,
    "z": 0.0004674818216286655
  },
  "D41": {
    "x": 0.17873049459167936,
    "y": 0.6142197183244752,
    "z": -0.7686283548792721
  },
  "D42": {
    "x": 0.8133491686247961,
    "y": 0.5294716826374818,
    "z": -0.24108684572656955
  },
  "D43": {
    "x": 0.9303993423665895,
    "y": -0.35186177911785466,
    "z": -0.10271490699911034
  },
  "D45": {
    "x": 0.7047066691742329,
    "y": 0.28119310441499673,
    "z": 0.6513976883984278
  },
  "D47": {
    "x": 0.983079063114283,
    "y": 0.015071064033896329,
    "z": 0.18256072604815632
  },
  "D48": {
    "x": 0.25519684844462087,
    "y": -0.94533915474317,
    "z": -0.20299864791028072
  },
  "D49": {
    "x": 0.9236506773138861,
    "y": 0.21888192005385732,
    "z": 0.3145792926610655
  },
  "D50": {
    "x": 0.6031198106827815,
    "y": -0.6582280023759893,
    "z": -0.4505356710073913
  },
  "D51": {
    "x": -0.5144054100528416,
    "y": -0.667889660853421,
    "z": -0.5378758918500348
  },
  "D52": {
    "x": 0.5210548911047567,
    "y": -0.5454443929459238,
    "z": 0.656499973084282
  },
  "D53": {
    "x": 0.3985895111453731,
    "y": -0.8018760940212059,
    "z": -0.4451079997508321
  },
  "D54": {
    "x": -0.26259123455869793,
    "y": -0.8973950721131569,
    "z": -0.35458134197946833
  },
  "D55": {
    "x": 0.44103598463054927,
    "y": -0.6194746442859147,
    "z": -0.6494139091117477
  },
  "D56": {
    "x": -0.2862834365028685,
    "y": -0.7581841915398341,
    "z": -0.5858314823250764
  },
  "D57": {
    "x": 0.2271886896942509,
    "y": -0.7466817812839426,
    "z": -0.6251812671326994
  },
  "D58": {
    "x": -0.07017636825179704,
    "y": -0.8577809447368967,
    "z": -0.5092024432239747
  },
  "D59": {
    "x": 0.9921837373412739,
    "y": -0.12197646355162389,
    "z": -0.0263281920180956
  },
  "D60": {
    "x": 0.2215751572446368,
    "y": -0.5638530613436212,
    "z": -0.7955967413868918
  },
  "D61": {
    "x": -0.22000616904966735,
    "y": -0.9691190795892712,
    "z": -0.11137995850301288
  }
}