{
  "D2": {
    "x": -0.47218368847797143,
    "y": 0.772214385082725,
    "z": -0.4251205803141586
  },
  "D3": {
    "x": -0.6213168584629762,
    "y": -0.4140528827458345,
    "z": 0.665225955356195
  },
  "D4": {
    "x": -0.015002443615318113,
    "y": -0.34281589963126563,
    "z": -0.939282803869833
  },
  "D5": {
    "x": -0.2542738394820211,
    "y": -0.13555361386546874,
    "z": -0.9575855221979301
  },
  "D6": {
    "x": 0.5946088140815298,
    "y": 0.773770109165146,
    "z": -0.21844948244185622
  },
  "D7": {
    "x": 0.1128766377755778,
    "y": -0.8884483758943795,
    "z": -0.4448801501698186
  },
  "D8": {
    "x": -0.2837691461143485,
    "y": 0.9022534071803613,
    "z": -0.32467500819275075
  },
  "D9": {
    "x": -0.4724974259481676,
    "y": -0.8729790529526922,
    "z": -0.1210526975254032
  },
  "D10": {
    "x": -0.45341032255389585,
    "y": 0.880815214547832,
    "z": -0.13632181491833598
  },
  "D11": {
    "x": 0.012110631931659517,
    "y": 0.9976809340274768,
    "z": -0.06697825372669401
  },
  "D12": {
    "x": 0.4171716168108612,
    "y": 0.7939774945579755,
    "z": -0.4422302344513002
  },
  "D13": {
    "x": -0.7925477749497819,
    "y": -0.023213893472515658,
    "z": 0.6093678196065135
  },
  "D14": {
    "x": -0.4779353730555144,
    "y": -0.8010692393975383,
    "z": -0.36036905093714156
  },
  "D15": {
    "x": -0.6756577896933527,
    "y": 0.6383030926085126,
    "z": -0.3688573073603152
  },
  "D16": {
    "x": -0.2360545286421485,
    "y": 0.9703860920591737,
    "z": -0.05127467060506577
  },
  "D18": {
    "x": -0.060128381412253656,
    "y": -0.5620803161680822,
    "z": -0.8248941119471828
  },
  "D19": {
    "x": 0.17548780986143148,
    "y": -0.4827467336467564,
    "z": -0.8579974473991319
  },
  "D20": {
    "x": -0.2576690791229128,
    "y": -0.3761390481332212,
    "z": -0.8900146415275336
  },
  "D21": {
    "x": -0.40644014066689094,
    "y": 0.9043351724161374,
    "z": 0.130323858083442
  },
  "D22": {
    "x": -0.17149269760840674,
    "y": 0.9666480641870334,
    "z": 0.19021507477182945
  },
  "D23": {
    "x": -0.23944710409255385,
    "y": -0.9704619960156581,
    "z": -0.02947199740422171
  },
  "D26": {
    "x": -0.11660244879886603,
    "y": 0.846012132204803,
    "z": -0.5202569952402283
  },
  "D27": {
    "x": -0.037719904670423535,
    "y": 0.950820469152181,
    "z": -0.307437219986261
  },
  "D28": {
    "x": 0.20181957154655875,
    "y": -0.21936787000600974,
    "z": -0.9545399929546114
  },
  "D30": {
    "x": -0.794175791538871,
    "y": -0.3952024072628063,
    "z": -0.4616274140768621
  },
  "D31": {
    "x": -0.6599171868904702,
    "y": -0.7218263132130904,
    "z": -0.20850918444942784
  },
  "D32": {
    "x": 0.1612743690520739,
    "y": -0.6844480963782953,
    "z": -0.7110002681089392
  },
  "D34": {
    "x": -0.757632176309302,
    "y": -0.199000199204783,
    "z": -0.6216047024735958
  },
  "D36": {
    "x": -0.7483292739593693,
    "y": 0.047574085201526825,
    "z": -0.6616192289774241
  },
  "D37": {
    "x": -0.4745229641372799,
    "y": -0.26140140413683205,
    "z": -0.840533915093057
  },
  "D38": {
    "x": -0.6268031552585028,
    "y": 0.060345586697046975,
    "z": 0.7768373154812881
  },
  "D40": {
    "x": -0.5388900074015435,
    "y": 0.40904057879554373,
    "z": 0.7363989169067069
  },
  "D41": {
    "x": -0.8553360660213749,
    "y": 0.22212845287055863,
    "z": 0.46803756749689474
  },
  "D42": {
    "x": -0.3630071340163546,
    "y": 0.5862871984151742,
    "z": 0.7242189873427226
  },
  "D43": {
    "x": -0.6062385760501461,
    "y": -0.18876936216924725,
    "z": 0.772554798583833
  },
  "D45": {
    "x": -0.12226139928709429,
    "y": 0.46509744220542126,
    "z": 0.8767762083327401
  },
  "D47": {
    "x": -0.4192432797108902,
    "y": 0.127651638950549,
    "z": 0.898854900131548
  },
  "D48": {
    "x": -0.03219543654689095,
    "y": -0.9659720085263941,
    "z": -0.25663501828285107
  },
  "D49": {
    "x": -0.2015333221657297,
    "y": 0.23950787460679082,
    "z": 0.9497474917356623
  },
  "D50": {
    "x": -0.6374590127199807,
    "y": -0.7696508940030351,
    "z": 0.03582608633937288
  },
  "D51": {
    "x": -0.6610987608881667,
    "y": -0.6118209773261671,
    "z": -0.4343080934725765
  },
  "D52": {
    "x": -0.444427204560338,
    "y": -0.8575885407806568,
    "z": 0.25889448539585974
  },
  "D53": {
    "x": -0.04342328566484991,
    "y": -0.7890678403072908,
    "z": -0.6127694196472738
  },
  "D54": {
    "x": -0.6342964881520133,
    "y": -0.4141450813749843,
    "z": -0.6528030458652366
  },
  "D55": {
    "x": -0.27772490241721476,
    "y": -0.9214647190859659,
    "z": -0.27160937034125
  },
  "D56": {
    "x": -0.42348940116436473,
    "y": -0.5033766210260904,
    "z": -0.7531724268092954
  },
  "D57": {
    "x": -0.26759071753280483,
    "y": -0.8228914171243814,
    "z": -0.501243377525635
  },
  "D58": {
    "x": -0.24642354599774835,
    "y": -0.67136295575671,
    "z": -0.6989615279938585
  },
  "D59": {
    "x": -0.27293392199423705,
    "y": -0.06568817580934559,
    "z": 0.9597875482541355
  },
  "D60": {
    "x": -0.4639993718950396,
    "y": -0.673868151766092,
    "z": -0.5749837362189991
  },
  "D61": {
    "x": -0.8117156631580422,
    "y": -0.527670745034411,
    "z": -0.2503622715560981
  }
}