{
  "D2": {
    "x": 0.5444664697106507,
    "y": -0.8141746933693613,
    "z": 0.2016825030530103
  },
  "D4": {
    "x": 0.23839980694108084,
    "y": -0.9529519865991886,
    "z": 0.18721122639178203
  },
  "D5": {
    "x": 0.03858162234344749,
    "y": -0.18258050877011642,
    "z": 0.9824336192509868
  },
  "D7": {
    "x": 0.6466064882550389,
    "y": -0.668897666936109,
    "z": -0.3667096406067295
  },
  "D8": {
    "x": -0.1787067960833217,
    "y": 0.8841781816710326,
    "z": 0.4316165243483396
  },
  "D9": {
    "x": 0.5543779795802564,
    "y": -0.7052751437974947,
    "z": -0.44187331589261675
  },
  "D10": {
    "x": 0.34708922875968784,
    "y": -0.8683379006110035,
    "z": 0.354285700588494
  },
  "D11": {
    "x": 0.3374549068958158,
    "y": -0.820356383982047,
    "z": 0.46167043339576824
  },
  "D12": {
    "x": 0.2122230610850902,
    "y": -0.9764564619467108,
    "z": -0.038654239950953406
  },
  "D13": {
    "x": 0.20237754346781317,
    "y": -0.2683672118144493,
    "z": 0.9418186500186073
  },
  "D15": {
    "x": 0.6669461753556664,
    "y": -0.7421862072526286,
    "z": 0.06589713910639078
  },
  "D16": {
    "x": 0.11928256469108102,
    "y": -0.9336379391798451,
    "z": 0.3377748781137077
  },
  "D17": {
    "x": 0.652491815266995,
    "y": -0.7134868045469849,
    "z": -0.2553253037732738
  },
  "D18": {
    "x": 0.1242602395917866,
    "y": -0.9672056862577455,
    "z": 0.22152325685416294
  },
  "D19": {
    "x": 0.4406672803374337,
    "y": -0.8730197345531617,
    "z": 0.20892317037786112
  },
  "D20": {
    "x": 0.1930393578067256,
    "y": -0.9779755348740523,
    "z": 0.07937039451444107
  },
  "D21": {
    "x": -0.2938385963310242,
    "y": 0.8506321536998682,
    "z": 0.4359860300492865
  },
  "D22": {
    "x": -0.24079026656659688,
    "y": 0.9208227718539173,
    "z": 0.3067661493093001
  },
  "D23": {
    "x": 0.07860322152329914,
    "y": -0.9905116194695979,
    "z": 0.11273094190094256
  },
  "D24": {
    "x": -0.881601165529967,
    "y": -0.47018709973609285,
    "z": -0.04127318957828692
  },
  "D25": {
    "x": 0.34625793667565985,
    "y": -0.9285627436767857,
    "z": 0.13370367363896435
  },
  "D26": {
    "x": 0.21915887238128906,
    "y": 0.9613754826536451,
    "z": 0.16651297249473648
  },
  "D27": {
    "x": 0.10208254917819458,
    "y": 0.983139880086843,
    "z": 0.15170738062503641
  },
  "D28": {
    "x": 0.3335826023370356,
    "y": -0.9099728399776432,
    "z": 0.24631702726582616
  },
  "D29": {
    "x": 0.2343782735573771,
    "y": -0.9213074385438217,
    "z": 0.3102570362910171
  },
  "D30": {
    "x": 0.302234461351945,
    "y": -0.9527674775880799,
    "z": 0.029807113609795734
  },
  "D31": {
    "x": 0.569324061693517,
    "y": -0.7518492753004434,
    "z": -0.3325549278044073
  },
  "D32": {
    "x": 0.3496654337236464,
    "y": -0.915985659402957,
    "z": -0.19673422739062008
  },
  "D33": {
    "x": 0.16268676794482767,
    "y": -0.9503851991189555,
    "z": -0.2651433363886206
  },
  "D34": {
    "x": 0.23837575912462663,
    "y": -0.9554613007018374,
    "z": -0.1739847703763491
  },
  "D35": {
    "x": 0.5407841074797543,
    "y": -0.8333239931858012,
    "z": -0.11455859408266315
  },
  "D36": {
    "x": 0.15667763409179472,
    "y": -0.8329481501945162,
    "z": 0.5307066026185574
  },
  "D37": {
    "x": 0.056610798103752843,
    "y": -0.9749226180858951,
    "z": -0.2152233869322759
  },
  "D38": {
    "x": 0.2618802020771192,
    "y": -0.8253012497655671,
    "z": -0.5002965189719396
  },
  "D40": {
    "x": -0.5899416776863785,
    "y": 0.6447211728306548,
    "z": 0.48611050825141205
  },
  "D41": {
    "x": -0.17903046897429603,
    "y": 0.6409284002140988,
    "z": 0.7464307583278168
  },
  "D42": {
    "x": -0.5837386293524292,
    "y": 0.7133187660456,
    "z": 0.3878473289954824
  },
  "D43": {
    "x": 0.27878519623450787,
    "y": -0.9154780578580707,
    "z": -0.2901357267571541
  },
  "D45": {
    "x": -0.41735360950140815,
    "y": 0.6396962587037683,
    "z": 0.6454491933812819
  },
  "D47": {
    "x": -0.6820577734127249,
    "y": 0.5776934532885163,
    "z": 0.44840547248541146
  },
  "D48": {
    "x": 0.1325065558117138,
    "y": -0.9833525030613789,
    "z": -0.12433771507406002
  },
  "D49": {
    "x": -0.6767889031360377,
    "y": 0.6472438342380518,
    "z": 0.3507594612162937
  },
  "D50": {
    "x": 0.4499172610924498,
    "y": -0.8882467012615889,
    "z": 0.0926944219949284
  },
  "D51": {
    "x": 0.40541102678725766,
    "y": -0.9140490292491156,
    "z": -0.01250085949248532
  },
  "D52": {
    "x": 0.5112326297252359,
    "y": -0.8594299705988517,
    "z": -0.004617785256676534
  },
  "D53": {
    "x": 0.7139718755323103,
    "y": -0.6917554477565885,
    "z": -0.1082523045849686
  },
  "D54": {
    "x": 0.37889027247738233,
    "y": -0.799422624371135,
    "z": -0.4662248696343667
  },
  "D56": {
    "x": 0.4522587247118131,
    "y": -0.8128209309580264,
    "z": 0.3671296502852526
  },
  "D57": {
    "x": 0.6117051150981475,
    "y": -0.7905637558587236,
    "z": -0.02873673755509686
  },
  "D58": {
    "x": 0.3014940056957551,
    "y": -0.8668011897668865,
    "z": -0.3971864322308079
  },
  "D59": {
    "x": 0.6288482328147659,
    "y": -0.7630518643699543,
    "z": -0.14933771247505606
  },
  "D60": {
    "x": 0.47626288245112564,
    "y": -0.7837743529653516,
    "z": -0.3985867915938632
  },
  "D61": {
    "x": 0.43793889500281563,
    "y": -0.8907906224250189,
    "z": -0.12125011852926186
  },
  "D62": {
    "x": 0.40050483624538424,
    "y": -0.8515034642621649,
    "z": -0.3384342277217096
  },
  "D63": {
    "x": -0.3381514492043618,
    "y": 0.4674377653234218,
    "z": 0.8167958943031212
  },
  "D64": {
    "x": 0.5504218567712289,
    "y": -0.8029451035306986,
    "z": -0.22872459488342822
  },
  "D65": {
    "x": 0.19256879973949217,
    "y": -0.9078001730033792,
    "z": -0.3725803312869939
  },
  "D66": {
    "x": 0.4490206567041961,
    "y": -0.8625199215519076,
    "z": -0.23332345526976814
  },
  "D67": {
    "x": 0.3173694857516552,
    "y": -0.9443457283362343,
    "z": -0.0865318143045497
  },
  "D68": {
    "x": 0.5738722613248748,
    "y": -0.814414053835646,
    "z": 0.08602544156738871
  }
}