{
  "D2": {
    "x": -0.5924938351621037,
    "y": -0.09809324851587313,
    "z": 0.799580371126321
  },
  "D3": {
    "x": 0.06547532322569294,
    "y": -0.3549006425595455,
    "z": 0.9326084472914197
  },
  "D4": {
    "x": -0.3759750364740821,
    "y": -0.4836208795355755,
    "z": 0.7904135732801842
  },
  "D5": {
    "x": -0.1836142939658109,
    "y": 0.5149211821762266,
    "z": 0.8373422043571398
  },
  "D7": {
    "x": 0.2054283936726788,
    "y": -0.9780453054754721,
    "z": 0.03502221452811545
  },
  "D8": {
    "x": -0.15736956597162802,
    "y": 0.913194679754749,
    "z": 0.3759126182685587
  },
  "D9": {
    "x": -0.3395157575357442,
    "y": -0.939688715784226,
    "z": 0.04140250973940917
  },
  "D10": {
    "x": -0.2736436720064678,
    "y": 0.1671059508944805,
    "z": 0.9472036433346677
  },
  "D11": {
    "x": -0.11867646601662842,
    "y": -0.10853199001670505,
    "z": 0.9869836389509291
  },
  "D12": {
    "x": 0.02973257426642637,
    "y": 0.38693152167963146,
    "z": 0.9216289771693251
  },
  "D13": {
    "x": -0.2630397669070162,
    "y": -0.30016038523131783,
    "z": 0.9169044793015734
  },
  "D15": {
    "x": -0.2322390731754281,
    "y": 0.7836324072496961,
    "z": 0.5761816234475591
  },
  "D16": {
    "x": -0.6899295767254615,
    "y": 0.4276633049258818,
    "z": 0.5840387630793848
  },
  "D17": {
    "x": -0.37624715908629003,
    "y": -0.07749828392510125,
    "z": 0.9232724902585155
  },
  "D18": {
    "x": -0.45223382569721565,
    "y": -0.6451963095217559,
    "z": 0.6157972792037708
  },
  "D19": {
    "x": -0.8629251673023205,
    "y": -0.498149959455475,
    "z": -0.08489271777231953
  },
  "D20": {
    "x": -0.21167149314787384,
    "y": -0.6764170723131009,
    "z": 0.705446754384711
  },
  "D21": {
    "x": 0.09059208697715478,
    "y": 0.9345195750290325,
    "z": 0.34418924687543656
  },
  "D22": {
    "x": -0.02113216248829823,
    "y": 0.9915568121368518,
    "z": 0.1279395170132062
  },
  "D23": {
    "x": -0.006245911332084987,
    "y": 0.7321653845174355,
    "z": 0.6810982589216239
  },
  "D26": {
    "x": 0.06696995726059388,
    "y": 0.9921062001326778,
    "z": -0.10602033994858524
  },
  "D27": {
    "x": 0.31145376545410114,
    "y": 0.942394820771477,
    "z": -0.1220186615545254
  },
  "D28": {
    "x": -0.6636460182668573,
    "y": -0.5544833492474931,
    "z": 0.5021176932212494
  },
  "D30": {
    "x": -0.6858344069659659,
    "y": -0.692550684611141,
    "z": -0.22361734160454053
  },
  "D31": {
    "x": -0.7189957650894718,
    "y": -0.639650780126286,
    "z": 0.27183077321605614
  },
  "D32": {
    "x": -0.017315257694258148,
    "y": -0.988832846703688,
    "z": 0.14801953631484632
  },
  "D33": {
    "x": -0.4120343283348896,
    "y": -0.809465863535241,
    "z": -0.41832132152779755
  },
  "D34": {
    "x": 0.09721451875490204,
    "y": -0.97689223534173,
    "z": -0.1903441563912355
  },
  "D35": {
    "x": -0.5329246722287004,
    "y": -0.7449029195255505,
    "z": 0.4013862655999125
  },
  "D36": {
    "x": -0.8237243005495275,
    "y": -0.3799710337127544,
    "z": 0.42083285307049484
  },
  "D37": {
    "x": 0.4517792694309085,
    "y": -0.8308155198003052,
    "z": -0.3250247125549429
  },
  "D38": {
    "x": -0.12409859307875346,
    "y": -0.49911342252912416,
    "z": 0.8576044138454152
  },
  "D39": {
    "x": -0.8687769742742807,
    "y": -0.45948360528120646,
    "z": 0.18466560440052257
  },
  "D40": {
    "x": 0.9391854723697031,
    "y": 0.27259292109375266,
    "z": 0.2088629882465374
  },
  "D41": {
    "x": -0.1824278937093573,
    "y": 0.9786031046757708,
    "z": -0.0951631604966433
  },
  "D42": {
    "x": 0.8661936459723849,
    "y": 0.48836955318575864,
    "z": 0.1058477548094876
  },
  "D43": {
    "x": 0.5800819347901119,
    "y": -0.7746428275537028,
    "z": 0.2518599584089629
  },
  "D45": {
    "x": 0.8923580211778797,
    "y": 0.15437029273775157,
    "z": 0.42410726798719167
  },
  "D47": {
    "x": 0.9386104514634093,
    "y": -0.21312100316482674,
    "z": 0.2712745074895044
  },
  "D48": {
    "x": 0.7563407965258977,
    "y": -0.5978993283684776,
    "z": 0.2654524301020688
  },
  "D49": {
    "x": 0.9777612990000846,
    "y": 0.025589069348959655,
    "z": 0.20815388948449068
  },
  "D50": {
    "x": 0.12078433112921154,
    "y": -0.9223073306606375,
    "z": 0.36709717128209846
  },
  "D51": {
    "x": -0.3354421695321291,
    "y": -0.9189954240194534,
    "z": -0.20718581401940458
  },
  "D52": {
    "x": 0.4698980926763898,
    "y": -0.7289530830662744,
    "z": 0.49781842592180553
  },
  "D53": {
    "x": -0.047861325415790315,
    "y": -0.8175576908304627,
    "z": 0.5738542634619049
  },
  "D54": {
    "x": -0.7312661711683582,
    "y": -0.6817392990277953,
    "z": 0.02193889390693609
  },
  "D55": {
    "x": -0.1291352573496829,
    "y": -0.9231139792247718,
    "z": 0.36219423886781876
  },
  "D56": {
    "x": -0.5381733906328802,
    "y": -0.8385900075490096,
    "z": -0.08447603715646997
  },
  "D57": {
    "x": -0.29448877868396517,
    "y": -0.8079592467784495,
    "z": 0.510370664100541
  },
  "D58": {
    "x": -0.125529616174928,
    "y": -0.9890526994327333,
    "z": -0.0775697957184276
  },
  "D59": {
    "x": 0.36155676153768096,
    "y": -0.8764751325461241,
    "z": 0.3179120164678251
  },
  "D60": {
    "x": -0.5669722204495614,
    "y": -0.8076752700833089,
    "z": 0.16187389948459244
  },
  "D61": {
    "x": -0.3639121865203526,
    "y": -0.88707249858457,
    "z": 0.2840251797938062
  }
}