{
  "D2": {
    "x": -0.5831911599545577,
    "y": 0.3785332051489887,
    "z": 0.7187493885566032
  },
  "D3": {
    "x": -0.500714027162648,
    "y": -0.6332645774655665,
    "z": 0.5901367959464321
  },
  "D4": {
    "x": -0.5028092730809298,
    "y": -0.07305634832335783,
    "z": 0.8613045947128595
  },
  "D5": {
    "x": -0.6100791108490385,
    "y": 0.13772149279926715,
    "z": 0.7802796094521425
  },
  "D6": {
    "x": -0.7080305087189275,
    "y": -0.1849404997692847,
    "z": 0.6815348929206075
  },
  "D7": {
    "x": 0.1944091603320732,
    "y": -0.35048209279807524,
    "z": -0.916169952032296
  },
  "D8": {
    "x": -0.4114833232475424,
    "y": 0.2605322323440618,
    "z": 0.8733867588869083
  },
  "D9": {
    "x": 0.05811210067826047,
    "y": -0.8403803610046612,
    "z": -0.5388727424841929
  },
  "D10": {
    "x": -0.3083796591259604,
    "y": 0.7413652419752276,
    "z": 0.5960533229740179
  },
  "D11": {
    "x": -0.145826720936742,
    "y": 0.6384703862279991,
    "z": 0.7557050571292395
  },
  "D15": {
    "x": 0.14828244173584382,
    "y": 0.5891668186386739,
    "z": -0.7942888500338149
  },
  "D16": {
    "x": 0.07823960127243361,
    "y": 0.9820091388132741,
    "z": -0.17186220084690615
  },
  "D17": {
    "x": 0.3163431382946071,
    "y": -0.527473775356552,
    "z": -0.788478557200527
  },
  "D18": {
    "x": -0.6522444946297581,
    "y": -0.4366220300641054,
    "z": 0.6196275672433167
  },
  "D19": {
    "x": -0.4275089178616049,
    "y": -0.8802414283353327,
    "z": 0.20593968289519365
  },
  "D20": {
    "x": -0.3756023763645604,
    "y": -0.5143254784278974,
    "z": 0.7709683243228671
  },
  "D21": {
    "x": -0.1572417742879185,
    "y": 0.9359435684937872,
    "z": 0.31509468579127553
  },
  "D22": {
    "x": 0.04513862428045359,
    "y": 0.995736932144671,
    "z": 0.08043921034661582
  },
  "D23": {
    "x": -0.30694140255431945,
    "y": -0.24404015478681373,
    "z": 0.9199083531796064
  },
  "D26": {
    "x": -0.06063293912761509,
    "y": 0.8355713129955831,
    "z": 0.546025848830973
  },
  "D27": {
    "x": 0.08844721011226149,
    "y": 0.9260487741266176,
    "z": 0.36689338909545144
  },
  "D28": {
    "x": -0.5219794392244984,
    "y": -0.31291528951029995,
    "z": 0.7934869164753527
  },
  "D30": {
    "x": -0.27598838960896366,
    "y": -0.961090908351992,
    "z": 0.011604942231391545
  },
  "D31": {
    "x": 0.060659383126990436,
    "y": -0.6258169540951918,
    "z": -0.7776075997607467
  },
  "D32": {
    "x": -0.2185068084823945,
    "y": -0.9480168175577657,
    "z": -0.23134149708706406
  },
  "D34": {
    "x": -0.3713161769044335,
    "y": -0.816993196777314,
    "z": 0.4411875034366462
  },
  "D36": {
    "x": -0.7647233320337139,
    "y": 0.5980436641931565,
    "z": 0.23987913865460966
  },
  "D37": {
    "x": -0.1311040411021518,
    "y": -0.9677226465731693,
    "z": 0.2152315258416067
  },
  "D38": {
    "x": -0.30240392158131135,
    "y": 0.04566925943909808,
    "z": 0.9520851784134278
  },
  "D40": {
    "x": -0.231157384609225,
    "y": 0.43366787042671784,
    "z": 0.8709181601621236
  },
  "D41": {
    "x": 0.10472533088856505,
    "y": 0.3105561270889589,
    "z": 0.9447684885715585
  },
  "D42": {
    "x": -0.4031588697595806,
    "y": 0.5516135452555254,
    "z": 0.7301954686416563
  },
  "D43": {
    "x": 0.83379780060293,
    "y": -0.5067818218620155,
    "z": 0.2189826768032874
  },
  "D45": {
    "x": -0.1295386545254928,
    "y": 0.22576953679112075,
    "z": 0.9655298303215948
  },
  "D47": {
    "x": 0.7165505808003976,
    "y": 0.02375871270434721,
    "z": 0.69713039578349
  },
  "D48": {
    "x": -0.22295458289603112,
    "y": -0.7174754093598863,
    "z": -0.6599396115778474
  },
  "D49": {
    "x": 0.599786728668124,
    "y": 0.23408867761961022,
    "z": 0.7651525149431926
  },
  "D50": {
    "x": 0.3838252078183488,
    "y": -0.9220655467424069,
    "z": -0.04973265882523737
  },
  "D51": {
    "x": 0.02276586399038246,
    "y": -0.9971331821645444,
    "z": -0.07216046329660594
  },
  "D52": {
    "x": -0.14525821507999415,
    "y": -0.43234675711149934,
    "z": 0.8899305212020456
  },
  "D53": {
    "x": -0.16968233484654885,
    "y": -0.5380414861671313,
    "z": -0.8256629242033872
  },
  "D54": {
    "x": 0.26036396195588357,
    "y": -0.92784649590068,
    "z": -0.2670421078396903
  },
  "D55": {
    "x": 0.4813689457744035,
    "y": -0.6343611544365165,
    "z": -0.6048717746646884
  },
  "D56": {
    "x": 0.016272832691117334,
    "y": -0.9482061455297662,
    "z": -0.31723855455444055
  },
  "D57": {
    "x": 0.25061310349443977,
    "y": -0.7216142753592153,
    "z": -0.6453417001516949
  },
  "D58": {
    "x": -0.17908814567839124,
    "y": -0.8672153267710049,
    "z": -0.4646127560570571
  },
  "D59": {
    "x": 0.5929753294398229,
    "y": -0.19740315757109042,
    "z": 0.780648609847412
  },
  "D60": {
    "x": 0.38093270799810264,
    "y": -0.8076449154539126,
    "z": -0.4501110557614362
  },
  "D61": {
    "x": -0.45079526834077127,
    "y": -0.6956028116971463,
    "z": -0.5593928444309924
  }
}