{
  "D2": {
    "x": 0.27511648631019797,
    "y": -0.04393991269221843,
    "z": -0.9604062697801025
  },
  "D4": {
    "x": 0.763444159905525,
    "y": -0.2293789462052072,
    "z": -0.6037700835118744
  },
  "D5": {
    "x": 0.33420079993796503,
    "y": 0.1957302224646636,
    "z": -0.9219541774593559
  },
  "D7": {
    "x": 0.014883614305997906,
    "y": -0.003262911945271371,
    "z": -0.999883908976851
  },
  "D8": {
    "x": 0.029847185950895545,
    "y": 0.9569052840920587,
    "z": -0.288862290317565
  },
  "D9": {
    "x": -0.3330640938607259,
    "y": -0.047775265445696685,
    "z": -0.9416930675078408
  },
  "D10": {
    "x": 0.5566968697841789,
    "y": 0.1536214556121819,
    "z": -0.8163878021798779
  },
  "D11": {
    "x": 0.647399115668884,
    "y": -0.07147958006603082,
    "z": -0.758791838823225
  },
  "D12": {
    "x": 0.18464009306037077,
    "y": -0.9826873397612251,
    "z": -0.015284904568366437
  },
  "D13": {
    "x": 0.4776024093013474,
    "y": 0.38891600013617916,
    "z": -0.7878072628934208
  },
  "D15": {
    "x": 0.07952109828190616,
    "y": 0.49068450604016445,
    "z": -0.8677010490140941
  },
  "D16": {
    "x": 0.9773268718392588,
    "y": -0.0683880283424197,
    "z": -0.20038778196368512
  },
  "D17": {
    "x": -0.020740232658774144,
    "y": -0.987261145440856,
    "z": -0.1577506686263774
  },
  "D18": {
    "x": 0.6278078476461767,
    "y": -0.7745826190725833,
    "z": 0.07667511111522607
  },
  "D19": {
    "x": 0.8141139341187832,
    "y": -0.4391652990137904,
    "z": -0.37993728747750677
  },
  "D20": {
    "x": 0.7920119722795917,
    "y": -0.5841248587722757,
    "z": -0.17752516759620415
  },
  "D21": {
    "x": 0.04683176649874894,
    "y": 0.9979834343849481,
    "z": -0.042846824151048825
  },
  "D22": {
    "x": -0.13365500993279353,
    "y": 0.9825373288103506,
    "z": 0.1294478111598882
  },
  "D23": {
    "x": 0.42725290124905246,
    "y": -0.899857622358804,
    "z": -0.08781354028296313
  },
  "D24": {
    "x": 0.10247261235317671,
    "y": -0.8380874845149298,
    "z": 0.535825281240959
  },
  "D25": {
    "x": 0.3773541580922684,
    "y": -0.26042055357211086,
    "z": -0.8886984722883633
  },
  "D26": {
    "x": 0.6532577852696577,
    "y": 0.4618814870497721,
    "z": -0.5999331278611584
  },
  "D27": {
    "x": 0.5866324031330401,
    "y": 0.6622662155444028,
    "z": -0.4661178856714781
  },
  "D28": {
    "x": 0.6200781437758358,
    "y": -0.7652847349665102,
    "z": -0.17274944294773348
  },
  "D29": {
    "x": 0.8962049200646065,
    "y": -0.2036101599372682,
    "z": -0.3941568774261238
  },
  "D30": {
    "x": 0.5806140885138195,
    "y": -0.3114861748304926,
    "z": -0.7522390864005503
  },
  "D31": {
    "x": -0.5990162667213941,
    "y": -0.641430238024463,
    "z": -0.47931906070074504
  },
  "D32": {
    "x": 0.6638345203972401,
    "y": -0.638468555493865,
    "z": -0.38946326293316
  },
  "D33": {
    "x": -0.524829735384722,
    "y": -0.4557087574458122,
    "z": -0.7189459487633245
  },
  "D34": {
    "x": 0.24376823639249062,
    "y": -0.9361486856635294,
    "z": -0.25338248806210173
  },
  "D35": {
    "x": 0.4951436708340721,
    "y": -0.6527444078037121,
    "z": -0.5733737727817181
  },
  "D36": {
    "x": 0.9181108884351439,
    "y": -0.3593800706331777,
    "z": -0.1670878851638356
  },
  "D37": {
    "x": -0.16378793274837158,
    "y": -0.9217592062756342,
    "z": 0.3514732973244593
  },
  "D38": {
    "x": -0.46935950733224724,
    "y": -0.23656767667196954,
    "z": -0.8507275634601577
  },
  "D40": {
    "x": 0.23720494348540333,
    "y": 0.5613089792257598,
    "z": 0.792884635130876
  },
  "D41": {
    "x": 0.9454554348631994,
    "y": 0.19601590149259973,
    "z": 0.26017645368034736
  },
  "D42": {
    "x": -0.007928308556316785,
    "y": 0.6103856182967159,
    "z": 0.7920647315087145
  },
  "D43": {
    "x": 0.11030370585087887,
    "y": -0.2315682473405032,
    "z": -0.9665450011764637
  },
  "D45": {
    "x": 0.2778336899991843,
    "y": 0.6122951794573036,
    "z": -0.7402047378359486
  },
  "D47": {
    "x": 0.3185655045069327,
    "y": -0.34446999943915735,
    "z": 0.8830948073817615
  },
  "D48": {
    "x": -0.37291450631914225,
    "y": -0.91473447063016,
    "z": -0.15554941085620078
  },
  "D49": {
    "x": 0.11289269171076817,
    "y": 0.011444828139047323,
    "z": 0.9935412704398168
  },
  "D50": {
    "x": -0.2089628013328703,
    "y": -0.9154303654277534,
    "z": -0.34397935070572117
  },
  "D51": {
    "x": -0.4135367742142986,
    "y": -0.8019283340240798,
    "z": -0.43115923214259977
  },
  "D52": {
    "x": 0.05389294857069372,
    "y": -0.6181353658442899,
    "z": -0.7842220473736393
  },
  "D53": {
    "x": 0.41944745024375213,
    "y": -0.501084924886648,
    "z": -0.7569529275558405
  },
  "D54": {
    "x": 0.47318808399883294,
    "y": -0.7987342929266484,
    "z": -0.3716403724899656
  },
  "D56": {
    "x": 0.6660399176630639,
    "y": -0.47034837617992586,
    "z": -0.578932839891024
  },
  "D57": {
    "x": -0.4045342820709104,
    "y": -0.6580219643186358,
    "z": -0.6351055889406239
  },
  "D58": {
    "x": 0.20634219823962682,
    "y": -0.44185832780823603,
    "z": -0.8730315660800291
  },
  "D59": {
    "x": -0.13772216589184264,
    "y": -0.20079596413384712,
    "z": -0.969903905451266
  },
  "D60": {
    "x": 0.0359695462760719,
    "y": -0.9195459531563189,
    "z": -0.3913328912505698
  },
  "D61": {
    "x": -0.28815452631842364,
    "y": -0.40789968824869316,
    "z": -0.866362980100618
  },
  "D62": {
    "x": 0.25352005199656247,
    "y": -0.8382886455816321,
    "z": -0.4827004556912837
  },
  "D63": {
    "x": 0.9277873157335171,
    "y": -0.3638344941910295,
    "z": 0.08267501194891093
  },
  "D64": {
    "x": -0.04165165694042043,
    "y": -0.4222834093048536,
    "z": -0.9055064117387502
  },
  "D65": {
    "x": -0.20568642418887917,
    "y": -0.7952046276431074,
    "z": -0.5703881968268449
  },
  "D66": {
    "x": 0.2695753840812506,
    "y": -0.6838390507886457,
    "z": -0.6780068324979701
  },
  "D67": {
    "x": -0.19466380187399876,
    "y": -0.6156267340187834,
    "z": -0.7636162181366544
  },
  "D68": {
    "x": 0.041527389902208965,
    "y": -0.7935418570549861,
    "z": -0.6070970243623616
  }
}