{
  "D2": {
    "x": -0.5321548975453434,
    "y": -0.7218118703786248,
    "z": 0.4424915691841104
  },
  "D4": {
    "x": -0.40273643724089747,
    "y": -0.6413616655043458,
    "z": -0.6530379591876728
  },
  "D5": {
    "x": -0.9621232458135971,
    "y": -0.2374162418047858,
    "z": 0.13398652168184763
  },
  "D7": {
    "x": -0.00407354370395583,
    "y": -0.5679372370643303,
    "z": 0.823061784435061
  },
  "D8": {
    "x": -0.23446312246966639,
    "y": 0.8736928525820764,
    "z": 0.42624857014278433
  },
  "D9": {
    "x": -0.35469817474728194,
    "y": -0.41290496355836326,
    "z": 0.83886750795332
  },
  "D10": {
    "x": -0.836661888783399,
    "y": -0.3884425225000479,
    "z": 0.38614672155955837
  },
  "D11": {
    "x": -0.7852314020270026,
    "y": -0.44435219351367705,
    "z": -0.4312340123300709
  },
  "D12": {
    "x": 0.04100682288499294,
    "y": -0.8807211551289839,
    "z": -0.47185663859391364
  },
  "D13": {
    "x": -0.9136815867596745,
    "y": -0.2726858775051346,
    "z": -0.301377454740029
  },
  "D15": {
    "x": -0.7347190072931247,
    "y": -0.30566436741415925,
    "z": 0.6056048834145144
  },
  "D16": {
    "x": -0.9190195288937149,
    "y": -0.38627419213631187,
    "z": -0.07871057109063503
  },
  "D17": {
    "x": 0.2547555358306615,
    "y": -0.9524616677653309,
    "z": -0.16708198107910033
  },
  "D18": {
    "x": -0.19696472409987859,
    "y": -0.7779726489210571,
    "z": -0.596626730033957
  },
  "D19": {
    "x": -0.8701581024514291,
    "y": -0.46865802860786676,
    "z": 0.1522646674692342
  },
  "D20": {
    "x": -0.1795548696998911,
    "y": -0.9642304148048962,
    "z": 0.1949865532087602
  },
  "D21": {
    "x": -0.22885651575338795,
    "y": 0.9547720459764317,
    "z": 0.1898289635940684
  },
  "D22": {
    "x": 0.015892823751900546,
    "y": 0.9883330961193344,
    "z": 0.15147643139565212
  },
  "D23": {
    "x": -0.5988194012098081,
    "y": -0.6282624319857372,
    "z": -0.4966906897558014
  },
  "D26": {
    "x": -0.5907863860407881,
    "y": 0.7864790588004225,
    "z": 0.18006147877118717
  },
  "D27": {
    "x": -0.42218008265616414,
    "y": 0.9056676430562565,
    "z": 0.03911646877416013
  },
  "D28": {
    "x": -0.7999802915957601,
    "y": -0.5616449557161012,
    "z": -0.21115510123371728
  },
  "D30": {
    "x": -0.402598584091023,
    "y": -0.7935152675775636,
    "z": -0.4563418676926446
  },
  "D31": {
    "x": -0.2383761146719775,
    "y": -0.6157324596424281,
    "z": 0.7510328661893421
  },
  "D32": {
    "x": -0.6748288215211776,
    "y": -0.5300712106172503,
    "z": 0.5134496794420083
  },
  "D33": {
    "x": 0.36197292795611874,
    "y": -0.778222820834655,
    "z": 0.5131713559416846
  },
  "D34": {
    "x": -0.19064877776616443,
    "y": -0.9047839561955197,
    "z": -0.38081365015903973
  },
  "D35": {
    "x": -0.7606832251167674,
    "y": -0.648826415055741,
    "z": 0.019629420568847256
  },
  "D36": {
    "x": -0.6363987694036253,
    "y": -0.4282361177878955,
    "z": -0.6415687287606084
  },
  "D37": {
    "x": 0.4862112645863178,
    "y": -0.8584816617879656,
    "z": -0.16311910545103758
  },
  "D38": {
    "x": 0.19042230000244031,
    "y": -0.7075539123080141,
    "z": 0.6805195139299121
  },
  "D40": {
    "x": 0.23999609607368164,
    "y": 0.2683893573911356,
    "z": -0.9329357034161387
  },
  "D41": {
    "x": -0.6710581578828843,
    "y": 0.13566625276218347,
    "z": -0.728886559486658
  },
  "D42": {
    "x": 0.41457225154555744,
    "y": 0.4035428217178178,
    "z": -0.8156488455753914
  },
  "D43": {
    "x": -0.484053779025955,
    "y": -0.5602682676985877,
    "z": 0.672154303133377
  },
  "D45": {
    "x": -0.19044993224874085,
    "y": 0.09844953871949182,
    "z": -0.976747926351712
  },
  "D47": {
    "x": 0.30763026355665873,
    "y": -0.4612577344795725,
    "z": -0.8322288887841089
  },
  "D48": {
    "x": 0.45559228002049573,
    "y": -0.886274540227401,
    "z": 0.08338533282559313
  },
  "D49": {
    "x": 0.40025678450623625,
    "y": -0.07287870400920368,
    "z": -0.9135005205026799
  },
  "D50": {
    "x": -0.42769210259656476,
    "y": -0.8759038165987358,
    "z": -0.2233203292230636
  },
  "D51": {
    "x": -0.05298909915626558,
    "y": -0.7566181208109108,
    "z": 0.6517063561383866
  },
  "D52": {
    "x": 0.016568345925642117,
    "y": -0.9706282931747767,
    "z": -0.24001292965569182
  },
  "D53": {
    "x": -0.21248541295927836,
    "y": -0.9671192453992519,
    "z": -0.1397509014565078
  },
  "D54": {
    "x": -0.3758930664082841,
    "y": -0.925560136429732,
    "z": 0.04519774859827845
  },
  "D56": {
    "x": -0.6262717052951587,
    "y": -0.731064762054174,
    "z": -0.2707915523596841
  },
  "D57": {
    "x": 0.22141936052086353,
    "y": -0.9719139122465619,
    "z": 0.0797296304275525
  },
  "D58": {
    "x": -0.7245733209748102,
    "y": -0.6318031449451864,
    "z": 0.27535120949236175
  },
  "D59": {
    "x": 0.29850892658675243,
    "y": -0.9037037953743225,
    "z": 0.3069395233170037
  },
  "D60": {
    "x": -0.5822162665474753,
    "y": -0.8120911341013277,
    "z": -0.039143439827624804
  },
  "D61": {
    "x": 0.11434356428585689,
    "y": -0.8599756891602892,
    "z": 0.497360395849621
  },
  "D62": {
    "x": -0.5567284352413905,
    "y": -0.8040859078801809,
    "z": 0.2085648631533557
  },
  "D63": {
    "x": -0.4339400127629862,
    "y": -0.43442989180283764,
    "z": -0.7892824174092784
  },
  "D64": {
    "x": -0.13150563552076702,
    "y": -0.8829027142011724,
    "z": 0.4507649776574062
  },
  "D65": {
    "x": -0.016336979667415798,
    "y": -0.9998176659095941,
    "z": 0.009886254621336441
  },
  "D66": {
    "x": -0.3180154812455488,
    "y": -0.7614825356420656,
    "z": 0.5648101465096856
  },
  "D67": {
    "x": 0.056898098527636394,
    "y": -0.9596389675654354,
    "z": 0.2754190594600977
  },
  "D68": {
    "x": -0.3566153389436033,
    "y": -0.8690989577633311,
    "z": 0.3427717923704198
  }
}