{
  "D2": {
    "x": -0.5989757038096782,
    "y": -0.5927359899324021,
    "z": 0.5384163374978103
  },
  "D3": {
    "x": 0.7426426333873853,
    "y": 0.5768657315868819,
    "z": 0.34015856125663085
  },
  "D4": {
    "x": -0.09647102013247427,
    "y": -0.987996871650892,
    "z": 0.12064627587559709
  },
  "D5": {
    "x": -0.5727714478711206,
    "y": -0.8094609187167564,
    "z": -0.12925126526980235
  },
  "D7": {
    "x": -0.3632906896513912,
    "y": -0.722064823549068,
    "z": 0.5887633356499621
  },
  "D8": {
    "x": 0.2455263845954821,
    "y": 0.9629666974554437,
    "z": 0.1114088598776034
  },
  "D9": {
    "x": -0.391009037401564,
    "y": -0.9088906053262952,
    "z": -0.14501655153775844
  },
  "D10": {
    "x": -0.7579954555988929,
    "y": -0.6123925272790112,
    "z": 0.2245401563735365
  },
  "D11": {
    "x": -0.06685799414491776,
    "y": -0.8742715318061756,
    "z": 0.48081108274685375
  },
  "D12": {
    "x": -0.17289321047518152,
    "y": -0.34101067546396785,
    "z": -0.9240236236109947
  },
  "D13": {
    "x": -0.6477025584762702,
    "y": -0.7616623604981113,
    "z": -0.018757514327294007
  },
  "D15": {
    "x": 0.5212649793365509,
    "y": 0.8521088403084008,
    "z": -0.046833167579582745
  },
  "D16": {
    "x": -0.11209446323021922,
    "y": -0.9350829766987409,
    "z": 0.3362360153245801
  },
  "D17": {
    "x": 0.8940991841472536,
    "y": 0.16727584126550485,
    "z": 0.4154581108079768
  },
  "D18": {
    "x": -0.4894192469450808,
    "y": -0.6834247985793492,
    "z": 0.5416634983146693
  },
  "D19": {
    "x": -0.18479509145275777,
    "y": -0.9827020904891113,
    "z": 0.01213983209510778
  },
  "D20": {
    "x": -0.2776106983407465,
    "y": -0.954030571796953,
    "z": 0.11295117637077501
  },
  "D21": {
    "x": 0.2742349505380647,
    "y": 0.956505311203518,
    "z": -0.09946246298401372
  },
  "D22": {
    "x": 0.3470877671165881,
    "y": 0.9170914039331772,
    "z": 0.1961464726929729
  },
  "D23": {
    "x": 0.558062549161593,
    "y": 0.8237791976609519,
    "z": 0.09976985879684902
  },
  "D26": {
    "x": 0.39474275175890894,
    "y": 0.9179403608476032,
    "z": -0.03954306337117279
  },
  "D27": {
    "x": 0.43752223004301277,
    "y": 0.8945210463426574,
    "z": 0.09168639958154344
  },
  "D28": {
    "x": -0.31872668624556405,
    "y": -0.8762867841937392,
    "z": 0.36129596084417664
  },
  "D30": {
    "x": -0.20904757402316307,
    "y": -0.8076049310672611,
    "z": 0.5514284968251776
  },
  "D31": {
    "x": -0.5362855545550771,
    "y": -0.8193262325573332,
    "z": 0.20273709236092075
  },
  "D32": {
    "x": -0.3444813382420318,
    "y": -0.9106728301322324,
    "z": 0.22805175741907635
  },
  "D33": {
    "x": -0.7432210463821113,
    "y": -0.6624427423384062,
    "z": 0.09376614174557668
  },
  "D34": {
    "x": -0.33172204878721534,
    "y": -0.8097534884525022,
    "z": 0.48400389490934465
  },
  "D35": {
    "x": -0.48241497603900213,
    "y": -0.8748064886702552,
    "z": -0.044602671149919615
  },
  "D36": {
    "x": 0.7218607197725639,
    "y": 0.4120585759554983,
    "z": 0.5559899560522321
  },
  "D37": {
    "x": 0.528209006644383,
    "y": -0.403440563559616,
    "z": -0.7471485508079725
  },
  "D38": {
    "x": 0.9425240463997819,
    "y": 0.2878942163098696,
    "z": 0.16960348514552348
  },
  "D39": {
    "x": 0.7060841807547446,
    "y": 0.5318124112645435,
    "z": 0.46756891354418917
  },
  "D40": {
    "x": 0.8918631409399864,
    "y": 0.4183861153267141,
    "z": 0.17185225146760083
  },
  "D41": {
    "x": 0.7711456920021457,
    "y": 0.2818683158342952,
    "z": 0.5708630082911925
  },
  "D42": {
    "x": 0.9228889830191376,
    "y": 0.241240368656081,
    "z": 0.30013165369980593
  },
  "D43": {
    "x": -0.7135348583210923,
    "y": -0.5980988476756778,
    "z": 0.36489145559977826
  },
  "D45": {
    "x": 0.8430624558151278,
    "y": 0.2926363306065332,
    "z": 0.4512312861539074
  },
  "D47": {
    "x": 0.8286964402736194,
    "y": 0.4866263189301644,
    "z": 0.27650865375664024
  },
  "D48": {
    "x": -0.2691513895566051,
    "y": -0.9582134086079285,
    "z": -0.09687410935706124
  },
  "D49": {
    "x": 0.7926840444862656,
    "y": 0.4264868053795968,
    "z": 0.43561566828341
  },
  "D50": {
    "x": -0.44203054518370644,
    "y": -0.8441697120394087,
    "z": 0.3032927536224653
  },
  "D51": {
    "x": -0.5567088653391894,
    "y": -0.8281982712472484,
    "z": 0.06452025074208627
  },
  "D52": {
    "x": 0.8685791747999619,
    "y": 0.36561127379550307,
    "z": 0.3345125013769246
  },
  "D53": {
    "x": -0.19796480943100384,
    "y": -0.8798629536870505,
    "z": 0.4320313842257824
  },
  "D54": {
    "x": -0.6452960167771338,
    "y": -0.7508968815324842,
    "z": 0.1405237490118867
  },
  "D55": {
    "x": -0.188800639652065,
    "y": -0.9567898464675244,
    "z": 0.22115041976813465
  },
  "D56": {
    "x": -0.6090260935877311,
    "y": -0.6710571778546911,
    "z": 0.42281140166623404
  },
  "D57": {
    "x": -0.4427900931128698,
    "y": -0.8886505087050666,
    "z": 0.11931976709381545
  },
  "D58": {
    "x": -0.4588299783709914,
    "y": -0.7728497826411049,
    "z": 0.43838141431825406
  },
  "D59": {
    "x": -0.36450761476068605,
    "y": -0.9311836356167837,
    "z": 0.005588876540442452
  },
  "D60": {
    "x": -0.659850740103513,
    "y": -0.701010366670249,
    "z": 0.27052073230288576
  },
  "D61": {
    "x": -0.5522247138169702,
    "y": -0.7636500172359554,
    "z": 0.33449441942324004
  }
}