{
  "D2": {
    "x": 0.4699267245547198,
    "y": -0.01146094295915879,
    "z": -0.8826310216255485
  },
  "D4": {
    "x": 0.7965259036988759,
    "y": -0.23085241520082925,
    "z": -0.5587966062286287
  },
  "D5": {
    "x": 0.30173423366908125,
    "y": 0.1643467420677346,
    "z": -0.9391201204339378
  },
  "D7": {
    "x": -0.4442859228323087,
    "y": -0.36347113473012105,
    "z": -0.8188398823891286
  },
  "D8": {
    "x": -0.021200575600655126,
    "y": 0.9950908500160301,
    "z": -0.09666817371077038
  },
  "D9": {
    "x": -0.21087552723707356,
    "y": -0.5974545611938831,
    "z": -0.7736792354206689
  },
  "D10": {
    "x": 0.6601345271577144,
    "y": -0.0966939797924795,
    "z": -0.7448977650162152
  },
  "D11": {
    "x": 0.24561248216294626,
    "y": -0.15033942353092686,
    "z": -0.9576390584861005
  },
  "D12": {
    "x": 0.14142909822738806,
    "y": -0.9898239841589301,
    "z": 0.015693647069106687
  },
  "D13": {
    "x": 0.6868393532527982,
    "y": 0.1488743900026534,
    "z": -0.7113987059480892
  },
  "D15": {
    "x": 0.34802322374192923,
    "y": 0.6396391084648001,
    "z": -0.6853770105997361
  },
  "D16": {
    "x": 0.8311225505239151,
    "y": 0.016526787333285796,
    "z": -0.5558436572554035
  },
  "D17": {
    "x": -0.471016533400491,
    "y": -0.743421154693861,
    "z": -0.47483514193563053
  },
  "D18": {
    "x": 0.9212539592612601,
    "y": -0.13901087546708393,
    "z": -0.36327278875154884
  },
  "D19": {
    "x": 0.7366677131102796,
    "y": -0.6742979875637845,
    "z": 0.05140918622484949
  },
  "D20": {
    "x": 0.4014394685612649,
    "y": -0.910257327038549,
    "z": 0.10138023305302273
  },
  "D21": {
    "x": 0.19008078935983075,
    "y": 0.9810994521781322,
    "z": 0.03623752822852054
  },
  "D22": {
    "x": -0.08100656374536735,
    "y": 0.9836386548570796,
    "z": 0.16091281273137592
  },
  "D23": {
    "x": 0.9024198349239889,
    "y": -0.3574574007967303,
    "z": -0.24054656129615826
  },
  "D26": {
    "x": 0.7258739518906724,
    "y": 0.4877774373526031,
    "z": -0.48495378911432924
  },
  "D27": {
    "x": 0.5615520761227705,
    "y": 0.6793303896840872,
    "z": -0.47240817886005365
  },
  "D28": {
    "x": 0.8011311683177001,
    "y": -0.5743214967047093,
    "z": -0.1683557827126214
  },
  "D30": {
    "x": 0.7793276728230651,
    "y": -0.4486668995134464,
    "z": -0.43743158511151925
  },
  "D31": {
    "x": -0.18640293029334426,
    "y": -0.14423694228033748,
    "z": -0.9718279950997878
  },
  "D32": {
    "x": 0.624729824862492,
    "y": -0.3394376534839216,
    "z": -0.7032031892167507
  },
  "D33": {
    "x": -0.41263051200992074,
    "y": -0.8833402821608418,
    "z": -0.22236458007163645
  },
  "D34": {
    "x": 0.5684859628184661,
    "y": -0.8204154784472518,
    "z": -0.06117313791631451
  },
  "D35": {
    "x": 0.6631422799664707,
    "y": -0.6567066155669519,
    "z": -0.3591360989812505
  },
  "D36": {
    "x": 0.9060401935080078,
    "y": -0.4231911921587105,
    "z": 0.0006185687198937259
  },
  "D37": {
    "x": -0.17812916689439498,
    "y": -0.8932858825355584,
    "z": 0.41268672375565635
  },
  "D38": {
    "x": -0.44280356908418267,
    "y": -0.5810764012594671,
    "z": -0.6828434777499569
  },
  "D39": {
    "x": 0.4983661235923873,
    "y": 0.2677860183013317,
    "z": -0.8245737415524557
  },
  "D40": {
    "x": 0.370237414253645,
    "y": 0.5474576572236333,
    "z": 0.7504760959777373
  },
  "D41": {
    "x": 0.9578595835520808,
    "y": 0.23514431417993786,
    "z": 0.16496111574028913
  },
  "D42": {
    "x": 0.12828176078661732,
    "y": 0.5814491471347795,
    "z": 0.8034056753258113
  },
  "D43": {
    "x": 0.03246895313488386,
    "y": -0.026991503444215918,
    "z": -0.9991082152720724
  },
  "D45": {
    "x": 0.5725114496407375,
    "y": 0.4579050782192866,
    "z": -0.6801129166331503
  },
  "D47": {
    "x": 0.3679124864362012,
    "y": 0.0009970064220474375,
    "z": 0.929859886382097
  },
  "D48": {
    "x": 0.07450619695174128,
    "y": -0.9716195842200188,
    "z": -0.2245088198176324
  },
  "D49": {
    "x": 0.24488059721693928,
    "y": 0.2619951229438774,
    "z": 0.9334838234593559
  },
  "D50": {
    "x": 0.33076148701928043,
    "y": -0.9337112092175782,
    "z": -0.1370409299670806
  },
  "D51": {
    "x": -0.20880932008680284,
    "y": -0.38240148532553686,
    "z": -0.9000932017661895
  },
  "D52": {
    "x": 0.21222094409873252,
    "y": -0.606183350132607,
    "z": -0.7664881061750742
  },
  "D53": {
    "x": 0.437482358101754,
    "y": -0.7313398755153367,
    "z": -0.5232123592108086
  },
  "D54": {
    "x": 0.48659038842794466,
    "y": -0.8217550214078899,
    "z": -0.2965610876033135
  },
  "D56": {
    "x": 0.6010678944558667,
    "y": -0.5523472137015007,
    "z": -0.577607082514212
  },
  "D57": {
    "x": -0.24500266631697648,
    "y": -0.7812065674278228,
    "z": -0.5741863743639435
  },
  "D58": {
    "x": 0.23671073220454525,
    "y": -0.3906044188543095,
    "z": -0.8896045285578729
  },
  "D59": {
    "x": 0.25891999709165797,
    "y": -0.8912162588076966,
    "z": -0.3724164539099592
  },
  "D60": {
    "x": 0.02634490554737817,
    "y": -0.27605408271687965,
    "z": -0.9607809788744998
  },
  "D61": {
    "x": -0.15604596672559043,
    "y": -0.9793791143563678,
    "z": -0.12832071785652002
  },
  "D62": {
    "x": 0.4342529785316264,
    "y": -0.4928063972683932,
    "z": -0.7540332920022548
  },
  "D63": {
    "x": 0.969370625851487,
    "y": -0.21362809709079805,
    "z": 0.12117601193990928
  },
  "D64": {
    "x": -0.20762729468245564,
    "y": -0.9086002843040405,
    "z": -0.3624036835704927
  },
  "D65": {
    "x": 0.005375446350752282,
    "y": -0.5052184810650028,
    "z": -0.8629747336781659
  },
  "D66": {
    "x": -0.024114744024975966,
    "y": -0.733055786874541,
    "z": -0.6797409009691544
  },
  "D67": {
    "x": 0.02275316237311727,
    "y": -0.8897672436137584,
    "z": -0.45584706404011993
  },
  "D68": {
    "x": 0.20342813834777265,
    "y": -0.7815950680806605,
    "z": -0.589683086140638
  }
}