{
  "D2": {
    "x": -0.23020277327605077,
    "y": 0.7306561310553461,
    "z": 0.6427661326853245
  },
  "D3": {
    "x": 0.8556481535315176,
    "y": -0.22573259915013894,
    "z": 0.46573708359870525
  },
  "D4": {
    "x": -0.31717547887847086,
    "y": 0.4606363633841575,
    "z": 0.8289836285032601
  },
  "D5": {
    "x": -0.21837726158333567,
    "y": 0.6013906789145744,
    "z": 0.7685314716639983
  },
  "D6": {
    "x": 0.10651463916575114,
    "y": -0.9928488967422017,
    "z": -0.05390454416079386
  },
  "D7": {
    "x": -0.0007855870250042257,
    "y": -0.9942067991950765,
    "z": -0.10748126947197302
  },
  "D8": {
    "x": -0.1401241638747962,
    "y": 0.6895331510930758,
    "z": 0.7105696674092152
  },
  "D9": {
    "x": -0.023145962855839364,
    "y": -0.9996846049198558,
    "z": 0.009744490223096211
  },
  "D10": {
    "x": -0.1544643225179383,
    "y": 0.7983590298322448,
    "z": 0.5820340475903373
  },
  "D11": {
    "x": -0.038991105569165956,
    "y": 0.7899329439767084,
    "z": 0.6119523165302868
  },
  "D15": {
    "x": -0.3007404558368624,
    "y": 0.6510810026511674,
    "z": 0.6968850021415204
  },
  "D16": {
    "x": -0.1359555107844282,
    "y": 0.8637497725941092,
    "z": 0.4852344066850266
  },
  "D17": {
    "x": -0.277591003501096,
    "y": 0.9456018058927375,
    "z": 0.16964804587040802
  },
  "D18": {
    "x": -0.37072353765628113,
    "y": 0.21336219734160483,
    "z": 0.9039029988738692
  },
  "D19": {
    "x": 0.19538895594662953,
    "y": -0.9456095571723894,
    "z": 0.26008791067314896
  },
  "D20": {
    "x": -0.18609814439609837,
    "y": -0.9305086463826903,
    "z": 0.31546971274495145
  },
  "D21": {
    "x": 0.018088826678943105,
    "y": 0.945568555011987,
    "z": 0.32491983953264825
  },
  "D22": {
    "x": -0.019299924656783582,
    "y": 0.9763350753751895,
    "z": 0.21540040273956207
  },
  "D23": {
    "x": -0.005572828786429852,
    "y": 0.85704563428766,
    "z": 0.5152103690025851
  },
  "D26": {
    "x": -0.22993737658627517,
    "y": 0.9325707488477222,
    "z": 0.27828151437388077
  },
  "D27": {
    "x": -0.13872709708027264,
    "y": 0.9679930675123009,
    "z": 0.2091511744738877
  },
  "D28": {
    "x": -0.030486062687372844,
    "y": 0.36455013175956336,
    "z": 0.930684587503149
  },
  "D30": {
    "x": -0.34741516512644965,
    "y": -0.9274059276611109,
    "z": 0.13863963495045828
  },
  "D31": {
    "x": -0.35356666806885056,
    "y": -0.9352146509637131,
    "z": 0.019083182478601437
  },
  "D32": {
    "x": -0.047812615062629925,
    "y": -0.9330536485782335,
    "z": 0.3565457091534254
  },
  "D34": {
    "x": -0.2549875908553246,
    "y": -0.8804516223400497,
    "z": 0.39973274725567803
  },
  "D35": {
    "x": -0.2678899070521527,
    "y": -0.9360996044176285,
    "z": 0.22793097268416224
  },
  "D36": {
    "x": -0.18681057003512885,
    "y": 0.9036027577255921,
    "z": 0.38549172125203335
  },
  "D37": {
    "x": 0.22022565719420165,
    "y": -0.9468073311929056,
    "z": -0.23464129541227313
  },
  "D38": {
    "x": 0.6485712699197405,
    "y": 0.5538371641429237,
    "z": 0.5221299679666158
  },
  "D39": {
    "x": -0.049750256634644434,
    "y": 0.9080472411982441,
    "z": 0.4159027767604405
  },
  "D40": {
    "x": 0.8934787911404545,
    "y": 0.3171717905691054,
    "z": -0.31795865305001486
  },
  "D41": {
    "x": -0.12080174706681918,
    "y": 0.9926736140077795,
    "z": -0.002456411679279917
  },
  "D42": {
    "x": 0.9128230507726008,
    "y": 0.20423646181911087,
    "z": -0.35361214012221487
  },
  "D43": {
    "x": 0.800952209480679,
    "y": -0.5970568382769348,
    "z": -0.04470671084712734
  },
  "D45": {
    "x": 0.15647858662959468,
    "y": 0.9087689433536397,
    "z": 0.3868506940956857
  },
  "D47": {
    "x": 0.9963073149110757,
    "y": 0.02841717493521355,
    "z": -0.0810197409486355
  },
  "D48": {
    "x": 0.027260663331372535,
    "y": -0.9662192926956621,
    "z": 0.25627550537932475
  },
  "D49": {
    "x": 0.9823741739935087,
    "y": 0.16384012928170005,
    "z": -0.08998552276631737
  },
  "D50": {
    "x": 0.11575763525018662,
    "y": -0.9774048625878263,
    "z": 0.17686125768793245
  },
  "D51": {
    "x": -0.2966323261234075,
    "y": -0.9504634073132714,
    "z": -0.09289012034152364
  },
  "D52": {
    "x": 0.19037945165200032,
    "y": 0.7392098959243042,
    "z": 0.6460064969923005
  },
  "D53": {
    "x": -0.09187886536417135,
    "y": -0.9639644461413144,
    "z": 0.24966141206614495
  },
  "D54": {
    "x": -0.1882539243040457,
    "y": -0.9807156675143271,
    "z": -0.05250942273586793
  },
  "D55": {
    "x": -0.03783680912195171,
    "y": -0.9893209168456103,
    "z": 0.1407568803548509
  },
  "D56": {
    "x": -0.24977486213974082,
    "y": -0.9657191501466867,
    "z": 0.07070389864098313
  },
  "D57": {
    "x": -0.17385127961750785,
    "y": -0.9711095318778841,
    "z": 0.1634686810103768
  },
  "D58": {
    "x": -0.11367796146047061,
    "y": -0.9827138297913416,
    "z": -0.14611929994023923
  },
  "D59": {
    "x": 0.9580063318869754,
    "y": 0.017746361751394626,
    "z": 0.2861973701993972
  },
  "D60": {
    "x": 0.08307623378296268,
    "y": -0.9945242952477856,
    "z": 0.06340162097560237
  },
  "D61": {
    "x": -0.13349842483127658,
    "y": -0.9896291756182513,
    "z": 0.05303079607839582
  }
}