{
  "D2": {
    "x": 0.7568937405030106,
    "y": -0.42167587164203907,
    "z": 0.4993008360320337
  },
  "D4": {
    "x": 0.2998960431823308,
    "y": -0.5732369173917943,
    "z": 0.7625364252432373
  },
  "D5": {
    "x": 0.5287817015243114,
    "y": -0.1402455836643137,
    "z": 0.8370908483526206
  },
  "D7": {
    "x": 0.6451087427442653,
    "y": -0.4403708535678687,
    "z": -0.624426313797569
  },
  "D8": {
    "x": 0.18700446880374702,
    "y": 0.941982649712769,
    "z": 0.27874363900820986
  },
  "D9": {
    "x": 0.7510098924755315,
    "y": -0.6278563957794436,
    "z": -0.2044027585008021
  },
  "D10": {
    "x": 0.6573050273680673,
    "y": -0.29816059010754975,
    "z": 0.692134642611813
  },
  "D11": {
    "x": 0.43753088478873103,
    "y": -0.3722342663297424,
    "z": 0.8185403935212658
  },
  "D12": {
    "x": -0.31677851154995057,
    "y": -0.9235864723834395,
    "z": 0.2159615767920583
  },
  "D13": {
    "x": 0.30072472744240974,
    "y": -0.19731236469760746,
    "z": 0.9330768827069538
  },
  "D15": {
    "x": 0.9002620203955766,
    "y": -0.2616534570997224,
    "z": 0.34794505747465115
  },
  "D16": {
    "x": 0.02727428460189212,
    "y": -0.5912219548777427,
    "z": 0.806047587596412
  },
  "D17": {
    "x": 0.6583426193016625,
    "y": -0.6098265538527212,
    "z": -0.44124434254406064
  },
  "D18": {
    "x": -0.11474156128100758,
    "y": -0.7399191407506319,
    "z": 0.6628378680081908
  },
  "D19": {
    "x": 0.7957098990320105,
    "y": -0.5365757121288485,
    "z": 0.2809488596451083
  },
  "D20": {
    "x": 0.5505716269354115,
    "y": -0.5207043276220328,
    "z": 0.6524859284378329
  },
  "D21": {
    "x": 0.28313558114935017,
    "y": 0.8300109726296369,
    "z": 0.48053722852826314
  },
  "D22": {
    "x": 0.022971646534695096,
    "y": 0.9949534775394638,
    "z": 0.09767231433529468
  },
  "D23": {
    "x": -0.24532317751031749,
    "y": -0.8602611257299494,
    "z": 0.4469533914560683
  },
  "D26": {
    "x": 0.8157989077009674,
    "y": 0.3254400925587,
    "z": 0.4780804203785104
  },
  "D27": {
    "x": 0.714521990923686,
    "y": 0.5495166837877438,
    "z": 0.43300085303076835
  },
  "D28": {
    "x": 0.1529213410263135,
    "y": -0.7426046198669197,
    "z": 0.6520379145502366
  },
  "D30": {
    "x": 0.0010245691085370506,
    "y": -0.8737574984714805,
    "z": 0.4863607551221652
  },
  "D31": {
    "x": 0.8231554766552033,
    "y": -0.4425150500767026,
    "z": -0.3558026021660868
  },
  "D32": {
    "x": 0.24773272986512104,
    "y": -0.8572468694803904,
    "z": 0.45139372981870907
  },
  "D33": {
    "x": 0.21400780777568737,
    "y": -0.7502930721501512,
    "z": -0.6255085643654548
  },
  "D34": {
    "x": -0.07460674031599336,
    "y": -0.9614083955574266,
    "z": 0.2648164104641486
  },
  "D35": {
    "x": 0.6339654152196431,
    "y": -0.6323774540590215,
    "z": 0.44518154488165357
  },
  "D36": {
    "x": 0.17025169931898881,
    "y": -0.40751252001904853,
    "z": 0.897188890316148
  },
  "D37": {
    "x": -0.36716605435112654,
    "y": -0.9084073592936603,
    "z": -0.199962891840822
  },
  "D38": {
    "x": 0.4711546966543717,
    "y": -0.634552369743285,
    "z": -0.6126634817529997
  },
  "D40": {
    "x": -0.8610421927434766,
    "y": 0.4167019764850242,
    "z": 0.29148894508879813
  },
  "D41": {
    "x": -0.11149577132102215,
    "y": 0.2540906829652869,
    "z": 0.9607323341117255
  },
  "D42": {
    "x": -0.8439853946522157,
    "y": 0.5317532832281286,
    "z": 0.07019330017779216
  },
  "D43": {
    "x": 0.8932027218583231,
    "y": -0.43441964906818237,
    "z": -0.11605372104487016
  },
  "D45": {
    "x": -0.6692562507431112,
    "y": 0.41115854615283215,
    "z": 0.61890606780574
  },
  "D47": {
    "x": -0.9432342152094417,
    "y": -0.2266522991974775,
    "z": 0.24277139561061445
  },
  "D48": {
    "x": -0.22013457732698544,
    "y": -0.9754312878731067,
    "z": -0.008635421430449057
  },
  "D49": {
    "x": -0.9719120678117099,
    "y": 0.06927189525684668,
    "z": 0.2249185118426019
  },
  "D50": {
    "x": 0.17341936282168413,
    "y": -0.9565202242305733,
    "z": 0.23450966981430646
  },
  "D51": {
    "x": 0.024156872439447006,
    "y": -0.9989739516643753,
    "z": 0.03830782439667546
  },
  "D52": {
    "x": 0.47012544914320975,
    "y": -0.874283412802841,
    "z": 0.1208742162982346
  },
  "D53": {
    "x": -0.09403097657924564,
    "y": -0.8763401091226244,
    "z": -0.4724258551206741
  },
  "D54": {
    "x": 0.47374485914643677,
    "y": -0.8037898984865273,
    "z": 0.35984386547965685
  },
  "D56": {
    "x": 0.402681820192486,
    "y": -0.7085104378376746,
    "z": 0.5795345642509454
  },
  "D57": {
    "x": 0.38492996980564526,
    "y": -0.8049545386570741,
    "z": -0.45152752855258144
  },
  "D58": {
    "x": 0.9159535933138386,
    "y": -0.38064460991546895,
    "z": 0.1270381668545623
  },
  "D59": {
    "x": -0.12664911165455184,
    "y": -0.9624635637132587,
    "z": -0.24004976784301854
  },
  "D60": {
    "x": 0.7963523714453863,
    "y": -0.6034881636743868,
    "z": 0.04031050481234192
  },
  "D61": {
    "x": 0.15149960619291938,
    "y": -0.890721036007322,
    "z": -0.4285602703674636
  },
  "D62": {
    "x": 0.6543784087047447,
    "y": -0.7279633234896015,
    "z": 0.20459300544011771
  },
  "D63": {
    "x": -0.36214917755001114,
    "y": -0.3948774276917025,
    "z": 0.8443457765035808
  },
  "D64": {
    "x": 0.35898374706851977,
    "y": -0.9064144138628405,
    "z": -0.22258387111901903
  },
  "D65": {
    "x": 0.11866975284821321,
    "y": -0.973524608130845,
    "z": -0.19536460048491025
  },
  "D66": {
    "x": 0.5644944285443715,
    "y": -0.7763538575754539,
    "z": -0.28039388005103655
  },
  "D67": {
    "x": 0.2688963579730122,
    "y": -0.9631618499570251,
    "z": 0.0037415847191668086
  },
  "D68": {
    "x": 0.6322424499922644,
    "y": -0.7737375789900532,
    "z": -0.039995540831322424
  }
}