{
  "D2": {
    "x": 0.4831765083839425,
    "y": -0.8627017102387752,
    "z": -0.1492857022524072
  },
  "D3": {
    "x": 0.6667411829627662,
    "y": 0.6906198927939128,
    "z": 0.2801791545042848
  },
  "D4": {
    "x": 0.9702541259969056,
    "y": 0.23209312114649625,
    "z": 0.06884558157542606
  },
  "D5": {
    "x": 0.7682945194680508,
    "y": 0.3098328903256068,
    "z": 0.5601134808481559
  },
  "D6": {
    "x": 0.8683569824098676,
    "y": 0.4958882510752035,
    "z": 0.007140976516207385
  },
  "D7": {
    "x": 0.7722075153885597,
    "y": -0.5676607157430128,
    "z": 0.2854064907803564
  },
  "D8": {
    "x": 0.14202285925952066,
    "y": 0.9848134095182113,
    "z": 0.09986018165848977
  },
  "D9": {
    "x": 0.5816678385244198,
    "y": -0.7751786500811528,
    "z": -0.24649662489513183
  },
  "D10": {
    "x": 0.6693583619384541,
    "y": -0.6090843713456281,
    "z": 0.42541228459644953
  },
  "D11": {
    "x": 0.25897921284675396,
    "y": -0.9198123122108882,
    "z": 0.2947457847341252
  },
  "D15": {
    "x": 0.840851768968592,
    "y": -0.5315245159140323,
    "z": 0.10222520043875295
  },
  "D16": {
    "x": 0.2865968384279003,
    "y": -0.9569188501854071,
    "z": 0.04656786835330113
  },
  "D17": {
    "x": 0.890347097187899,
    "y": 0.12060245286666872,
    "z": 0.4390183309289318
  },
  "D18": {
    "x": 0.7095218888704456,
    "y": 0.4467589611147333,
    "z": 0.5449634115033771
  },
  "D19": {
    "x": 0.6734690279512788,
    "y": -0.7344523855123737,
    "z": 0.08378043808397771
  },
  "D20": {
    "x": 0.3698099459670929,
    "y": -0.9252531379158753,
    "z": -0.08454131913237638
  },
  "D21": {
    "x": 0.1653462894990577,
    "y": 0.9796328853271044,
    "z": -0.11392986673645468
  },
  "D22": {
    "x": 0.28461875342636805,
    "y": 0.9494581510603943,
    "z": 0.13236836700283738
  },
  "D23": {
    "x": 0.9655359908265028,
    "y": 0.15452444241982363,
    "z": 0.20943363415059724
  },
  "D26": {
    "x": 0.3080723578078689,
    "y": 0.9431008380283813,
    "z": -0.12510887924070557
  },
  "D27": {
    "x": 0.24780479353336646,
    "y": 0.968809097472269,
    "z": -0.001310327002457367
  },
  "D28": {
    "x": 0.696496349614963,
    "y": 0.554053150616043,
    "z": 0.4559801983260541
  },
  "D30": {
    "x": 0.7864292493300343,
    "y": -0.6112906314403178,
    "z": -0.08861602401087665
  },
  "D31": {
    "x": 0.5108048895297571,
    "y": -0.8467469811518087,
    "z": 0.14865367382877273
  },
  "D32": {
    "x": 0.7684321560505084,
    "y": -0.6381587321700068,
    "z": 0.047596786684992475
  },
  "D34": {
    "x": 0.4184433959805564,
    "y": -0.8164569630472549,
    "z": 0.39787328617527573
  },
  "D35": {
    "x": 0.5756366220560811,
    "y": -0.81724498779668,
    "z": 0.027442836388923697
  },
  "D36": {
    "x": 0.8774247025478962,
    "y": 0.3387033267214917,
    "z": 0.339714509296454
  },
  "D37": {
    "x": -0.8771106598898529,
    "y": -0.44697290985210547,
    "z": 0.17576150934128978
  },
  "D38": {
    "x": 0.7433400450453667,
    "y": 0.5833452730955918,
    "z": 0.3273436570165698
  },
  "D39": {
    "x": 0.9454409379481613,
    "y": 0.06863424109791674,
    "z": 0.3184819834788367
  },
  "D40": {
    "x": 0.7569141436697373,
    "y": 0.6240314410964637,
    "z": 0.1940766334100501
  },
  "D41": {
    "x": 0.8509945035479958,
    "y": 0.263080901336087,
    "z": 0.4545292006937425
  },
  "D42": {
    "x": 0.926787394061873,
    "y": 0.368164620920504,
    "z": 0.07429628598028311
  },
  "D43": {
    "x": 0.8002121698608964,
    "y": 0.3935440608960761,
    "z": 0.45253017064052375
  },
  "D45": {
    "x": 0.937452474592515,
    "y": 0.2905345130811268,
    "z": 0.19176171304273076
  },
  "D47": {
    "x": 0.839738312381205,
    "y": 0.5243100194853234,
    "z": 0.14120400202000555
  },
  "D48": {
    "x": 0.5578119113513595,
    "y": -0.728629363038895,
    "z": 0.3974231030930097
  },
  "D49": {
    "x": 0.9205496371037182,
    "y": 0.2057321222858109,
    "z": 0.33205821701621707
  },
  "D50": {
    "x": 0.391093106169105,
    "y": -0.8789528164383035,
    "z": 0.2729251340242878
  },
  "D51": {
    "x": 0.729251407699809,
    "y": -0.6580521835498477,
    "z": 0.18750922135491022
  },
  "D52": {
    "x": 0.8193157968532,
    "y": 0.4659487354627763,
    "z": 0.33408591851116026
  },
  "D53": {
    "x": 0.45609436822916927,
    "y": -0.8897106627115668,
    "z": 0.019820795316521384
  },
  "D54": {
    "x": 0.661537750641974,
    "y": -0.6840086673293935,
    "z": 0.3074084375774755
  },
  "D55": {
    "x": 0.6905073881671163,
    "y": -0.6975747527320879,
    "z": -0.19128254294993582
  },
  "D56": {
    "x": 0.6106187363096509,
    "y": -0.7648999037218668,
    "z": 0.20511678662138835
  },
  "D57": {
    "x": 0.5981908898925773,
    "y": -0.7939405176171912,
    "z": -0.10874793669432621
  },
  "D58": {
    "x": 0.3837576586393542,
    "y": -0.9131594462087756,
    "z": 0.13736770084456887
  },
  "D59": {
    "x": 0.8823914638791438,
    "y": 0.4162612457080242,
    "z": 0.21934420392348106
  },
  "D60": {
    "x": 0.6982983446176203,
    "y": -0.7138822694137634,
    "z": -0.052455002820954534
  },
  "D61": {
    "x": 0.5104791175961603,
    "y": -0.8085494682113497,
    "z": 0.2926752944021568
  }
}