{
  "D2": {
    "x": -0.2357169342937246,
    "y": 0.5590880023391359,
    "z": 0.7948950449761292
  },
  "D3": {
    "x": 0.6992457406578745,
    "y": 0.6386351329152237,
    "z": 0.32124844151867116
  },
  "D4": {
    "x": 0.04098224428161177,
    "y": -0.09821703544365624,
    "z": 0.9943208081913513
  },
  "D5": {
    "x": -0.23772687647440635,
    "y": -0.08127972106579606,
    "z": 0.9679253789136787
  },
  "D6": {
    "x": -0.40296117713801083,
    "y": -0.24756021058975253,
    "z": 0.8810994449279297
  },
  "D7": {
    "x": -0.032911717884026886,
    "y": -0.9994089296304576,
    "z": 0.009930266906047501
  },
  "D8": {
    "x": -0.6072163545082697,
    "y": 0.4222417952797764,
    "z": 0.6730528694958506
  },
  "D9": {
    "x": 0.3262589091087825,
    "y": -0.7262952640505085,
    "z": 0.6050209200060355
  },
  "D10": {
    "x": -0.39313474907523666,
    "y": 0.37167797543565045,
    "z": 0.8410116239658086
  },
  "D11": {
    "x": -0.32765932880092746,
    "y": 0.1488046885362094,
    "z": 0.9330040347819336
  },
  "D12": {
    "x": -0.7578482971244505,
    "y": 0.18277126415459635,
    "z": 0.6263071319607508
  },
  "D13": {
    "x": 0.6495688342692665,
    "y": 0.5313369683734532,
    "z": 0.543821069457385
  },
  "D14": {
    "x": 0.21144309769665226,
    "y": -0.9766825183197883,
    "z": -0.037189714236067886
  },
  "D15": {
    "x": 0.31986341544396785,
    "y": 0.029423581957869798,
    "z": 0.9470066780573874
  },
  "D16": {
    "x": 0.09115007513062116,
    "y": 0.9339446556551975,
    "z": 0.34559954279017324
  },
  "D18": {
    "x": -0.10809567078408738,
    "y": -0.2937452595267808,
    "z": 0.9497520984253115
  },
  "D19": {
    "x": -0.6961259467402526,
    "y": -0.05612803603713865,
    "z": 0.7157222295315414
  },
  "D20": {
    "x": -0.6058082341847312,
    "y": -0.28930552200883053,
    "z": 0.7411468804017028
  },
  "D21": {
    "x": -0.1498865655273387,
    "y": 0.9022447312504976,
    "z": 0.4043370653367505
  },
  "D22": {
    "x": -0.042915634057564524,
    "y": 0.9889525641777692,
    "z": 0.1418840165756964
  },
  "D23": {
    "x": -0.4405503680484784,
    "y": 0.6077536317043284,
    "z": 0.6607199833231546
  },
  "D24": {
    "x": -0.3560641848946012,
    "y": -0.7749143413140139,
    "z": 0.5222318066349569
  },
  "D25": {
    "x": -0.5734520571902125,
    "y": 0.20635624287329754,
    "z": 0.7928239647812935
  },
  "D26": {
    "x": -0.0010481737310697305,
    "y": 0.6394633151254178,
    "z": 0.768820895879294
  },
  "D27": {
    "x": 0.0030249033966308447,
    "y": 0.810087636758786,
    "z": 0.5863010069324509
  },
  "D28": {
    "x": -0.49952226120568116,
    "y": -0.020060535347241865,
    "z": 0.8660687533224746
  },
  "D30": {
    "x": -0.23610272955629757,
    "y": -0.6635416825055764,
    "z": 0.7099069915656098
  },
  "D31": {
    "x": 0.17621524087024867,
    "y": -0.6147927597687952,
    "z": 0.768750968403233
  },
  "D32": {
    "x": -0.006536141910357218,
    "y": -0.7486698252427616,
    "z": 0.6629108323295829
  },
  "D34": {
    "x": -0.2758172019860801,
    "y": -0.45774811775400254,
    "z": 0.8452168548847317
  },
  "D36": {
    "x": -0.8343881522002534,
    "y": 0.5422262173682975,
    "z": 0.09892997860262012
  },
  "D37": {
    "x": 0.1398806402536943,
    "y": -0.8586652291528825,
    "z": 0.4930795379307928
  },
  "D38": {
    "x": -0.08625205571435558,
    "y": 0.11688027804502006,
    "z": 0.9893935432825336
  },
  "D40": {
    "x": 0.24374511196184467,
    "y": 0.5908483307232779,
    "z": 0.7690816409694251
  },
  "D41": {
    "x": 0.14565580600491262,
    "y": 0.20755933069507967,
    "z": 0.9673176884656196
  },
  "D42": {
    "x": 0.3323716384789486,
    "y": 0.7379315303099401,
    "z": 0.5873552166357671
  },
  "D43": {
    "x": 0.8015217678054989,
    "y": -0.005852022026584341,
    "z": 0.5979369612025572
  },
  "D45": {
    "x": -0.14539463748761555,
    "y": 0.3510854334342257,
    "z": 0.9249861716913105
  },
  "D47": {
    "x": 0.508196609521427,
    "y": 0.2786763955640109,
    "z": 0.8149083829648442
  },
  "D48": {
    "x": 0.5778235050900987,
    "y": -0.7934014153601204,
    "z": 0.19140060363005654
  },
  "D49": {
    "x": 0.47391781086126056,
    "y": 0.507260302947651,
    "z": 0.7197839214666634
  },
  "D50": {
    "x": 0.2204514255073526,
    "y": -0.4002729023120554,
    "z": 0.8894845544844833
  },
  "D51": {
    "x": -0.35216475751931553,
    "y": -0.8869039125741285,
    "z": 0.29896727817950985
  },
  "D52": {
    "x": -0.46633651618167055,
    "y": -0.5576830527668238,
    "z": 0.6866730417980733
  },
  "D53": {
    "x": 0.3652457767608847,
    "y": -0.9186234474062149,
    "z": 0.15075305779273337
  },
  "D54": {
    "x": -0.13048361787159674,
    "y": -0.8712155226306543,
    "z": 0.47324152247508366
  },
  "D55": {
    "x": -0.032904558304492376,
    "y": -0.5131215640116205,
    "z": 0.8576849949655495
  },
  "D56": {
    "x": 0.3668318324007167,
    "y": -0.844892980248126,
    "z": 0.38934593700842995
  },
  "D57": {
    "x": -0.12129976698567771,
    "y": -0.962949008231137,
    "z": 0.2408642233207124
  },
  "D58": {
    "x": 0.12756549772122938,
    "y": -0.9562366637679979,
    "z": 0.26332202083567585
  },
  "D59": {
    "x": 0.08655677276284195,
    "y": 0.4392051764155785,
    "z": 0.894207323890071
  },
  "D60": {
    "x": 0.5467897002838069,
    "y": -0.6701632728000373,
    "z": 0.5018986067459116
  },
  "D61": {
    "x": -0.5722827644405986,
    "y": -0.7055889221292546,
    "z": 0.4178955736696706
  }
}