{
  "D2": {
    "x": -0.1256743843985566,
    "y": -0.9705552934312232,
    "z": -0.20549542938634055
  },
  "D3": {
    "x": 0.6542512382950378,
    "y": 0.6052517056843316,
    "z": 0.45345968944947807
  },
  "D4": {
    "x": 0.9536928835279374,
    "y": 0.11426576535119237,
    "z": 0.2782323108067688
  },
  "D5": {
    "x": 0.8318424700661331,
    "y": 0.09382491370194225,
    "z": 0.5470237568543962
  },
  "D6": {
    "x": 0.8990998924937667,
    "y": 0.42670872551389166,
    "z": 0.09766804435437175
  },
  "D7": {
    "x": 0.17711076377645885,
    "y": -0.7229987039112763,
    "z": -0.6677609239070029
  },
  "D8": {
    "x": 0.6261969813652899,
    "y": 0.47950701440994264,
    "z": 0.614776677876334
  },
  "D9": {
    "x": -0.24392881494146867,
    "y": -0.8180735274637927,
    "z": -0.5208209259469112
  },
  "D10": {
    "x": 0.27797421102921055,
    "y": 0.955349775712608,
    "z": 0.10018554810229531
  },
  "D11": {
    "x": 0.9174473739094754,
    "y": 0.046055676306777656,
    "z": 0.39518247783338356
  },
  "D15": {
    "x": 0.4114155797436413,
    "y": -0.7833001936029602,
    "z": -0.46602363399914465
  },
  "D16": {
    "x": 0.5442483160513447,
    "y": 0.8382116728069894,
    "z": -0.034568223057953436
  },
  "D17": {
    "x": 0.026483328974182097,
    "y": -0.9938504140156921,
    "z": -0.10751738393061298
  },
  "D18": {
    "x": 0.7509159761263694,
    "y": 0.607619312257735,
    "z": 0.25869667212706665
  },
  "D19": {
    "x": -0.2313019356943186,
    "y": -0.9128637285388096,
    "z": -0.33642120572622014
  },
  "D20": {
    "x": 0.9523709044510628,
    "y": 0.28928101976936393,
    "z": 0.0964683987441575
  },
  "D21": {
    "x": 0.29163909881716904,
    "y": 0.9550602818956407,
    "z": -0.052976353088229115
  },
  "D22": {
    "x": 0.3756707028585253,
    "y": 0.9074284421705493,
    "z": 0.18826881142056376
  },
  "D23": {
    "x": 0.7360324619950275,
    "y": 0.22011951307498562,
    "z": 0.6401590543397553
  },
  "D26": {
    "x": 0.42235971506439945,
    "y": 0.9049634117975782,
    "z": -0.051512080121135215
  },
  "D27": {
    "x": 0.4646237702631636,
    "y": 0.8815817103098762,
    "z": 0.08329729979751273
  },
  "D28": {
    "x": 0.8973424851568096,
    "y": 0.37745303455599527,
    "z": 0.228704331041351
  },
  "D30": {
    "x": 0.32315627026334287,
    "y": -0.9207288265536607,
    "z": -0.21869717177550432
  },
  "D31": {
    "x": 0.046916982394415024,
    "y": -0.9270173056961252,
    "z": -0.3720721861452414
  },
  "D32": {
    "x": 0.30555774539186253,
    "y": -0.8844195738983481,
    "z": -0.3527555549335917
  },
  "D34": {
    "x": -0.16544984346526476,
    "y": -0.7355378117772623,
    "z": -0.6569706817988428
  },
  "D35": {
    "x": 0.16226470604888243,
    "y": -0.9762637905522118,
    "z": -0.1434544402501962
  },
  "D36": {
    "x": 0.7120031086500858,
    "y": 0.48838395874120677,
    "z": 0.5045123210753939
  },
  "D37": {
    "x": -0.13108621775209445,
    "y": -0.8768967599855865,
    "z": -0.4624591612696535
  },
  "D38": {
    "x": 0.8295600853063589,
    "y": 0.5405372041105179,
    "z": 0.140177016086414
  },
  "D40": {
    "x": 0.8176723752734265,
    "y": 0.23166032195910746,
    "z": 0.5270155424126649
  },
  "D41": {
    "x": 0.7526963515496436,
    "y": 0.5376654928631858,
    "z": 0.379952655140141
  },
  "D42": {
    "x": 0.8900464872813464,
    "y": 0.18139966102497407,
    "z": 0.41822411869494197
  },
  "D43": {
    "x": 0.695760654227768,
    "y": 0.35419720547939204,
    "z": 0.6248691476294359
  },
  "D45": {
    "x": 0.9422042310053281,
    "y": 0.24474418033489603,
    "z": 0.22880444328696609
  },
  "D47": {
    "x": 0.7776882809540939,
    "y": 0.36496912532671894,
    "z": 0.5118578662333091
  },
  "D48": {
    "x": 0.056260934973362826,
    "y": -0.7809152461998095,
    "z": -0.6220981316871271
  },
  "D49": {
    "x": 0.8277279273582637,
    "y": 0.4912417770768678,
    "z": 0.2711973353953796
  },
  "D50": {
    "x": 0.020457812426528936,
    "y": -0.8679581324508138,
    "z": -0.4962158383437763
  },
  "D51": {
    "x": 0.29269559825679414,
    "y": -0.7497698541390004,
    "z": -0.5934428806426777
  },
  "D52": {
    "x": 0.8886563943189262,
    "y": 0.30119582359828434,
    "z": 0.3457902379811155
  },
  "D53": {
    "x": -0.09245605653918071,
    "y": -0.9354035634185249,
    "z": -0.34128001868429025
  },
  "D54": {
    "x": 0.15089378274597148,
    "y": -0.8326622554841999,
    "z": -0.5328270212935684
  },
  "D55": {
    "x": 0.28059058725610625,
    "y": -0.8311049994615146,
    "z": -0.48013894053008177
  },
  "D56": {
    "x": -0.02079857794989805,
    "y": -0.703886509647069,
    "z": -0.7100078877675435
  },
  "D57": {
    "x": 0.16169648811207415,
    "y": -0.9462275436558424,
    "z": -0.280192222160525
  },
  "D58": {
    "x": -0.07647621907674056,
    "y": -0.8111865692024124,
    "z": -0.5797652437507325
  },
  "D59": {
    "x": 0.8217303412308431,
    "y": 0.416225822051908,
    "z": 0.38924967740237826
  },
  "D60": {
    "x": 0.008842554807810217,
    "y": -0.9696648205586271,
    "z": -0.2442784169661259
  },
  "D61": {
    "x": 0.17795354033866428,
    "y": -0.8948324710575927,
    "z": -0.40939881072360007
  }
}