{
  "D2": {
    "x": 0.44918568142089527,
    "y": 0.8081498482627337,
    "z": 0.38095412631886083
  },
  "D3": {
    "x": 0.11396282355946645,
    "y": -0.9256118153832052,
    "z": 0.36090891104177675
  },
  "D4": {
    "x": 0.07748679865119285,
    "y": -0.47877870207357826,
    "z": 0.8745094341832622
  },
  "D5": {
    "x": 0.1797217776793279,
    "y": -0.11490497690379863,
    "z": 0.976983586817363
  },
  "D6": {
    "x": 0.09145724327596111,
    "y": -0.6802925908165341,
    "z": 0.7272121860450974
  },
  "D7": {
    "x": -0.3455844232685761,
    "y": -0.3854198253598726,
    "z": -0.8555834059948165
  },
  "D8": {
    "x": 0.229018319137647,
    "y": 0.47251828321209355,
    "z": 0.8510447000773007
  },
  "D9": {
    "x": -0.019512292200661766,
    "y": -0.6958349136262023,
    "z": -0.7179366569774045
  },
  "D10": {
    "x": 0.25847486038729006,
    "y": 0.9474881586273883,
    "z": 0.18830012163737905
  },
  "D11": {
    "x": 0.18496667300399813,
    "y": 0.8874428249464453,
    "z": 0.42217598502153664
  },
  "D15": {
    "x": 0.08299433143504885,
    "y": 0.41399533705321334,
    "z": -0.9064876181437039
  },
  "D16": {
    "x": 0.154178956859265,
    "y": 0.961377775342242,
    "z": -0.2279947857732514
  },
  "D17": {
    "x": -0.24325814667843126,
    "y": -0.5951509789774436,
    "z": -0.7659117353173049
  },
  "D18": {
    "x": 0.21982602555523043,
    "y": -0.8042568695989525,
    "z": 0.5521298816324695
  },
  "D19": {
    "x": 0.05116983195340666,
    "y": -0.9981625261393839,
    "z": -0.03245334665183343
  },
  "D20": {
    "x": 0.2993480759572335,
    "y": -0.5470915655178231,
    "z": 0.7817170513427218
  },
  "D21": {
    "x": 0.012027055810026359,
    "y": 0.9689163768487989,
    "z": 0.24709594210091526
  },
  "D22": {
    "x": 0.08046274363410663,
    "y": 0.9967233953633388,
    "z": 0.00825954128567718
  },
  "D23": {
    "x": -0.018941014344125484,
    "y": -0.26609282767100956,
    "z": 0.9637613008611947
  },
  "D26": {
    "x": 0.6796930231401396,
    "y": 0.7299629256589073,
    "z": -0.07191329124790669
  },
  "D27": {
    "x": 0.5166653060554762,
    "y": 0.8226677592432502,
    "z": -0.23722293190223223
  },
  "D28": {
    "x": 0.6582257722379048,
    "y": -0.2698352704685261,
    "z": 0.7027999427810101
  },
  "D30": {
    "x": 0.486085932302932,
    "y": -0.8366859311510617,
    "z": -0.25234325636139027
  },
  "D31": {
    "x": -0.03338030992448995,
    "y": -0.9636232397100908,
    "z": -0.26517165534795384
  },
  "D32": {
    "x": 0.15225960357522994,
    "y": -0.8854601544501016,
    "z": -0.4390641502107817
  },
  "D34": {
    "x": 0.3115081061639282,
    "y": -0.9499382367105574,
    "z": 0.024084148924132767
  },
  "D35": {
    "x": -0.03841989546077125,
    "y": -0.49475202188438405,
    "z": -0.8681845129199768
  },
  "D36": {
    "x": -0.15153193992687072,
    "y": 0.6730364004954115,
    "z": 0.7239199367265549
  },
  "D37": {
    "x": -0.17590953266251202,
    "y": -0.9530936169970827,
    "z": 0.2463095482474742
  },
  "D38": {
    "x": 0.5743368523305405,
    "y": 0.13983887937597977,
    "z": 0.8065868011999188
  },
  "D40": {
    "x": 0.8706844890284974,
    "y": 0.4918368272498438,
    "z": -0.0022485386346926947
  },
  "D41": {
    "x": 0.21237811739125648,
    "y": 0.5872622900323498,
    "z": -0.781036835212851
  },
  "D42": {
    "x": 0.8115742450153702,
    "y": 0.531845805040372,
    "z": -0.24184144493591353
  },
  "D43": {
    "x": 0.9293125274529371,
    "y": -0.3538405329091568,
    "z": -0.1057123625201813
  },
  "D45": {
    "x": 0.7088806819318844,
    "y": 0.2785631943776679,
    "z": 0.6479897572661905
  },
  "D47": {
    "x": 0.9843982594920863,
    "y": 0.009652274612607219,
    "z": 0.17568978428967968
  },
  "D48": {
    "x": 0.26064127207159205,
    "y": -0.9399234051366216,
    "z": -0.22047702775863157
  },
  "D49": {
    "x": 0.9266108468421321,
    "y": 0.2121141136428732,
    "z": 0.31048339940809244
  },
  "D50": {
    "x": 0.6191909485330657,
    "y": -0.6566426926608593,
    "z": -0.4306076444163746
  },
  "D51": {
    "x": -0.5305756418705256,
    "y": -0.6771795319014822,
    "z": -0.5098209193700952
  },
  "D52": {
    "x": 0.514845350809337,
    "y": -0.5529454333497505,
    "z": 0.6551225934797756
  },
  "D53": {
    "x": 0.40593661350243065,
    "y": -0.7767873376291514,
    "z": -0.48147367312989514
  },
  "D54": {
    "x": -0.2588346275924739,
    "y": -0.895803970169373,
    "z": -0.36130303429095995
  },
  "D55": {
    "x": 0.4159748152669298,
    "y": -0.6050572855068487,
    "z": -0.6788745350348084
  },
  "D56": {
    "x": -0.30399906358249273,
    "y": -0.7538246065114292,
    "z": -0.5825229883522677
  },
  "D57": {
    "x": 0.21178502590155876,
    "y": -0.7425869277580368,
    "z": -0.6353831580446215
  },
  "D58": {
    "x": -0.07840450188323377,
    "y": -0.846188689122353,
    "z": -0.5270838989058909
  },
  "D59": {
    "x": 0.9918706925339245,
    "y": -0.1218048528722321,
    "z": -0.036825359591550706
  },
  "D60": {
    "x": 0.19457022177104377,
    "y": -0.5600244437490369,
    "z": -0.8053043221065863
  },
  "D61": {
    "x": -0.2393119683924195,
    "y": -0.9633248448721133,
    "z": -0.12138791140910338
  }
}