{
  "D2": {
    "x": 0.2867710004511772,
    "y": 0.01085660696116724,
    "z": -0.9579376427437861
  },
  "D4": {
    "x": 0.8206678601024718,
    "y": -0.2782055017709426,
    "z": -0.49910516144316497
  },
  "D5": {
    "x": 0.4530558668364981,
    "y": 0.17715883527864787,
    "z": -0.8737019678401453
  },
  "D7": {
    "x": -0.37291335931618885,
    "y": -0.3674368488702782,
    "z": -0.8520127866034614
  },
  "D8": {
    "x": -0.021958639936135217,
    "y": 0.9994732297142462,
    "z": 0.023897305637431792
  },
  "D9": {
    "x": -0.06900448492117803,
    "y": -0.781688002802483,
    "z": -0.619840501528763
  },
  "D10": {
    "x": 0.667442834304007,
    "y": -0.45194408682047305,
    "z": -0.591833258041691
  },
  "D11": {
    "x": 0.24946018633781927,
    "y": -0.7006448817747177,
    "z": -0.6684806392672809
  },
  "D12": {
    "x": -0.011944386928496866,
    "y": -0.9947781067501176,
    "z": 0.10136000173418476
  },
  "D13": {
    "x": 0.5955834119350619,
    "y": -0.015235818009276265,
    "z": -0.803148970787723
  },
  "D15": {
    "x": 0.34933682645518344,
    "y": 0.6402140795501501,
    "z": -0.6841708222571139
  },
  "D16": {
    "x": 0.7985493178800304,
    "y": -0.03698642480649518,
    "z": -0.6007919700639914
  },
  "D17": {
    "x": -0.1841905004400259,
    "y": -0.5288371323342882,
    "z": -0.828495713333569
  },
  "D18": {
    "x": 0.9299602673897666,
    "y": -0.2412943212636372,
    "z": -0.27740034535356056
  },
  "D19": {
    "x": 0.7756674910817359,
    "y": -0.6304318421358884,
    "z": 0.029927173273053276
  },
  "D20": {
    "x": 0.23550554968078877,
    "y": -0.9632069604470727,
    "z": 0.1294970556262226
  },
  "D21": {
    "x": 0.20370539962934256,
    "y": 0.9756735931839217,
    "z": -0.08102561153996524
  },
  "D22": {
    "x": -0.140997531356409,
    "y": 0.9604189759436575,
    "z": 0.24023964451924829
  },
  "D23": {
    "x": 0.6746131966745159,
    "y": -0.2290919492222179,
    "z": -0.7017221057328576
  },
  "D26": {
    "x": 0.7290359951095663,
    "y": 0.494056256747312,
    "z": -0.47372453282835003
  },
  "D27": {
    "x": 0.5656254604069378,
    "y": 0.683363466594859,
    "z": -0.4616082874720693
  },
  "D28": {
    "x": 0.8792399876438632,
    "y": -0.451494330188755,
    "z": -0.1519536571966157
  },
  "D30": {
    "x": 0.5908447600730479,
    "y": -0.8063414793983205,
    "z": -0.026756085213464068
  },
  "D31": {
    "x": -0.5176229664512437,
    "y": -0.5786304577797167,
    "z": -0.630280301081868
  },
  "D32": {
    "x": 0.5056190409260393,
    "y": -0.8222565437999626,
    "z": -0.26123468688359974
  },
  "D33": {
    "x": -0.44358610125243253,
    "y": -0.8832777104734205,
    "z": -0.15182837994426196
  },
  "D34": {
    "x": 0.7795243501754849,
    "y": -0.5016403380208612,
    "z": -0.3750983321127993
  },
  "D35": {
    "x": -0.009062301777852779,
    "y": -0.0815912936073164,
    "z": -0.9966246713251543
  },
  "D36": {
    "x": 0.9051286660943991,
    "y": -0.41466686182407264,
    "z": 0.09377361846036071
  },
  "D37": {
    "x": -0.16509298072405376,
    "y": -0.8785936803513995,
    "z": 0.44812660327437615
  },
  "D38": {
    "x": -0.20941616258875284,
    "y": -0.9581146942127045,
    "z": -0.19534867181605567
  },
  "D39": {
    "x": 0.6668229871702478,
    "y": 0.20727522269050125,
    "z": -0.715810090624567
  },
  "D40": {
    "x": 0.3901830834588938,
    "y": 0.5533333872201025,
    "z": 0.7359207321240774
  },
  "D41": {
    "x": 0.9598620323881605,
    "y": 0.2359762533836697,
    "z": 0.1515918421903897
  },
  "D42": {
    "x": 0.14961203814573532,
    "y": 0.5940113730106157,
    "z": 0.7904218663321013
  },
  "D43": {
    "x": -0.29421803597006774,
    "y": -0.6845598951167983,
    "z": -0.6669433988784913
  },
  "D45": {
    "x": 0.5906727445109483,
    "y": 0.44177237216427917,
    "z": -0.6752354256733347
  },
  "D47": {
    "x": 0.36216151708091093,
    "y": 0.0179963730506852,
    "z": 0.9319416108870092
  },
  "D48": {
    "x": 0.3753806005865201,
    "y": -0.9239339531479978,
    "z": -0.07372553779808719
  },
  "D49": {
    "x": 0.23531454767802287,
    "y": 0.28397170019504686,
    "z": 0.9295090839466937
  },
  "D50": {
    "x": 0.7098382623753019,
    "y": -0.6732285019249271,
    "z": -0.20710631439898303
  },
  "D51": {
    "x": -0.42465165733774257,
    "y": -0.7722472924013533,
    "z": -0.47255167897182127
  },
  "D52": {
    "x": 0.38757481007710337,
    "y": -0.7876089791960668,
    "z": -0.47901760143383765
  },
  "D53": {
    "x": 0.43003396133950095,
    "y": -0.1834433688694266,
    "z": -0.8839792545713344
  },
  "D54": {
    "x": 0.4996931164253705,
    "y": -0.39476831800290335,
    "z": -0.7710154113234441
  },
  "D56": {
    "x": 0.6036325585211203,
    "y": -0.6695088419811408,
    "z": -0.43288063574421753
  },
  "D57": {
    "x": -0.2020966703577089,
    "y": -0.8787523697082827,
    "z": -0.43237854775925777
  },
  "D58": {
    "x": 0.1940884405286444,
    "y": -0.22094171025784612,
    "z": -0.9557794923105941
  },
  "D59": {
    "x": 0.13252597410086747,
    "y": -0.985879370304374,
    "z": -0.10236568466467191
  },
  "D60": {
    "x": 0.2742902866711674,
    "y": -0.5020162804490333,
    "z": -0.8202100296887173
  },
  "D61": {
    "x": 0.008666780778561686,
    "y": -0.9487235336518027,
    "z": -0.3159882016882476
  },
  "D62": {
    "x": -0.16246112378771047,
    "y": -0.27296661306536174,
    "z": -0.9482065236061495
  },
  "D63": {
    "x": 0.980915946328171,
    "y": -0.19414939323362163,
    "z": -0.01048424275401765
  },
  "D64": {
    "x": 0.26902836824961734,
    "y": -0.9153891138030923,
    "z": -0.29947705656316564
  },
  "D65": {
    "x": 0.04106705118592732,
    "y": -0.4123326409767733,
    "z": -0.9101072961426098
  },
  "D66": {
    "x": 0.1408865654893682,
    "y": -0.8519725393303371,
    "z": -0.5042754880931919
  },
  "D67": {
    "x": 0.04103756417987787,
    "y": -0.6249435365549445,
    "z": -0.7795905941225695
  },
  "D68": {
    "x": 0.47685556383521605,
    "y": -0.6046866252255161,
    "z": -0.6379364047558145
  }
}