{
  "D2": {
    "x": -0.37901428614172256,
    "y": 0.22435996108755057,
    "z": 0.897781030519844
  },
  "D3": {
    "x": -0.30408283267466013,
    "y": 0.4440285985433248,
    "z": 0.8428358289419154
  },
  "D4": {
    "x": -0.3339809507633296,
    "y": 0.3343581561294973,
    "z": 0.8812839201738025
  },
  "D5": {
    "x": -0.17072755018633695,
    "y": 0.8414711528839242,
    "z": 0.5126191592903754
  },
  "D7": {
    "x": -0.13690313000249463,
    "y": -0.9234380237122296,
    "z": 0.3584965123372492
  },
  "D8": {
    "x": -0.06471378889184545,
    "y": 0.8795892291666604,
    "z": 0.47131190676797213
  },
  "D9": {
    "x": -0.18690960116198413,
    "y": -0.9493099947643097,
    "z": 0.25273570154225217
  },
  "D10": {
    "x": -0.18969958657258945,
    "y": 0.49397203917510785,
    "z": 0.8485314910876169
  },
  "D11": {
    "x": -0.12234414542091215,
    "y": 0.24595621140058066,
    "z": 0.9615287058401842
  },
  "D15": {
    "x": -0.2480726386066352,
    "y": 0.7772882004761955,
    "z": 0.5781721364569722
  },
  "D16": {
    "x": -0.3952995686977854,
    "y": 0.6443723419473284,
    "z": 0.6546163272640397
  },
  "D17": {
    "x": -0.529927654478673,
    "y": 0.6560915856287141,
    "z": 0.5373271929522383
  },
  "D18": {
    "x": -0.28467004480038766,
    "y": -0.9076886599047135,
    "z": 0.30832492969873626
  },
  "D19": {
    "x": -0.27859680840735673,
    "y": -0.9403404286521522,
    "z": -0.19530411308398238
  },
  "D20": {
    "x": -0.23375843595122206,
    "y": -0.8799331802012234,
    "z": 0.4136116439398196
  },
  "D21": {
    "x": -0.012887190238527633,
    "y": 0.9373077166335464,
    "z": 0.3482645038860024
  },
  "D22": {
    "x": -0.08562027300334794,
    "y": 0.9628010339744056,
    "z": 0.2562876076376839
  },
  "D23": {
    "x": 0.055067220819158255,
    "y": 0.8834525976103813,
    "z": 0.46527315521822643
  },
  "D24": {
    "x": 0.2875790219638492,
    "y": -0.940039342486612,
    "z": -0.1833694104905566
  },
  "D25": {
    "x": 0.03723533872017095,
    "y": -0.9726916506203928,
    "z": -0.22909491998682593
  },
  "D26": {
    "x": -0.2556174098285155,
    "y": 0.9408389836082881,
    "z": 0.22244492962413046
  },
  "D27": {
    "x": -0.1692267270527989,
    "y": 0.9746532359520129,
    "z": 0.14633312850912325
  },
  "D28": {
    "x": -0.31488722096209804,
    "y": -0.9480001821483829,
    "z": -0.046278426090345055
  },
  "D29": {
    "x": -0.31084389093340986,
    "y": -0.9305563018684638,
    "z": 0.1934968850453841
  },
  "D30": {
    "x": -0.12251822107014465,
    "y": -0.9755842455193701,
    "z": -0.18227634350131294
  },
  "D31": {
    "x": -0.31862742298574237,
    "y": -0.9449690767312979,
    "z": 0.07422943717328893
  },
  "D32": {
    "x": 0.11587507944946744,
    "y": -0.9925137635211699,
    "z": 0.038592683032182475
  },
  "D33": {
    "x": -0.018465143563610606,
    "y": -0.9919925454584594,
    "z": -0.12493929817323912
  },
  "D34": {
    "x": 0.0983914612658189,
    "y": -0.9916503356478098,
    "z": -0.08335905565421728
  },
  "D35": {
    "x": -0.21129938343726581,
    "y": -0.9721149139868744,
    "z": -0.10171118209578996
  },
  "D36": {
    "x": -0.9171953162515172,
    "y": -0.3890209192532164,
    "z": -0.08611315944536081
  },
  "D37": {
    "x": 0.19268445612536453,
    "y": -0.9471504768409176,
    "z": -0.2564735358427747
  },
  "D38": {
    "x": -0.18297556992826292,
    "y": 0.7247892472805404,
    "z": 0.6642292434362816
  },
  "D39": {
    "x": -0.634093675703397,
    "y": -0.3065108159659981,
    "z": -0.7099129031992679
  },
  "D40": {
    "x": 0.746168296503445,
    "y": 0.6566043434204494,
    "z": 0.11001640557002187
  },
  "D41": {
    "x": -0.13464007915306755,
    "y": 0.9906795095376719,
    "z": 0.020643605979904323
  },
  "D42": {
    "x": 0.8166992347778561,
    "y": 0.5619048444394599,
    "z": 0.13139751028360724
  },
  "D43": {
    "x": 0.43720633495922717,
    "y": -0.8989956442703179,
    "z": 0.025640831782850742
  },
  "D45": {
    "x": 0.6936362350431685,
    "y": 0.6880439960796835,
    "z": 0.21322343420421397
  },
  "D47": {
    "x": 0.9822702489352468,
    "y": -0.18187934189847618,
    "z": 0.04544296477196088
  },
  "D48": {
    "x": 0.4933360766306938,
    "y": -0.8608665677055842,
    "z": 0.12461247169300986
  },
  "D49": {
    "x": 0.998925300863317,
    "y": 0.04350143644414421,
    "z": 0.015995884546588086
  },
  "D50": {
    "x": 0.14876697783738135,
    "y": -0.9769952864808528,
    "z": 0.15280247543586656
  },
  "D51": {
    "x": -0.03895250808868188,
    "y": -0.9539921299905906,
    "z": 0.29729062889640073
  },
  "D52": {
    "x": 0.7029253111213744,
    "y": -0.7006099843163556,
    "z": 0.12264443265454436
  },
  "D53": {
    "x": 0.005673843224811086,
    "y": -0.9999528216280199,
    "z": -0.007884289519147672
  },
  "D54": {
    "x": -0.08827658252223464,
    "y": -0.9776894101421486,
    "z": 0.19060603944810475
  },
  "D55": {
    "x": -0.10791610889912139,
    "y": -0.9931230925476588,
    "z": -0.04539423409032374
  },
  "D56": {
    "x": -0.21185518624137167,
    "y": -0.9676334161619654,
    "z": 0.13712385638304708
  },
  "D57": {
    "x": -0.2174060500145149,
    "y": -0.9759194980876413,
    "z": 0.01776914937335402
  },
  "D58": {
    "x": -0.11265032981436593,
    "y": -0.9908669700373769,
    "z": 0.07411174590888274
  },
  "D59": {
    "x": 0.5914293746023586,
    "y": -0.7938434985022601,
    "z": 0.1415054583511021
  },
  "D60": {
    "x": 0.049346829777865975,
    "y": -0.9743994672328269,
    "z": 0.21934121511302335
  },
  "D61": {
    "x": 0.0010890430876014131,
    "y": -0.9937614821270683,
    "z": 0.11152098737800964
  }
}