{
  "D2": {
    "x": -0.4217070472235964,
    "y": 0.04646650565813917,
    "z": 0.9055407391022656
  },
  "D3": {
    "x": 0.030773536171064632,
    "y": -0.7845940175293293,
    "z": 0.6192456839806918
  },
  "D4": {
    "x": 0.14681470003785102,
    "y": -0.5907812272218503,
    "z": 0.7933618250300679
  },
  "D5": {
    "x": -0.1287467157625442,
    "y": -0.4176017016786476,
    "z": 0.89946267400902
  },
  "D6": {
    "x": -0.09869731838663719,
    "y": -0.6312614073575032,
    "z": 0.7692645025765268
  },
  "D7": {
    "x": -0.6977564660816248,
    "y": -0.5803302088226168,
    "z": -0.41994376143619544
  },
  "D8": {
    "x": -0.03157193130697164,
    "y": 0.20725216929117088,
    "z": 0.9777779663490336
  },
  "D9": {
    "x": -0.5469615173949726,
    "y": -0.7639784812640362,
    "z": -0.3423010059209374
  },
  "D10": {
    "x": -0.26878012424347913,
    "y": 0.5015169905327723,
    "z": 0.8223368853569754
  },
  "D11": {
    "x": -0.267762169277961,
    "y": 0.2731097992417125,
    "z": 0.9239666975934318
  },
  "D15": {
    "x": -0.38046183997303695,
    "y": 0.716417616695259,
    "z": 0.5848030324930062
  },
  "D16": {
    "x": -0.7128442958006086,
    "y": 0.49109561925131384,
    "z": 0.5006776434959954
  },
  "D17": {
    "x": -0.044850687622395566,
    "y": 0.6509739071929751,
    "z": 0.7577739689206209
  },
  "D18": {
    "x": -0.3130101167315378,
    "y": -0.6886397765356539,
    "z": 0.6540641596943175
  },
  "D19": {
    "x": -0.18407320881746972,
    "y": -0.8429414105803479,
    "z": 0.5055361828044096
  },
  "D20": {
    "x": -0.44459105517200376,
    "y": -0.7699699261353015,
    "z": 0.4576954298529127
  },
  "D21": {
    "x": -0.04498705022090996,
    "y": 0.9231060819719656,
    "z": 0.38190486608419655
  },
  "D22": {
    "x": -0.15399296274309118,
    "y": 0.9745538060548418,
    "z": 0.16288353670530065
  },
  "D23": {
    "x": 0.11707132074137147,
    "y": -0.37648731480440206,
    "z": 0.9189948898939764
  },
  "D26": {
    "x": 0.10485574755180935,
    "y": 0.9763868377428133,
    "z": 0.1888756609199307
  },
  "D27": {
    "x": 0.050436725592679456,
    "y": 0.9972535955465904,
    "z": -0.05423470181430212
  },
  "D28": {
    "x": -0.3469553349689159,
    "y": -0.48882763993039796,
    "z": 0.800418349350316
  },
  "D30": {
    "x": -0.0195189405836746,
    "y": -0.9453885981642584,
    "z": 0.3253604300149444
  },
  "D31": {
    "x": -0.38983935954607707,
    "y": -0.748718484122404,
    "z": -0.5361398187806552
  },
  "D32": {
    "x": -0.8163107477971849,
    "y": -0.5586597823797302,
    "z": 0.14675152667769226
  },
  "D34": {
    "x": 0.058986505430458955,
    "y": -0.989767381144681,
    "z": -0.12992737740408022
  },
  "D35": {
    "x": -0.26470304944963124,
    "y": -0.9220160380214951,
    "z": 0.2825220721345695
  },
  "D36": {
    "x": -0.026552490140683505,
    "y": 0.44341715865524,
    "z": 0.8959219768916502
  },
  "D37": {
    "x": 0.42673725221734005,
    "y": -0.8470392695077452,
    "z": -0.31689082265313345
  },
  "D38": {
    "x": 0.46480478101092476,
    "y": -0.249290186286742,
    "z": 0.849594561288211
  },
  "D40": {
    "x": 0.9033867731176091,
    "y": 0.4138405168972075,
    "z": -0.11237599712752569
  },
  "D41": {
    "x": -0.19717503724969068,
    "y": 0.9768189261167979,
    "z": -0.08334740707190093
  },
  "D42": {
    "x": 0.8560159019161481,
    "y": 0.3758822661539088,
    "z": -0.3548933609659186
  },
  "D43": {
    "x": 0.9268161634261058,
    "y": -0.3590102460364333,
    "z": 0.11010650504385981
  },
  "D45": {
    "x": 0.6763984783655215,
    "y": 0.14057978743116734,
    "z": 0.7229954507675793
  },
  "D47": {
    "x": 0.989912475443112,
    "y": -0.08223159278355607,
    "z": 0.11537441705321798
  },
  "D48": {
    "x": -0.7162928970326821,
    "y": -0.6772369176544192,
    "z": -0.16815065574201313
  },
  "D49": {
    "x": 0.9794485332230506,
    "y": 0.16752957150181033,
    "z": 0.1123139058159519
  },
  "D50": {
    "x": 0.1414084722231972,
    "y": -0.9835248438462978,
    "z": 0.11261671954295621
  },
  "D51": {
    "x": -0.107940317572524,
    "y": -0.9895378289175725,
    "z": 0.09572759781504858
  },
  "D52": {
    "x": 0.3928634676537139,
    "y": -0.6547120680983125,
    "z": 0.6457634270145144
  },
  "D53": {
    "x": -0.656472742445836,
    "y": -0.6791879328047985,
    "z": 0.3282488238485974
  },
  "D54": {
    "x": -0.07433067899451304,
    "y": -0.9293281453700737,
    "z": -0.36169621007585084
  },
  "D55": {
    "x": -0.6663728057273571,
    "y": -0.7425158539348002,
    "z": 0.06795211874933939
  },
  "D56": {
    "x": -0.32707090464477384,
    "y": -0.8840108747966972,
    "z": -0.33399011448847915
  },
  "D57": {
    "x": -0.4958471991642867,
    "y": -0.8392766910900927,
    "z": 0.22304750810936522
  },
  "D58": {
    "x": -0.5217707034279153,
    "y": -0.8462719850015608,
    "z": -0.10760604279433685
  },
  "D59": {
    "x": 0.7782137203329509,
    "y": -0.578970749159267,
    "z": 0.24326174607509646
  },
  "D60": {
    "x": -0.1899134318156021,
    "y": -0.9711797584740142,
    "z": -0.14402348817597802
  },
  "D61": {
    "x": -0.3473479966226117,
    "y": -0.9365552584433804,
    "z": 0.04704909270444331
  }
}