{
  "D2": {
    "x": -0.4558809456016961,
    "y": 0.7506065227399927,
    "z": 0.47829113671223306
  },
  "D3": {
    "x": -0.5077959841901736,
    "y": 0.01570863914490404,
    "z": 0.8613341262811709
  },
  "D4": {
    "x": -0.5821927288521107,
    "y": -0.562919741687175,
    "z": 0.5866625869190716
  },
  "D5": {
    "x": -0.5996945737756055,
    "y": -0.4431140295271886,
    "z": 0.6663455372554639
  },
  "D6": {
    "x": -0.5119874397016563,
    "y": -0.8025740095355512,
    "z": 0.30617612709970016
  },
  "D7": {
    "x": 0.2512909797408006,
    "y": -0.8486725057582455,
    "z": -0.465411453953305
  },
  "D8": {
    "x": -0.5904168752943777,
    "y": 0.22482255666456266,
    "z": 0.775153359911723
  },
  "D9": {
    "x": 0.14888930723505941,
    "y": -0.8940963745264354,
    "z": -0.42240223395449517
  },
  "D10": {
    "x": -0.34606855690727734,
    "y": 0.7748639304517057,
    "z": 0.5289824602054862
  },
  "D11": {
    "x": -0.4281060862494765,
    "y": 0.3679255282728638,
    "z": 0.8254429020600333
  },
  "D15": {
    "x": 0.09988549173802717,
    "y": 0.6188883926239922,
    "z": -0.779102076762438
  },
  "D16": {
    "x": 0.056641890948910756,
    "y": 0.9838259303044722,
    "z": -0.16993597338489436
  },
  "D18": {
    "x": -0.46927014809171325,
    "y": -0.8751738951322261,
    "z": 0.11771228223541055
  },
  "D19": {
    "x": -0.28381733188970426,
    "y": -0.9432120811848457,
    "z": -0.17262297652966607
  },
  "D20": {
    "x": -0.6550885598674221,
    "y": -0.6535514711727192,
    "z": 0.3791166749943888
  },
  "D21": {
    "x": -0.05863584950547992,
    "y": 0.9750354814807046,
    "z": 0.21416733412558825
  },
  "D22": {
    "x": 0.09429202416681105,
    "y": 0.9912782856423685,
    "z": 0.09206722865630665
  },
  "D23": {
    "x": -0.4899675240318636,
    "y": -0.6394750418433779,
    "z": 0.5924554803978908
  },
  "D26": {
    "x": -0.025360582654494302,
    "y": 0.9946089574364506,
    "z": 0.10054781267934813
  },
  "D27": {
    "x": 0.06911637585145845,
    "y": 0.9972925484073759,
    "z": -0.025109748710048344
  },
  "D28": {
    "x": -0.6060945818086599,
    "y": 0.33171399582788474,
    "z": 0.7229212840095967
  },
  "D30": {
    "x": -0.1684783193166988,
    "y": -0.8272698053796875,
    "z": -0.5359475021187005
  },
  "D31": {
    "x": -0.17975706877582026,
    "y": -0.6668005825225898,
    "z": -0.7232318987521636
  },
  "D32": {
    "x": -0.11129652960100875,
    "y": -0.9015809382696932,
    "z": -0.41804891370210673
  },
  "D34": {
    "x": -0.5702558585670153,
    "y": -0.5184815996644155,
    "z": -0.6371695901245013
  },
  "D36": {
    "x": -0.26713711149206737,
    "y": 0.9610328944362697,
    "z": -0.07108825131567574
  },
  "D37": {
    "x": -0.045900670257258185,
    "y": -0.9569918464196305,
    "z": -0.2864607029878282
  },
  "D38": {
    "x": -0.4096071552738684,
    "y": -0.2648691044485005,
    "z": 0.8729641091460166
  },
  "D40": {
    "x": -0.16604947966655195,
    "y": 0.8260209590679882,
    "z": 0.5386250509239875
  },
  "D41": {
    "x": 0.056119139282054926,
    "y": 0.8471081425880232,
    "z": 0.5284490864476071
  },
  "D42": {
    "x": -0.2350943379659044,
    "y": 0.8627679317225297,
    "z": 0.4476183064259118
  },
  "D43": {
    "x": 0.4070769636759508,
    "y": -0.9058677044801433,
    "z": -0.11701302331041866
  },
  "D45": {
    "x": -0.18947732992687777,
    "y": -0.002604344836202564,
    "z": 0.9818816419669713
  },
  "D47": {
    "x": 0.516032419692668,
    "y": -0.34711979446666674,
    "z": 0.7830826202359168
  },
  "D48": {
    "x": -0.18370835212386402,
    "y": -0.7518479102587218,
    "z": -0.6332266270455842
  },
  "D49": {
    "x": 0.49862716243212385,
    "y": -0.23943544725679766,
    "z": 0.8330916032957153
  },
  "D50": {
    "x": 0.013138405328663743,
    "y": -0.9134959707627294,
    "z": -0.40663557850448667
  },
  "D51": {
    "x": 0.06495263432286376,
    "y": -0.8624040011376669,
    "z": -0.5020363474055076
  },
  "D52": {
    "x": -0.14884828201957845,
    "y": -0.9432528081359944,
    "z": 0.2968473157759408
  },
  "D53": {
    "x": -0.06990145335937374,
    "y": -0.7096115857406203,
    "z": -0.7011170973531665
  },
  "D54": {
    "x": 0.1679115200544197,
    "y": -0.820223222891093,
    "z": -0.5468451207272154
  },
  "D55": {
    "x": -0.07169027821026963,
    "y": -0.7885346659734951,
    "z": -0.6107974988228116
  },
  "D56": {
    "x": 0.15428841058266812,
    "y": -0.7500215310837471,
    "z": -0.6431662221157652
  },
  "D57": {
    "x": 0.04934689099091502,
    "y": -0.719553036500426,
    "z": -0.6926819703244392
  },
  "D58": {
    "x": 0.04760940748424079,
    "y": -0.7974878588860818,
    "z": -0.6014536218598177
  },
  "D59": {
    "x": 0.12956425647726563,
    "y": -0.9398910649291197,
    "z": 0.31593969283693796
  },
  "D60": {
    "x": -0.05429441188798118,
    "y": -0.8564091951916527,
    "z": -0.5134349104111678
  },
  "D61": {
    "x": -0.3137311245541488,
    "y": -0.5213587015058725,
    "z": -0.7935728610846642
  }
}