{
  "D2": {
    "x": 0.30489993440607055,
    "y": -0.9431910620321803,
    "z": -0.1320100393976983
  },
  "D3": {
    "x": 0.6626491789802799,
    "y": 0.6741487035811794,
    "z": 0.3262201573425167
  },
  "D4": {
    "x": 0.9247610975101827,
    "y": 0.34921133934396514,
    "z": 0.15122285873953284
  },
  "D5": {
    "x": 0.7923576130107859,
    "y": 0.302590503009427,
    "z": 0.5297248347891118
  },
  "D6": {
    "x": 0.7790026285804306,
    "y": 0.6103472930137483,
    "z": 0.1436352553364589
  },
  "D7": {
    "x": 0.8099542849469075,
    "y": -0.5464616948056739,
    "z": 0.21296401669355886
  },
  "D8": {
    "x": 0.14667729305915078,
    "y": 0.9858764593258881,
    "z": 0.08082931799718954
  },
  "D9": {
    "x": 0.7573054387160172,
    "y": -0.597463794043386,
    "z": -0.2636768615150437
  },
  "D10": {
    "x": 0.7530261591304157,
    "y": -0.5541537502699843,
    "z": 0.3547748930336046
  },
  "D11": {
    "x": 0.2655006724742081,
    "y": -0.9365742564677628,
    "z": 0.22877511892161778
  },
  "D15": {
    "x": 0.40957065794802444,
    "y": 0.905082293169463,
    "z": -0.11435872830321579
  },
  "D16": {
    "x": 0.5171982150280601,
    "y": -0.8171280269640684,
    "z": -0.2545737494746809
  },
  "D17": {
    "x": 0.8815935246902665,
    "y": 0.21511204274067994,
    "z": 0.42014243571927407
  },
  "D18": {
    "x": 0.42208089200305554,
    "y": -0.8047462606707219,
    "z": 0.41741008198460633
  },
  "D19": {
    "x": 0.5658351490755422,
    "y": -0.808862435574824,
    "z": 0.15991292751564243
  },
  "D20": {
    "x": 0.733346015860927,
    "y": -0.6571090078916836,
    "z": 0.17438856834240166
  },
  "D21": {
    "x": 0.14729622920651766,
    "y": 0.9802349650005727,
    "z": -0.13207283691912985
  },
  "D22": {
    "x": 0.26378178364278065,
    "y": 0.9528365083959087,
    "z": 0.1500725120937439
  },
  "D23": {
    "x": 0.469051216492052,
    "y": 0.8827934661678911,
    "z": 0.02581961267344584
  },
  "D26": {
    "x": 0.2785770057297142,
    "y": 0.9562073097431844,
    "z": -0.08979105006830458
  },
  "D27": {
    "x": 0.34125998457344714,
    "y": 0.9393447452844983,
    "z": 0.034250145041033145
  },
  "D28": {
    "x": 0.2861369618425459,
    "y": -0.9550078871771596,
    "z": 0.07801009227616032
  },
  "D30": {
    "x": 0.5818411879088786,
    "y": -0.8132909534044179,
    "z": -0.0043193938600156
  },
  "D31": {
    "x": 0.5733549206043869,
    "y": -0.6655370469562741,
    "z": 0.47783320745576013
  },
  "D32": {
    "x": 0.5957446164307371,
    "y": -0.7905626738431428,
    "z": -0.1417709798223
  },
  "D34": {
    "x": 0.6586385663800967,
    "y": -0.6568060462501272,
    "z": 0.36715263377245033
  },
  "D35": {
    "x": 0.3833008925959122,
    "y": -0.9234536361452144,
    "z": -0.01771461615048565
  },
  "D36": {
    "x": 0.6636243704012559,
    "y": 0.5143085152066058,
    "z": 0.5432213602165449
  },
  "D37": {
    "x": -0.8703946487858939,
    "y": -0.424838617650953,
    "z": 0.24884795421563655
  },
  "D38": {
    "x": 0.9251014161513776,
    "y": 0.25558992995524127,
    "z": 0.28082228818274146
  },
  "D39": {
    "x": 0.7068297009601844,
    "y": 0.5704859108434752,
    "z": 0.41825542359857876
  },
  "D40": {
    "x": 0.8746251035657209,
    "y": 0.4796812182698126,
    "z": 0.07026277145003908
  },
  "D41": {
    "x": 0.7605222415207585,
    "y": 0.4317235064033854,
    "z": 0.4849956022182132
  },
  "D42": {
    "x": 0.8411200169354784,
    "y": 0.5006706111306859,
    "z": 0.20456308626065994
  },
  "D43": {
    "x": 0.8373033050804254,
    "y": -0.5414959533180743,
    "z": 0.07553348821248726
  },
  "D45": {
    "x": 0.8434997247578969,
    "y": 0.34928525499667845,
    "z": 0.40805394860883004
  },
  "D47": {
    "x": 0.760746235410262,
    "y": 0.5839347822364993,
    "z": 0.28334667000606617
  },
  "D48": {
    "x": 0.38978423572547705,
    "y": -0.9045503574980068,
    "z": 0.17279149380144154
  },
  "D49": {
    "x": 0.8788240090490259,
    "y": 0.38769193981324557,
    "z": 0.2781426269431576
  },
  "D50": {
    "x": 0.693486877451406,
    "y": -0.6957543363678046,
    "z": -0.18708782490609727
  },
  "D51": {
    "x": 0.5488357578291098,
    "y": -0.7507175623597977,
    "z": 0.36769886115231576
  },
  "D52": {
    "x": 0.8039385084221593,
    "y": 0.4742419277538139,
    "z": 0.35885577693037113
  },
  "D53": {
    "x": 0.403884402050776,
    "y": -0.8891889391078014,
    "z": -0.21498934938370723
  },
  "D54": {
    "x": 0.6384309955925344,
    "y": -0.7284343221134328,
    "z": 0.24857454059872902
  },
  "D55": {
    "x": 0.48034139907638834,
    "y": -0.8742526128589081,
    "z": 0.07038827489511457
  },
  "D56": {
    "x": 0.75854530764896,
    "y": -0.6505785806195395,
    "z": 0.03683105595567716
  },
  "D57": {
    "x": 0.3602787797469114,
    "y": -0.8784593881498624,
    "z": 0.3138603259978014
  },
  "D58": {
    "x": 0.6829455013437621,
    "y": -0.7286573366121123,
    "z": -0.05141914036290856
  },
  "D59": {
    "x": 0.48521132268381817,
    "y": -0.8309420698687086,
    "z": 0.27222279269327565
  },
  "D60": {
    "x": 0.4862830253501483,
    "y": -0.8680270477634447,
    "z": -0.10028890071880156
  },
  "D61": {
    "x": 0.6647277827992608,
    "y": -0.7420327000425341,
    "z": 0.08674356945829269
  }
}