{
  "D2": {
    "x": -0.5562775331094454,
    "y": 0.36587112191128746,
    "z": 0.746119044328079
  },
  "D3": {
    "x": -0.3386297262900213,
    "y": -0.6875370663976201,
    "z": 0.6423571364919205
  },
  "D4": {
    "x": -0.4024947852441396,
    "y": -0.1245100836768909,
    "z": 0.9069152038167887
  },
  "D5": {
    "x": -0.5850202974113511,
    "y": 0.03401375073667195,
    "z": 0.8103050761148901
  },
  "D6": {
    "x": -0.5085457132150897,
    "y": -0.5112405753655987,
    "z": 0.6928306659425574
  },
  "D7": {
    "x": -0.11750840551564666,
    "y": -0.9896672903195917,
    "z": -0.08216099503199474
  },
  "D8": {
    "x": -0.4202790716715187,
    "y": 0.20726504023752462,
    "z": 0.8834063079977772
  },
  "D9": {
    "x": -0.043181148345322766,
    "y": -0.8556286357782523,
    "z": -0.5157858335237854
  },
  "D10": {
    "x": -0.25001243015839664,
    "y": 0.6954090969119969,
    "z": 0.6737209902462099
  },
  "D11": {
    "x": -0.14790441560976234,
    "y": 0.40131148162240027,
    "z": 0.9039211130188125
  },
  "D15": {
    "x": 0.25760689896123246,
    "y": 0.19785284276990595,
    "z": -0.9457763679726007
  },
  "D16": {
    "x": -0.1254003033673271,
    "y": 0.9920889757659114,
    "z": 0.005850476829046814
  },
  "D17": {
    "x": 0.15014800202247602,
    "y": -0.985543525483882,
    "z": -0.07848271698571307
  },
  "D18": {
    "x": -0.37838448646626427,
    "y": -0.3667238962404933,
    "z": 0.8499051501949224
  },
  "D19": {
    "x": -0.3883532410012081,
    "y": -0.9002177008560255,
    "z": 0.19695139316427548
  },
  "D20": {
    "x": -0.7019092355878793,
    "y": -0.3702540747649696,
    "z": 0.6084696747713687
  },
  "D21": {
    "x": -0.1416443300445988,
    "y": 0.9324831410022965,
    "z": 0.33228312553108746
  },
  "D22": {
    "x": 0.09907296631297471,
    "y": 0.9883149123033139,
    "z": 0.1158368743744467
  },
  "D23": {
    "x": -0.5925811191272172,
    "y": -0.21930222127985213,
    "z": 0.7750833200344704
  },
  "D26": {
    "x": 0.08983756528316253,
    "y": 0.9022566846495599,
    "z": 0.4217369877888092
  },
  "D27": {
    "x": 0.2858035197021274,
    "y": 0.92020478284627,
    "z": 0.267468700510405
  },
  "D28": {
    "x": -0.753441015263718,
    "y": -0.07141184662725769,
    "z": 0.6536260281534563
  },
  "D30": {
    "x": -0.3521858707315704,
    "y": -0.9254561126294362,
    "z": -0.13962842136849482
  },
  "D31": {
    "x": 0.25917231042128097,
    "y": -0.9200850536530119,
    "z": -0.29372301162018194
  },
  "D32": {
    "x": -0.22911087604866895,
    "y": -0.9058226221982583,
    "z": -0.3563615910701978
  },
  "D34": {
    "x": -0.37530893764159223,
    "y": -0.819448128820562,
    "z": 0.4331835240389679
  },
  "D35": {
    "x": 0.0895320032835063,
    "y": -0.516358135825295,
    "z": -0.851679690937308
  },
  "D36": {
    "x": -0.7022555511619054,
    "y": 0.6988414995817293,
    "z": -0.13585911572157497
  },
  "D37": {
    "x": -0.11131886124375838,
    "y": -0.9795577510629444,
    "z": 0.16755513559392662
  },
  "D38": {
    "x": -0.2407784231714694,
    "y": 0.05575170888269311,
    "z": 0.9689775528317053
  },
  "D40": {
    "x": -0.3492979399192505,
    "y": 0.499337866879008,
    "z": 0.7928761844505673
  },
  "D41": {
    "x": 0.1089928929089007,
    "y": 0.38758503785294973,
    "z": 0.9153678974750407
  },
  "D42": {
    "x": -0.5174534187704353,
    "y": 0.5822523989631812,
    "z": 0.6270758353695421
  },
  "D43": {
    "x": 0.8574047505106661,
    "y": -0.484609153668931,
    "z": 0.17323701100522673
  },
  "D45": {
    "x": -0.030954644828561514,
    "y": 0.19112604635735692,
    "z": 0.981077287662569
  },
  "D47": {
    "x": 0.6491058166133536,
    "y": 0.08952885927557531,
    "z": 0.7554112933995134
  },
  "D48": {
    "x": 0.011753359181932085,
    "y": -0.9558976590216816,
    "z": -0.29346468957066935
  },
  "D49": {
    "x": 0.5223954559769127,
    "y": 0.30081120039351833,
    "z": 0.7978819519781634
  },
  "D50": {
    "x": 0.42605138515451774,
    "y": -0.8981237015273034,
    "z": -0.10887623231363232
  },
  "D51": {
    "x": 0.3350678493224816,
    "y": -0.4651376693849777,
    "z": -0.8193756677309365
  },
  "D52": {
    "x": -0.1333607924904273,
    "y": -0.6074696301642764,
    "z": 0.783068035009987
  },
  "D53": {
    "x": -0.26112969915766243,
    "y": -0.52660409329916,
    "z": -0.8090113776322299
  },
  "D54": {
    "x": 0.5397406237308858,
    "y": -0.6264892028219868,
    "z": -0.5623089345209321
  },
  "D55": {
    "x": -0.18690431561752816,
    "y": -0.7197052711698558,
    "z": -0.6686487115473027
  },
  "D56": {
    "x": 0.44594281414212605,
    "y": -0.7976431299176586,
    "z": -0.4060793565427356
  },
  "D57": {
    "x": 0.06808378685936249,
    "y": -0.7125868788681654,
    "z": -0.6982725385061449
  },
  "D58": {
    "x": 0.31930161029331033,
    "y": -0.6671817743977732,
    "z": -0.6729895701833261
  },
  "D59": {
    "x": 0.19403305269224333,
    "y": -0.0684910811549569,
    "z": 0.978601117036535
  },
  "D60": {
    "x": 0.20535280245979837,
    "y": -0.8289749424616633,
    "z": -0.5202218481499881
  },
  "D61": {
    "x": -0.3737881334393335,
    "y": -0.7736563917290401,
    "z": -0.5116035758639115
  }
}