{
  "D2": {
    "x": -0.4811252214681373,
    "y": 0.7717763302549423,
    "z": -0.41578818805426687
  },
  "D3": {
    "x": -0.6138565753345265,
    "y": -0.401199083978821,
    "z": 0.6798671928642548
  },
  "D4": {
    "x": -0.08650275175121487,
    "y": -0.3726278927149428,
    "z": -0.9239403268124456
  },
  "D5": {
    "x": -0.11536118556838663,
    "y": -0.1299009460177441,
    "z": -0.9847931463449324
  },
  "D6": {
    "x": 0.6080419346580376,
    "y": 0.7617614420035803,
    "z": -0.22361688481404296
  },
  "D7": {
    "x": -0.03192243142047819,
    "y": -0.9638273381934463,
    "z": -0.2646088065865171
  },
  "D8": {
    "x": -0.291866333121073,
    "y": 0.9022280285334701,
    "z": -0.3174879968110084
  },
  "D9": {
    "x": -0.421838996796416,
    "y": -0.898010342773116,
    "z": -0.12501713904222933
  },
  "D10": {
    "x": -0.46179467772837596,
    "y": 0.8773002891730416,
    "z": -0.13072826105568383
  },
  "D11": {
    "x": 0.05843242731333589,
    "y": 0.9954802280358515,
    "z": -0.07486499200534914
  },
  "D12": {
    "x": 0.44044231255297744,
    "y": 0.7825437992240982,
    "z": -0.44004064767802925
  },
  "D13": {
    "x": -0.7820617861791112,
    "y": -0.024403578385236414,
    "z": 0.6227229142727397
  },
  "D14": {
    "x": -0.5376969068288758,
    "y": -0.7825533753918527,
    "z": -0.3138347511820152
  },
  "D15": {
    "x": -0.6833417279350227,
    "y": 0.6377525449602942,
    "z": -0.3554093052516287
  },
  "D16": {
    "x": -0.24710156126053043,
    "y": 0.9681457016217081,
    "z": -0.04043165658267072
  },
  "D18": {
    "x": -0.07585178196547991,
    "y": -0.5911260548336003,
    "z": -0.8030046665303536
  },
  "D19": {
    "x": 0.15491767133940382,
    "y": -0.5065588775547082,
    "z": -0.848173696053639
  },
  "D20": {
    "x": -0.35223273127026394,
    "y": -0.17568772761949467,
    "z": -0.9192746735257032
  },
  "D21": {
    "x": -0.414576180113845,
    "y": 0.8980849717024353,
    "z": 0.1468672001654847
  },
  "D22": {
    "x": -0.17881732076235796,
    "y": 0.9633375091595333,
    "z": 0.20001302268022006
  },
  "D23": {
    "x": -0.1911970824847067,
    "y": -0.9788665958481928,
    "z": -0.07255248570453665
  },
  "D24": {
    "x": -0.42474376025237187,
    "y": -0.8966563281047419,
    "z": 0.1249006300880699
  },
  "D25": {
    "x": 0.2169799731219149,
    "y": -0.9416855122823496,
    "z": -0.25719270444851666
  },
  "D26": {
    "x": -0.11143470477946882,
    "y": 0.8496289305134251,
    "z": -0.5154735560679385
  },
  "D27": {
    "x": -0.0480544880899035,
    "y": 0.9536226602091566,
    "z": -0.2971440527926292
  },
  "D28": {
    "x": 0.13605422559528738,
    "y": -0.26319767291607377,
    "z": -0.9551001165685357
  },
  "D30": {
    "x": -0.6687785562406442,
    "y": -0.6046048677098091,
    "z": -0.4326525125944422
  },
  "D31": {
    "x": -0.7225942880218954,
    "y": -0.6630267443823249,
    "z": -0.19558382129385207
  },
  "D32": {
    "x": 0.0914799668624497,
    "y": -0.7288712726629871,
    "z": -0.6785116679538258
  },
  "D34": {
    "x": -0.7201401026625487,
    "y": -0.1832083035678548,
    "z": -0.6692032202858579
  },
  "D36": {
    "x": -0.7628469934165611,
    "y": 0.06175298421775523,
    "z": -0.643623363136792
  },
  "D37": {
    "x": -0.32198983357988137,
    "y": -0.41429696569305186,
    "z": -0.8512817226328372
  },
  "D38": {
    "x": -0.6183450786914964,
    "y": 0.07702596813120667,
    "z": 0.7821229851445729
  },
  "D40": {
    "x": -0.5329169610876806,
    "y": 0.41396811767127584,
    "z": 0.7379904539604644
  },
  "D41": {
    "x": -0.8533973130180919,
    "y": 0.228427269880188,
    "z": 0.4685445640583026
  },
  "D42": {
    "x": -0.35663515808221263,
    "y": 0.5906699078628941,
    "z": 0.7238234756934286
  },
  "D43": {
    "x": -0.6012954792750957,
    "y": -0.1725499654095713,
    "z": 0.7801732218171096
  },
  "D45": {
    "x": -0.09705266609897724,
    "y": 0.4808336672169586,
    "z": 0.8714239866297988
  },
  "D47": {
    "x": -0.40571867084086627,
    "y": 0.12139564362824219,
    "z": 0.9059003575665515
  },
  "D48": {
    "x": 0.24597132999421253,
    "y": -0.8393165701448988,
    "z": -0.48481522243126957
  },
  "D49": {
    "x": -0.20550313446147822,
    "y": 0.2667899035993524,
    "z": 0.9415899367898724
  },
  "D50": {
    "x": -0.6173722542760749,
    "y": -0.7866521534749437,
    "z": -0.0054670909367843905
  },
  "D51": {
    "x": -0.7503410249386384,
    "y": -0.3907683824898029,
    "z": -0.5331870380460658
  },
  "D52": {
    "x": -0.4347074346415,
    "y": -0.8238111494820927,
    "z": 0.36381951054939193
  },
  "D53": {
    "x": -0.2735305661737297,
    "y": -0.9045362664343319,
    "z": -0.3271011648920224
  },
  "D54": {
    "x": -0.533764858842472,
    "y": -0.29529956460635537,
    "z": -0.7923971495457142
  },
  "D55": {
    "x": -0.002049747588851344,
    "y": -0.8693900268174929,
    "z": -0.4941222316442573
  },
  "D56": {
    "x": -0.5618978668196581,
    "y": -0.5035918590091655,
    "z": -0.6562514966102633
  },
  "D57": {
    "x": -0.23475748300993154,
    "y": -0.7994768518640789,
    "z": -0.5529246671150992
  },
  "D58": {
    "x": -0.3081245056343505,
    "y": -0.6248230857194298,
    "z": -0.7173948707508557
  },
  "D59": {
    "x": -0.24911487938752347,
    "y": -0.06385717879043852,
    "z": 0.9663664095904129
  },
  "D60": {
    "x": -0.4648938914598888,
    "y": -0.7024145526044193,
    "z": -0.538968891470384
  },
  "D61": {
    "x": -0.8314052373041381,
    "y": -0.46549126220268844,
    "z": -0.3034521645930342
  }
}