{
  "D2": {
    "x": -0.5855412448549251,
    "y": 0.3789057412897217,
    "z": 0.7166393024328425
  },
  "D3": {
    "x": -0.569498101330508,
    "y": 0.13729991458534713,
    "z": 0.8104447211474716
  },
  "D4": {
    "x": -0.36712881848719786,
    "y": -0.3086902960638509,
    "z": 0.8774546892872626
  },
  "D5": {
    "x": -0.46653590213035123,
    "y": -0.07933120100384629,
    "z": 0.8809374623494601
  },
  "D6": {
    "x": -0.46982443568678817,
    "y": -0.48741557615102005,
    "z": 0.735996641131575
  },
  "D7": {
    "x": 0.24946417133063156,
    "y": -0.4983104220571117,
    "z": -0.830333878925571
  },
  "D8": {
    "x": -0.38742238158900966,
    "y": 0.2968616058905036,
    "z": 0.872798421854675
  },
  "D9": {
    "x": 0.25993088544059123,
    "y": -0.6923789839027418,
    "z": -0.6730878675506469
  },
  "D10": {
    "x": -0.1540816722051469,
    "y": 0.640121328185492,
    "z": 0.7526642833910132
  },
  "D11": {
    "x": -0.17596649669273617,
    "y": 0.42959901423156027,
    "z": 0.8857090261552927
  },
  "D15": {
    "x": 0.22375752324985262,
    "y": 0.6807295233268909,
    "z": -0.6975241120278466
  },
  "D16": {
    "x": 0.04834932490129116,
    "y": 0.9959419600520893,
    "z": -0.07590754237354845
  },
  "D18": {
    "x": -0.4992924374869065,
    "y": -0.6617628239608633,
    "z": 0.5592647196916029
  },
  "D19": {
    "x": -0.3880746157065853,
    "y": -0.8528253602640276,
    "z": 0.34940949834644985
  },
  "D20": {
    "x": -0.6713834865845348,
    "y": -0.37615938202046917,
    "z": 0.6385517467359811
  },
  "D21": {
    "x": -0.17032912851722629,
    "y": 0.9219468997400126,
    "z": 0.3478532765956667
  },
  "D22": {
    "x": -0.010053915742947478,
    "y": 0.9859112567950675,
    "z": 0.16696680060121022
  },
  "D23": {
    "x": -0.6596175246380249,
    "y": -0.14672272640995218,
    "z": 0.7371412095014326
  },
  "D26": {
    "x": -0.002066457715703499,
    "y": 0.8542234993859787,
    "z": 0.5199018588630763
  },
  "D27": {
    "x": 0.15815544337832482,
    "y": 0.9262817222013561,
    "z": 0.34203658699837297
  },
  "D28": {
    "x": -0.7471259893004212,
    "y": 0.18011328976991017,
    "z": 0.6398140034104655
  },
  "D30": {
    "x": -0.34957791005105626,
    "y": -0.922705215785775,
    "z": -0.16251267509355097
  },
  "D31": {
    "x": 0.021771874893506665,
    "y": -0.9628919020449752,
    "z": -0.269007751635211
  },
  "D32": {
    "x": -0.12713316060020202,
    "y": -0.9894159402899871,
    "z": -0.06995181610139821
  },
  "D34": {
    "x": -0.6290018319089778,
    "y": -0.7771314439677485,
    "z": 0.02057703214149558
  },
  "D36": {
    "x": -0.9093788707717473,
    "y": 0.41351031060098353,
    "z": -0.0451585254473591
  },
  "D37": {
    "x": -0.016943881468254582,
    "y": -0.9876916950132867,
    "z": 0.15549283096841005
  },
  "D38": {
    "x": -0.2409333975489039,
    "y": -0.019261965181550877,
    "z": 0.9703504906181513
  },
  "D40": {
    "x": -0.3792747978979058,
    "y": 0.5218405562950769,
    "z": 0.7640896946596959
  },
  "D41": {
    "x": 0.08806913555694143,
    "y": 0.33141841082838464,
    "z": 0.9393645002480355
  },
  "D42": {
    "x": -0.5348702295766722,
    "y": 0.6068992505265068,
    "z": 0.5878665981521337
  },
  "D43": {
    "x": 0.8553977930676737,
    "y": -0.4978712973497064,
    "z": 0.14289432070685476
  },
  "D45": {
    "x": -0.12274352367855615,
    "y": 0.20102955768251432,
    "z": 0.9718647767734687
  },
  "D47": {
    "x": 0.662088659487329,
    "y": 0.15659195525136563,
    "z": 0.732883051058507
  },
  "D48": {
    "x": -0.3164477804692696,
    "y": -0.634847362154198,
    "z": -0.7048614253893666
  },
  "D49": {
    "x": 0.5327336466235343,
    "y": 0.3685585142439898,
    "z": 0.7618132863986125
  },
  "D50": {
    "x": 0.14441563598757745,
    "y": -0.9888818221297206,
    "z": -0.03545230519595035
  },
  "D51": {
    "x": 0.49935283059436236,
    "y": -0.834610216529394,
    "z": -0.23253502325919895
  },
  "D52": {
    "x": -0.17079679583836205,
    "y": -0.48709681233838437,
    "z": 0.8564841796210446
  },
  "D53": {
    "x": -0.22791074484121707,
    "y": -0.8967403580128427,
    "z": -0.37935922645550685
  },
  "D54": {
    "x": 0.5283894187802672,
    "y": -0.7106374566408016,
    "z": -0.46454173907211377
  },
  "D55": {
    "x": -0.15512342188367736,
    "y": -0.7898749058654002,
    "z": -0.593324832673658
  },
  "D56": {
    "x": 0.26922305506081007,
    "y": -0.9315657314552823,
    "z": -0.24434449983969145
  },
  "D57": {
    "x": 0.01900139420457656,
    "y": -0.675054535658002,
    "z": -0.7375230985574902
  },
  "D58": {
    "x": 0.30772420437066017,
    "y": -0.8280651742223439,
    "z": -0.468629791290058
  },
  "D59": {
    "x": 0.2469139105098819,
    "y": -0.5037864035722015,
    "z": 0.8277878836830757
  },
  "D60": {
    "x": 0.06214387951183428,
    "y": -0.8661216128420902,
    "z": -0.4959551290258375
  },
  "D61": {
    "x": -0.4151777108581973,
    "y": -0.7671540921076427,
    "z": -0.4889806410984443
  }
}