{
  "D2": {
    "x": 0.3135664623165131,
    "y": -0.6890662254750304,
    "z": 0.653348154217873
  },
  "D3": {
    "x": 0.7655882424868864,
    "y": -0.5864348366256219,
    "z": 0.2645162100093689
  },
  "D4": {
    "x": 0.07476056187728984,
    "y": -0.7622476937234645,
    "z": 0.6429535844841768
  },
  "D5": {
    "x": 0.15072055946869653,
    "y": 0.7234438334536685,
    "z": 0.6737301631894655
  },
  "D7": {
    "x": -0.1436159659163516,
    "y": -0.8286499380210908,
    "z": 0.5410302528986303
  },
  "D8": {
    "x": 0.4362175058614541,
    "y": 0.8858955034560344,
    "z": 0.15780825243437627
  },
  "D9": {
    "x": -0.38352025845143856,
    "y": -0.785658633524131,
    "z": 0.48544075120073804
  },
  "D10": {
    "x": 0.2914629105622368,
    "y": 0.5485183075181714,
    "z": 0.78369448006477
  },
  "D11": {
    "x": 0.25401832549627457,
    "y": -0.0637002492286578,
    "z": 0.9650994604496863
  },
  "D12": {
    "x": -0.9743769635920395,
    "y": -0.15960869732828464,
    "z": 0.15847585481178297
  },
  "D13": {
    "x": 0.42378267772809036,
    "y": 0.10763572300681887,
    "z": 0.8993457584213143
  },
  "D15": {
    "x": 0.0271898063584202,
    "y": 0.9522943787278395,
    "z": 0.30396731843004093
  },
  "D16": {
    "x": -0.9265000300913562,
    "y": 0.10739965811412204,
    "z": 0.36064249288968414
  },
  "D17": {
    "x": -0.27465721908399104,
    "y": -0.6733096652343069,
    "z": 0.6864528437606723
  },
  "D18": {
    "x": 0.372558395588939,
    "y": -0.8828020932780101,
    "z": 0.28611309997998957
  },
  "D19": {
    "x": -0.7067781944255683,
    "y": -0.6788157605519578,
    "z": 0.19918269781986764
  },
  "D20": {
    "x": -0.629258949360192,
    "y": -0.7403213278279211,
    "z": -0.236553389773241
  },
  "D21": {
    "x": 0.2686081520433817,
    "y": 0.9002084532019339,
    "z": 0.3427453886482229
  },
  "D22": {
    "x": 0.19768293748928895,
    "y": 0.9735542959584047,
    "z": 0.11451414343451653
  },
  "D23": {
    "x": 0.44207473413836784,
    "y": 0.7674434944324535,
    "z": 0.4643279146140111
  },
  "D26": {
    "x": 0.44208713226271434,
    "y": 0.721680097554325,
    "z": -0.5326695075576501
  },
  "D27": {
    "x": 0.445322029357876,
    "y": 0.8392316864271823,
    "z": -0.31205523015192455
  },
  "D28": {
    "x": 0.13812210237287745,
    "y": -0.8759824433044247,
    "z": -0.462143964429383
  },
  "D30": {
    "x": -0.4171266412662062,
    "y": -0.808218775902705,
    "z": -0.4156774896771618
  },
  "D31": {
    "x": -0.036647981923957025,
    "y": -0.9383703763988048,
    "z": 0.34368293835753144
  },
  "D32": {
    "x": -0.17876415662013517,
    "y": -0.8719243071881323,
    "z": -0.4558413965870007
  },
  "D33": {
    "x": 0.18184521042857113,
    "y": -0.875573448470595,
    "z": 0.4475527407775525
  },
  "D34": {
    "x": 0.461593597904146,
    "y": -0.8610591370633888,
    "z": -0.21332724358027474
  },
  "D35": {
    "x": -0.4331578540647857,
    "y": -0.8835901462934697,
    "z": -0.17788402636289316
  },
  "D36": {
    "x": -0.7738220381667026,
    "y": -0.5510198895061462,
    "z": -0.31237242934702864
  },
  "D37": {
    "x": 0.5899396093465518,
    "y": -0.7166756683576103,
    "z": -0.37195059310103323
  },
  "D38": {
    "x": -0.031024409658033006,
    "y": -0.5790202087911992,
    "z": 0.8147227036340442
  },
  "D39": {
    "x": -0.8163562057360253,
    "y": -0.5763856345483849,
    "z": -0.036635305956630684
  },
  "D40": {
    "x": 0.9360943323008196,
    "y": 0.2669719977887869,
    "z": 0.22902697096837027
  },
  "D41": {
    "x": -0.21430104778706174,
    "y": 0.9711384791559534,
    "z": 0.10471444609044775
  },
  "D42": {
    "x": 0.8974670348804098,
    "y": 0.4381293813347038,
    "z": 0.050946702682658475
  },
  "D43": {
    "x": -0.28082310266902893,
    "y": -0.9128714677599654,
    "z": 0.2963175127411586
  },
  "D45": {
    "x": 0.7447734248083646,
    "y": 0.31250490482991955,
    "z": 0.5896212599257782
  },
  "D47": {
    "x": 0.9538659594475026,
    "y": -0.2840377408282638,
    "z": 0.09727431928557287
  },
  "D48": {
    "x": 0.5380510590136424,
    "y": -0.842572199438227,
    "z": 0.023940480950193233
  },
  "D49": {
    "x": 0.9927783863016739,
    "y": -0.037646147357428786,
    "z": 0.11390277995460506
  },
  "D50": {
    "x": 0.3139055118042973,
    "y": -0.9494441613469503,
    "z": -0.004371972445970782
  },
  "D51": {
    "x": -0.20608155049522026,
    "y": -0.9710019421210717,
    "z": -0.12118425204040655
  },
  "D52": {
    "x": 0.7299940197166256,
    "y": -0.6826618264312706,
    "z": 0.03288710859112516
  },
  "D53": {
    "x": -0.5849235372402575,
    "y": -0.811057807348384,
    "z": 0.0070490227391242135
  },
  "D54": {
    "x": 0.22724188472637932,
    "y": -0.9441222280640278,
    "z": -0.23873488287516517
  },
  "D55": {
    "x": -0.5092403734182995,
    "y": -0.8248374256262911,
    "z": 0.24559613874607933
  },
  "D56": {
    "x": -0.017944754352027775,
    "y": -0.9583214353856557,
    "z": -0.285128062932469
  },
  "D57": {
    "x": -0.36996810471767966,
    "y": -0.9269007257992102,
    "z": 0.06307650913379294
  },
  "D58": {
    "x": 0.1583245204584468,
    "y": -0.9688752534213855,
    "z": 0.19029999876313466
  },
  "D59": {
    "x": 0.5909865757137339,
    "y": -0.7651003958728211,
    "z": 0.2556486877756418
  },
  "D60": {
    "x": -0.12507612311345326,
    "y": -0.9854839554453616,
    "z": 0.1147925824549336
  },
  "D61": {
    "x": 0.06953166004375232,
    "y": -0.9967063741382941,
    "z": -0.04173430248194903
  }
}