{
  "D2": {
    "x": -0.5494588666662167,
    "y": 0.3916734823710719,
    "z": 0.7380290218204122
  },
  "D3": {
    "x": 0.7828859474799096,
    "y": 0.4291298959137963,
    "z": 0.45048543336216595
  },
  "D4": {
    "x": -0.30312494867632783,
    "y": -0.6434739987227882,
    "z": 0.7028915125804825
  },
  "D5": {
    "x": -0.31048270564567604,
    "y": -0.4494378415008874,
    "z": 0.8376193145588059
  },
  "D6": {
    "x": -0.1705057117146237,
    "y": -0.6200297662347052,
    "z": 0.765826932965684
  },
  "D7": {
    "x": 0.33968846025667854,
    "y": -0.8544545252662944,
    "z": 0.39308932091879384
  },
  "D8": {
    "x": -0.556646759093465,
    "y": 0.16495652772046313,
    "z": 0.8142074241574749
  },
  "D9": {
    "x": 0.24605440882644497,
    "y": -0.8489125083080734,
    "z": 0.46776573317758524
  },
  "D10": {
    "x": -0.5521649322467825,
    "y": 0.2812282871672766,
    "z": 0.7848723068715484
  },
  "D11": {
    "x": -0.4999804692036262,
    "y": -0.14362703799025028,
    "z": 0.8540437953483818
  },
  "D14": {
    "x": 0.2121781993190636,
    "y": -0.9061157503517547,
    "z": 0.36597084405481833
  },
  "D15": {
    "x": -0.3568771388030051,
    "y": 0.2500494832315301,
    "z": 0.9000633109595266
  },
  "D16": {
    "x": -0.3288623414569547,
    "y": 0.9197267327177971,
    "z": 0.21436487001301066
  },
  "D18": {
    "x": -0.20097053401126067,
    "y": -0.7014669292863236,
    "z": 0.6837799292000641
  },
  "D19": {
    "x": -0.4179978317339654,
    "y": -0.47173498085367227,
    "z": 0.776365841922923
  },
  "D20": {
    "x": -0.21928549652329415,
    "y": -0.5259148145659163,
    "z": 0.8217831093631885
  },
  "D21": {
    "x": -0.404546556369646,
    "y": 0.9063865704280248,
    "z": 0.12167772465486115
  },
  "D22": {
    "x": -0.31990614274831053,
    "y": 0.9463043972929341,
    "z": 0.0465622969359791
  },
  "D23": {
    "x": -0.6839780955675747,
    "y": 0.17893807330807981,
    "z": 0.7072164666525702
  },
  "D24": {
    "x": 0.23201468655824686,
    "y": -0.9717952785628261,
    "z": -0.04222702670420882
  },
  "D25": {
    "x": -0.5233404265235271,
    "y": -0.45060975279365323,
    "z": 0.7232327762576968
  },
  "D26": {
    "x": -0.45729193065882867,
    "y": 0.8104172854191051,
    "z": 0.36620747350136057
  },
  "D27": {
    "x": -0.4232800463310836,
    "y": 0.8662063884169751,
    "z": 0.2655569525423433
  },
  "D28": {
    "x": -0.3255763759016765,
    "y": -0.5477239358621204,
    "z": 0.7707129903786739
  },
  "D30": {
    "x": -0.12128204969929123,
    "y": -0.7691360867394552,
    "z": 0.6274713893842938
  },
  "D31": {
    "x": 0.03765740255811235,
    "y": -0.7077768478911203,
    "z": 0.7054316789185798
  },
  "D32": {
    "x": -0.09254456923565924,
    "y": -0.8396958772289397,
    "z": 0.5351133865543896
  },
  "D34": {
    "x": -0.07883157384656271,
    "y": -0.6852583034515596,
    "z": 0.7240211602678227
  },
  "D36": {
    "x": -0.5933572617705812,
    "y": 0.7740890550436904,
    "z": 0.2207108850185786
  },
  "D37": {
    "x": -0.0033061168340572347,
    "y": -0.783221240157405,
    "z": 0.6217343150878646
  },
  "D38": {
    "x": -0.057319248196198026,
    "y": -0.24773605215868677,
    "z": 0.967130473228432
  },
  "D40": {
    "x": 0.37353613445472783,
    "y": 0.4377363749973103,
    "z": 0.8178371612129358
  },
  "D41": {
    "x": 0.20185479204103257,
    "y": 0.04444920853014431,
    "z": 0.9784063117085433
  },
  "D42": {
    "x": 0.4349078634075014,
    "y": 0.5086995977769085,
    "z": 0.7430207733084813
  },
  "D43": {
    "x": 0.7095089103933032,
    "y": -0.16276880625646017,
    "z": 0.6856408839781615
  },
  "D45": {
    "x": -0.17400500989432233,
    "y": 0.012460519308903933,
    "z": 0.9846659291303976
  },
  "D47": {
    "x": 0.6522371534563027,
    "y": 0.06256947012206805,
    "z": 0.755428194509487
  },
  "D48": {
    "x": 0.3635315053668828,
    "y": -0.7483787636789706,
    "z": 0.5547738914909601
  },
  "D49": {
    "x": 0.6677733388540963,
    "y": 0.17705467601628927,
    "z": 0.7230009748378072
  },
  "D50": {
    "x": 0.2116577455375844,
    "y": -0.627062378699616,
    "z": 0.749662438683923
  },
  "D51": {
    "x": 0.11454117180705566,
    "y": -0.7674050561542127,
    "z": 0.6308484760622128
  },
  "D52": {
    "x": 0.039770360541910764,
    "y": -0.9336269107815405,
    "z": 0.3560324562267935
  },
  "D53": {
    "x": 0.11696308977330895,
    "y": -0.8916420117022831,
    "z": 0.4373718767801453
  },
  "D54": {
    "x": -0.03635371022272379,
    "y": -0.8967364549870468,
    "z": 0.44106931207045713
  },
  "D55": {
    "x": -0.02019904778439919,
    "y": -0.47952881470702147,
    "z": 0.8772936306244807
  },
  "D56": {
    "x": 0.2497849763968438,
    "y": -0.7800815696132225,
    "z": 0.5736551318660011
  },
  "D57": {
    "x": 0.030783884062823744,
    "y": -0.8488436083429417,
    "z": 0.5277469858344445
  },
  "D58": {
    "x": 0.1488390566248723,
    "y": -0.8312636707438705,
    "z": 0.5355815950202584
  },
  "D59": {
    "x": 0.24575831029730313,
    "y": -0.12099561227110955,
    "z": 0.9617499231769939
  },
  "D60": {
    "x": 0.21497912076234765,
    "y": -0.713441786117691,
    "z": 0.6669218810756222
  },
  "D61": {
    "x": -0.5618940438743679,
    "y": -0.34113831801896444,
    "z": 0.7535912230365357
  }
}