{
  "D2": {
    "x": -0.10944557869442989,
    "y": -0.5260040912458342,
    "z": -0.8434105532283109
  },
  "D4": {
    "x": -0.130736704517385,
    "y": -0.9520714990136816,
    "z": -0.2765280724587927
  },
  "D5": {
    "x": 0.5796281273270828,
    "y": -0.7339494944132846,
    "z": -0.3540471348023919
  },
  "D7": {
    "x": -0.21657493648598458,
    "y": -0.6117148741394502,
    "z": -0.7608549202329233
  },
  "D8": {
    "x": 0.11350973389030998,
    "y": 0.9888210708030084,
    "z": 0.0966872806947375
  },
  "D9": {
    "x": 0.25569530666888013,
    "y": -0.9576996109252511,
    "z": -0.13202789622322353
  },
  "D10": {
    "x": 0.1186466312511082,
    "y": -0.44828697478434626,
    "z": -0.885980679886115
  },
  "D11": {
    "x": -0.23051022674885294,
    "y": -0.9033162610524006,
    "z": -0.3617799992847918
  },
  "D12": {
    "x": 0.5909239075854834,
    "y": -0.588378084137379,
    "z": -0.5519240577749177
  },
  "D13": {
    "x": 0.1641850606067829,
    "y": -0.9572929155778486,
    "z": -0.23797802347697894
  },
  "D15": {
    "x": 0.5239781709304909,
    "y": -0.5349784841165158,
    "z": -0.6627555340551537
  },
  "D16": {
    "x": -0.10475028662293373,
    "y": -0.8083019745505304,
    "z": -0.5793749178124014
  },
  "D17": {
    "x": 0.46730931516360524,
    "y": -0.7738872879233183,
    "z": -0.42745814947432376
  },
  "D18": {
    "x": 0.7285979797969249,
    "y": 0.4624908646929368,
    "z": 0.5052199361777203
  },
  "D19": {
    "x": 0.30592704464227766,
    "y": -0.7049120013041714,
    "z": -0.639927897324214
  },
  "D20": {
    "x": 0.11201983081190384,
    "y": -0.9243676321321466,
    "z": -0.3646862187844247
  },
  "D21": {
    "x": 0.1291373289714447,
    "y": 0.9845820204354548,
    "z": -0.11799065768677898
  },
  "D22": {
    "x": 0.25840315783325635,
    "y": 0.9580485095652732,
    "z": 0.12397927787158625
  },
  "D23": {
    "x": 0.4264498043037108,
    "y": -0.6338786633871151,
    "z": -0.6452429034959558
  },
  "D26": {
    "x": 0.2726887358550715,
    "y": 0.9527987548475418,
    "z": -0.133474290028967
  },
  "D27": {
    "x": 0.21527857013316418,
    "y": 0.9765205217723806,
    "z": -0.007925137148220933
  },
  "D28": {
    "x": 0.0547852499479966,
    "y": -0.9875275754094557,
    "z": -0.14760712785654145
  },
  "D30": {
    "x": -0.15597240506395968,
    "y": -0.7121693041663548,
    "z": -0.6844614606110223
  },
  "D31": {
    "x": 0.33083392022211666,
    "y": -0.5877651596593005,
    "z": -0.7382960343393044
  },
  "D32": {
    "x": 0.30645892975761146,
    "y": -0.47676126122811885,
    "z": -0.8238820450549903
  },
  "D33": {
    "x": 0.27984201718560414,
    "y": -0.8434500715221699,
    "z": -0.45856343319843845
  },
  "D34": {
    "x": 0.029119912142656898,
    "y": -0.5455171211522221,
    "z": -0.8375936373006876
  },
  "D35": {
    "x": 0.48847957932971287,
    "y": -0.8269301604170517,
    "z": -0.2785214720097821
  },
  "D36": {
    "x": 0.7650425449491138,
    "y": -0.28561304650245845,
    "z": 0.5771785616993822
  },
  "D37": {
    "x": 0.025688363975858698,
    "y": -0.4466319279532538,
    "z": 0.8943489413472816
  },
  "D38": {
    "x": 0.21800989351549152,
    "y": -0.7904380752066518,
    "z": -0.5724328219039923
  },
  "D39": {
    "x": 0.8362105654849548,
    "y": 0.5210552567289906,
    "z": 0.17103598921401897
  },
  "D40": {
    "x": 0.9362857100476751,
    "y": 0.24007841767198407,
    "z": 0.25638140051227803
  },
  "D41": {
    "x": 0.7526250222540329,
    "y": 0.5699932466714345,
    "z": 0.3296411300582403
  },
  "D42": {
    "x": 0.8891118486972351,
    "y": 0.21194475626359824,
    "z": 0.4056593901274183
  },
  "D43": {
    "x": 0.1207569188256438,
    "y": -0.7412315735936523,
    "z": -0.6602980545659776
  },
  "D45": {
    "x": 0.904548024812176,
    "y": 0.37297284970755135,
    "z": 0.20660136541034593
  },
  "D47": {
    "x": 0.8114361988973982,
    "y": 0.3583693907303465,
    "z": 0.4616737754156094
  },
  "D48": {
    "x": 0.4297811303934355,
    "y": -0.49069591884957425,
    "z": -0.7579615393818561
  },
  "D49": {
    "x": 0.8355129471836967,
    "y": 0.4617414009966668,
    "z": 0.29784726571524667
  },
  "D50": {
    "x": -0.25264924948265405,
    "y": -0.7619706800195714,
    "z": -0.5962961005459987
  },
  "D51": {
    "x": 0.4930110941859548,
    "y": -0.6868315600769211,
    "z": -0.5340435086131751
  },
  "D52": {
    "x": -0.0672503291200846,
    "y": -0.6364253509171882,
    "z": -0.7684010449909436
  },
  "D53": {
    "x": 0.24846796113172886,
    "y": -0.9076960145858228,
    "z": -0.33815915985827694
  },
  "D54": {
    "x": 0.3713972369314706,
    "y": -0.7622777309128203,
    "z": -0.5300912688906233
  },
  "D56": {
    "x": -0.2684399554509181,
    "y": -0.8360254290768439,
    "z": -0.47854098283677704
  },
  "D57": {
    "x": 0.18642573345504745,
    "y": -0.5482950642668855,
    "z": -0.8152410492647679
  },
  "D58": {
    "x": -0.13563878281065042,
    "y": -0.8768321443192191,
    "z": -0.4612672883331372
  },
  "D59": {
    "x": 0.03506770933542122,
    "y": -0.8152842675881956,
    "z": -0.5779981131328595
  },
  "D60": {
    "x": 0.00898980153444051,
    "y": -0.9607783498656687,
    "z": -0.2771716902892034
  },
  "D61": {
    "x": 0.20833205249432568,
    "y": -0.6545463128853535,
    "z": -0.726750906564065
  },
  "D62": {
    "x": 0.13201942794075802,
    "y": -0.8624392854093579,
    "z": -0.48864030700382394
  },
  "D63": {
    "x": 0.8782386785905492,
    "y": 0.3355195261598883,
    "z": 0.34076894076921127
  },
  "D64": {
    "x": 0.07141938256768561,
    "y": -0.6509402696388031,
    "z": -0.7557618918390984
  },
  "D65": {
    "x": 0.340723083302551,
    "y": -0.9108587388521335,
    "z": -0.23290371049320768
  },
  "D66": {
    "x": -0.017601140317416643,
    "y": -0.7329863105828887,
    "z": -0.6800156383184226
  },
  "D67": {
    "x": 0.37647205941069006,
    "y": -0.8545258514301595,
    "z": -0.35784683556046026
  },
  "D68": {
    "x": 0.0024373363054974767,
    "y": -0.8947222409180443,
    "z": -0.4466163577370704
  }
}