{
  "D2": {
    "x": 0.3897815959304077,
    "y": 0.7921888751551714,
    "z": 0.4695818283902484
  },
  "D3": {
    "x": 0.495314449498867,
    "y": -0.6143995447856393,
    "z": 0.6141472099463076
  },
  "D4": {
    "x": 0.035111180781799714,
    "y": -0.7565887109581123,
    "z": 0.6529477218237687
  },
  "D5": {
    "x": 0.18853426611447532,
    "y": -0.12319461040937399,
    "z": 0.9743089440556105
  },
  "D6": {
    "x": 0.28017533875107675,
    "y": -0.7454771483013659,
    "z": 0.6047855825961651
  },
  "D7": {
    "x": -0.027155616397116004,
    "y": -0.4560705291278835,
    "z": -0.8895292265907314
  },
  "D8": {
    "x": 0.10832407989906864,
    "y": 0.4425131445663161,
    "z": 0.8901954901031855
  },
  "D9": {
    "x": 0.06509272112832107,
    "y": -0.6481261195680272,
    "z": -0.7587459856828254
  },
  "D10": {
    "x": 0.13512085139286073,
    "y": 0.9542179098756781,
    "z": 0.266853023200714
  },
  "D11": {
    "x": 0.1493468842873951,
    "y": 0.8553620437343019,
    "z": 0.4960355655518318
  },
  "D15": {
    "x": 0.10165846373947927,
    "y": 0.4604654899133607,
    "z": -0.881837337239118
  },
  "D16": {
    "x": -0.10099895478524698,
    "y": 0.8541365993962587,
    "z": 0.5101469207043032
  },
  "D17": {
    "x": -0.020863919047955908,
    "y": 0.713314529933974,
    "z": 0.7005334240898391
  },
  "D18": {
    "x": 0.30201189119209165,
    "y": -0.5602738044429857,
    "z": 0.7712859921154793
  },
  "D19": {
    "x": 0.2975412055089063,
    "y": -0.9484254781388729,
    "z": 0.10935421089906502
  },
  "D20": {
    "x": 0.2883904904731206,
    "y": -0.9471525617293493,
    "z": -0.1404740182888076
  },
  "D21": {
    "x": -0.1337555355586234,
    "y": 0.950147250929174,
    "z": 0.28165521166695895
  },
  "D22": {
    "x": -0.05209548555760471,
    "y": 0.9973826664762848,
    "z": 0.05013857793329821
  },
  "D23": {
    "x": 0.2821597547251325,
    "y": 0.24919790529238553,
    "z": 0.9264374111678243
  },
  "D26": {
    "x": 0.581946114644674,
    "y": 0.8124519652456531,
    "z": -0.03550385638834556
  },
  "D27": {
    "x": 0.4144270779778689,
    "y": 0.8865446229259164,
    "z": -0.20564247761556986
  },
  "D28": {
    "x": 0.8318151838709621,
    "y": -0.5439511593786692,
    "z": 0.1104564895889739
  },
  "D30": {
    "x": 0.04296653304445058,
    "y": -0.9927217246861881,
    "z": -0.11250535264697552
  },
  "D31": {
    "x": 0.2681339674408408,
    "y": -0.3477115043053434,
    "z": 0.8984435904819787
  },
  "D32": {
    "x": 0.4870072816059549,
    "y": -0.8378727823362098,
    "z": -0.24656258492106375
  },
  "D34": {
    "x": 0.7965337607977399,
    "y": -0.5880436925121503,
    "z": -0.14049406964738637
  },
  "D35": {
    "x": 0.4928741508849046,
    "y": -0.5434004168157417,
    "z": -0.6795521013093567
  },
  "D36": {
    "x": -0.18741667846404134,
    "y": 0.560185453457635,
    "z": 0.8068873814653257
  },
  "D37": {
    "x": -0.10376368639903585,
    "y": -0.8929953528084171,
    "z": 0.43794108878644067
  },
  "D38": {
    "x": 0.7726337444159366,
    "y": 0.1250989208693898,
    "z": 0.6224044962780422
  },
  "D40": {
    "x": 0.8657752305129834,
    "y": 0.49454457017814474,
    "z": -0.07654357149692284
  },
  "D41": {
    "x": -0.1995494626698415,
    "y": 0.9683925843477612,
    "z": -0.14965231213864313
  },
  "D42": {
    "x": 0.8581985442365919,
    "y": 0.40831919874970596,
    "z": -0.3110798781705313
  },
  "D43": {
    "x": 0.9281711330408566,
    "y": -0.2864751718108262,
    "z": -0.23755067612113862
  },
  "D45": {
    "x": 0.7286456055592407,
    "y": 0.36718482099246574,
    "z": 0.5781443493903043
  },
  "D47": {
    "x": 0.9928067964430853,
    "y": 0.09676766750669248,
    "z": 0.07050307412965998
  },
  "D48": {
    "x": -0.18972559355469004,
    "y": -0.9602861509767899,
    "z": -0.20458423055676217
  },
  "D49": {
    "x": 0.932105808614143,
    "y": 0.2981206744539095,
    "z": 0.20567650573393367
  },
  "D50": {
    "x": 0.6591656013521064,
    "y": -0.6756741400809314,
    "z": -0.330098722233228
  },
  "D51": {
    "x": 0.26358499526620605,
    "y": -0.5056717887387897,
    "z": -0.8214736711205217
  },
  "D52": {
    "x": 0.5861274759859253,
    "y": -0.3306656949869106,
    "z": 0.7396720760263916
  },
  "D53": {
    "x": -0.3664280124668721,
    "y": -0.7661118172830155,
    "z": -0.5280181768641047
  },
  "D54": {
    "x": 0.48215112762775003,
    "y": -0.7184369800202015,
    "z": -0.5013767005623033
  },
  "D55": {
    "x": -0.16321134835393958,
    "y": -0.8826695106071453,
    "z": -0.4407454943763257
  },
  "D56": {
    "x": 0.289754309004784,
    "y": -0.6939724615051971,
    "z": -0.6591241636335129
  },
  "D57": {
    "x": -0.14017060852413002,
    "y": -0.7472323017239483,
    "z": -0.649612259556657
  },
  "D58": {
    "x": 0.08821833524791586,
    "y": -0.8145209451314471,
    "z": -0.5733874390569264
  },
  "D59": {
    "x": 0.9914704538245342,
    "y": -0.10176463162399652,
    "z": -0.08142664762474655
  },
  "D60": {
    "x": 0.29905367458569343,
    "y": -0.8618295755841799,
    "z": -0.4096543449851182
  },
  "D61": {
    "x": 0.06587503493511053,
    "y": -0.9328659083111938,
    "z": -0.3541492296801294
  }
}