{
  "D2": {
    "x": -0.7910022139637523,
    "y": 0.42247225551650247,
    "z": 0.4425298756278962
  },
  "D40": {
    "x": -0.9517376320553346,
    "y": 0.30198739012859316,
    "z": -0.054764002164060924
  },
  "D47": {
    "x": -0.6390781956431404,
    "y": -0.5664818524303467,
    "z": -0.5202666342565039
  },
  "D50": {
    "x": -0.383961749047374,
    "y": -0.7490173285046244,
    "z": -0.5399503837097227
  },
  "D68": {
    "x": -0.17772878578618242,
    "y": -0.751520586266628,
    "z": -0.6353182565615699
  }
}