{
  "D2": {
    "x": 0.048136535610224365,
    "y": -0.8162356053721971,
    "z": -0.5757102660732469
  },
  "D4": {
    "x": 0.17586193672894848,
    "y": -0.780009249501834,
    "z": -0.6005482078081068
  },
  "D5": {
    "x": -0.31889101143642135,
    "y": 0.21022805466552066,
    "z": -0.9241821724403729
  },
  "D7": {
    "x": -0.36906511760573757,
    "y": -0.8786225148576325,
    "z": -0.30300728597166143
  },
  "D8": {
    "x": -0.23051513149938035,
    "y": 0.8959549735551368,
    "z": -0.3796412247262373
  },
  "D9": {
    "x": -0.2662252180690749,
    "y": -0.8489365507136852,
    "z": -0.45654229390761175
  },
  "D10": {
    "x": 0.22496050163606482,
    "y": -0.8746592837153863,
    "z": -0.42937618717639353
  },
  "D11": {
    "x": 0.1711793252116373,
    "y": -0.9258604526934364,
    "z": -0.33686801682319695
  },
  "D15": {
    "x": -0.26654144982357125,
    "y": 0.7471693657220803,
    "z": -0.6088461172188036
  },
  "D16": {
    "x": 0.4472852167488866,
    "y": -0.8790454233502512,
    "z": -0.16496993230549417
  },
  "D17": {
    "x": -0.26127264377291703,
    "y": -0.9000507547409399,
    "z": -0.3487767832097988
  },
  "D18": {
    "x": 0.7438660962120389,
    "y": -0.5798053217770369,
    "z": -0.33239888649826765
  },
  "D19": {
    "x": 0.3128054627791738,
    "y": -0.9445092758976246,
    "z": 0.1002744743135142
  },
  "D20": {
    "x": 0.24460939103369864,
    "y": -0.9624869726631028,
    "z": -0.11740985168178573
  },
  "D21": {
    "x": -0.1845567528365967,
    "y": 0.9513605668745565,
    "z": -0.24668173174869215
  },
  "D22": {
    "x": -0.15755472549276026,
    "y": 0.9785186165976402,
    "z": -0.1329579837645773
  },
  "D23": {
    "x": 0.1666910837859246,
    "y": -0.9797973010652944,
    "z": 0.1105048931560903
  },
  "D24": {
    "x": 0.12276633791606141,
    "y": -0.8671028022372856,
    "z": 0.482764079677565
  },
  "D25": {
    "x": 0.12646706564759266,
    "y": -0.8591488802975786,
    "z": -0.4958520775290797
  },
  "D26": {
    "x": 0.21591686207019514,
    "y": 0.8099275411335661,
    "z": -0.5453414405554522
  },
  "D27": {
    "x": 0.15768369665857215,
    "y": 0.8730126436429994,
    "z": -0.4615027365547782
  },
  "D28": {
    "x": 0.34626145338685516,
    "y": -0.9361794880152772,
    "z": -0.06058854774522984
  },
  "D29": {
    "x": 0.6722818733318118,
    "y": -0.7130837683959593,
    "z": 0.19886835353994245
  },
  "D30": {
    "x": 0.2502574688507876,
    "y": -0.9681773642691524,
    "z": 0.0019469466438714943
  },
  "D31": {
    "x": -0.1633729574578254,
    "y": -0.8942506468663848,
    "z": -0.4166834018178984
  },
  "D32": {
    "x": 0.028020020511769096,
    "y": -0.9981205521566091,
    "z": -0.05449992489082556
  },
  "D33": {
    "x": -0.07487498907995523,
    "y": -0.9971773843062929,
    "z": 0.005567785766047136
  },
  "D34": {
    "x": 0.13466004095933087,
    "y": -0.9908880097278366,
    "z": -0.0027614391968658002
  },
  "D35": {
    "x": -0.07515671649948136,
    "y": -0.9906751696037807,
    "z": -0.113640557441157
  },
  "D36": {
    "x": 0.4494812721413232,
    "y": -0.8741238689496648,
    "z": 0.18404903620146185
  },
  "D37": {
    "x": 0.0778953980968945,
    "y": -0.9668042558337454,
    "z": 0.24335537359401813
  },
  "D38": {
    "x": -0.37469616835515834,
    "y": -0.9089346804896404,
    "z": -0.18286751494772976
  },
  "D39": {
    "x": -0.10026478976962755,
    "y": 0.9242096304157883,
    "z": -0.3684881693883326
  },
  "D40": {
    "x": 0.013172284696472287,
    "y": 0.8186333293782659,
    "z": 0.5741654491058573
  },
  "D41": {
    "x": 0.907033647331041,
    "y": 0.2230320487775908,
    "z": 0.35713676347782985
  },
  "D42": {
    "x": -0.10135328821128307,
    "y": 0.8342851954562586,
    "z": 0.5419370107413527
  },
  "D43": {
    "x": -0.2771213325328793,
    "y": -0.960810517473288,
    "z": 0.006849566987332501
  },
  "D45": {
    "x": -0.10026478976962755,
    "y": 0.9242096304157883,
    "z": -0.3684881693883326
  },
  "D47": {
    "x": 0.12157577027721031,
    "y": -0.2785826824110944,
    "z": 0.9526862133683589
  },
  "D48": {
    "x": -0.06421052632071013,
    "y": -0.9900928891391764,
    "z": 0.12487225146386974
  },
  "D49": {
    "x": 0.22381863082227957,
    "y": 0.14378915235437698,
    "z": 0.9639657152420151
  },
  "D50": {
    "x": 0.12959004122051457,
    "y": -0.9843440541350834,
    "z": -0.11947051646901667
  },
  "D51": {
    "x": -0.11664140695626199,
    "y": -0.8485066431685456,
    "z": -0.5161697963675421
  },
  "D52": {
    "x": 0.0729552704261158,
    "y": -0.9123680317300101,
    "z": -0.402817704668203
  },
  "D53": {
    "x": -0.004021783875780148,
    "y": -0.8741494788025925,
    "z": -0.48564031336330854
  },
  "D54": {
    "x": 0.12204171132030132,
    "y": -0.9639256510738905,
    "z": -0.2365442028454481
  },
  "D56": {
    "x": 0.33864561862733134,
    "y": -0.923661201709165,
    "z": -0.17935754637509185
  },
  "D57": {
    "x": -0.051510158446089055,
    "y": -0.9207659006944557,
    "z": -0.3866999608161172
  },
  "D58": {
    "x": -0.1776426437915723,
    "y": -0.9825477994940515,
    "z": -0.05516260342059603
  },
  "D59": {
    "x": -0.157442130238369,
    "y": -0.9386481188136907,
    "z": -0.3068414650491751
  },
  "D60": {
    "x": -0.27763470026859793,
    "y": -0.9537318338987765,
    "z": -0.11538874388276521
  },
  "D61": {
    "x": 0.024379520167600168,
    "y": -0.9531500059955271,
    "z": -0.30151402134415634
  },
  "D62": {
    "x": -0.2703020428617369,
    "y": -0.9336855306232605,
    "z": -0.23487898060391074
  },
  "D63": {
    "x": 0.5045657763847906,
    "y": -0.8160936720006184,
    "z": 0.28178803349638576
  },
  "D64": {
    "x": 0.02604296652945026,
    "y": -0.9846067445807282,
    "z": -0.1728332214028508
  },
  "D65": {
    "x": -0.1749147614417795,
    "y": -0.9690880631314912,
    "z": -0.17399181626105428
  },
  "D66": {
    "x": -0.07217607378407202,
    "y": -0.9696636204976331,
    "z": -0.23354459414967912
  },
  "D67": {
    "x": -0.17525092373863416,
    "y": -0.9821216348244205,
    "z": 0.06873287523858644
  },
  "D68": {
    "x": 0.23761751824139668,
    "y": -0.9415818565926475,
    "z": -0.23866613157367447
  }
}