{
  "D2": {
    "x": -0.3448838055908905,
    "y": 0.7345498989017518,
    "z": 0.5843728319014933
  },
  "D3": {
    "x": -0.40289635374080207,
    "y": 0.5852464536831914,
    "z": 0.7036768552351388
  },
  "D4": {
    "x": -0.4407257011730993,
    "y": 0.6642971713942223,
    "z": 0.6037136112455268
  },
  "D5": {
    "x": -0.45212860339446226,
    "y": 0.7340346231301799,
    "z": 0.5067276369399126
  },
  "D6": {
    "x": -0.5065613591199426,
    "y": 0.5726613132024266,
    "z": 0.6445576853997079
  },
  "D7": {
    "x": -0.008490583622811923,
    "y": -0.9840876297285107,
    "z": -0.17748083559941233
  },
  "D8": {
    "x": -0.22992784330474342,
    "y": 0.7546496474504805,
    "z": 0.6145218437745685
  },
  "D9": {
    "x": -0.11217269808141613,
    "y": -0.9866765437127488,
    "z": -0.11784177481775887
  },
  "D10": {
    "x": -0.22037859161615284,
    "y": 0.8809979958809202,
    "z": 0.41865953662980526
  },
  "D11": {
    "x": -0.13837946451253297,
    "y": 0.8238515032636257,
    "z": 0.549654277133808
  },
  "D15": {
    "x": -0.25333314622404374,
    "y": 0.8184921756018076,
    "z": 0.5156480151254798
  },
  "D16": {
    "x": -0.36308899303981185,
    "y": 0.8050977514663005,
    "z": 0.46902451291722763
  },
  "D17": {
    "x": -0.24078600962358937,
    "y": 0.9645130739291958,
    "z": 0.10833571797520096
  },
  "D18": {
    "x": -0.6027708249482129,
    "y": 0.3331189377174813,
    "z": 0.7250511057334013
  },
  "D19": {
    "x": -0.6004458083335596,
    "y": -0.4957462420096052,
    "z": 0.6274555719634755
  },
  "D20": {
    "x": -0.3182600993375662,
    "y": -0.8935781782622424,
    "z": 0.31658892669070804
  },
  "D21": {
    "x": -0.12465565110684833,
    "y": 0.9307480335903853,
    "z": 0.34375727863531635
  },
  "D22": {
    "x": -0.0770639272624743,
    "y": 0.9677125236048241,
    "z": 0.23998671374321354
  },
  "D23": {
    "x": -0.10338911707011413,
    "y": 0.8855616505665779,
    "z": 0.45287001834661206
  },
  "D26": {
    "x": -0.2990494455269191,
    "y": 0.9021577375310993,
    "z": 0.3109354366147583
  },
  "D27": {
    "x": -0.22694520983532795,
    "y": 0.9472561030638094,
    "z": 0.22627803017784268
  },
  "D28": {
    "x": -0.5917695312335138,
    "y": 0.5795057857284013,
    "z": 0.560340848244152
  },
  "D30": {
    "x": -0.37672487070312466,
    "y": -0.901636063105639,
    "z": 0.21244006566812737
  },
  "D31": {
    "x": -0.22355005128122238,
    "y": -0.9720089416355786,
    "z": -0.07227718832830382
  },
  "D32": {
    "x": -0.221065388028673,
    "y": -0.9523457903745637,
    "z": 0.2101608664132781
  },
  "D34": {
    "x": 0.14793851830140387,
    "y": -0.9863538288454554,
    "z": 0.0722517759276213
  },
  "D35": {
    "x": -0.1300975447583983,
    "y": -0.9487664450523591,
    "z": 0.2879528808512695
  },
  "D36": {
    "x": -0.3545460219234375,
    "y": 0.9306267108858624,
    "z": 0.09072509754211845
  },
  "D37": {
    "x": 0.21866713654061204,
    "y": -0.9470442016193327,
    "z": -0.23514243253043515
  },
  "D38": {
    "x": -0.004637322841246457,
    "y": 0.9421351349813801,
    "z": 0.3352012569643538
  },
  "D40": {
    "x": 0.8594765588472065,
    "y": 0.337751450878997,
    "z": -0.3836978006469372
  },
  "D41": {
    "x": -0.1224025423196425,
    "y": 0.9917652965786597,
    "z": -0.03767245858623221
  },
  "D42": {
    "x": 0.8833060328347226,
    "y": 0.2236064821698489,
    "z": -0.4120322723882306
  },
  "D43": {
    "x": 0.7719569406564145,
    "y": -0.6237556560584124,
    "z": -0.12252086886538416
  },
  "D45": {
    "x": 0.07989965521704803,
    "y": 0.9641778018918525,
    "z": 0.2529371689475321
  },
  "D47": {
    "x": 0.9675205997454174,
    "y": -0.1871013170458404,
    "z": -0.16999113573354324
  },
  "D48": {
    "x": -0.4052192647762939,
    "y": -0.9117337734781401,
    "z": 0.06737116410951696
  },
  "D49": {
    "x": 0.9807579883353498,
    "y": 0.07637573072025047,
    "z": -0.17966779364523225
  },
  "D50": {
    "x": 0.06021356071277187,
    "y": -0.9949804125199115,
    "z": -0.07992687788220007
  },
  "D51": {
    "x": 0.0448140576612319,
    "y": -0.9901133702271581,
    "z": 0.13291807376483544
  },
  "D52": {
    "x": 0.21833451213238914,
    "y": 0.9663278364588926,
    "z": -0.13616370036315567
  },
  "D53": {
    "x": -0.33126614306286645,
    "y": -0.9432112420849701,
    "z": -0.02480514593346578
  },
  "D54": {
    "x": -0.034488784674320705,
    "y": -0.9746783123017331,
    "z": 0.22093598905640924
  },
  "D55": {
    "x": -0.30627030117133136,
    "y": -0.9434988639932881,
    "z": 0.12652429120053166
  },
  "D56": {
    "x": -0.00016688964759032377,
    "y": -0.9997376045984948,
    "z": 0.022906202206157203
  },
  "D57": {
    "x": -0.22403813460344474,
    "y": -0.9734380384113281,
    "z": 0.04717308149055084
  },
  "D58": {
    "x": -0.1166125984834032,
    "y": -0.9931769009179585,
    "z": 0.0010702139731014922
  },
  "D59": {
    "x": 0.999471901665566,
    "y": 0.003098202377835191,
    "z": 0.03234685337159246
  },
  "D60": {
    "x": -0.12696491577405705,
    "y": -0.9830414399877658,
    "z": 0.13232323087525638
  },
  "D61": {
    "x": -0.2041261484280773,
    "y": -0.9603383171020796,
    "z": -0.18995481629446562
  }
}