{
  "D2": {
    "x": 0.3901007913566741,
    "y": 0.7930514219055569,
    "z": 0.46785768647791964
  },
  "D3": {
    "x": 0.49839428194697105,
    "y": -0.6104188523770395,
    "z": 0.6156232324931061
  },
  "D4": {
    "x": 0.038609472820885636,
    "y": -0.7550779684613934,
    "z": 0.6544971888042823
  },
  "D5": {
    "x": 0.1932891537843587,
    "y": -0.11829225163838465,
    "z": 0.9739847258718423
  },
  "D6": {
    "x": 0.28373841736438793,
    "y": -0.7422415584832626,
    "z": 0.6070996453399473
  },
  "D7": {
    "x": -0.023129607944846874,
    "y": -0.48338996425356706,
    "z": -0.8750995164524163
  },
  "D8": {
    "x": 0.11118448471394682,
    "y": 0.44550191802227757,
    "z": 0.8883501851169763
  },
  "D9": {
    "x": 0.06557410548519253,
    "y": -0.6722587401683187,
    "z": -0.7374064164062595
  },
  "D10": {
    "x": 0.13414248737429915,
    "y": 0.9547871516645454,
    "z": 0.26530602725407604
  },
  "D11": {
    "x": 0.14967803961182122,
    "y": 0.8561853661774532,
    "z": 0.4945129959885206
  },
  "D15": {
    "x": 0.09147762434608427,
    "y": 0.45868467183142814,
    "z": -0.883877941839761
  },
  "D16": {
    "x": -0.10080660372639885,
    "y": 0.854607480891125,
    "z": 0.5093958011704396
  },
  "D17": {
    "x": -0.015977893938557582,
    "y": 0.7151715198554065,
    "z": 0.6987663444192171
  },
  "D18": {
    "x": 0.30597854146662534,
    "y": -0.5562328896360995,
    "z": 0.7726461704098659
  },
  "D19": {
    "x": 0.3397780133142262,
    "y": -0.932679662351604,
    "z": 0.1210766249279169
  },
  "D20": {
    "x": 0.15649378283891946,
    "y": -0.9868655764565616,
    "z": -0.04007530334037959
  },
  "D21": {
    "x": -0.135152791661284,
    "y": 0.9501596919011219,
    "z": 0.28094533773053926
  },
  "D22": {
    "x": -0.05371364708507684,
    "y": 0.9973367069533757,
    "z": 0.04933900161349276
  },
  "D23": {
    "x": 0.28498282035510725,
    "y": 0.25219150168986637,
    "z": 0.9247617198921345
  },
  "D26": {
    "x": 0.5804778393135104,
    "y": 0.8133027361193111,
    "z": -0.03980122468920498
  },
  "D27": {
    "x": 0.41237374517841136,
    "y": 0.8865442586039852,
    "z": -0.20973118943981847
  },
  "D28": {
    "x": 0.8330572458864871,
    "y": -0.5427301690208397,
    "z": 0.10704946852101357
  },
  "D30": {
    "x": 0.21614945107736014,
    "y": -0.9360997351092757,
    "z": -0.2774827935697995
  },
  "D31": {
    "x": 0.2734182691774822,
    "y": -0.3428258223434638,
    "z": 0.8987284938258704
  },
  "D32": {
    "x": 0.44943705795192446,
    "y": -0.8652304703520165,
    "z": -0.22222188036722837
  },
  "D34": {
    "x": 0.7930739472739714,
    "y": -0.5904749024838897,
    "z": -0.14957641422337611
  },
  "D35": {
    "x": 0.485789602522084,
    "y": -0.5116949973046292,
    "z": -0.7086442632342771
  },
  "D36": {
    "x": -0.1834895742144548,
    "y": 0.5633959534945513,
    "z": 0.8055535834074375
  },
  "D37": {
    "x": -0.10033397167154433,
    "y": -0.892032223567727,
    "z": 0.44069445905914273
  },
  "D38": {
    "x": 0.775696537526433,
    "y": 0.12901402637386125,
    "z": 0.6177784899689432
  },
  "D40": {
    "x": 0.8644272537286722,
    "y": 0.4957637456352522,
    "z": -0.08356932167255468
  },
  "D41": {
    "x": -0.19914178549037795,
    "y": 0.9681265918374614,
    "z": -0.15189947810603507
  },
  "D42": {
    "x": 0.8560719037758756,
    "y": 0.40787260585243545,
    "z": -0.317459970643059
  },
  "D43": {
    "x": 0.9272620838545934,
    "y": -0.2875624372149335,
    "z": -0.23977671394162653
  },
  "D45": {
    "x": 0.7311958882809854,
    "y": 0.37083096008426963,
    "z": 0.5725704952265352
  },
  "D47": {
    "x": 0.9930471028750393,
    "y": 0.09740518364261559,
    "z": 0.06610356776331641
  },
  "D48": {
    "x": -0.2757221567013161,
    "y": -0.9357694461901557,
    "z": -0.21980181045874964
  },
  "D49": {
    "x": 0.9328187420508496,
    "y": 0.3000115372091653,
    "z": 0.19960529056130763
  },
  "D50": {
    "x": 0.6337875371645663,
    "y": -0.714039109703499,
    "z": -0.2974247930968564
  },
  "D51": {
    "x": 0.24743849094628306,
    "y": -0.499400029750112,
    "z": -0.8302853747259514
  },
  "D52": {
    "x": 0.5894307280525294,
    "y": -0.32790200338974623,
    "z": 0.7382761630991862
  },
  "D53": {
    "x": -0.3626000236342033,
    "y": -0.7787909702929287,
    "z": -0.5118650676210224
  },
  "D54": {
    "x": 0.5293041771904126,
    "y": -0.6701911252484,
    "z": -0.5202700679907154
  },
  "D55": {
    "x": -0.14422836615658557,
    "y": -0.8830160617471533,
    "z": -0.44663274968630495
  },
  "D56": {
    "x": 0.30533674834595603,
    "y": -0.679626220076612,
    "z": -0.6669915075125731
  },
  "D57": {
    "x": -0.1590295801113146,
    "y": -0.7413053294156425,
    "z": -0.6520552133290436
  },
  "D58": {
    "x": 0.08467305413596583,
    "y": -0.8351531545339441,
    "z": -0.5434608379407755
  },
  "D59": {
    "x": 0.9911320948660809,
    "y": -0.09851614213482283,
    "z": -0.08917253088953754
  },
  "D60": {
    "x": 0.3375419595955495,
    "y": -0.8198344028890822,
    "z": -0.4625332175659374
  },
  "D61": {
    "x": -0.02907473984707975,
    "y": -0.9697444602538962,
    "z": -0.24238469693795478
  }
}