{
  "D2": {
    "x": -0.9510617611714324,
    "y": -0.19443457335974906,
    "z": 0.24015978664194793
  },
  "D4": {
    "x": -0.6777445897399028,
    "y": -0.5179920792397965,
    "z": -0.5218682562899598
  },
  "D5": {
    "x": -0.9829274480948216,
    "y": 0.04517305290013587,
    "z": 0.1783620673615424
  },
  "D7": {
    "x": -0.764533104680802,
    "y": -0.5626862165235521,
    "z": 0.3144413356757409
  },
  "D8": {
    "x": -0.3181376707809755,
    "y": 0.8861926634821684,
    "z": 0.3368248589704094
  },
  "D9": {
    "x": -0.6869891628599464,
    "y": -0.486718011667282,
    "z": 0.5395845320537251
  },
  "D10": {
    "x": -0.8811415320517892,
    "y": -0.10329146024938922,
    "z": 0.46143306636279796
  },
  "D11": {
    "x": -0.7478883701551736,
    "y": -0.24661100361185032,
    "z": 0.6163164760771805
  },
  "D12": {
    "x": 0.11692635983688944,
    "y": -0.9800645201914897,
    "z": -0.16062927079806935
  },
  "D13": {
    "x": -0.8096852655249216,
    "y": 0.10623322005026106,
    "z": 0.5771691898824728
  },
  "D15": {
    "x": -0.6420813443366563,
    "y": 0.18941624529497167,
    "z": 0.7428681129737549
  },
  "D16": {
    "x": -0.8322496703192858,
    "y": -0.43445404187006764,
    "z": -0.34439827490305724
  },
  "D17": {
    "x": 0.2786623815512997,
    "y": -0.8845473012580226,
    "z": 0.3740632953729984
  },
  "D18": {
    "x": -0.3492425731890655,
    "y": -0.8143306965846779,
    "z": -0.46356783934198204
  },
  "D19": {
    "x": -0.9721067287056486,
    "y": -0.23447963342383896,
    "z": -0.00527347272911241
  },
  "D20": {
    "x": -0.4700368321446652,
    "y": -0.852682227639765,
    "z": -0.22803156600500704
  },
  "D21": {
    "x": -0.18717995496066195,
    "y": 0.9720181174438839,
    "z": 0.14193112351338805
  },
  "D22": {
    "x": 0.062322852437815005,
    "y": 0.9876757777814947,
    "z": 0.1435702617108916
  },
  "D23": {
    "x": -0.5707713244394603,
    "y": -0.7125025708754306,
    "z": -0.40811785270130774
  },
  "D26": {
    "x": -0.6338641828806663,
    "y": 0.7631725120994347,
    "z": 0.12563404967151107
  },
  "D27": {
    "x": -0.4262141276929976,
    "y": 0.8994083461599597,
    "z": 0.09698527832977236
  },
  "D28": {
    "x": -0.9401207184852428,
    "y": -0.2283552541727005,
    "z": -0.25303539785277457
  },
  "D30": {
    "x": -0.8876924185662644,
    "y": -0.4491657301173913,
    "z": -0.10125372540349768
  },
  "D31": {
    "x": 0.12759843350823033,
    "y": -0.8159727966233477,
    "z": 0.5638324528944026
  },
  "D32": {
    "x": -0.6195958524474384,
    "y": -0.7838339259510319,
    "z": -0.04129595813302463
  },
  "D33": {
    "x": -0.0073774819815878075,
    "y": -0.6345490616929244,
    "z": 0.772847372425009
  },
  "D34": {
    "x": -0.03220686599020298,
    "y": -0.9101271310901001,
    "z": -0.41307544472746494
  },
  "D35": {
    "x": -0.23803386026676981,
    "y": -0.9320124853089948,
    "z": -0.27329948517084796
  },
  "D36": {
    "x": -0.7812959521539297,
    "y": -0.29248603548256175,
    "z": -0.5513878437140032
  },
  "D37": {
    "x": 0.46410385131272947,
    "y": -0.8591375053099962,
    "z": -0.2156162381788718
  },
  "D38": {
    "x": -0.4090061710229995,
    "y": -0.2207548176912433,
    "z": 0.8854271638769677
  },
  "D40": {
    "x": 0.24653165689782008,
    "y": 0.44293545559973935,
    "z": -0.8619920674344207
  },
  "D41": {
    "x": -0.6303494161073265,
    "y": 0.15018307719861143,
    "z": -0.7616460181319853
  },
  "D42": {
    "x": 0.4351005417113797,
    "y": 0.5336453508639561,
    "z": -0.7251966340957113
  },
  "D43": {
    "x": -0.25417082064616764,
    "y": -0.41657299843835044,
    "z": 0.8728482863041755
  },
  "D45": {
    "x": -0.16908763436876534,
    "y": 0.3999851825344941,
    "z": -0.9007892237679257
  },
  "D47": {
    "x": 0.2985425142699492,
    "y": -0.42615022277123144,
    "z": -0.8539721042314009
  },
  "D48": {
    "x": -0.20946206167558762,
    "y": -0.8933736933382671,
    "z": 0.3975035707635292
  },
  "D49": {
    "x": 0.48464880271854266,
    "y": 0.05820837932530977,
    "z": -0.872769913894724
  },
  "D50": {
    "x": -0.8450110006418011,
    "y": -0.3452953989980984,
    "z": 0.40832278435704034
  },
  "D51": {
    "x": -0.8939244652085344,
    "y": -0.42118958509109944,
    "z": 0.15329182598045824
  },
  "D52": {
    "x": -0.11353186016680893,
    "y": -0.9913770278155576,
    "z": -0.06543779830231884
  },
  "D53": {
    "x": -0.6338683245472272,
    "y": -0.7456814648004784,
    "z": 0.20535359794438432
  },
  "D54": {
    "x": 0.03403628444073408,
    "y": -0.9322056538780781,
    "z": 0.360325061880539
  },
  "D56": {
    "x": -0.7384660327125294,
    "y": -0.6405216420376862,
    "z": -0.21071294362512108
  },
  "D57": {
    "x": -0.5758683800772152,
    "y": -0.6880772211784066,
    "z": 0.44150350680673645
  },
  "D58": {
    "x": -0.4111424511896484,
    "y": -0.911539840474052,
    "z": 0.007550103198456649
  },
  "D59": {
    "x": -0.5642697117077122,
    "y": -0.35645506789078274,
    "z": 0.7446740743602349
  },
  "D60": {
    "x": 0.055747852385576314,
    "y": -0.9913889922755362,
    "z": 0.11849068718381497
  },
  "D61": {
    "x": -0.48600459817908476,
    "y": -0.5761783311064156,
    "z": 0.6571286489814702
  },
  "D62": {
    "x": -0.21919091893595932,
    "y": -0.9626535479186484,
    "z": 0.1589134598945224
  },
  "D63": {
    "x": -0.5154531354639084,
    "y": -0.4820488891028452,
    "z": -0.7084750762413161
  },
  "D64": {
    "x": -0.2544733034322406,
    "y": -0.626233513772771,
    "z": 0.7369361736731964
  },
  "D65": {
    "x": -0.7835700102543169,
    "y": -0.6193619915494352,
    "z": 0.04907914479661295
  },
  "D66": {
    "x": -0.11729908228719166,
    "y": -0.7878350490805082,
    "z": 0.6046129842592664
  },
  "D67": {
    "x": -0.42337606148946066,
    "y": -0.8658571173467821,
    "z": 0.2665411092075541
  },
  "D68": {
    "x": -0.35882525113189717,
    "y": -0.7584929818073644,
    "z": 0.5439970916274317
  }
}