{
  "D2": {
    "x": -0.27994121165137265,
    "y": 0.9025276620557259,
    "z": 0.32722581995219613
  },
  "D3": {
    "x": -0.47645739963490474,
    "y": 0.5572455972860967,
    "z": 0.6800483002246283
  },
  "D4": {
    "x": -0.5037795921526839,
    "y": 0.8455244985091954,
    "z": 0.176902359936914
  },
  "D5": {
    "x": -0.8927040068760161,
    "y": -0.2696876275402459,
    "z": 0.3610375875988806
  },
  "D7": {
    "x": 0.009135165351053425,
    "y": -0.9358420883438853,
    "z": 0.3523011984625718
  },
  "D8": {
    "x": 0.09503475456802471,
    "y": -0.929395685316916,
    "z": -0.3566399522466535
  },
  "D9": {
    "x": -0.3024506841311736,
    "y": -0.9505593968149896,
    "z": -0.07043022643232374
  },
  "D10": {
    "x": 0.13052388385472052,
    "y": -0.9598190786565785,
    "z": 0.24841669024104748
  },
  "D11": {
    "x": -0.8831121872550065,
    "y": -0.36729754521447583,
    "z": 0.29189960260524206
  },
  "D15": {
    "x": -0.16779716720838606,
    "y": 0.8420305381104342,
    "z": 0.5126682002682573
  },
  "D16": {
    "x": -0.6030581885706271,
    "y": 0.778131721295017,
    "z": 0.1755899926316078
  },
  "D17": {
    "x": -0.6432301698726464,
    "y": 0.7092847514676255,
    "z": 0.28839225007117514
  },
  "D18": {
    "x": -0.31905776093412475,
    "y": -0.9108526481800037,
    "z": -0.26181978246721055
  },
  "D19": {
    "x": -0.44119376601741406,
    "y": -0.7914479891756062,
    "z": -0.4230344445281741
  },
  "D20": {
    "x": -0.4581479132472864,
    "y": -0.7225508890484551,
    "z": -0.5177071588479765
  },
  "D21": {
    "x": -0.18434629890166584,
    "y": 0.05883438273407863,
    "z": 0.9810988520478239
  },
  "D22": {
    "x": -0.19045463275727575,
    "y": 0.8935049127312377,
    "z": 0.40666448552391976
  },
  "D23": {
    "x": -0.18434629890166584,
    "y": 0.05883438273407863,
    "z": 0.9810988520478239
  },
  "D24": {
    "x": 0.38132878033636763,
    "y": -0.9099068250027559,
    "z": -0.16327256689530714
  },
  "D25": {
    "x": 0.07769300768200556,
    "y": -0.9666809484203285,
    "z": -0.24390928747896826
  },
  "D26": {
    "x": -0.2964563464965346,
    "y": 0.9440888435296524,
    "z": 0.1442563348514387
  },
  "D27": {
    "x": -0.2964563464965346,
    "y": 0.9440888435296524,
    "z": 0.1442563348514387
  },
  "D28": {
    "x": -0.38033034931344284,
    "y": -0.8575921285868209,
    "z": -0.34624350734279513
  },
  "D29": {
    "x": -0.0729292937129055,
    "y": -0.9263414823272694,
    "z": -0.3695575411735688
  },
  "D30": {
    "x": -0.37671761767974304,
    "y": -0.9129661663408064,
    "z": -0.15676930709379927
  },
  "D31": {
    "x": 0.011626883607550027,
    "y": -0.9713370126583025,
    "z": 0.2374220365038199
  },
  "D32": {
    "x": 0.23438820969929522,
    "y": -0.925448703221385,
    "z": 0.29766905257318255
  },
  "D33": {
    "x": -0.04114731549050242,
    "y": -0.9646328381105785,
    "z": -0.26036586962706054
  },
  "D34": {
    "x": 0.4541963525068164,
    "y": -0.6388223508657844,
    "z": -0.6209763903755248
  },
  "D35": {
    "x": -0.18653621077069643,
    "y": -0.9788355546778772,
    "z": -0.08417362395526849
  },
  "D36": {
    "x": -0.41304764471899463,
    "y": -0.6711398588131156,
    "z": -0.6155996532685853
  },
  "D37": {
    "x": 0.18074272948481648,
    "y": -0.966461773295424,
    "z": -0.18243822652350733
  },
  "D38": {
    "x": -0.47645739963490474,
    "y": 0.5572455972860967,
    "z": 0.6800483002246283
  },
  "D39": {
    "x": -0.5478540127235635,
    "y": -0.06928993823193778,
    "z": -0.8336995173337357
  },
  "D40": {
    "x": -0.29226709855374067,
    "y": 0.8366568969105788,
    "z": 0.46323339684757103
  },
  "D41": {
    "x": -0.12393503129233599,
    "y": 0.9917944246009023,
    "z": -0.03136761624881528
  },
  "D42": {
    "x": 0.6685021192246133,
    "y": 0.73514611254179,
    "z": 0.11253937003064664
  },
  "D43": {
    "x": 0.7878333591355151,
    "y": -0.6105999332307855,
    "z": -0.08053769162206563
  },
  "D45": {
    "x": 0.42693849440465065,
    "y": 0.8295962248168949,
    "z": 0.35985222767831543
  },
  "D47": {
    "x": 0.5197421839960434,
    "y": -0.3005541457983977,
    "z": 0.7997094895137975
  },
  "D48": {
    "x": 0.7878333591355151,
    "y": -0.6105999332307855,
    "z": -0.08053769162206563
  },
  "D49": {
    "x": 0.5197421839960434,
    "y": -0.3005541457983977,
    "z": 0.7997094895137975
  },
  "D50": {
    "x": 0.09956066798429741,
    "y": -0.990258657046435,
    "z": -0.09734200293352961
  },
  "D51": {
    "x": -0.09337897998508174,
    "y": -0.9518271817798808,
    "z": 0.2920708512020934
  },
  "D52": {
    "x": -0.009581799804091691,
    "y": -0.9890602676442042,
    "z": -0.14720046222783856
  },
  "D53": {
    "x": -0.23337025110017803,
    "y": -0.9720531208898002,
    "z": 0.025515800395819386
  },
  "D54": {
    "x": -0.009531935071012387,
    "y": -0.9925770324987377,
    "z": 0.12124346073006027
  },
  "D55": {
    "x": -0.09103459912511003,
    "y": -0.9957317556771266,
    "z": -0.015197779386398748
  },
  "D56": {
    "x": -0.17571293356017123,
    "y": -0.962744447896405,
    "z": 0.20554340909969632
  },
  "D57": {
    "x": -0.12723484059347667,
    "y": -0.9869570325060711,
    "z": 0.09862611888319806
  },
  "D58": {
    "x": 0.28440989199347355,
    "y": -0.9304643735090162,
    "z": -0.23096983129130688
  },
  "D59": {
    "x": 0.9026022550583536,
    "y": 0.27150738504074884,
    "z": -0.3340552484723289
  },
  "D60": {
    "x": 0.5197421839960434,
    "y": -0.3005541457983977,
    "z": 0.7997094895137975
  },
  "D61": {
    "x": -0.23714250614104052,
    "y": -0.953053096038217,
    "z": -0.18829027567326967
  }
}