{
  "D2": {
    "x": -0.35543235290651637,
    "y": 0.05276204955506015,
    "z": 0.9332116633615801
  },
  "D3": {
    "x": -0.15950135480169697,
    "y": -0.7645279095678627,
    "z": 0.6245449489894359
  },
  "D4": {
    "x": 0.07427091454841968,
    "y": -0.5321632389585934,
    "z": 0.8433778028577941
  },
  "D5": {
    "x": -0.11167282470785331,
    "y": -0.36824897270873597,
    "z": 0.9229961399273183
  },
  "D6": {
    "x": -0.40513889494412575,
    "y": -0.5079646685362649,
    "z": 0.7601541760210853
  },
  "D7": {
    "x": -0.4783925165060964,
    "y": -0.7220099161733573,
    "z": -0.49984225621520423
  },
  "D8": {
    "x": 0.04947430777683479,
    "y": 0.2169698122665798,
    "z": 0.9749237885265741
  },
  "D9": {
    "x": -0.4639218035473251,
    "y": -0.8404131030951298,
    "z": -0.28014706198604317
  },
  "D10": {
    "x": -0.259672739740927,
    "y": 0.4662173625709994,
    "z": 0.8457017435673064
  },
  "D11": {
    "x": -0.1982599300741059,
    "y": 0.24656242788857377,
    "z": 0.9486305757673547
  },
  "D15": {
    "x": -0.5389413724373943,
    "y": 0.7602835428613831,
    "z": 0.3626446353242265
  },
  "D16": {
    "x": -0.4908135165440076,
    "y": 0.410198264194393,
    "z": 0.7686608328968064
  },
  "D17": {
    "x": -0.035647121772450455,
    "y": 0.652215882227089,
    "z": 0.7571946418722734
  },
  "D18": {
    "x": 0.08000539656932006,
    "y": -0.7248708779884229,
    "z": 0.6842231702917395
  },
  "D19": {
    "x": -0.3984876014486983,
    "y": -0.6967643674347686,
    "z": 0.5964285772537143
  },
  "D20": {
    "x": -0.6529547976841499,
    "y": -0.6021138065245157,
    "z": 0.4594659902254016
  },
  "D21": {
    "x": -0.06881831018453999,
    "y": 0.9207845503549819,
    "z": 0.3839529294209364
  },
  "D22": {
    "x": -0.06605998511149301,
    "y": 0.9875589495245649,
    "z": 0.14270038395536083
  },
  "D23": {
    "x": 0.23917682782299993,
    "y": -0.3543204982994874,
    "z": 0.9040195957595886
  },
  "D26": {
    "x": 0.15310867202356734,
    "y": 0.9498700094897733,
    "z": 0.27258888389491936
  },
  "D27": {
    "x": 0.1774497847309853,
    "y": 0.9837837031942752,
    "z": 0.0260997936444947
  },
  "D28": {
    "x": -0.16722417451773164,
    "y": -0.57853569045995,
    "z": 0.7983310906640754
  },
  "D30": {
    "x": 0.0298791977867368,
    "y": -0.9182133133748946,
    "z": 0.3949576492242155
  },
  "D31": {
    "x": -0.6618790210929744,
    "y": -0.679829514914581,
    "z": -0.3158290551675243
  },
  "D32": {
    "x": -0.26722107846712034,
    "y": -0.8488202872931084,
    "z": -0.45617651748255744
  },
  "D34": {
    "x": -0.25277023093913914,
    "y": -0.8734226510838512,
    "z": 0.41622119470857233
  },
  "D35": {
    "x": -0.49563680946862604,
    "y": -0.7801525010559615,
    "z": 0.38171485194564964
  },
  "D36": {
    "x": -0.015603221058473535,
    "y": 0.4448911350362985,
    "z": 0.8954487240812367
  },
  "D37": {
    "x": 0.4212280184022066,
    "y": -0.850223317334971,
    "z": -0.3157329047990843
  },
  "D38": {
    "x": 0.7829093220242311,
    "y": -0.24404739922010593,
    "z": 0.5722707929131633
  },
  "D40": {
    "x": 0.9084850911445589,
    "y": 0.402863691222637,
    "z": -0.11115613101639689
  },
  "D41": {
    "x": -0.16934901526121063,
    "y": 0.9818931101943383,
    "z": -0.08489305733066302
  },
  "D42": {
    "x": 0.8594947064233929,
    "y": 0.3687868917184379,
    "z": -0.35392806914233177
  },
  "D43": {
    "x": 0.9283424349966819,
    "y": -0.3501814347801431,
    "z": 0.12471281457713897
  },
  "D45": {
    "x": 0.6996244209222575,
    "y": 0.1752585590839327,
    "z": 0.6926832660870477
  },
  "D47": {
    "x": 0.9838359288148084,
    "y": -0.033065392245734286,
    "z": 0.1759930254548147
  },
  "D48": {
    "x": 0.007907645426356753,
    "y": -0.965511886196354,
    "z": -0.2602388648095622
  },
  "D49": {
    "x": 0.9739898922538145,
    "y": 0.2042728227747512,
    "z": 0.098062753699037
  },
  "D50": {
    "x": 0.10102594715137654,
    "y": -0.9862104550012046,
    "z": 0.13108278471441026
  },
  "D51": {
    "x": -0.7646784992419381,
    "y": -0.5997077140943226,
    "z": 0.2358335227503918
  },
  "D52": {
    "x": 0.4674644315691614,
    "y": -0.6289078896252758,
    "z": 0.6212502487603551
  },
  "D53": {
    "x": -0.1343908090627811,
    "y": -0.9677358332984023,
    "z": 0.21313485728453216
  },
  "D54": {
    "x": -0.7928593711933898,
    "y": -0.6073025806865732,
    "z": -0.05057265073387783
  },
  "D55": {
    "x": -0.09138262466941394,
    "y": -0.995314790717481,
    "z": -0.03158612492133707
  },
  "D56": {
    "x": -0.6077525896565168,
    "y": -0.7781948502167385,
    "z": 0.1582705432540919
  },
  "D57": {
    "x": -0.23892027312931982,
    "y": -0.9441761654071581,
    "z": -0.22682255567920487
  },
  "D58": {
    "x": -0.6177880608269105,
    "y": -0.7810016541449927,
    "z": -0.0915113551561279
  },
  "D59": {
    "x": 0.807198098360312,
    "y": -0.5592012067043287,
    "z": 0.18901121771979296
  },
  "D60": {
    "x": -0.40916274974247935,
    "y": -0.9112630597776252,
    "z": -0.0467491187926945
  },
  "D61": {
    "x": -0.3759643644182312,
    "y": -0.904586692479029,
    "z": 0.20093210912506293
  }
}