{
  "D2": {
    "x": -0.17278168142168357,
    "y": -0.9349511966262093,
    "z": -0.309859243031921
  },
  "D3": {
    "x": -0.36416264836353185,
    "y": 0.6730669914962241,
    "z": 0.6437129721351594
  },
  "D4": {
    "x": -0.2559815898428677,
    "y": 0.13321856715607577,
    "z": 0.957458217901126
  },
  "D5": {
    "x": -0.6094885001987971,
    "y": 0.20369928975832785,
    "z": 0.7661790701117943
  },
  "D6": {
    "x": -0.010513289533248626,
    "y": 0.4095947640436495,
    "z": 0.9122069940595814
  },
  "D7": {
    "x": 0.27098809156043113,
    "y": -0.7038265299494149,
    "z": -0.6566533864770675
  },
  "D8": {
    "x": -0.5909781999347358,
    "y": 0.4404929543678235,
    "z": 0.6758037617194849
  },
  "D9": {
    "x": -0.21537604983633188,
    "y": -0.8047402443707898,
    "z": -0.553178358440512
  },
  "D10": {
    "x": -0.18076321723586403,
    "y": 0.627250573281543,
    "z": 0.757549587560125
  },
  "D11": {
    "x": -0.3987056439788365,
    "y": 0.14835806575614457,
    "z": 0.9049992783336993
  },
  "D15": {
    "x": 0.3861545439108078,
    "y": -0.8299651742825599,
    "z": -0.4025450008323991
  },
  "D16": {
    "x": 0.5226731592475432,
    "y": 0.8520811826129487,
    "z": -0.027756563892371265
  },
  "D17": {
    "x": 0.045453076511917684,
    "y": -0.981139813319499,
    "z": -0.18787944154425384
  },
  "D18": {
    "x": -0.559378914187983,
    "y": 0.560385711908449,
    "z": 0.6107889031823793
  },
  "D19": {
    "x": -0.14006261152780874,
    "y": -0.7428769691907574,
    "z": -0.6546115439693718
  },
  "D20": {
    "x": -0.3483511325204071,
    "y": 0.4705146608274008,
    "z": 0.8107203231807044
  },
  "D21": {
    "x": 0.2666343313355187,
    "y": 0.9631842198411625,
    "z": -0.034384473272567474
  },
  "D22": {
    "x": 0.3269919849184964,
    "y": 0.9311152834713323,
    "z": 0.16155671043061742
  },
  "D23": {
    "x": -0.3952739584101379,
    "y": 0.3450130726547253,
    "z": 0.8513075105390095
  },
  "D26": {
    "x": 0.3985918210301207,
    "y": 0.9164360680204576,
    "z": -0.03562995143268689
  },
  "D27": {
    "x": 0.4444278623027151,
    "y": 0.8905431848819715,
    "z": 0.09703973963956172
  },
  "D28": {
    "x": -0.14041894769859004,
    "y": 0.21261726941125356,
    "z": 0.9669934931918225
  },
  "D30": {
    "x": -0.10563741219433227,
    "y": -0.9756957360778161,
    "z": -0.1919858529799874
  },
  "D31": {
    "x": 0.13810906936323142,
    "y": -0.7587852211656095,
    "z": -0.6365303394970889
  },
  "D32": {
    "x": 0.16471949240221234,
    "y": -0.9796628538021604,
    "z": -0.11457827762261198
  },
  "D34": {
    "x": 0.37803052149359184,
    "y": -0.7625559371169853,
    "z": -0.5249774924574571
  },
  "D36": {
    "x": -0.314796195348597,
    "y": 0.5890682005917066,
    "z": 0.7442459341143202
  },
  "D37": {
    "x": -0.21747312126368598,
    "y": -0.875162565150499,
    "z": -0.4321989427185458
  },
  "D38": {
    "x": -0.1347636548088001,
    "y": 0.34699608837710527,
    "z": 0.9281338653413973
  },
  "D40": {
    "x": -0.557786941407695,
    "y": 0.3336534093362891,
    "z": 0.7599665324429223
  },
  "D41": {
    "x": -0.07830472050813274,
    "y": 0.5166193687655899,
    "z": 0.8526269984948792
  },
  "D42": {
    "x": -0.5291399509828572,
    "y": 0.10725189442875661,
    "z": 0.8417291389843305
  },
  "D43": {
    "x": -0.4458297559197972,
    "y": 0.5673045651094484,
    "z": 0.6923881564140695
  },
  "D45": {
    "x": -0.30857940314171894,
    "y": 0.25617691252191976,
    "z": 0.9160524774528135
  },
  "D47": {
    "x": -0.4757081116331962,
    "y": 0.44704151189715147,
    "z": 0.7575326258103262
  },
  "D48": {
    "x": 0.2743643444842374,
    "y": -0.8957310878063979,
    "z": -0.34984285731296827
  },
  "D49": {
    "x": -0.21650187700071996,
    "y": 0.5132276510381724,
    "z": 0.830496427123564
  },
  "D50": {
    "x": -0.0006627257934947305,
    "y": -0.7558137896892435,
    "z": -0.6547862827748506
  },
  "D51": {
    "x": 0.24841167638317482,
    "y": -0.9431747973572803,
    "z": -0.220710082838447
  },
  "D52": {
    "x": -0.48826308356706827,
    "y": 0.24111669564931804,
    "z": 0.8387263560332012
  },
  "D53": {
    "x": -0.07700736388530871,
    "y": -0.8249372203525269,
    "z": -0.5599539698800985
  },
  "D54": {
    "x": 0.1838738201103332,
    "y": -0.8718428981710061,
    "z": -0.45396076833446053
  },
  "D55": {
    "x": -0.02819353877422431,
    "y": -0.9515835831418983,
    "z": -0.30609444403028996
  },
  "D56": {
    "x": 0.24512597065683217,
    "y": -0.7955458299967786,
    "z": -0.5540939368773878
  },
  "D57": {
    "x": -0.07905798369835629,
    "y": -0.895091365876144,
    "z": -0.43881805107302674
  },
  "D58": {
    "x": 0.1289103356949125,
    "y": -0.9467905950172633,
    "z": -0.29490624703095325
  },
  "D59": {
    "x": -0.262483607608484,
    "y": 0.3846957889819443,
    "z": 0.88493587659016
  },
  "D60": {
    "x": 0.06205671590543504,
    "y": -0.8388221804267405,
    "z": -0.5408570177368143
  },
  "D61": {
    "x": 0.056935577987671744,
    "y": -0.9105782923812813,
    "z": -0.4093965234380964
  }
}