{
  "D2": {
    "x": 0.3760138104944574,
    "y": 0.8097452383679151,
    "z": 0.4504733768580856
  },
  "D3": {
    "x": 0.3563083467296607,
    "y": -0.8038631158123112,
    "z": 0.4762861042349428
  },
  "D4": {
    "x": 0.3037214125130904,
    "y": -0.4646432024938487,
    "z": 0.8317812200075893
  },
  "D5": {
    "x": 0.1820692591659328,
    "y": -0.17799325104082822,
    "z": 0.9670414610815222
  },
  "D6": {
    "x": 0.3195922153755719,
    "y": -0.6614725363734986,
    "z": 0.6784651055838795
  },
  "D7": {
    "x": -0.09194370969316974,
    "y": -0.47223832520465037,
    "z": -0.8766626024051472
  },
  "D8": {
    "x": 0.058122829719087034,
    "y": 0.5601401995088291,
    "z": 0.8263562751983283
  },
  "D9": {
    "x": -0.028351923089136612,
    "y": -0.6733396846858044,
    "z": -0.7387894405609553
  },
  "D10": {
    "x": 0.1097541535449624,
    "y": 0.9671430706135637,
    "z": 0.22932140489670053
  },
  "D11": {
    "x": 0.13538096115511494,
    "y": 0.8765762096442219,
    "z": 0.46182912862062553
  },
  "D15": {
    "x": 0.030784350252437715,
    "y": 0.8277282644804135,
    "z": -0.560284074340667
  },
  "D16": {
    "x": 0.0016812410236497206,
    "y": 0.999992524494105,
    "z": 0.0034820086914388337
  },
  "D17": {
    "x": 0.09375502291905508,
    "y": 0.33845913960220697,
    "z": 0.9362987805701668
  },
  "D18": {
    "x": 0.4117462325774017,
    "y": -0.10060686050041079,
    "z": 0.905728049459973
  },
  "D19": {
    "x": 0.3477999723800042,
    "y": -0.9292006668989641,
    "z": -0.1249851985116195
  },
  "D20": {
    "x": 0.2818434927052103,
    "y": -0.9525406547302291,
    "z": 0.11502411358421563
  },
  "D21": {
    "x": -0.1081913899574107,
    "y": 0.9043564401305009,
    "z": 0.41283659277439455
  },
  "D22": {
    "x": -0.1725907208491192,
    "y": 0.9684211565825308,
    "z": 0.17992472470490212
  },
  "D23": {
    "x": 0.07703459505903319,
    "y": -0.39855073331707275,
    "z": 0.9139053474712326
  },
  "D26": {
    "x": 0.5694042726586913,
    "y": 0.8202070410630828,
    "z": -0.05512879527587433
  },
  "D27": {
    "x": 0.3525364839088604,
    "y": 0.9285572921702163,
    "z": -0.11618684379349245
  },
  "D28": {
    "x": 0.790613740156469,
    "y": -0.2008365540519992,
    "z": 0.578441520321906
  },
  "D30": {
    "x": 0.09327569377333296,
    "y": -0.9845528769797453,
    "z": -0.14817313313151673
  },
  "D31": {
    "x": 0.1805026566122222,
    "y": 0.07161285540515394,
    "z": 0.9809640105002073
  },
  "D32": {
    "x": 0.47432587745391896,
    "y": -0.8229729570410148,
    "z": -0.3126187357736864
  },
  "D34": {
    "x": 0.6591027571117181,
    "y": -0.7324404418507041,
    "z": -0.1706298763677596
  },
  "D35": {
    "x": 0.22935768699063944,
    "y": -0.9103975500265148,
    "z": -0.34434191194802793
  },
  "D36": {
    "x": -0.2981218048521083,
    "y": 0.7006340468340551,
    "z": 0.6482555991957621
  },
  "D37": {
    "x": -0.1479112070861838,
    "y": -0.9006808264116557,
    "z": 0.4085294649749576
  },
  "D38": {
    "x": 0.633869488086128,
    "y": 0.19840038075247426,
    "z": 0.74756054001713
  },
  "D40": {
    "x": 0.8793230902598844,
    "y": 0.46585150365070305,
    "z": -0.09885989825094008
  },
  "D41": {
    "x": -0.1548621343461202,
    "y": 0.9687250919304485,
    "z": -0.1938798999641483
  },
  "D42": {
    "x": 0.8587125023397087,
    "y": 0.3874853293632305,
    "z": -0.3353624276118968
  },
  "D43": {
    "x": 0.9303991324850956,
    "y": -0.2269686024059782,
    "z": -0.28782409175199114
  },
  "D45": {
    "x": 0.7991500354814021,
    "y": 0.32308384197924656,
    "z": 0.5069280539110093
  },
  "D47": {
    "x": 0.9961950995782093,
    "y": 0.08713154160920224,
    "z": 0.0018487923533070409
  },
  "D48": {
    "x": 0.15747347454103156,
    "y": -0.48135900340693555,
    "z": -0.8622619176648456
  },
  "D49": {
    "x": 0.948906461130906,
    "y": 0.2655659114242542,
    "z": 0.17044434491477126
  },
  "D50": {
    "x": 0.6747858146210816,
    "y": -0.623383566902982,
    "z": -0.39504054589558096
  },
  "D51": {
    "x": -0.2663121577150943,
    "y": -0.8989265388002599,
    "z": -0.34786335319161726
  },
  "D52": {
    "x": 0.6140341327774052,
    "y": -0.2570872120127116,
    "z": 0.7462360546126348
  },
  "D53": {
    "x": 0.520959359160397,
    "y": -0.6149935211757893,
    "z": -0.5919326946663723
  },
  "D54": {
    "x": -0.3256839823817292,
    "y": -0.6789972103130676,
    "z": -0.6579458427614309
  },
  "D55": {
    "x": 0.34579953524845,
    "y": -0.7793285957474454,
    "z": -0.5225606388470824
  },
  "D56": {
    "x": -0.14766294423567194,
    "y": -0.8198482064858504,
    "z": -0.5532129546762143
  },
  "D57": {
    "x": 0.2226444466868842,
    "y": -0.6683880202630962,
    "z": -0.7097090282138661
  },
  "D58": {
    "x": 0.10227044900009856,
    "y": -0.8247333533245299,
    "z": -0.5561974929603642
  },
  "D59": {
    "x": 0.9862134521016871,
    "y": -0.15619766950678757,
    "z": -0.0546380356008671
  },
  "D60": {
    "x": 0.39412228682531375,
    "y": -0.49769711883185075,
    "z": -0.7726352314864109
  },
  "D61": {
    "x": -0.018947913282614384,
    "y": -0.9308112117061422,
    "z": -0.36500885570678704
  }
}