{
  "D2": {
    "x": -0.12313160151154864,
    "y": 0.3333145278568318,
    "z": 0.9347406240389782
  },
  "D3": {
    "x": -0.4278508655603393,
    "y": 0.6087387608385482,
    "z": 0.6681173234485223
  },
  "D4": {
    "x": -0.29558983170666914,
    "y": -0.2869233114614106,
    "z": 0.9112089029040713
  },
  "D5": {
    "x": -0.5465390014966683,
    "y": -0.1821631276293233,
    "z": 0.8173810095514379
  },
  "D6": {
    "x": -0.5520858052306639,
    "y": 0.0934946557908253,
    "z": 0.8285288244843172
  },
  "D7": {
    "x": 0.5823627475262845,
    "y": -0.6623777757605356,
    "z": -0.47128474670008447
  },
  "D8": {
    "x": -0.4273539772628178,
    "y": 0.4025802479314104,
    "z": 0.8095046152389344
  },
  "D9": {
    "x": 0.6836394066633366,
    "y": -0.6881702893662383,
    "z": -0.24302019358602464
  },
  "D10": {
    "x": -0.21494898631520482,
    "y": 0.5341711937782986,
    "z": 0.8175928503965365
  },
  "D11": {
    "x": -0.3338408729774231,
    "y": 0.1994807901807625,
    "z": 0.921280459946118
  },
  "D15": {
    "x": 0.7167958634238206,
    "y": 0.6298612537112988,
    "z": 0.2991295559648538
  },
  "D16": {
    "x": 0.18386639162113277,
    "y": 0.9769683423850198,
    "z": 0.1082866935947859
  },
  "D18": {
    "x": -0.20755471423895314,
    "y": -0.6791518100925382,
    "z": 0.7040410921567116
  },
  "D19": {
    "x": -0.15786000187432186,
    "y": -0.4886423983539778,
    "z": 0.8580843934830138
  },
  "D20": {
    "x": -0.3928038863740924,
    "y": -0.5183927390567981,
    "z": 0.7595880955772013
  },
  "D21": {
    "x": -0.12512811422646505,
    "y": 0.9050054966514888,
    "z": 0.40658087271872606
  },
  "D22": {
    "x": -0.055825539447241876,
    "y": 0.9822393446006441,
    "z": 0.1791350860773004
  },
  "D23": {
    "x": -0.600180266277618,
    "y": -0.3940597011742999,
    "z": 0.6960607731235463
  },
  "D26": {
    "x": 0.01039060234929871,
    "y": 0.6332252852034892,
    "z": 0.773897779788635
  },
  "D27": {
    "x": 0.19937815381144913,
    "y": 0.7362145108435714,
    "z": 0.6467121042675009
  },
  "D28": {
    "x": -0.7163253508509675,
    "y": -0.044231802730265786,
    "z": 0.6963630801209018
  },
  "D30": {
    "x": 0.05860403991096587,
    "y": -0.8803898785151514,
    "z": 0.4706157969237659
  },
  "D31": {
    "x": 0.6252268675235064,
    "y": -0.6910928622063646,
    "z": 0.3626044951929834
  },
  "D32": {
    "x": 0.07374503066082255,
    "y": -0.9686558687925751,
    "z": 0.23720766915623936
  },
  "D34": {
    "x": -0.1887135522191578,
    "y": -0.838030952210543,
    "z": 0.5119485504871732
  },
  "D36": {
    "x": -0.9035077140388956,
    "y": 0.3845775490848333,
    "z": 0.18913994663241213
  },
  "D37": {
    "x": 0.08768099955755948,
    "y": -0.9913643592166849,
    "z": -0.09751281757532812
  },
  "D38": {
    "x": -0.36735997067759196,
    "y": -0.04812698903812805,
    "z": 0.9288328401116547
  },
  "D40": {
    "x": -0.6338638859209967,
    "y": 0.3000353904663972,
    "z": 0.7128782074048906
  },
  "D41": {
    "x": 0.08976681910194931,
    "y": 0.20827232880935592,
    "z": 0.9739427884843367
  },
  "D42": {
    "x": -0.664548376839984,
    "y": 0.49516157145182016,
    "z": 0.5596342314375584
  },
  "D43": {
    "x": 0.7999086902488002,
    "y": -0.5228441760584956,
    "z": 0.294584546142804
  },
  "D45": {
    "x": -0.14337178702611866,
    "y": 0.04832552891358231,
    "z": 0.9884883276701651
  },
  "D47": {
    "x": 0.6218864845054244,
    "y": 0.015840509706214957,
    "z": 0.7829471748730766
  },
  "D48": {
    "x": 0.2821743918004183,
    "y": -0.95414479875043,
    "z": 0.09992655117417716
  },
  "D49": {
    "x": 0.5199502473529435,
    "y": 0.2411772058998139,
    "z": 0.8194420636213227
  },
  "D50": {
    "x": 0.32609147031854874,
    "y": -0.8300945896503747,
    "z": 0.45233541229784674
  },
  "D51": {
    "x": 0.3063412664104932,
    "y": -0.7971995459397365,
    "z": -0.5202191004254776
  },
  "D52": {
    "x": 0.045258344791434695,
    "y": -0.6887185343547183,
    "z": 0.7236148579617672
  },
  "D53": {
    "x": 0.09190878770751373,
    "y": -0.48701144704094024,
    "z": 0.8685462711872206
  },
  "D54": {
    "x": 0.46079221436906354,
    "y": -0.8535812503013576,
    "z": 0.24304235085850043
  },
  "D55": {
    "x": 0.17737426229860137,
    "y": -0.9214089410282417,
    "z": -0.3457512609770807
  },
  "D56": {
    "x": 0.6525832186702016,
    "y": -0.7480386737776392,
    "z": 0.12071986266986247
  },
  "D57": {
    "x": 0.4609508790539844,
    "y": -0.8254548067387121,
    "z": -0.32580461803251753
  },
  "D58": {
    "x": 0.3262733415766435,
    "y": -0.9340370038075302,
    "z": -0.14532921968641618
  },
  "D59": {
    "x": 0.08362622936498161,
    "y": -0.1873943181894577,
    "z": 0.978718561830981
  },
  "D60": {
    "x": 0.547654168090304,
    "y": -0.8318336645746977,
    "z": -0.0901535726055627
  },
  "D61": {
    "x": -0.1487424308740107,
    "y": -0.9887417220486258,
    "z": -0.016294058365190853
  }
}