{
  "D2": {
    "x": 0.25942284336139015,
    "y": -0.6890502166809706,
    "z": 0.6766901707829065
  },
  "D3": {
    "x": 0.7587492099464378,
    "y": -0.5682638593630953,
    "z": 0.31839570120750194
  },
  "D4": {
    "x": 0.012324554646177264,
    "y": -0.7020019268501605,
    "z": 0.7120683956274391
  },
  "D5": {
    "x": 0.10398740603777837,
    "y": 0.7619635358427059,
    "z": 0.6392168563418958
  },
  "D7": {
    "x": -0.6009583819171151,
    "y": -0.7176492226971294,
    "z": 0.3518929046823323
  },
  "D8": {
    "x": 0.39705310860178167,
    "y": 0.9118996869951607,
    "z": 0.10386428552582347
  },
  "D9": {
    "x": -0.4643117778182252,
    "y": -0.8625826331571634,
    "z": 0.20091235391317705
  },
  "D10": {
    "x": 0.26557057025975317,
    "y": 0.6063431459652233,
    "z": 0.7495467040504584
  },
  "D11": {
    "x": 0.2594602826585607,
    "y": -0.03105338740653775,
    "z": 0.9652543959254054
  },
  "D12": {
    "x": -0.9688431451397668,
    "y": -0.18587324870206495,
    "z": 0.16368902080660505
  },
  "D13": {
    "x": 0.4281651074508868,
    "y": 0.1387008201279191,
    "z": 0.8929931260975156
  },
  "D15": {
    "x": -0.003531728019038401,
    "y": 0.9634417493686128,
    "z": 0.26789461075345794
  },
  "D16": {
    "x": -0.9680795440339451,
    "y": 0.11423007058152267,
    "z": 0.22309972523060015
  },
  "D17": {
    "x": -0.3259009125950357,
    "y": -0.6207463005014965,
    "z": 0.7130656530666925
  },
  "D18": {
    "x": 0.09384601711217523,
    "y": -0.8460207823491422,
    "z": 0.5248254575623469
  },
  "D19": {
    "x": -0.7029733188778402,
    "y": -0.7002632698613951,
    "z": 0.12433770879705466
  },
  "D20": {
    "x": -0.593502858243247,
    "y": -0.7411490094167501,
    "z": -0.31377141854806706
  },
  "D21": {
    "x": 0.24123199691076053,
    "y": 0.9232291892398656,
    "z": 0.2990902669796317
  },
  "D22": {
    "x": 0.15764581644997652,
    "y": 0.9848900005297567,
    "z": 0.07169019048877015
  },
  "D23": {
    "x": 0.404773693360472,
    "y": 0.8001467700802587,
    "z": 0.44263235703397513
  },
  "D24": {
    "x": 0.5343133821639021,
    "y": -0.8226305451374054,
    "z": -0.19439186157734803
  },
  "D25": {
    "x": 0.30974435426341485,
    "y": -0.9174645814606455,
    "z": -0.24963408574788631
  },
  "D26": {
    "x": 0.41393999358154454,
    "y": 0.7242463597703027,
    "z": -0.5514715695964537
  },
  "D27": {
    "x": 0.4249876430064425,
    "y": 0.8423510937592892,
    "z": -0.33140630370341173
  },
  "D28": {
    "x": -0.03679304713137391,
    "y": -0.812751059226359,
    "z": -0.5814481811900523
  },
  "D29": {
    "x": -0.40044082754261634,
    "y": -0.7723470367757493,
    "z": -0.4930793023649481
  },
  "D30": {
    "x": -0.17710702737495118,
    "y": -0.9015650362390438,
    "z": -0.3947322969883513
  },
  "D31": {
    "x": 0.36303482487264205,
    "y": -0.9000600501819777,
    "z": 0.24103448300213376
  },
  "D32": {
    "x": -0.5880606177640976,
    "y": -0.8056955889349923,
    "z": -0.07098822300638459
  },
  "D33": {
    "x": -0.004747124784382531,
    "y": -0.9961558575640307,
    "z": 0.08746983621313062
  },
  "D34": {
    "x": 0.28131061597592516,
    "y": -0.8296555792082068,
    "z": -0.4822198225165994
  },
  "D35": {
    "x": -0.18740077737440533,
    "y": -0.7867821907406404,
    "z": 0.5880941531530702
  },
  "D36": {
    "x": -0.7713892956579206,
    "y": -0.6015869898591535,
    "z": -0.20748891097256245
  },
  "D37": {
    "x": 0.5227766753542833,
    "y": -0.7367889068928304,
    "z": -0.4287734301297022
  },
  "D38": {
    "x": -0.058871568294610266,
    "y": -0.5114271588949261,
    "z": 0.8573076458256961
  },
  "D39": {
    "x": -0.8493078283080688,
    "y": -0.5275840062434192,
    "z": 0.01820244848298175
  },
  "D40": {
    "x": 0.9299204776609914,
    "y": 0.26925442328948984,
    "z": 0.25049942268555825
  },
  "D41": {
    "x": -0.23529066579740587,
    "y": 0.9675909849156517,
    "z": 0.09168417801656072
  },
  "D42": {
    "x": 0.900045667422394,
    "y": 0.4312931296705293,
    "z": 0.06248226030784583
  },
  "D43": {
    "x": -0.39125241923150106,
    "y": -0.8803756661650376,
    "z": -0.26806758638441147
  },
  "D45": {
    "x": 0.7191295545054655,
    "y": 0.31504789067564676,
    "z": 0.6193524928646017
  },
  "D47": {
    "x": 0.9534240205336162,
    "y": -0.2678881880473353,
    "z": 0.13863100581843316
  },
  "D48": {
    "x": 0.5205834834592654,
    "y": -0.8521461904592104,
    "z": 0.0532888997378609
  },
  "D49": {
    "x": 0.9881627975452355,
    "y": -0.020676248752119354,
    "z": 0.1520091388210412
  },
  "D50": {
    "x": 0.3363681086314744,
    "y": -0.8136768854731989,
    "z": 0.47411646411226765
  },
  "D51": {
    "x": 0.2946955002212876,
    "y": -0.9555721892672858,
    "z": 0.006029365493277255
  },
  "D52": {
    "x": 0.7082846404483423,
    "y": -0.6972530055773671,
    "z": 0.11032277334390586
  },
  "D53": {
    "x": -0.38506767078766996,
    "y": -0.8145464337768359,
    "z": 0.43386287711164834
  },
  "D54": {
    "x": 0.07164239386997864,
    "y": -0.9214537350402824,
    "z": -0.38182506672675637
  },
  "D55": {
    "x": -0.10505100011788368,
    "y": -0.9146939892596548,
    "z": 0.3902552925797303
  },
  "D56": {
    "x": 0.09498669698526306,
    "y": -0.9853955750967195,
    "z": -0.14132617583319532
  },
  "D57": {
    "x": -0.37480328965213816,
    "y": -0.9268079755553731,
    "z": -0.023440787377692028
  },
  "D58": {
    "x": -0.15537676454211194,
    "y": -0.9766942488294212,
    "z": -0.14807567438292313
  },
  "D59": {
    "x": 0.5650671843162031,
    "y": -0.767107302663207,
    "z": 0.3037193826704798
  },
  "D60": {
    "x": -0.23322200523914305,
    "y": -0.955581043437676,
    "z": 0.1802009037013838
  },
  "D61": {
    "x": 0.12404655304091225,
    "y": -0.9470991207003492,
    "z": 0.29599950717407264
  }
}