{
  "D2": {
    "x": -0.6382917368505453,
    "y": -0.10448287609799037,
    "z": 0.7626709560948328
  },
  "D3": {
    "x": -0.019750120748163853,
    "y": -0.4921889818559625,
    "z": 0.8702642925399294
  },
  "D4": {
    "x": -0.25661456100880414,
    "y": -0.5366809681147284,
    "z": 0.8038174578482956
  },
  "D5": {
    "x": -0.18395598636659832,
    "y": 0.48068254115504283,
    "z": 0.8573823474440224
  },
  "D7": {
    "x": 0.1430049642422216,
    "y": -0.9864042694185348,
    "z": -0.08097034935683266
  },
  "D8": {
    "x": -0.20552192262988073,
    "y": 0.8443393484988856,
    "z": 0.49482502351335733
  },
  "D9": {
    "x": 0.02852531058105456,
    "y": -0.9534086740252965,
    "z": 0.30033016323636275
  },
  "D10": {
    "x": -0.28467756786810133,
    "y": 0.09406747286818237,
    "z": 0.9539968516200126
  },
  "D11": {
    "x": -0.15166753107683564,
    "y": -0.11612848911535961,
    "z": 0.9815860298684171
  },
  "D12": {
    "x": 0.1362516078916899,
    "y": 0.33565774832532747,
    "z": 0.9320779877972123
  },
  "D13": {
    "x": -0.28909012906089354,
    "y": -0.3106188532300618,
    "z": 0.9055069438152294
  },
  "D15": {
    "x": -0.34267618922711907,
    "y": 0.6908170947171957,
    "z": 0.6366669231107212
  },
  "D16": {
    "x": -0.7132131673797562,
    "y": 0.41657918762369317,
    "z": 0.5637275568170494
  },
  "D17": {
    "x": -0.4280224739177085,
    "y": -0.10291890713039618,
    "z": 0.8978888908859767
  },
  "D18": {
    "x": -0.1364337519863197,
    "y": -0.745987538178689,
    "z": 0.6518346601716069
  },
  "D19": {
    "x": -0.8047503004585097,
    "y": -0.5902877995975305,
    "z": 0.0627476498224737
  },
  "D20": {
    "x": -0.4655838592667799,
    "y": -0.575619421041019,
    "z": 0.6722305795712163
  },
  "D21": {
    "x": -0.052983247876392255,
    "y": 0.9445753007333131,
    "z": 0.32399116760961233
  },
  "D22": {
    "x": 0.1479306721310059,
    "y": 0.9728599437002731,
    "z": 0.1779327012844192
  },
  "D23": {
    "x": -0.016464015575322382,
    "y": 0.7684315260740503,
    "z": 0.6397201934648004
  },
  "D26": {
    "x": -0.13091837736720346,
    "y": 0.9895032919429941,
    "z": 0.06118507744144922
  },
  "D27": {
    "x": 0.09860821841439321,
    "y": 0.9929132102862591,
    "z": -0.06633080807719953
  },
  "D28": {
    "x": -0.6703081279783041,
    "y": -0.47122427241438475,
    "z": 0.5732666906892075
  },
  "D30": {
    "x": -0.7848343114516027,
    "y": -0.5909755521045182,
    "z": -0.18650201173995085
  },
  "D31": {
    "x": -0.05665545315018197,
    "y": -0.995995303434823,
    "z": 0.0691629609265146
  },
  "D32": {
    "x": -0.6477628882482609,
    "y": -0.7353981162133066,
    "z": 0.19897952477124659
  },
  "D33": {
    "x": -0.3704136606986192,
    "y": -0.8367938361354161,
    "z": -0.4031994491236594
  },
  "D34": {
    "x": -0.12097614844965447,
    "y": -0.9615258822951923,
    "z": -0.24664295891579696
  },
  "D35": {
    "x": -0.5993509608704832,
    "y": -0.6695851348974473,
    "z": 0.43867319593063353
  },
  "D36": {
    "x": -0.837570545272038,
    "y": -0.3398984305771055,
    "z": 0.42772028077228413
  },
  "D37": {
    "x": 0.44688368827131114,
    "y": -0.8440721632019491,
    "z": -0.2963733329174735
  },
  "D38": {
    "x": 0.04523477607196642,
    "y": -0.2689326967848237,
    "z": 0.9620961592448861
  },
  "D39": {
    "x": -0.7760023054202986,
    "y": -0.550483351080296,
    "z": 0.3078774141858883
  },
  "D40": {
    "x": 0.9339025394084356,
    "y": 0.27898310544424615,
    "z": 0.22359444036728654
  },
  "D41": {
    "x": -0.11083702988133087,
    "y": 0.9732175125519703,
    "z": -0.2014021501107687
  },
  "D42": {
    "x": 0.8975600234825832,
    "y": 0.43947000367995787,
    "z": 0.03538530926079792
  },
  "D43": {
    "x": 0.574956895242258,
    "y": -0.8026176442715002,
    "z": 0.15883792279380513
  },
  "D45": {
    "x": 0.9142881997432613,
    "y": 0.09654414034627587,
    "z": 0.3933907939632361
  },
  "D47": {
    "x": 0.9582223480498169,
    "y": -0.1780446606240442,
    "z": 0.22385269826643794
  },
  "D48": {
    "x": 0.5535339388549659,
    "y": -0.731772377875231,
    "z": 0.397629683895125
  },
  "D49": {
    "x": 0.9897061198142514,
    "y": 0.05274039008960709,
    "z": 0.1330422776992895
  },
  "D50": {
    "x": 0.0715673675111413,
    "y": -0.8490747021896795,
    "z": 0.5234025812021108
  },
  "D51": {
    "x": -0.6157308479855782,
    "y": -0.7217286514661916,
    "z": -0.3162013227229663
  },
  "D52": {
    "x": 0.39067546056007485,
    "y": -0.7098823348905028,
    "z": 0.5860373325365726
  },
  "D53": {
    "x": -0.1688456607228573,
    "y": -0.8835084650124927,
    "z": 0.4369255486994674
  },
  "D54": {
    "x": -0.4682876914244936,
    "y": -0.8660670940245982,
    "z": -0.17502693137944828
  },
  "D55": {
    "x": -0.35997692636913775,
    "y": -0.7602187126931119,
    "z": 0.5408180113060733
  },
  "D56": {
    "x": -0.6540893916021558,
    "y": -0.7547505815508987,
    "z": -0.05018592872610645
  },
  "D57": {
    "x": -0.4518275410057203,
    "y": -0.832770178176515,
    "z": 0.31991515051428826
  },
  "D58": {
    "x": -0.2740896936814004,
    "y": -0.9604539624870134,
    "z": -0.04902066666856782
  },
  "D59": {
    "x": 0.3666220822257219,
    "y": -0.8913565956140339,
    "z": 0.2665927011000783
  },
  "D60": {
    "x": -0.47461793789684875,
    "y": -0.8770043247156588,
    "z": 0.07484134857533174
  },
  "D61": {
    "x": -0.25681673726803195,
    "y": -0.9434961080997698,
    "z": 0.2094284065249759
  }
}