{
  "D2": {
    "x": -0.547483072646583,
    "y": -0.1477948256512467,
    "z": 0.823661929845112
  },
  "D3": {
    "x": 0.06433703989055994,
    "y": -0.3812373855660805,
    "z": 0.9222357622348313
  },
  "D4": {
    "x": -0.35831676844964894,
    "y": -0.49176941976948524,
    "z": 0.7935817104919847
  },
  "D5": {
    "x": -0.1676212570769378,
    "y": 0.5377528534684932,
    "z": 0.8262717366353762
  },
  "D7": {
    "x": -0.08350628962893343,
    "y": -0.9299791272547681,
    "z": -0.3580021263384738
  },
  "D8": {
    "x": -0.13962626788244598,
    "y": 0.9227715921734825,
    "z": 0.35916165440485925
  },
  "D9": {
    "x": -0.15681902271846102,
    "y": -0.9797732850203591,
    "z": -0.12430649248547271
  },
  "D10": {
    "x": -0.22310916143191697,
    "y": 0.17517772205716658,
    "z": 0.9589239113610678
  },
  "D11": {
    "x": -0.08710338948196691,
    "y": -0.09793164661352229,
    "z": 0.9913739920596651
  },
  "D12": {
    "x": 0.03281216628099341,
    "y": 0.41383514108471686,
    "z": 0.9097603188463108
  },
  "D13": {
    "x": -0.21560283353651044,
    "y": -0.30303535212274185,
    "z": 0.9282698926146823
  },
  "D15": {
    "x": -0.1988587932307393,
    "y": 0.7986795689321922,
    "z": 0.5679490527548239
  },
  "D16": {
    "x": -0.673960785143788,
    "y": 0.4381858469531607,
    "z": 0.5947856955394187
  },
  "D17": {
    "x": -0.334922196428414,
    "y": -0.08358808643398886,
    "z": 0.9385308487982006
  },
  "D18": {
    "x": -0.5213044767525402,
    "y": -0.5836465493298998,
    "z": 0.6225739698807372
  },
  "D19": {
    "x": -0.7872657339608823,
    "y": -0.6149419269630296,
    "z": -0.04537720346197335
  },
  "D20": {
    "x": 0.05590371136375676,
    "y": -0.8412377685742405,
    "z": 0.5377674142043104
  },
  "D21": {
    "x": 0.11112313792051287,
    "y": 0.9359517417833964,
    "z": 0.3341346813357233
  },
  "D22": {
    "x": 0.0021292981803618756,
    "y": 0.9931829051641983,
    "z": 0.11654691321035703
  },
  "D23": {
    "x": 0.03137196727631589,
    "y": 0.745860057970619,
    "z": 0.6653634898258834
  },
  "D26": {
    "x": 0.08050146735110873,
    "y": 0.9894048981138918,
    "z": -0.12081995424000909
  },
  "D27": {
    "x": 0.3239396744039998,
    "y": 0.9357139469155771,
    "z": -0.1396513404686946
  },
  "D28": {
    "x": -0.7748467937597667,
    "y": -0.5984086838459493,
    "z": 0.20376332667575006
  },
  "D30": {
    "x": -0.6781490043517449,
    "y": -0.6876713872746879,
    "z": -0.25927204056828645
  },
  "D31": {
    "x": 0.06923205701020359,
    "y": -0.994257604655742,
    "z": 0.08160108986013713
  },
  "D32": {
    "x": -0.6447550200825296,
    "y": -0.6429354212592954,
    "z": 0.41343077796471445
  },
  "D33": {
    "x": -0.3074821038870244,
    "y": -0.8475988933083648,
    "z": -0.4324706601049884
  },
  "D34": {
    "x": 0.08977662747170267,
    "y": -0.9818244011285336,
    "z": -0.1672154374105564
  },
  "D35": {
    "x": -0.29881678460380234,
    "y": -0.6923214606516593,
    "z": 0.6568101128638305
  },
  "D36": {
    "x": -0.7820368585491686,
    "y": -0.43642566161801377,
    "z": 0.44491683914168356
  },
  "D37": {
    "x": 0.4567493345378175,
    "y": -0.8268209493854799,
    "z": -0.32824862993857956
  },
  "D38": {
    "x": -0.11372583604058122,
    "y": -0.5347902300800307,
    "z": 0.8372967478903873
  },
  "D39": {
    "x": -0.9006985847034005,
    "y": -0.38245356368808187,
    "z": 0.2060857373414703
  },
  "D40": {
    "x": 0.9414185396362715,
    "y": 0.271801947235967,
    "z": 0.19963675690575233
  },
  "D41": {
    "x": -0.18025122124545198,
    "y": 0.9821326145126313,
    "z": -0.0540834979462894
  },
  "D42": {
    "x": 0.8660573255145332,
    "y": 0.48937474094884253,
    "z": 0.10225982517033291
  },
  "D43": {
    "x": 0.6323579423933862,
    "y": -0.7519447318624175,
    "z": 0.1862862123624827
  },
  "D45": {
    "x": 0.8938990453976339,
    "y": 0.16065927477145686,
    "z": 0.4184890608691086
  },
  "D47": {
    "x": 0.9414873858395515,
    "y": -0.21764331935724,
    "z": 0.25735750978778493
  },
  "D48": {
    "x": 0.7857011324013413,
    "y": -0.5654231624919523,
    "z": 0.2509389923085874
  },
  "D49": {
    "x": 0.9779261218235217,
    "y": 0.02460786362470399,
    "z": 0.20749687540547326
  },
  "D50": {
    "x": 0.21055593010486337,
    "y": -0.936747554650013,
    "z": 0.2795893759692893
  },
  "D51": {
    "x": -0.597702061565488,
    "y": -0.7747220755200803,
    "z": 0.20629578595362671
  },
  "D52": {
    "x": 0.4997413798260724,
    "y": -0.6984462240879183,
    "z": 0.5122806119177871
  },
  "D53": {
    "x": -0.20045312678304172,
    "y": -0.8490345489713639,
    "z": 0.4888342036068002
  },
  "D54": {
    "x": -0.47750584864925677,
    "y": -0.8425253260805204,
    "z": -0.24927743463592028
  },
  "D55": {
    "x": -0.03441670627611228,
    "y": -0.944041662893924,
    "z": 0.32802565303582376
  },
  "D56": {
    "x": -0.6090867532756882,
    "y": -0.7919466623396791,
    "z": -0.042823019430245565
  },
  "D57": {
    "x": -0.4370435024415457,
    "y": -0.7753581259340854,
    "z": 0.455864841286987
  },
  "D58": {
    "x": -0.38769802958621846,
    "y": -0.9213926431123739,
    "z": -0.02694132649587421
  },
  "D59": {
    "x": 0.4385305290764672,
    "y": -0.84117894159082,
    "z": 0.3164000052023726
  },
  "D60": {
    "x": -0.3802625490327748,
    "y": -0.8925223764489311,
    "z": 0.24249577592413682
  },
  "D61": {
    "x": -0.17631762643014132,
    "y": -0.9763877360861375,
    "z": 0.12481619859068147
  }
}