{
  "D2": {
    "x": -0.11530209128334397,
    "y": 0.3511658654958563,
    "z": 0.9291867210933622
  },
  "D3": {
    "x": 0.6300113291521648,
    "y": -0.43744936820714836,
    "z": 0.6416570543484186
  },
  "D4": {
    "x": -0.7023484511157893,
    "y": -0.027482745569873474,
    "z": 0.7113025740929055
  },
  "D5": {
    "x": -0.13421352875415374,
    "y": -0.13694241022089554,
    "z": 0.9814446010765201
  },
  "D6": {
    "x": -0.7127124421116132,
    "y": 0.2181975686244775,
    "z": 0.6666564301839943
  },
  "D7": {
    "x": 0.3455410228580374,
    "y": -0.9322151804082898,
    "z": -0.10759302458133957
  },
  "D8": {
    "x": -0.5358331649707108,
    "y": 0.5670601492626297,
    "z": 0.6255602340588117
  },
  "D9": {
    "x": 0.12471350408205516,
    "y": -0.9387571113612485,
    "z": 0.3212189716817167
  },
  "D10": {
    "x": -0.3186626027048011,
    "y": 0.6880006784964746,
    "z": 0.6520039969400437
  },
  "D11": {
    "x": -0.3466819306981127,
    "y": 0.26145246843422987,
    "z": 0.9008075519649449
  },
  "D12": {
    "x": -0.5325489371747132,
    "y": 0.36023238741135466,
    "z": 0.7659140007690152
  },
  "D13": {
    "x": 0.5854784263693262,
    "y": -0.2171855329681939,
    "z": 0.7810540676069865
  },
  "D14": {
    "x": 0.09478143997621022,
    "y": -0.9933183713581467,
    "z": -0.06584141370319282
  },
  "D15": {
    "x": -0.028173224130307737,
    "y": 0.8225559579896532,
    "z": 0.5679858848755198
  },
  "D16": {
    "x": 0.06755768937203728,
    "y": 0.9628091925691153,
    "z": 0.26159972727646263
  },
  "D18": {
    "x": 0.021449744108263783,
    "y": -0.3289497644174001,
    "z": 0.9441037871798986
  },
  "D19": {
    "x": -0.5103502656366468,
    "y": -0.12894834243921602,
    "z": 0.8502440422295133
  },
  "D20": {
    "x": -0.3212092605615933,
    "y": -0.2834423415462087,
    "z": 0.9035956230240808
  },
  "D21": {
    "x": -0.18744400842785333,
    "y": 0.9007256415310877,
    "z": 0.39186485220405926
  },
  "D22": {
    "x": -0.12242705838092174,
    "y": 0.9873287413560491,
    "z": 0.10096322037491898
  },
  "D23": {
    "x": -0.665231132139426,
    "y": -0.2739892918274954,
    "z": 0.6945483487824051
  },
  "D24": {
    "x": -0.4885849028253405,
    "y": -0.44067536012636643,
    "z": 0.7530537960256557
  },
  "D25": {
    "x": -0.5402829015762838,
    "y": 0.11864816646323612,
    "z": 0.833076826504749
  },
  "D26": {
    "x": 0.07027531442852376,
    "y": 0.5039119675942375,
    "z": 0.8608914618564155
  },
  "D27": {
    "x": -0.08922334603306284,
    "y": 0.658958082533316,
    "z": 0.7468690915995118
  },
  "D28": {
    "x": -0.3285230602402308,
    "y": 0.0159510965998927,
    "z": 0.9443612451851542
  },
  "D30": {
    "x": -0.3139418644196151,
    "y": -0.616558621118387,
    "z": 0.7220082911499905
  },
  "D31": {
    "x": 0.4396787683022413,
    "y": -0.5967616707575955,
    "z": 0.671236239351562
  },
  "D32": {
    "x": -0.17508110043177036,
    "y": -0.7826225640619309,
    "z": 0.5973680025685417
  },
  "D34": {
    "x": -0.1652317221343174,
    "y": -0.4748314579710153,
    "z": 0.8644267259413303
  },
  "D36": {
    "x": -0.8715585868619548,
    "y": 0.397197638445061,
    "z": 0.28743636805536477
  },
  "D37": {
    "x": -0.2944605734972222,
    "y": -0.9353464259216273,
    "z": 0.19601029098321623
  },
  "D38": {
    "x": -0.09353388975654989,
    "y": 0.10957619281559236,
    "z": 0.9895678195227701
  },
  "D40": {
    "x": 0.3011831756008643,
    "y": 0.5514393646167507,
    "z": 0.7779481485845012
  },
  "D41": {
    "x": 0.1149649800003443,
    "y": 0.25857732051173254,
    "z": 0.9591250297487254
  },
  "D42": {
    "x": 0.19412848412528513,
    "y": 0.7385696697375557,
    "z": 0.6456229353074261
  },
  "D43": {
    "x": 0.7913315784556627,
    "y": 0.04521758710330984,
    "z": 0.6097128035029475
  },
  "D45": {
    "x": -0.3161600710748203,
    "y": 0.4931973971690831,
    "z": 0.8104314510701113
  },
  "D47": {
    "x": 0.51164096461519,
    "y": 0.3821013178299017,
    "z": 0.769559683351649
  },
  "D48": {
    "x": 0.524145225597203,
    "y": -0.7125562545150372,
    "z": 0.4664068681260589
  },
  "D49": {
    "x": 0.4942206298860906,
    "y": 0.6018190803923404,
    "z": 0.6273434174921371
  },
  "D50": {
    "x": -0.02267424101749953,
    "y": -0.6509458313633671,
    "z": 0.7587854791869274
  },
  "D51": {
    "x": -0.34892174509153917,
    "y": -0.8349249201915939,
    "z": 0.4256218902327928
  },
  "D52": {
    "x": 0.19483693605577143,
    "y": -0.5045016939071489,
    "z": 0.841140065145643
  },
  "D53": {
    "x": 0.4846862469234696,
    "y": -0.8372500326584595,
    "z": 0.2531632375694579
  },
  "D54": {
    "x": 0.21157372968520066,
    "y": -0.6981425034270403,
    "z": 0.6839836268623094
  },
  "D55": {
    "x": 0.29259647745077855,
    "y": -0.9464778717276731,
    "z": 0.13626055817165275
  },
  "D56": {
    "x": 0.06186630899176455,
    "y": -0.83854477078123,
    "z": 0.5413088094675624
  },
  "D57": {
    "x": -0.042981397428440454,
    "y": -0.988828865600578,
    "z": 0.14272376827344727
  },
  "D58": {
    "x": -0.11915723559873616,
    "y": -0.9199138468784515,
    "z": 0.37357739161485165
  },
  "D59": {
    "x": 0.12180995426442173,
    "y": -0.017375084017524075,
    "z": 0.9924013510155474
  },
  "D60": {
    "x": 0.30220343981428915,
    "y": -0.8272786027787187,
    "z": 0.4735854667838766
  },
  "D61": {
    "x": -0.5649766330467504,
    "y": -0.7092364259091652,
    "z": 0.42164569993627404
  }
}