{
  "D2": {
    "x": 0.5500378031829042,
    "y": -0.8312174809826124,
    "z": 0.08084500218717994
  },
  "D4": {
    "x": 0.08882865688109103,
    "y": -0.9956426621002962,
    "z": -0.028375325945910256
  },
  "D5": {
    "x": 0.6473170141138616,
    "y": -0.7525798201535884,
    "z": -0.12084824175927233
  },
  "D7": {
    "x": 0.5962493428806273,
    "y": -0.589585977386499,
    "z": 0.5448624563902591
  },
  "D8": {
    "x": 0.4129352924428527,
    "y": 0.9067983697675418,
    "z": -0.08485965379415616
  },
  "D9": {
    "x": 0.608231732924139,
    "y": -0.7935916137526549,
    "z": -0.016325123140603182
  },
  "D10": {
    "x": 0.5103782409024445,
    "y": -0.8592843246564751,
    "z": -0.03383046870783621
  },
  "D11": {
    "x": 0.6996507253158106,
    "y": -0.7143429753126522,
    "z": -0.01424697113521865
  },
  "D12": {
    "x": 0.26190756051658687,
    "y": -0.9492404763103556,
    "z": 0.17420375391575157
  },
  "D13": {
    "x": 0.917269842493463,
    "y": -0.377184026884701,
    "z": 0.12786025932657402
  },
  "D15": {
    "x": 0.8900958654154836,
    "y": -0.36908194794980853,
    "z": 0.26740954745078954
  },
  "D16": {
    "x": -0.02527417232346262,
    "y": -0.9906342312400954,
    "z": -0.13418284580641893
  },
  "D17": {
    "x": 0.7390064989202714,
    "y": -0.49872879331472136,
    "z": 0.45292271445848775
  },
  "D18": {
    "x": 0.027571021556448794,
    "y": -0.9695117050527609,
    "z": -0.24348899879875968
  },
  "D19": {
    "x": 0.24841808234919271,
    "y": -0.9669713853656193,
    "z": 0.05705082160709856
  },
  "D20": {
    "x": 0.13412529247658606,
    "y": -0.9875466105498081,
    "z": 0.08223197619938363
  },
  "D21": {
    "x": 0.33611962130720396,
    "y": 0.9253884584634487,
    "z": -0.1751565046321259
  },
  "D22": {
    "x": 0.19508393838338714,
    "y": 0.9730313063109753,
    "z": -0.12309481680226671
  },
  "D23": {
    "x": 0.0978333051866045,
    "y": -0.9842289741761528,
    "z": -0.1473837534751461
  },
  "D24": {
    "x": -0.030208429283117105,
    "y": -0.9994458714980615,
    "z": -0.0139785816779571
  },
  "D25": {
    "x": 0.26525827002257046,
    "y": -0.9621969015788885,
    "z": -0.06176708489656939
  },
  "D26": {
    "x": 0.8518859696944944,
    "y": 0.5027428090767468,
    "z": -0.1467649909184494
  },
  "D27": {
    "x": 0.625177653730475,
    "y": 0.757070897671908,
    "z": -0.18972758675087223
  },
  "D28": {
    "x": 0.3537749654528696,
    "y": -0.9352235488329829,
    "z": 0.014148764153165428
  },
  "D29": {
    "x": -0.14460531035214005,
    "y": -0.9815067023073832,
    "z": -0.12543483385267043
  },
  "D30": {
    "x": 0.37398554613982127,
    "y": -0.9147617744668152,
    "z": 0.15279302095587774
  },
  "D31": {
    "x": 0.8084667227354776,
    "y": -0.5320212808781039,
    "z": 0.2516642901211413
  },
  "D32": {
    "x": 0.3250029212205446,
    "y": -0.8728996817275081,
    "z": 0.3638945545595972
  },
  "D33": {
    "x": 0.43327363422067666,
    "y": -0.8232260888007611,
    "z": 0.3668416069736483
  },
  "D34": {
    "x": 0.45055073482913577,
    "y": -0.8904195966108323,
    "z": 0.06447462536788007
  },
  "D35": {
    "x": 0.7864782820584125,
    "y": -0.6174978907750285,
    "z": 0.012176483024209837
  },
  "D36": {
    "x": -0.29019901620214006,
    "y": -0.927596727326171,
    "z": -0.23526334701582258
  },
  "D37": {
    "x": 0.39187404228478384,
    "y": -0.9148777103862153,
    "z": -0.09712625814814091
  },
  "D38": {
    "x": 0.7475158215901163,
    "y": -0.5635193954537779,
    "z": 0.35166175143148876
  },
  "D40": {
    "x": -0.321213569945209,
    "y": 0.9417757605796712,
    "z": 0.09939949329667673
  },
  "D41": {
    "x": -0.43847801153096183,
    "y": 0.7646720704976481,
    "z": -0.472243219119866
  },
  "D42": {
    "x": -0.21187726952622046,
    "y": 0.9669287265555712,
    "z": 0.14197485840716595
  },
  "D43": {
    "x": 0.7913840864223375,
    "y": -0.5926000947511838,
    "z": 0.1501211359481753
  },
  "D45": {
    "x": -0.6670065250108586,
    "y": 0.7004631462533919,
    "z": -0.2538772859744218
  },
  "D47": {
    "x": -0.6729155567943867,
    "y": -0.38648807541107255,
    "z": 0.6307230937496624
  },
  "D48": {
    "x": 0.37693359611381716,
    "y": -0.7402587076801384,
    "z": 0.5567208544903244
  },
  "D49": {
    "x": -0.8706160438417652,
    "y": -0.07708520504623455,
    "z": 0.48588638113070587
  },
  "D50": {
    "x": 0.3944754521250197,
    "y": -0.8796957223997204,
    "z": 0.26556459414311145
  },
  "D51": {
    "x": 0.3602560533398056,
    "y": -0.8113558052771512,
    "z": 0.460344798249196
  },
  "D52": {
    "x": 0.667394730794663,
    "y": -0.5941116456886886,
    "z": 0.4490162867475934
  },
  "D53": {
    "x": 0.6439799892733,
    "y": -0.7596178944825571,
    "z": 0.09094189242283744
  },
  "D54": {
    "x": 0.5049585960076824,
    "y": -0.6667982461509425,
    "z": 0.5480847701295641
  },
  "D56": {
    "x": 0.24680727539193176,
    "y": -0.9246634230592664,
    "z": 0.28997193462459653
  },
  "D57": {
    "x": 0.7287944440999494,
    "y": -0.677873279194472,
    "z": 0.09667717208927472
  },
  "D58": {
    "x": 0.46148926583667504,
    "y": -0.7497734697496725,
    "z": 0.47420185741629417
  },
  "D59": {
    "x": 0.673447880072069,
    "y": -0.7126525342006625,
    "z": 0.19645436702656804
  },
  "D60": {
    "x": 0.5326070388352937,
    "y": -0.7556604192623723,
    "z": 0.38119164857498633
  },
  "D61": {
    "x": 0.7368879444772016,
    "y": -0.6276839894823661,
    "z": 0.2510158692825322
  },
  "D62": {
    "x": 0.5801163134367714,
    "y": -0.6755433012816453,
    "z": 0.4550893439513012
  },
  "D63": {
    "x": -0.9567892712389356,
    "y": 0.07750174328791172,
    "z": 0.2802637511869865
  },
  "D64": {
    "x": 0.6709405558171564,
    "y": -0.6553138184118003,
    "z": 0.3469907346865495
  },
  "D65": {
    "x": 0.4779773855957356,
    "y": -0.8604903795820261,
    "z": 0.17633469739630442
  },
  "D66": {
    "x": 0.607535859781526,
    "y": -0.7388917159295207,
    "z": 0.29144332418199337
  },
  "D67": {
    "x": 0.5829459404493719,
    "y": -0.7906560155473892,
    "z": 0.18718198522380267
  },
  "D68": {
    "x": 0.5122057060237764,
    "y": -0.8121164629541006,
    "z": 0.2794855368630114
  }
}