{
  "D2": {
    "x": -0.08989652363748929,
    "y": 0.9916637655474174,
    "z": -0.09231246469578715
  },
  "D3": {
    "x": 0.0747236442376922,
    "y": -0.9603318452769755,
    "z": 0.2686617277149056
  },
  "D4": {
    "x": 0.028982294077949625,
    "y": -0.8792070296363006,
    "z": 0.47555759448051366
  },
  "D5": {
    "x": 0.0977792289354451,
    "y": -0.6456717693419349,
    "z": 0.7573289831134451
  },
  "D6": {
    "x": 0.0899978643587225,
    "y": -0.9202892634943182,
    "z": 0.38074670833502233
  },
  "D7": {
    "x": -0.08891958871965118,
    "y": -0.8386694503892335,
    "z": -0.5373330994139007
  },
  "D8": {
    "x": -0.3993477649063438,
    "y": -0.3302491902670901,
    "z": 0.8552524977994737
  },
  "D9": {
    "x": 0.031247263449017557,
    "y": -0.8564071432940101,
    "z": -0.5153546482199811
  },
  "D10": {
    "x": -0.22674783678810304,
    "y": 0.9684622144470972,
    "z": -0.10327806011026919
  },
  "D11": {
    "x": -0.09372616893946588,
    "y": 0.9952154645336094,
    "z": 0.02759681882179287
  },
  "D15": {
    "x": -0.42525824176543203,
    "y": 0.21290648557199,
    "z": -0.879673948808283
  },
  "D16": {
    "x": -0.3275793674228451,
    "y": 0.9438419509896048,
    "z": -0.04305960509555339
  },
  "D17": {
    "x": -0.13211675027549483,
    "y": 0.98122066223678,
    "z": 0.14053887823750935
  },
  "D18": {
    "x": 0.11376784403371787,
    "y": -0.8305709175896331,
    "z": 0.5451686239304632
  },
  "D19": {
    "x": 0.02690127869488359,
    "y": -0.9996133270243036,
    "z": 0.007036877147063345
  },
  "D20": {
    "x": -0.09222170799305637,
    "y": -0.9935580322965114,
    "z": -0.06586040566173032
  },
  "D21": {
    "x": -0.21174231360673273,
    "y": 0.9772033227141559,
    "z": 0.015455054347419115
  },
  "D22": {
    "x": -0.1900914797466779,
    "y": 0.9574822430729593,
    "z": -0.21700917844112738
  },
  "D23": {
    "x": 0.2166070350164944,
    "y": -0.24455632074110864,
    "z": 0.945131524374748
  },
  "D26": {
    "x": 0.13934524016013883,
    "y": 0.9588415411188244,
    "z": -0.24739806601829184
  },
  "D27": {
    "x": 0.037717931911893376,
    "y": 0.9498037661459275,
    "z": -0.3105642661790024
  },
  "D28": {
    "x": 0.4570671520284663,
    "y": -0.8724974465923856,
    "z": -0.17273628520480025
  },
  "D30": {
    "x": 0.018451015478051214,
    "y": -0.9934893028516913,
    "z": -0.11242137317738592
  },
  "D31": {
    "x": 0.10343161424894279,
    "y": -0.7599839400139706,
    "z": 0.6416590310240317
  },
  "D32": {
    "x": 0.1320464295238141,
    "y": -0.989989937749618,
    "z": -0.04983636829184244
  },
  "D34": {
    "x": 0.40811086377408595,
    "y": -0.905800433344408,
    "z": 0.11389072755344015
  },
  "D35": {
    "x": 0.12335116600658043,
    "y": -0.977939079210691,
    "z": -0.16858127771897732
  },
  "D36": {
    "x": -0.1805859578882702,
    "y": 0.9516597139916533,
    "z": 0.24846025955653478
  },
  "D37": {
    "x": -0.02036702543225523,
    "y": -0.988983454728067,
    "z": 0.1466182476678106
  },
  "D38": {
    "x": 0.7361592034142289,
    "y": -0.14866913397953666,
    "z": 0.6602780594797183
  },
  "D40": {
    "x": 0.41657570777310915,
    "y": 0.8694284591845449,
    "z": -0.26562912877416417
  },
  "D41": {
    "x": -0.07989930917486424,
    "y": 0.9611032030667559,
    "z": -0.2643799036390659
  },
  "D42": {
    "x": 0.44031638506328047,
    "y": 0.8175227985023444,
    "z": -0.3711845295452121
  },
  "D43": {
    "x": 0.7735840040672475,
    "y": -0.606600362454182,
    "z": -0.18331336263824247
  },
  "D45": {
    "x": 0.7256859134558558,
    "y": 0.35842978934166064,
    "z": 0.5872887204129099
  },
  "D47": {
    "x": 0.9969343626633338,
    "y": -0.06427318198451056,
    "z": 0.04461876980193801
  },
  "D48": {
    "x": -0.1735113958078669,
    "y": -0.8852732547369421,
    "z": -0.43149166848534537
  },
  "D49": {
    "x": 0.9890031201646866,
    "y": 0.10590874075696285,
    "z": 0.10322871178014796
  },
  "D50": {
    "x": 0.2115788616291882,
    "y": -0.9463953538304841,
    "z": -0.2440701119755751
  },
  "D51": {
    "x": -0.026681657944259776,
    "y": -0.9747186104835632,
    "z": -0.22183714636268023
  },
  "D52": {
    "x": 0.3561501254357776,
    "y": -0.6981572348027807,
    "z": 0.621074523422604
  },
  "D53": {
    "x": 0.07175017613231688,
    "y": -0.9072272657532691,
    "z": -0.41447629666704605
  },
  "D54": {
    "x": -0.1435216246155162,
    "y": -0.9702232729888892,
    "z": -0.1951111063431556
  },
  "D55": {
    "x": -0.054377513740500295,
    "y": -0.896987935128807,
    "z": -0.4386977663867927
  },
  "D56": {
    "x": 0.09335160821469145,
    "y": -0.9548727361498687,
    "z": -0.2819637122067203
  },
  "D57": {
    "x": -0.1311178449870361,
    "y": -0.93798753730749,
    "z": -0.3209166411730397
  },
  "D58": {
    "x": -0.012375796429236547,
    "y": -0.9417390250918364,
    "z": -0.3361167182420707
  },
  "D59": {
    "x": 0.8839084687761458,
    "y": -0.36023531451928176,
    "z": -0.298221959283691
  },
  "D60": {
    "x": 0.17787336977583423,
    "y": -0.9166958295881603,
    "z": -0.357812549165431
  },
  "D61": {
    "x": -0.23847180780901214,
    "y": -0.9335102842263977,
    "z": -0.2677494091942157
  }
}