{
  "D2": {
    "x": -0.49596551268713623,
    "y": -0.5802365208576644,
    "z": 0.6460215089979431
  },
  "D3": {
    "x": 0.7048212762201048,
    "y": 0.5460236050349376,
    "z": 0.4528633252230891
  },
  "D4": {
    "x": -0.16160811931428742,
    "y": -0.9755533977013848,
    "z": 0.14892408806161156
  },
  "D5": {
    "x": -0.5880970918304829,
    "y": -0.8049189261129159,
    "z": -0.07904007189874504
  },
  "D7": {
    "x": -0.3976279642127798,
    "y": -0.7098299836271191,
    "z": 0.5814063952347996
  },
  "D8": {
    "x": 0.17056827643674582,
    "y": 0.9765542927671609,
    "z": 0.1313323126706763
  },
  "D9": {
    "x": -0.46899650452914243,
    "y": -0.8743099502982076,
    "z": -0.12499755817211815
  },
  "D10": {
    "x": -0.7377326339609533,
    "y": -0.5477755673807883,
    "z": 0.3945788749663235
  },
  "D11": {
    "x": -0.25963314933597925,
    "y": -0.7623397289743105,
    "z": 0.5928142756321375
  },
  "D12": {
    "x": 0.8634939075625929,
    "y": 0.49138187986247545,
    "z": 0.11367550195668476
  },
  "D13": {
    "x": -0.7095204281593803,
    "y": -0.704527554026157,
    "z": -0.014889178703012495
  },
  "D15": {
    "x": -0.2864055411166409,
    "y": -0.937127397898556,
    "z": 0.19940939327314977
  },
  "D16": {
    "x": -0.8084988209054488,
    "y": -0.5191061882772703,
    "z": 0.2772335150856446
  },
  "D17": {
    "x": 0.8831627527699114,
    "y": 0.16777196592306742,
    "z": 0.43803666464142194
  },
  "D18": {
    "x": -0.05284945346589256,
    "y": -0.9346119588834174,
    "z": 0.3517206584499376
  },
  "D19": {
    "x": -0.6181556531993709,
    "y": -0.784031312528173,
    "z": 0.0563780932012511
  },
  "D20": {
    "x": -0.3266964620393193,
    "y": -0.8135244434778455,
    "z": 0.4810898061225714
  },
  "D21": {
    "x": 0.1589022367151033,
    "y": 0.9806335059234232,
    "z": -0.1144902014465543
  },
  "D22": {
    "x": 0.32527806000128984,
    "y": 0.9320743946724135,
    "z": 0.1594725884842016
  },
  "D23": {
    "x": 0.29554831680379035,
    "y": 0.9497672567800388,
    "z": -0.10292400294861334
  },
  "D26": {
    "x": 0.40056269177538817,
    "y": 0.9162049939668582,
    "z": 0.010859971816017562
  },
  "D27": {
    "x": 0.2703928977996006,
    "y": 0.9621410189592244,
    "z": 0.034239457583908235
  },
  "D28": {
    "x": -0.37210284988349107,
    "y": -0.9274397475656005,
    "z": -0.0373494811749712
  },
  "D30": {
    "x": -0.5341783345485129,
    "y": -0.6552359682685065,
    "z": 0.5341529114272522
  },
  "D31": {
    "x": -0.1906823236952457,
    "y": -0.8598126781834211,
    "z": 0.47366909321300915
  },
  "D32": {
    "x": -0.6245552609368714,
    "y": -0.5502214261030208,
    "z": 0.5542446285650718
  },
  "D33": {
    "x": -0.5137414210724579,
    "y": -0.8449105133066926,
    "z": 0.14898314259765394
  },
  "D34": {
    "x": -0.801278917844179,
    "y": -0.5816526997788524,
    "z": 0.14011506934813864
  },
  "D35": {
    "x": -0.27419453329835797,
    "y": -0.9596877080307095,
    "z": 0.061780749138055605
  },
  "D36": {
    "x": 0.8484055532947725,
    "y": 0.3034080021492775,
    "z": 0.4337644537884302
  },
  "D37": {
    "x": 0.5466691185549115,
    "y": -0.45563500354892844,
    "z": -0.7025308664815832
  },
  "D38": {
    "x": 0.9386451272714327,
    "y": 0.09639825016970467,
    "z": 0.33113849430988107
  },
  "D39": {
    "x": 0.7913614883513795,
    "y": 0.5330368800840207,
    "z": 0.2993637907706656
  },
  "D40": {
    "x": 0.9436465144663291,
    "y": 0.30040470782630474,
    "z": 0.13888220638851034
  },
  "D41": {
    "x": 0.743036376932088,
    "y": 0.4247340401089727,
    "z": 0.5172020279623291
  },
  "D42": {
    "x": 0.953304424016987,
    "y": 0.19378806619010902,
    "z": 0.23163950559422844
  },
  "D43": {
    "x": -0.462741153322601,
    "y": -0.7543017493091408,
    "z": 0.46572469980755715
  },
  "D45": {
    "x": 0.7856940410952953,
    "y": 0.2729129996917633,
    "z": 0.5551606689838432
  },
  "D47": {
    "x": 0.8775061741377445,
    "y": 0.41924778079266267,
    "z": 0.2328394568164213
  },
  "D48": {
    "x": -0.6170684286080942,
    "y": -0.7623808892872552,
    "z": 0.19494084760437352
  },
  "D49": {
    "x": 0.8106064012812324,
    "y": 0.4324632488472432,
    "z": 0.39483262352340787
  },
  "D50": {
    "x": -0.17552842605594335,
    "y": -0.9424030172858345,
    "z": 0.2847214861173607
  },
  "D51": {
    "x": -0.7312263210297901,
    "y": -0.6338054314666153,
    "z": 0.25218791104384086
  },
  "D52": {
    "x": 0.9032087487996112,
    "y": 0.3020305571640195,
    "z": 0.3049450747774638
  },
  "D53": {
    "x": -0.2757957946907425,
    "y": -0.8886740642823941,
    "z": 0.36632647611483526
  },
  "D54": {
    "x": -0.5266982832633662,
    "y": -0.7952989875360431,
    "z": 0.3001473618600824
  },
  "D55": {
    "x": -0.4097029067561812,
    "y": -0.8813545103117666,
    "z": 0.23528228864205217
  },
  "D56": {
    "x": -0.7134975797371496,
    "y": -0.6895528879881417,
    "z": 0.12424982244028909
  },
  "D57": {
    "x": -0.405765518600731,
    "y": -0.8366632830091885,
    "z": 0.3678979407104185
  },
  "D58": {
    "x": -0.5001437087643504,
    "y": -0.8658695779461132,
    "z": 0.011231410012125145
  },
  "D59": {
    "x": -0.6365417264111833,
    "y": -0.6324343857502859,
    "z": 0.44140840302165646
  },
  "D60": {
    "x": -0.4003589979954887,
    "y": -0.9110185944478978,
    "z": 0.09878154328732175
  },
  "D61": {
    "x": -0.6323145877987657,
    "y": -0.7047914029345637,
    "z": 0.32163230622312583
  }
}