{
  "D2": {
    "x": -0.5330885559018401,
    "y": -0.36622731324908897,
    "z": 0.7626887612891934
  },
  "D3": {
    "x": -0.03655163860420566,
    "y": -0.637220978694302,
    "z": 0.7698138749251168
  },
  "D4": {
    "x": -0.3201968524994256,
    "y": -0.570464703382898,
    "z": 0.7563359027864031
  },
  "D5": {
    "x": -0.17453964826287777,
    "y": 0.6661249803104093,
    "z": 0.725129934419155
  },
  "D7": {
    "x": 0.03402773217466488,
    "y": -0.8075537968641857,
    "z": 0.5888114966721409
  },
  "D8": {
    "x": -0.12215543875560407,
    "y": 0.940839291650635,
    "z": 0.31606878376194847
  },
  "D9": {
    "x": -0.1512289217766079,
    "y": -0.915732469334346,
    "z": 0.37224166589072993
  },
  "D10": {
    "x": -0.22472384840765033,
    "y": 0.13260012169655117,
    "z": 0.9653581717077426
  },
  "D11": {
    "x": -0.15306389452825642,
    "y": -0.10629544841458811,
    "z": 0.9824829371740684
  },
  "D12": {
    "x": -0.1485603270059792,
    "y": 0.3887343828299264,
    "z": 0.90929390674617
  },
  "D13": {
    "x": -0.30889426374288736,
    "y": -0.28674451565947656,
    "z": 0.906841726303963
  },
  "D15": {
    "x": -0.1649888256121733,
    "y": 0.8284380832188898,
    "z": 0.5352280165459652
  },
  "D16": {
    "x": -0.9518549818895272,
    "y": 0.15554822739669888,
    "z": 0.2641530662434811
  },
  "D17": {
    "x": -0.3870711580510817,
    "y": 0.29844434654901814,
    "z": 0.8724144030321394
  },
  "D18": {
    "x": -0.487688508902325,
    "y": -0.6462741572356522,
    "z": 0.586932391314344
  },
  "D19": {
    "x": -0.6884092950716554,
    "y": -0.5489180643997144,
    "z": 0.47411138041036066
  },
  "D20": {
    "x": -0.7395600607703264,
    "y": -0.595594050917725,
    "z": -0.3135580377295492
  },
  "D21": {
    "x": 0.1283102779428356,
    "y": 0.9412476204406989,
    "z": 0.3123930050256481
  },
  "D22": {
    "x": 0.020836126552298048,
    "y": 0.9954225897715837,
    "z": 0.09327230887423135
  },
  "D23": {
    "x": 0.022786705528457192,
    "y": 0.16052122829851093,
    "z": 0.9867693252815963
  },
  "D24": {
    "x": 0.15586533729011623,
    "y": -0.8446224272024428,
    "z": -0.51217082316166
  },
  "D25": {
    "x": -0.06670441264422272,
    "y": -0.9221136410761261,
    "z": -0.38112590344283687
  },
  "D26": {
    "x": -0.006351223167445324,
    "y": 0.9697161289805382,
    "z": -0.24415218852035286
  },
  "D27": {
    "x": 0.24150481686291025,
    "y": 0.9442698271663075,
    "z": -0.22367368404737314
  },
  "D28": {
    "x": -0.5824124980259014,
    "y": -0.7355889497055471,
    "z": 0.3459834955808147
  },
  "D29": {
    "x": -0.5611541298286896,
    "y": -0.6855723230347753,
    "z": -0.46378511453571647
  },
  "D30": {
    "x": -0.5856273798570798,
    "y": -0.7766130089814215,
    "z": -0.23219131388265593
  },
  "D31": {
    "x": 0.1016013283931033,
    "y": -0.9208321562956101,
    "z": 0.37649078342070214
  },
  "D32": {
    "x": -0.7607220431726982,
    "y": -0.6088034329211046,
    "z": 0.2250785487216266
  },
  "D33": {
    "x": -0.3779310561614705,
    "y": -0.8578841957078807,
    "z": -0.34814195889510047
  },
  "D34": {
    "x": 0.026390642258595675,
    "y": -0.9898886511179174,
    "z": -0.13936998381692237
  },
  "D35": {
    "x": -0.20659938383029308,
    "y": -0.7514400647791586,
    "z": 0.6266215154665828
  },
  "D36": {
    "x": -0.8415916305919334,
    "y": -0.3675444589173162,
    "z": 0.39577089084063277
  },
  "D37": {
    "x": 0.4579369094134266,
    "y": -0.8249739753665146,
    "z": -0.331227605982425
  },
  "D38": {
    "x": -0.10614279172133802,
    "y": -0.43254306773170526,
    "z": 0.8953436224840418
  },
  "D39": {
    "x": -0.8979383452388772,
    "y": -0.4130273821944286,
    "z": 0.1520365406975722
  },
  "D40": {
    "x": 0.9372512661107881,
    "y": 0.27177251728478896,
    "z": 0.21840275415482707
  },
  "D41": {
    "x": -0.20726943651169757,
    "y": 0.978254474835995,
    "z": -0.007587038386277587
  },
  "D42": {
    "x": 0.8665649981005821,
    "y": 0.48644090458643324,
    "z": 0.11153631880275955
  },
  "D43": {
    "x": 0.5953280479864491,
    "y": -0.7912548093763093,
    "z": 0.1396436247005377
  },
  "D45": {
    "x": 0.8882178282321597,
    "y": 0.1533800725717304,
    "z": 0.4330630934961286
  },
  "D47": {
    "x": 0.9369132929050298,
    "y": -0.21773814397727828,
    "z": 0.27346587032970715
  },
  "D48": {
    "x": 0.7392511672037861,
    "y": -0.6212360068094614,
    "z": 0.25994910200128507
  },
  "D49": {
    "x": 0.974148212925752,
    "y": 0.02458815707078556,
    "z": 0.22456776657709843
  },
  "D50": {
    "x": 0.3182914614694642,
    "y": -0.9138784940182922,
    "z": 0.2520250855103337
  },
  "D51": {
    "x": -0.45547084924986075,
    "y": -0.8888107573933536,
    "z": -0.05061366441450364
  },
  "D52": {
    "x": 0.47826354263914045,
    "y": -0.6565788519027735,
    "z": 0.5832393976887148
  },
  "D53": {
    "x": 0.19569584869794118,
    "y": -0.979662491537701,
    "z": 0.04432310319163312
  },
  "D54": {
    "x": -0.7578194944354996,
    "y": -0.6486999805944981,
    "z": -0.0699853486825747
  },
  "D55": {
    "x": -0.021137748825343788,
    "y": -0.9854645480899032,
    "z": 0.16856102762073816
  },
  "D56": {
    "x": -0.6237486720400661,
    "y": -0.7753729829969781,
    "z": 0.0986627151796582
  },
  "D57": {
    "x": -0.3680833983418692,
    "y": -0.8153358633492307,
    "z": 0.4469250964106462
  },
  "D58": {
    "x": -0.21738559898195642,
    "y": -0.9583893630151933,
    "z": -0.18502251272369044
  },
  "D59": {
    "x": 0.49733154745272856,
    "y": -0.7849179628072426,
    "z": 0.3695471872045602
  },
  "D60": {
    "x": -0.24693602200701098,
    "y": -0.9669812228140668,
    "z": 0.06300726752022344
  },
  "D61": {
    "x": -0.4268803524006163,
    "y": -0.8789848543026261,
    "z": 0.21250597789454528
  }
}