{
  "D2": {
    "x": 0.050323940854427096,
    "y": 0.29130053314535304,
    "z": 0.9553070189034064
  },
  "D3": {
    "x": -0.48286034631137825,
    "y": 0.4852191032010113,
    "z": 0.7289775770549204
  },
  "D4": {
    "x": -0.2997295071976479,
    "y": -0.017770710286490056,
    "z": 0.9538587025188631
  },
  "D5": {
    "x": -0.4597780606460474,
    "y": 0.05647804586795052,
    "z": 0.8862360663409594
  },
  "D6": {
    "x": 0.01596918431403021,
    "y": 0.5238317466111305,
    "z": 0.8516720533131735
  },
  "D7": {
    "x": 0.1326317120744972,
    "y": -0.6282161375362872,
    "z": 0.7666507115311225
  },
  "D8": {
    "x": -0.41989177962706425,
    "y": 0.6061117958494695,
    "z": 0.6755141629409023
  },
  "D9": {
    "x": 0.338556598403771,
    "y": -0.8117203731318233,
    "z": 0.47590909375636137
  },
  "D10": {
    "x": -0.09402340376841702,
    "y": 0.26522878627295665,
    "z": 0.9595901679758789
  },
  "D11": {
    "x": -0.5532088336053927,
    "y": 0.30942855542867453,
    "z": 0.7734429232375747
  },
  "D12": {
    "x": -0.06908490548699162,
    "y": 0.6194469461011841,
    "z": 0.7819928112200075
  },
  "D13": {
    "x": 0.20405873228188098,
    "y": 0.9639662621584825,
    "z": 0.17067243245385463
  },
  "D14": {
    "x": -0.21057912400268233,
    "y": -0.8888612895553972,
    "z": 0.40691773181342117
  },
  "D15": {
    "x": 0.2395038937040239,
    "y": -0.9252506223629476,
    "z": 0.2941924042486309
  },
  "D16": {
    "x": 0.32423580068093905,
    "y": 0.9368582850080401,
    "z": -0.13102556761405076
  },
  "D18": {
    "x": -0.23727334346667794,
    "y": -0.7047078359667402,
    "z": 0.6686465631461945
  },
  "D19": {
    "x": -0.019947711102290804,
    "y": 0.1500002422128594,
    "z": 0.9884847070935712
  },
  "D20": {
    "x": -0.35620854285437004,
    "y": 0.526825618421932,
    "z": 0.7717319753463087
  },
  "D21": {
    "x": 0.06026235720268419,
    "y": 0.9954964555070211,
    "z": -0.07317961039342755
  },
  "D22": {
    "x": 0.1205809002881122,
    "y": 0.9908480726110082,
    "z": 0.060665834608603614
  },
  "D23": {
    "x": -0.32072752890703465,
    "y": 0.3451145607789584,
    "z": 0.882059970829384
  },
  "D26": {
    "x": 0.19856311338966584,
    "y": 0.9765027508520477,
    "z": -0.08375600025900537
  },
  "D27": {
    "x": 0.25909599589138554,
    "y": 0.964940168979838,
    "z": 0.041949197873297185
  },
  "D28": {
    "x": -0.18214637846220086,
    "y": 0.36385743632814715,
    "z": 0.9134716540986989
  },
  "D30": {
    "x": 0.2731788198450969,
    "y": -0.6557754329274087,
    "z": 0.7037982054231952
  },
  "D31": {
    "x": -0.09060276753295624,
    "y": -0.9590610734655094,
    "z": 0.26831510557282046
  },
  "D32": {
    "x": 0.0178039212166944,
    "y": -0.7295577237570307,
    "z": 0.6836874637550188
  },
  "D34": {
    "x": -0.1154269017154283,
    "y": -0.8558598612296706,
    "z": 0.504163196094584
  },
  "D36": {
    "x": -0.5143170802902225,
    "y": 0.1780486646740299,
    "z": 0.8389139490612466
  },
  "D37": {
    "x": 0.21214064126563364,
    "y": -0.8666942158743788,
    "z": 0.45148364809071595
  },
  "D38": {
    "x": -0.28500921597498896,
    "y": 0.6529580726144483,
    "z": 0.7017232376207496
  },
  "D40": {
    "x": -0.3158311806037632,
    "y": 0.12071323839941768,
    "z": 0.9411051904189874
  },
  "D41": {
    "x": -0.2563717152480519,
    "y": 0.4645767667478592,
    "z": 0.8476095630765837
  },
  "D42": {
    "x": -0.16078209547077235,
    "y": 0.13338886463847377,
    "z": 0.9779348283840219
  },
  "D43": {
    "x": -0.4399376838517169,
    "y": 0.3816217918604338,
    "z": 0.8129081389089536
  },
  "D45": {
    "x": -0.04304588864876249,
    "y": 0.38947120775508204,
    "z": 0.9200321895456899
  },
  "D47": {
    "x": -0.24271867043811332,
    "y": 0.24032874651000194,
    "z": 0.9398562340175682
  },
  "D48": {
    "x": -0.005272397733320309,
    "y": -0.6161984888152223,
    "z": 0.7875732500561318
  },
  "D49": {
    "x": -0.20323831415636223,
    "y": 0.580006579769245,
    "z": 0.7888514150860493
  },
  "D50": {
    "x": 0.1100322136014724,
    "y": -0.9313495144141593,
    "z": 0.3471037222077428
  },
  "D51": {
    "x": -0.10908712831965658,
    "y": -0.6833472886938208,
    "z": 0.7218978331244491
  },
  "D52": {
    "x": -0.3935462001366605,
    "y": 0.2258876192023354,
    "z": 0.8911207392093938
  },
  "D53": {
    "x": 0.27083110174594355,
    "y": -0.7621886905617833,
    "z": 0.587978668241283
  },
  "D54": {
    "x": -0.24424401206743732,
    "y": -0.8096531708714451,
    "z": 0.5336727512877311
  },
  "D55": {
    "x": 0.1436599981867644,
    "y": -0.8146157070875056,
    "z": 0.5619279799825794
  },
  "D56": {
    "x": -0.051093784434752605,
    "y": -0.91689944567955,
    "z": 0.3958343488186305
  },
  "D57": {
    "x": 0.15703738584658689,
    "y": -0.7260219757349418,
    "z": 0.6695008216547623
  },
  "D58": {
    "x": 0.0628037177262093,
    "y": -0.8810131748731931,
    "z": 0.46890455184357427
  },
  "D59": {
    "x": -0.1198054359841128,
    "y": 0.49149655387176994,
    "z": 0.8625994406680491
  },
  "D60": {
    "x": -0.1275789368058833,
    "y": -0.775585312553445,
    "z": 0.6182160122763366
  },
  "D61": {
    "x": -0.0007151655433957273,
    "y": -0.8173147118874418,
    "z": 0.5761910709743718
  }
}