{
  "D2": {
    "x": 0.823359134957542,
    "y": -0.4445841828380057,
    "z": 0.35273876913692226
  },
  "D4": {
    "x": 0.4228519879529393,
    "y": -0.9024186584415318,
    "z": 0.08268470947420191
  },
  "D5": {
    "x": 0.8456960690329985,
    "y": -0.5285365699296236,
    "z": 0.07380550839308356
  },
  "D7": {
    "x": 0.5582249176276044,
    "y": -0.28753342144887445,
    "z": 0.7782733921248743
  },
  "D8": {
    "x": 0.2216216616261195,
    "y": 0.9444595316896301,
    "z": -0.24265208035102978
  },
  "D9": {
    "x": 0.5276935664158721,
    "y": -0.40365037242852464,
    "z": 0.74739940915257
  },
  "D10": {
    "x": 0.8435901374214688,
    "y": -0.4802489628781381,
    "z": 0.24024282236874445
  },
  "D11": {
    "x": 0.8911528536728685,
    "y": -0.34691733138627917,
    "z": 0.2923952061414922
  },
  "D12": {
    "x": 0.3878533720451098,
    "y": -0.821497703871893,
    "z": 0.41798478958742663
  },
  "D13": {
    "x": 0.856281144506465,
    "y": 0.5154465966518298,
    "z": -0.03312714238723981
  },
  "D15": {
    "x": 0.8606632656452352,
    "y": -0.00396698027954436,
    "z": 0.5091591168155012
  },
  "D16": {
    "x": 0.5029692498983971,
    "y": -0.8643022442781692,
    "z": 0.001887906873786732
  },
  "D17": {
    "x": 0.6699635226448772,
    "y": -0.24037803281783984,
    "z": 0.7024010817644663
  },
  "D18": {
    "x": 0.6732576067945577,
    "y": -0.7154268650524754,
    "z": 0.18678489139770327
  },
  "D19": {
    "x": 0.37252476285135516,
    "y": -0.9078977969034463,
    "z": 0.19221574191623844
  },
  "D20": {
    "x": 0.40666682258418446,
    "y": -0.8605212487409598,
    "z": 0.30679842873551777
  },
  "D21": {
    "x": 0.19035044453973424,
    "y": 0.8972895842929688,
    "z": -0.39829399968224083
  },
  "D22": {
    "x": -0.00765874501807136,
    "y": 0.9458554809856503,
    "z": -0.32449769292577796
  },
  "D23": {
    "x": 0.6529607234053222,
    "y": -0.7160998865156653,
    "z": -0.24666423782593588
  },
  "D26": {
    "x": 0.24673696446507754,
    "y": 0.9607967253463633,
    "z": -0.12645363945044802
  },
  "D27": {
    "x": -0.024639211642269003,
    "y": 0.9773972639669409,
    "z": -0.20997023036512977
  },
  "D28": {
    "x": 0.56111122540038,
    "y": -0.7841991581838964,
    "z": 0.2649261652486445
  },
  "D30": {
    "x": 0.4899287554323536,
    "y": -0.7936909033305145,
    "z": 0.36058919086808033
  },
  "D31": {
    "x": 0.6222644215856282,
    "y": -0.34945271948170487,
    "z": 0.7004782555337066
  },
  "D32": {
    "x": 0.40646619302110143,
    "y": -0.7549422399742249,
    "z": 0.5146333143449157
  },
  "D33": {
    "x": 0.6761436941247191,
    "y": -0.6305345008404198,
    "z": 0.3811245834963954
  },
  "D34": {
    "x": 0.727414873275654,
    "y": -0.6285463027351345,
    "z": 0.27531281745563024
  },
  "D35": {
    "x": 0.5098918328363933,
    "y": -0.7282476279231737,
    "z": 0.457892685277909
  },
  "D36": {
    "x": -0.3254026579952593,
    "y": -0.704815287038204,
    "z": -0.6303558687970426
  },
  "D37": {
    "x": 0.5752217497685936,
    "y": -0.7473379843288994,
    "z": -0.33257461684917433
  },
  "D38": {
    "x": 0.8010173806320787,
    "y": -0.2809120251743282,
    "z": 0.5286393761703542
  },
  "D40": {
    "x": -0.5208290968230439,
    "y": 0.8535660160695121,
    "z": 0.012732168460793497
  },
  "D41": {
    "x": -0.8227361268129921,
    "y": 0.291302803564727,
    "z": -0.4881064866113606
  },
  "D42": {
    "x": -0.47898576932946585,
    "y": 0.8690011893811024,
    "z": 0.12413527151494583
  },
  "D43": {
    "x": 0.5968445726215326,
    "y": -0.7163231597179915,
    "z": 0.3614660246604833
  },
  "D45": {
    "x": -0.6175492263469562,
    "y": 0.6054340517204674,
    "z": -0.502078242961806
  },
  "D47": {
    "x": -0.4631103891280408,
    "y": 0.456404117864848,
    "z": 0.7597526233437331
  },
  "D48": {
    "x": 0.4509037737947452,
    "y": -0.35096371265141774,
    "z": 0.8206767080766885
  },
  "D49": {
    "x": -0.6026224925131773,
    "y": 0.5378593990687834,
    "z": 0.5895365962775956
  },
  "D50": {
    "x": 0.5784297770510997,
    "y": -0.6421046131658646,
    "z": 0.5031109805716136
  },
  "D51": {
    "x": 0.31638295263422656,
    "y": -0.6984907044654785,
    "z": 0.6418820476207201
  },
  "D52": {
    "x": 0.3699035434171903,
    "y": -0.564536702162193,
    "z": 0.737881887892122
  },
  "D53": {
    "x": 0.7243914529300503,
    "y": -0.3058203036520904,
    "z": 0.6178438029114106
  },
  "D54": {
    "x": 0.4293865057899098,
    "y": -0.46658879003074233,
    "z": 0.77325424645661
  },
  "D56": {
    "x": 0.7578182590236254,
    "y": -0.5448928780386355,
    "z": 0.35889167969343355
  },
  "D57": {
    "x": 0.4800925377888148,
    "y": -0.6747945056555431,
    "z": 0.5605029262158999
  },
  "D58": {
    "x": 0.8213935136103906,
    "y": -0.3628853001658895,
    "z": 0.44003062930015374
  },
  "D59": {
    "x": 0.41615292003834115,
    "y": -0.6336947031307891,
    "z": 0.6521102440289854
  },
  "D60": {
    "x": 0.7517064477097462,
    "y": -0.3889110203487108,
    "z": 0.5326214741473715
  },
  "D61": {
    "x": 0.47800065777231887,
    "y": -0.5400566978551817,
    "z": 0.6927150455064386
  },
  "D62": {
    "x": 0.6715384929432133,
    "y": -0.4123337771598117,
    "z": 0.6156434915668975
  },
  "D63": {
    "x": -0.7163727462618183,
    "y": 0.2860744180313704,
    "z": 0.6363737233429057
  },
  "D64": {
    "x": 0.574426001076953,
    "y": -0.47521743382407555,
    "z": 0.6664856786731437
  },
  "D65": {
    "x": 0.745823869048561,
    "y": -0.4821513758452632,
    "z": 0.4596485691568664
  },
  "D66": {
    "x": 0.5432667597667012,
    "y": -0.5840625368952858,
    "z": 0.6031021312580749
  },
  "D67": {
    "x": 0.668244313030872,
    "y": -0.5694668285993774,
    "z": 0.4787035295742716
  },
  "D68": {
    "x": 0.6352829060038098,
    "y": -0.5152258921014066,
    "z": 0.5752894136412249
  }
}