{
  "D2": {
    "x": 0.46157155927307664,
    "y": 0.8025208553164561,
    "z": 0.37803699878763763
  },
  "D3": {
    "x": 0.10507638308231369,
    "y": -0.9244393481438888,
    "z": 0.36656629048732914
  },
  "D4": {
    "x": 0.07296981605027188,
    "y": -0.47482801635439076,
    "z": 0.8770483229734517
  },
  "D5": {
    "x": 0.17626708669617527,
    "y": -0.11419357508227623,
    "z": 0.9776961396863403
  },
  "D6": {
    "x": 0.08926959897615207,
    "y": -0.6768494129616075,
    "z": 0.7306885867947881
  },
  "D7": {
    "x": -0.3414335467089391,
    "y": -0.3903865022363282,
    "z": -0.8549979602627364
  },
  "D8": {
    "x": 0.23707831475992713,
    "y": 0.4747598449008325,
    "z": 0.8475830120645002
  },
  "D9": {
    "x": -0.017780389719737128,
    "y": -0.7003396026412855,
    "z": -0.7135883257969267
  },
  "D10": {
    "x": 0.26732114768082316,
    "y": 0.9461428491166118,
    "z": 0.18262834683615703
  },
  "D11": {
    "x": 0.19198419217626903,
    "y": 0.8885845328013309,
    "z": 0.416604846372034
  },
  "D15": {
    "x": 0.10355903989888575,
    "y": 0.40827023632644766,
    "z": -0.9069679924810841
  },
  "D16": {
    "x": 0.16625159548218607,
    "y": 0.9578870890678584,
    "z": -0.2341211899780381
  },
  "D17": {
    "x": -0.24148730727204779,
    "y": -0.6000870267501163,
    "z": -0.7626135592504899
  },
  "D18": {
    "x": 0.2151214698666242,
    "y": -0.8032120661853824,
    "z": 0.5554935912651305
  },
  "D19": {
    "x": 0.053896811158644954,
    "y": -0.9983991309173512,
    "z": -0.01715544025687486
  },
  "D20": {
    "x": 0.2960550721750784,
    "y": -0.5420847993220179,
    "z": 0.7864448261533781
  },
  "D21": {
    "x": 0.02090401580258487,
    "y": 0.9706104192170909,
    "z": 0.23974660838174236
  },
  "D22": {
    "x": 0.08877651659192368,
    "y": 0.9960514513726031,
    "z": 0.0004861278997718689
  },
  "D23": {
    "x": -0.024852024653893162,
    "y": -0.26211957724590923,
    "z": 0.9647153487402531
  },
  "D26": {
    "x": 0.6908261869205158,
    "y": 0.7191831779222052,
    "z": -0.07439580672711618
  },
  "D27": {
    "x": 0.5290961744585518,
    "y": 0.8139746608128869,
    "z": -0.23979676755092327
  },
  "D28": {
    "x": 0.6538732673543597,
    "y": -0.2709332780467882,
    "z": 0.7064311071053962
  },
  "D30": {
    "x": 0.4807908626335838,
    "y": -0.839148523099672,
    "z": -0.25430277738887036
  },
  "D31": {
    "x": -0.037176839390639954,
    "y": -0.9680493285300462,
    "z": -0.2479886693892471
  },
  "D32": {
    "x": 0.14342722896196852,
    "y": -0.8935731195993892,
    "z": -0.4253888925697366
  },
  "D34": {
    "x": 0.3158206972451374,
    "y": -0.9481983292080376,
    "z": 0.03431057677569531
  },
  "D35": {
    "x": -0.03551525361457436,
    "y": -0.5015363178842076,
    "z": -0.8644073048070819
  },
  "D36": {
    "x": -0.1464731955015893,
    "y": 0.6760420723204754,
    "z": 0.7221583756020491
  },
  "D37": {
    "x": -0.1806598695928755,
    "y": -0.951807028783036,
    "z": 0.24784146440394922
  },
  "D38": {
    "x": 0.5711188800931565,
    "y": 0.1409759811910925,
    "z": 0.8086711306386222
  },
  "D40": {
    "x": 0.871815907255551,
    "y": 0.4898328326857545,
    "z": -0.0009054718274038443
  },
  "D41": {
    "x": 0.1935596018544661,
    "y": 0.6009312884450133,
    "z": -0.7755103268801499
  },
  "D42": {
    "x": 0.8163022437281697,
    "y": 0.5243945404410895,
    "z": -0.24220035681215338
  },
  "D43": {
    "x": 0.9290998967055923,
    "y": -0.35804741794477024,
    "z": -0.09260360924251691
  },
  "D45": {
    "x": 0.7062498071946135,
    "y": 0.27954285588560746,
    "z": 0.6504360088132345
  },
  "D47": {
    "x": 0.9832216235297339,
    "y": 0.007161647856363527,
    "z": 0.1822743806011586
  },
  "D48": {
    "x": 0.2580928662880648,
    "y": -0.9432695567255834,
    "z": -0.20887942868059622
  },
  "D49": {
    "x": 0.9253030866464497,
    "y": 0.21078239244680605,
    "z": 0.3152538356260769
  },
  "D50": {
    "x": 0.6293826356415952,
    "y": -0.6638055389198059,
    "z": -0.4040293361282383
  },
  "D51": {
    "x": -0.5337826563446209,
    "y": -0.6787775570278585,
    "z": -0.5043184548090349
  },
  "D52": {
    "x": 0.5110494984841407,
    "y": -0.5515965753668537,
    "z": 0.6592189531124446
  },
  "D53": {
    "x": 0.41733297669803954,
    "y": -0.768211222940789,
    "z": -0.48547368982074723
  },
  "D54": {
    "x": -0.2578992694769192,
    "y": -0.8996302130738968,
    "z": -0.35235414929852404
  },
  "D55": {
    "x": 0.41592681528481484,
    "y": -0.605077439574663,
    "z": -0.6788859819180255
  },
  "D56": {
    "x": -0.3076776644440027,
    "y": -0.7555401508656988,
    "z": -0.5783541607286323
  },
  "D57": {
    "x": 0.20868223681392145,
    "y": -0.7543032927590032,
    "z": -0.622477522944615
  },
  "D58": {
    "x": -0.08233397446930671,
    "y": -0.8484582996304514,
    "z": -0.5228189270065601
  },
  "D59": {
    "x": 0.9917949995009534,
    "y": -0.1242070040917245,
    "z": -0.030253910482152244
  },
  "D60": {
    "x": 0.19345562562025567,
    "y": -0.5743930199497185,
    "z": -0.7953914630852644
  },
  "D61": {
    "x": -0.24728183877623197,
    "y": -0.9626049507899478,
    "z": -0.11064990251296247
  }
}