{
  "D2": {
    "x": -0.48112522146813713,
    "y": 0.7717763302549425,
    "z": -0.4157881880542664
  },
  "D3": {
    "x": -0.6138565753345299,
    "y": -0.4011990839788216,
    "z": 0.6798671928642515
  },
  "D4": {
    "x": -0.08650275175258115,
    "y": -0.37262789271406327,
    "z": -0.9239403268126724
  },
  "D5": {
    "x": -0.11536118556780439,
    "y": -0.12990094601741484,
    "z": -0.984793146345044
  },
  "D6": {
    "x": 0.6080419346580374,
    "y": 0.7617614420035809,
    "z": -0.2236168848140419
  },
  "D7": {
    "x": -0.031922431420730715,
    "y": -0.9638273381931665,
    "z": -0.2646088065875061
  },
  "D8": {
    "x": -0.291866333121073,
    "y": 0.9022280285334703,
    "z": -0.317487996811008
  },
  "D9": {
    "x": -0.42183899679708087,
    "y": -0.8980103427729076,
    "z": -0.1250171390414827
  },
  "D10": {
    "x": -0.46179467772837574,
    "y": 0.8773002891730417,
    "z": -0.13072826105568383
  },
  "D11": {
    "x": 0.05843242731333443,
    "y": 0.9954802280358516,
    "z": -0.0748649920053485
  },
  "D12": {
    "x": 0.4404423125529767,
    "y": 0.7825437992240988,
    "z": -0.4400406476780289
  },
  "D13": {
    "x": -0.7820617861791113,
    "y": -0.02440357838523746,
    "z": 0.6227229142727397
  },
  "D14": {
    "x": -0.5376969068278893,
    "y": -0.7825533753922704,
    "z": -0.31383475118266374
  },
  "D15": {
    "x": -0.6833417279350226,
    "y": 0.6377525449602939,
    "z": -0.3554093052516294
  },
  "D16": {
    "x": -0.24710156126053012,
    "y": 0.9681457016217081,
    "z": -0.040431656582670804
  },
  "D18": {
    "x": -0.07585178196445586,
    "y": -0.5911260548328413,
    "z": -0.8030046665310092
  },
  "D19": {
    "x": 0.15491767134055368,
    "y": -0.5065588775540489,
    "z": -0.8481736960538226
  },
  "D20": {
    "x": -0.3522327312694245,
    "y": -0.17568772762051627,
    "z": -0.9192746735258296
  },
  "D21": {
    "x": -0.414576180113845,
    "y": 0.8980849717024355,
    "z": 0.14686720016548463
  },
  "D22": {
    "x": -0.17881732076235785,
    "y": 0.9633375091595333,
    "z": 0.20001302268022003
  },
  "D23": {
    "x": -0.19119708248499392,
    "y": -0.9788665958480605,
    "z": -0.07255248570556612
  },
  "D26": {
    "x": -0.11143470477946904,
    "y": 0.849628930513425,
    "z": -0.5154735560679387
  },
  "D27": {
    "x": -0.04805448808990331,
    "y": 0.9536226602091566,
    "z": -0.29714405279262934
  },
  "D28": {
    "x": 0.1360542255946811,
    "y": -0.2631976729166532,
    "z": -0.9551001165684623
  },
  "D30": {
    "x": -0.6687785562409151,
    "y": -0.6046048677092584,
    "z": -0.43265251259479254
  },
  "D31": {
    "x": -0.7225942880210406,
    "y": -0.6630267443831165,
    "z": -0.19558382129432564
  },
  "D32": {
    "x": 0.09147996686319014,
    "y": -0.7288712726624306,
    "z": -0.6785116679543237
  },
  "D34": {
    "x": -0.7201401026626125,
    "y": -0.18320830356734008,
    "z": -0.6692032202859302
  },
  "D36": {
    "x": -0.7628469934165992,
    "y": 0.061752984218256354,
    "z": -0.6436233631366989
  },
  "D37": {
    "x": -0.32198983358061867,
    "y": -0.41429696569402485,
    "z": -0.8512817226320846
  },
  "D38": {
    "x": -0.6183450786914956,
    "y": 0.07702596813120295,
    "z": 0.7821229851445737
  },
  "D40": {
    "x": -0.5329169610876797,
    "y": 0.4139681176712746,
    "z": 0.7379904539604658
  },
  "D41": {
    "x": -0.8533973130180916,
    "y": 0.22842726988018733,
    "z": 0.46854456405830336
  },
  "D42": {
    "x": -0.3566351580822127,
    "y": 0.5906699078628938,
    "z": 0.7238234756934289
  },
  "D43": {
    "x": -0.6012954792750922,
    "y": -0.17254996540957462,
    "z": 0.7801732218171116
  },
  "D45": {
    "x": -0.09705266609897831,
    "y": 0.4808336672169577,
    "z": 0.8714239866297993
  },
  "D47": {
    "x": -0.4057186708408662,
    "y": 0.12139564362824544,
    "z": 0.9059003575665511
  },
  "D48": {
    "x": 0.24597132999439064,
    "y": -0.8393165701450439,
    "z": -0.48481522243092784
  },
  "D49": {
    "x": -0.2055031344614739,
    "y": 0.2667899035993492,
    "z": 0.9415899367898742
  },
  "D50": {
    "x": -0.6173722542762227,
    "y": -0.7866521534748324,
    "z": -0.00546709093612188
  },
  "D51": {
    "x": -0.7503410249390944,
    "y": -0.3907683824891,
    "z": -0.533187038045939
  },
  "D52": {
    "x": -0.4347074346414758,
    "y": -0.8238111494818057,
    "z": 0.3638195105500707
  },
  "D53": {
    "x": -0.2735305661734148,
    "y": -0.904536266435029,
    "z": -0.3271011648903586
  },
  "D54": {
    "x": -0.5337648588425048,
    "y": -0.2952995646055698,
    "z": -0.792397149545985
  },
  "D55": {
    "x": -0.0020497475887018804,
    "y": -0.8693900268170086,
    "z": -0.49412223164511
  },
  "D56": {
    "x": -0.5618978668201374,
    "y": -0.5035918590083013,
    "z": -0.6562514966105161
  },
  "D57": {
    "x": -0.23475748301086488,
    "y": -0.7994768518650127,
    "z": -0.5529246671133526
  },
  "D58": {
    "x": -0.30812450563270694,
    "y": -0.6248230857205538,
    "z": -0.7173948707505828
  },
  "D59": {
    "x": -0.249114879387526,
    "y": -0.06385717879043752,
    "z": 0.9663664095904123
  },
  "D60": {
    "x": -0.4648938914602388,
    "y": -0.7024145526036752,
    "z": -0.5389688914710518
  },
  "D61": {
    "x": -0.8314052373042261,
    "y": -0.46549126220318915,
    "z": -0.3034521645920249
  }
}