{
  "D2": {
    "x": -0.4775459296947938,
    "y": 0.03131375088668402,
    "z": 0.87804859434848
  },
  "D3": {
    "x": -0.23634851533097115,
    "y": -0.38321507577934416,
    "z": 0.8929084975495962
  },
  "D4": {
    "x": 0.05712737065509817,
    "y": -0.38998532668971536,
    "z": 0.9190472830538975
  },
  "D5": {
    "x": -0.16837979580041862,
    "y": 0.044794361901457504,
    "z": 0.9847038689413435
  },
  "D6": {
    "x": 0.20371814608198072,
    "y": -0.10377469738492721,
    "z": 0.9735141134773484
  },
  "D7": {
    "x": -0.8565019114419172,
    "y": -0.4568720628817462,
    "z": 0.24015077317077352
  },
  "D8": {
    "x": -0.23896137814271584,
    "y": 0.5093351512054229,
    "z": 0.826725567224507
  },
  "D9": {
    "x": -0.7735294611966538,
    "y": -0.6335535471805884,
    "z": 0.01618874657620893
  },
  "D10": {
    "x": -0.20180538700748724,
    "y": 0.2876974367823559,
    "z": 0.9362183349217321
  },
  "D11": {
    "x": -0.03755048615123012,
    "y": -0.1682346882658104,
    "z": 0.9850314972902705
  },
  "D12": {
    "x": 0.19981065062659167,
    "y": 0.38648559415589134,
    "z": 0.9003913534714478
  },
  "D13": {
    "x": -0.31656040642722544,
    "y": -0.15066780166897834,
    "z": 0.9365301504078059
  },
  "D15": {
    "x": -0.3266799441543301,
    "y": 0.7121848873511102,
    "z": 0.6213476485157166
  },
  "D16": {
    "x": -0.7235845117745956,
    "y": 0.41220837346656247,
    "z": 0.5536331918915005
  },
  "D17": {
    "x": -0.08768448500130606,
    "y": 0.7139557084561997,
    "z": 0.6946788304337925
  },
  "D18": {
    "x": -0.27356242896447874,
    "y": -0.5907901752966808,
    "z": 0.7590326516244027
  },
  "D19": {
    "x": -0.02583425725051915,
    "y": -0.5953252665420266,
    "z": 0.8030693731982181
  },
  "D20": {
    "x": -0.14116917034980017,
    "y": -0.7611856266288837,
    "z": 0.632983180784721
  },
  "D21": {
    "x": -0.05266872845617421,
    "y": 0.8701671622633306,
    "z": 0.4899337860990937
  },
  "D22": {
    "x": -0.10881568415140627,
    "y": 0.9869252231239614,
    "z": 0.11890227434486142
  },
  "D23": {
    "x": 0.00907015923762039,
    "y": 0.5376137343013201,
    "z": 0.8431424582488976
  },
  "D24": {
    "x": 0.18731433760821906,
    "y": -0.9698808164408205,
    "z": -0.15570658568757414
  },
  "D25": {
    "x": -0.28181616528124154,
    "y": -0.8760121964083258,
    "z": -0.39138507985108095
  },
  "D26": {
    "x": 0.07623555846847746,
    "y": 0.9532252910988609,
    "z": 0.29248877591198497
  },
  "D27": {
    "x": 0.16717931499177183,
    "y": 0.9839964967499714,
    "z": 0.06166012506203349
  },
  "D28": {
    "x": 0.1163095577629172,
    "y": -0.9702019912293364,
    "z": 0.21255630545252094
  },
  "D29": {
    "x": -0.11868542525771472,
    "y": -0.9670450962794175,
    "z": -0.22524997578984923
  },
  "D30": {
    "x": -0.6466623021971188,
    "y": -0.5819402313762668,
    "z": 0.4931261846858865
  },
  "D31": {
    "x": -0.25524706723776547,
    "y": -0.9668423040850898,
    "z": 0.008055662477700103
  },
  "D32": {
    "x": -0.43751268263038423,
    "y": -0.6772528176589049,
    "z": 0.5915329859869515
  },
  "D33": {
    "x": -0.7662786164052868,
    "y": -0.5918290093546701,
    "z": -0.25011098681639105
  },
  "D34": {
    "x": 0.20885154789914803,
    "y": -0.8800157122129972,
    "z": 0.4265599338878196
  },
  "D35": {
    "x": -0.708459694122953,
    "y": -0.65757092794238,
    "z": 0.2562915069373334
  },
  "D36": {
    "x": -0.8562258768449134,
    "y": -0.2907847014968687,
    "z": 0.4269912237933428
  },
  "D37": {
    "x": 0.4460999659553191,
    "y": -0.8448393748240121,
    "z": -0.2953662999084961
  },
  "D38": {
    "x": 0.3988979525182898,
    "y": -0.2336646242987996,
    "z": 0.8867250232332553
  },
  "D39": {
    "x": 0.21799445492821518,
    "y": 0.14567029880703697,
    "z": 0.9650173996700883
  },
  "D40": {
    "x": 0.8092731642175097,
    "y": 0.31827081466462714,
    "z": -0.49374146494911086
  },
  "D41": {
    "x": -0.09865117308918386,
    "y": 0.977803928650792,
    "z": -0.18484432142536777
  },
  "D42": {
    "x": 0.6553583487950165,
    "y": 0.3063893099850405,
    "z": -0.6903846937697564
  },
  "D43": {
    "x": 0.5741620346657161,
    "y": -0.7823355485781046,
    "z": 0.2414312477280463
  },
  "D45": {
    "x": 0.7048166893468837,
    "y": 0.17112650722754888,
    "z": 0.6884396509079052
  },
  "D47": {
    "x": 0.9677414002712473,
    "y": -0.17885488872025856,
    "z": 0.177447206182316
  },
  "D48": {
    "x": 0.3573460050196988,
    "y": -0.9059237187130927,
    "z": 0.22716964711312704
  },
  "D49": {
    "x": 0.9947718717504079,
    "y": 0.052797832404131904,
    "z": 0.08741459870991374
  },
  "D50": {
    "x": -0.007775718430025259,
    "y": -0.9999668941508348,
    "z": -0.0023976666219355275
  },
  "D51": {
    "x": -0.0399074451229904,
    "y": -0.89370818279363,
    "z": 0.44687031657010245
  },
  "D52": {
    "x": 0.2103068372878559,
    "y": -0.7428551635579745,
    "z": 0.6355605715942692
  },
  "D53": {
    "x": -0.5144617341486408,
    "y": -0.775442881059329,
    "z": -0.36608395527690174
  },
  "D54": {
    "x": -0.5182489193656589,
    "y": -0.7692424902225019,
    "z": 0.37374329266571565
  },
  "D55": {
    "x": -0.6275345830809832,
    "y": -0.7664110000343584,
    "z": -0.13716605288376288
  },
  "D56": {
    "x": -0.2891817822956587,
    "y": -0.8458510457323728,
    "z": 0.4482297460251359
  },
  "D57": {
    "x": -0.41497407704326367,
    "y": -0.8938677364138343,
    "z": -0.1696967447551652
  },
  "D58": {
    "x": -0.5776405055090782,
    "y": -0.8096459744515476,
    "z": 0.10394634408973027
  },
  "D59": {
    "x": 0.4295264241436938,
    "y": -0.9029724875485589,
    "z": -0.012154739515890228
  },
  "D60": {
    "x": -0.13316922751213872,
    "y": -0.964937125120936,
    "z": 0.2261908517318141
  },
  "D61": {
    "x": -0.3747103932211909,
    "y": -0.9012644856300511,
    "z": 0.21751884551463585
  }
}