{
  "D2": {
    "x": 0.4224041340956982,
    "y": -0.7511852434278511,
    "z": 0.5072430162704099
  },
  "D3": {
    "x": -0.06114723316773123,
    "y": -0.5671710348282687,
    "z": 0.821326995250833
  },
  "D4": {
    "x": 0.002218250441519855,
    "y": -0.7488471287743255,
    "z": 0.6627390565610476
  },
  "D5": {
    "x": -0.007811066620068449,
    "y": 0.5605871017770739,
    "z": 0.8280586262816403
  },
  "D7": {
    "x": -0.5171825280070497,
    "y": -0.6975298573946308,
    "z": 0.4959579929462409
  },
  "D8": {
    "x": 0.02005249073401007,
    "y": 0.9946732752853809,
    "z": 0.10110871895348823
  },
  "D9": {
    "x": 0.18729895205189898,
    "y": -0.8347740423315875,
    "z": 0.5177561209774747
  },
  "D10": {
    "x": 0.3010063501420702,
    "y": 0.5117559055100743,
    "z": 0.8046745120542302
  },
  "D11": {
    "x": 0.31183187235655374,
    "y": -0.05851330848121261,
    "z": 0.9483338421216383
  },
  "D12": {
    "x": -0.8977774987220138,
    "y": -0.34991543572628586,
    "z": -0.2674971974225672
  },
  "D13": {
    "x": 0.46737363472664484,
    "y": 0.12312721360011557,
    "z": 0.8754436445788367
  },
  "D15": {
    "x": 0.1884437651380339,
    "y": 0.8763439986184259,
    "z": 0.44329464633138754
  },
  "D16": {
    "x": -0.974597709266688,
    "y": 0.16826060622593117,
    "z": 0.14780958522574358
  },
  "D17": {
    "x": -0.03869833255941429,
    "y": 0.01361095213593942,
    "z": 0.9991582362364202
  },
  "D18": {
    "x": -0.14022480966752707,
    "y": -0.8316747048124706,
    "z": -0.5372654726750975
  },
  "D19": {
    "x": -0.6649836459380011,
    "y": -0.6889230682167634,
    "z": 0.2884124766957978
  },
  "D20": {
    "x": -0.5435920942711793,
    "y": -0.7542841049708588,
    "z": -0.36818897869733086
  },
  "D21": {
    "x": 0.3593821673547312,
    "y": 0.895686814502562,
    "z": 0.261896139936558
  },
  "D22": {
    "x": 0.2611822339648096,
    "y": 0.9643541010595593,
    "z": 0.04248539079214127
  },
  "D23": {
    "x": 0.49820552854404393,
    "y": 0.7399821776417492,
    "z": 0.4519044457633986
  },
  "D24": {
    "x": 0.5507454943864843,
    "y": -0.8256154015765359,
    "z": -0.12263200680329012
  },
  "D25": {
    "x": 0.32695704337652254,
    "y": -0.9326109309367043,
    "z": -0.15276106599476333
  },
  "D26": {
    "x": 0.44984535070891807,
    "y": 0.6100228848236531,
    "z": -0.6523122261900346
  },
  "D27": {
    "x": 0.3945386929589768,
    "y": 0.7831461316510566,
    "z": -0.48064681028610606
  },
  "D28": {
    "x": 0.10601276206324961,
    "y": -0.8121529831711218,
    "z": -0.5737323646143454
  },
  "D29": {
    "x": -0.3772723777371321,
    "y": -0.7344236438014491,
    "z": -0.5641697124287807
  },
  "D30": {
    "x": -0.6539721771352855,
    "y": -0.7458225933151307,
    "z": -0.1267637599380356
  },
  "D31": {
    "x": -0.2858073953740354,
    "y": -0.7975526081078578,
    "z": 0.5312475600413273
  },
  "D32": {
    "x": -0.3170127977069241,
    "y": -0.8747501199087071,
    "z": -0.3664902642768716
  },
  "D33": {
    "x": -0.050252335491646156,
    "y": -0.8858478747153582,
    "z": 0.4612464044737023
  },
  "D34": {
    "x": 0.2552888540173821,
    "y": -0.8858745609370035,
    "z": -0.3873678655995659
  },
  "D35": {
    "x": -0.18093002371660064,
    "y": -0.9676925305907227,
    "z": -0.1756003780088007
  },
  "D36": {
    "x": -0.7546273729570182,
    "y": -0.5876690971299908,
    "z": -0.29186051507939714
  },
  "D37": {
    "x": 0.503797288927181,
    "y": -0.7826148747557092,
    "z": -0.3656531819644511
  },
  "D38": {
    "x": -0.056737888725027774,
    "y": -0.34558226122718483,
    "z": 0.93667161412532
  },
  "D39": {
    "x": -0.823639956072394,
    "y": -0.5660675276552516,
    "z": -0.03442058824795981
  },
  "D40": {
    "x": 0.9433746221384394,
    "y": 0.2569734089717383,
    "z": 0.2097831961492637
  },
  "D41": {
    "x": -0.2307904672372555,
    "y": 0.9690786195981416,
    "z": 0.08730629570752423
  },
  "D42": {
    "x": 0.8835113622624678,
    "y": 0.4616473996864388,
    "z": 0.0793054292962838
  },
  "D43": {
    "x": -0.2087782889456233,
    "y": -0.9381035932733272,
    "z": 0.27635714999364475
  },
  "D45": {
    "x": 0.864345776577648,
    "y": 0.23286783157678853,
    "z": 0.4457341713724754
  },
  "D47": {
    "x": 0.9462559857100118,
    "y": -0.2802516454030557,
    "z": 0.16142684026163087
  },
  "D48": {
    "x": 0.4683085559167345,
    "y": -0.8757724991764038,
    "z": 0.11708811272498361
  },
  "D49": {
    "x": 0.9874878255115661,
    "y": -0.03378710548691064,
    "z": 0.1540331976206928
  },
  "D50": {
    "x": 0.30829025962089673,
    "y": -0.8997509745877252,
    "z": 0.30887748307592594
  },
  "D51": {
    "x": 0.0030144188660474807,
    "y": -0.9379559673956545,
    "z": -0.3467412818021274
  },
  "D52": {
    "x": 0.7260330587404539,
    "y": -0.622276736090221,
    "z": 0.292656216979722
  },
  "D53": {
    "x": -0.5681828368720535,
    "y": -0.8171689874273336,
    "z": 0.09696963375723368
  },
  "D54": {
    "x": 0.23920094279606677,
    "y": -0.9677977632926233,
    "z": 0.07842447533307624
  },
  "D55": {
    "x": -0.43817689168912355,
    "y": -0.8439697254877044,
    "z": 0.30938020953168105
  },
  "D56": {
    "x": 0.08152892403478787,
    "y": -0.9899948167646708,
    "z": -0.11516638973596208
  },
  "D57": {
    "x": -0.4463113760494362,
    "y": -0.8816601857048303,
    "z": -0.15323665537913264
  },
  "D58": {
    "x": 0.0588746620184429,
    "y": -0.9660958217469697,
    "z": 0.2513814578986713
  },
  "D59": {
    "x": 0.672008844872572,
    "y": -0.7365318110149216,
    "z": 0.07697404612017736
  },
  "D60": {
    "x": -0.3489716073704419,
    "y": -0.9344830031184644,
    "z": 0.0704296395843829
  },
  "D61": {
    "x": -0.09820778455556983,
    "y": -0.9934233541788493,
    "z": 0.05886654758630863
  }
}