{
  "D2": {
    "x": -0.5532763923892892,
    "y": 0.3577660416861957,
    "z": 0.7522557364625972
  },
  "D3": {
    "x": -0.3495410389471278,
    "y": -0.6852827985663308,
    "z": 0.6389120033939418
  },
  "D4": {
    "x": -0.41458987787822665,
    "y": -0.12206359337344896,
    "z": 0.9017847372481297
  },
  "D5": {
    "x": -0.5939777824012665,
    "y": 0.032754089079885654,
    "z": 0.8038143838363561
  },
  "D6": {
    "x": -0.5157462623069295,
    "y": -0.5060394273228946,
    "z": 0.6913247362210819
  },
  "D7": {
    "x": 0.03306063188883377,
    "y": -0.6868171268612815,
    "z": -0.726077977127199
  },
  "D8": {
    "x": -0.4209655763997385,
    "y": 0.19328997478824955,
    "z": 0.8862431771995731
  },
  "D9": {
    "x": 0.1208150021361841,
    "y": -0.962644513727958,
    "z": -0.24232060467136787
  },
  "D10": {
    "x": -0.2425824770353669,
    "y": 0.7030869579762904,
    "z": 0.6684478075055912
  },
  "D11": {
    "x": -0.15971861749458363,
    "y": 0.41422031293769307,
    "z": 0.8960532883570143
  },
  "D15": {
    "x": 0.2717581997120979,
    "y": 0.19743484167489322,
    "z": -0.9418954104262581
  },
  "D16": {
    "x": -0.1281386538292137,
    "y": 0.9913602510619177,
    "z": 0.02802388283747183
  },
  "D17": {
    "x": 0.0880319958731278,
    "y": -0.4726991062132124,
    "z": -0.8768157860621714
  },
  "D18": {
    "x": -0.3830414459045304,
    "y": -0.3643451521493473,
    "z": 0.848841481564512
  },
  "D19": {
    "x": -0.38313648276606826,
    "y": -0.902981036314818,
    "z": 0.19450368538787083
  },
  "D20": {
    "x": -0.7085034029786279,
    "y": -0.37236777669452215,
    "z": 0.5994707389416789
  },
  "D21": {
    "x": -0.14368684825341813,
    "y": 0.9312454404842868,
    "z": 0.3348671665246177
  },
  "D22": {
    "x": 0.10545148550113073,
    "y": 0.9875151814625293,
    "z": 0.11702029989122813
  },
  "D23": {
    "x": -0.600208424075605,
    "y": -0.22296234304591464,
    "z": 0.7681390767641979
  },
  "D26": {
    "x": 0.0841438463448203,
    "y": 0.8978364982769577,
    "z": 0.4322145711149382
  },
  "D27": {
    "x": 0.28158166535488005,
    "y": 0.9177326945086302,
    "z": 0.28014008489664927
  },
  "D28": {
    "x": -0.7601567569703986,
    "y": -0.07516054765099575,
    "z": 0.6453778714125925
  },
  "D30": {
    "x": -0.30876869208509355,
    "y": -0.9305533138043574,
    "z": -0.19680555113052622
  },
  "D31": {
    "x": 0.3279627522140421,
    "y": -0.8764314737669366,
    "z": -0.35257382907826035
  },
  "D32": {
    "x": -0.08496937908104853,
    "y": -0.9910218175890885,
    "z": -0.10322771760046028
  },
  "D34": {
    "x": -0.3821880616440206,
    "y": -0.8181233886499569,
    "z": 0.4296584765609749
  },
  "D35": {
    "x": -0.23657660846818815,
    "y": -0.6523075131818815,
    "z": -0.7200877839348195
  },
  "D36": {
    "x": -0.7045091108975688,
    "y": 0.695284008643902,
    "z": -0.14229216417773494
  },
  "D37": {
    "x": -0.10774127992034893,
    "y": -0.9834569372259138,
    "z": 0.145616857620779
  },
  "D38": {
    "x": -0.2389287224720187,
    "y": 0.04216126766748722,
    "z": 0.97012138059449
  },
  "D40": {
    "x": -0.3586282999270344,
    "y": 0.5120867131309187,
    "z": 0.7804825050737635
  },
  "D41": {
    "x": 0.10639444947779057,
    "y": 0.39016806088507405,
    "z": 0.9145759155944896
  },
  "D42": {
    "x": -0.5395338931368168,
    "y": 0.571353033776448,
    "z": 0.6184326066363894
  },
  "D43": {
    "x": 0.860425095978831,
    "y": -0.4801940144096088,
    "z": 0.1705355175176242
  },
  "D45": {
    "x": -0.049494904348863056,
    "y": 0.20512774517309657,
    "z": 0.9774829218987399
  },
  "D47": {
    "x": 0.6452165442917127,
    "y": 0.10386668093194958,
    "z": 0.7569064166490075
  },
  "D48": {
    "x": 0.5207179474163438,
    "y": -0.7269003765261711,
    "z": -0.4477372687688846
  },
  "D49": {
    "x": 0.516346499387033,
    "y": 0.31438403497302947,
    "z": 0.7965858215690471
  },
  "D50": {
    "x": 0.16813431873310253,
    "y": -0.9857619258054028,
    "z": 0.002067969192024162
  },
  "D51": {
    "x": -0.322265930183903,
    "y": -0.843046942134211,
    "z": -0.4306001899684438
  },
  "D52": {
    "x": -0.13870865022197534,
    "y": -0.6066640051981345,
    "z": 0.7827634988619202
  },
  "D53": {
    "x": 0.4993773080142552,
    "y": -0.5158882656688722,
    "z": -0.6960471259804172
  },
  "D54": {
    "x": -0.10303376564205785,
    "y": -0.9313831687513363,
    "z": -0.34915531802385197
  },
  "D55": {
    "x": 0.27017935508033825,
    "y": -0.594992941925411,
    "z": -0.7569587275058773
  },
  "D56": {
    "x": -0.11714391436475569,
    "y": -0.8129923317708941,
    "z": -0.5703689786524396
  },
  "D57": {
    "x": 0.30674920286605134,
    "y": -0.7601050751411715,
    "z": -0.57283959472585
  },
  "D58": {
    "x": 0.106131778053879,
    "y": -0.873314739205719,
    "z": -0.4754549526224004
  },
  "D59": {
    "x": 0.17892915445255192,
    "y": -0.0668326308202378,
    "z": 0.9815894035412877
  },
  "D60": {
    "x": 0.5188103704289193,
    "y": -0.8317902642662142,
    "z": -0.19738479122604383
  },
  "D61": {
    "x": -0.44515240833919184,
    "y": -0.6833990492396057,
    "z": -0.5786234292251053
  }
}