{
  "D2": {
    "x": -0.6875223691272335,
    "y": 0.5058440293423273,
    "z": 0.5209940593983725
  },
  "D3": {
    "x": 0.23718145531382068,
    "y": 0.06487064338618488,
    "z": 0.9692970426457931
  },
  "D4": {
    "x": -0.3950830396817766,
    "y": -0.27988136947383413,
    "z": 0.874971891421238
  },
  "D5": {
    "x": -0.777474634647751,
    "y": 0.09550656138016961,
    "z": 0.6216202130020243
  },
  "D6": {
    "x": -0.22069799379198166,
    "y": 0.13329374535964783,
    "z": 0.9661910644299044
  },
  "D7": {
    "x": 0.2072754252319181,
    "y": -0.569505158953479,
    "z": -0.795424900301908
  },
  "D8": {
    "x": -0.47900136620532197,
    "y": 0.4694231238798028,
    "z": 0.7417544215846391
  },
  "D9": {
    "x": -0.28017762297019844,
    "y": -0.46349902549636524,
    "z": -0.8406361596735469
  },
  "D10": {
    "x": -0.4928511665456204,
    "y": 0.6540930227074389,
    "z": 0.5738118552975944
  },
  "D11": {
    "x": -0.6213465159900452,
    "y": 0.2639450582295209,
    "z": 0.7377408171595545
  },
  "D12": {
    "x": -0.40937145284926246,
    "y": 0.26782219552341585,
    "z": 0.8721733114336284
  },
  "D13": {
    "x": -0.7958702659922957,
    "y": 0.09874728261079746,
    "z": -0.5973604388359979
  },
  "D14": {
    "x": -0.04140292703068885,
    "y": -0.5938112636690485,
    "z": -0.803538412755146
  },
  "D15": {
    "x": -0.5460696195835096,
    "y": 0.7354049389898958,
    "z": -0.4012325339216512
  },
  "D16": {
    "x": -0.2078569385236261,
    "y": 0.9715368130430246,
    "z": -0.1136297232672357
  },
  "D18": {
    "x": -0.7222571513508373,
    "y": -0.43603205660700206,
    "z": 0.5368618564711428
  },
  "D19": {
    "x": -0.4001723892807294,
    "y": -0.03329722433044447,
    "z": 0.9158347851600966
  },
  "D20": {
    "x": -0.7870654783024962,
    "y": -0.19888584494690065,
    "z": 0.5839283804921802
  },
  "D21": {
    "x": -0.3117641263504743,
    "y": 0.9355470220797973,
    "z": 0.1659966836974431
  },
  "D22": {
    "x": -0.07755982265763764,
    "y": 0.9920364960504321,
    "z": 0.09923741438236293
  },
  "D23": {
    "x": -0.6105130256831325,
    "y": -0.2277013219916992,
    "z": 0.7585683577862047
  },
  "D26": {
    "x": -0.2647051479544107,
    "y": 0.751761047488214,
    "z": 0.603975589014868
  },
  "D27": {
    "x": -0.22998013765381192,
    "y": 0.8883268585701344,
    "z": 0.3974726765799762
  },
  "D28": {
    "x": -0.6105288597435684,
    "y": 0.02008726985344774,
    "z": 0.7917392329612402
  },
  "D30": {
    "x": -0.7552679387424571,
    "y": -0.6530064684511498,
    "z": -0.0561506266098381
  },
  "D31": {
    "x": -0.7836852912697807,
    "y": -0.5527442200456618,
    "z": -0.28339229250900955
  },
  "D32": {
    "x": -0.32183167200061524,
    "y": -0.9405162828841691,
    "z": -0.1088737641814313
  },
  "D34": {
    "x": -0.8118315076924395,
    "y": -0.522709589152882,
    "z": 0.26020047756575315
  },
  "D36": {
    "x": -0.9195429883248336,
    "y": 0.3803651574893793,
    "z": -0.09880809476310506
  },
  "D37": {
    "x": -0.42540562357382444,
    "y": -0.8477967535450541,
    "z": -0.3166555227849854
  },
  "D38": {
    "x": -0.005089431665018096,
    "y": 0.011332424216959727,
    "z": 0.999922833946047
  },
  "D40": {
    "x": 0.25475123358293744,
    "y": 0.37466645336914634,
    "z": 0.8914745412560906
  },
  "D41": {
    "x": 0.04572062537672294,
    "y": 0.2588111931284667,
    "z": 0.9648452677639979
  },
  "D42": {
    "x": 0.4151689100945377,
    "y": 0.5086203663122775,
    "z": 0.7542811803719344
  },
  "D43": {
    "x": 0.9715749598122632,
    "y": 0.024824625719547452,
    "z": 0.23542692162045392
  },
  "D45": {
    "x": -0.17222731582342288,
    "y": 0.37246946555919747,
    "z": 0.9119233788593782
  },
  "D47": {
    "x": 0.6749102691664645,
    "y": 0.20314759534628354,
    "z": 0.709385073904627
  },
  "D48": {
    "x": -0.4825432893553139,
    "y": -0.3188278865950269,
    "z": -0.8157822948725367
  },
  "D49": {
    "x": 0.6277988938280126,
    "y": 0.43938255067347926,
    "z": 0.6425041035448658
  },
  "D50": {
    "x": -0.5721068696379156,
    "y": -0.8117234705178212,
    "z": -0.11746802596285091
  },
  "D51": {
    "x": -0.14551052009359952,
    "y": -0.9445763095553377,
    "z": -0.2942826599868046
  },
  "D52": {
    "x": -0.30895064217240364,
    "y": -0.8892197390559621,
    "z": 0.3373985127034591
  },
  "D53": {
    "x": -0.6421564524656672,
    "y": -0.5932784789653328,
    "z": -0.4854438556139016
  },
  "D54": {
    "x": 0.025540084691339907,
    "y": -0.7924596782652827,
    "z": -0.6093893356448273
  },
  "D55": {
    "x": -0.6644297436578719,
    "y": -0.3879209975490175,
    "z": -0.6387882398755552
  },
  "D56": {
    "x": -0.2007844271238314,
    "y": -0.835105632975732,
    "z": -0.512136891462387
  },
  "D57": {
    "x": -0.4736827087823292,
    "y": -0.5388129259271044,
    "z": -0.6966385879740711
  },
  "D58": {
    "x": -0.2559558343689338,
    "y": -0.6679443977302942,
    "z": -0.6988110562900516
  },
  "D59": {
    "x": -0.07863640035802293,
    "y": 0.5807981090753808,
    "z": 0.8102406266247052
  },
  "D60": {
    "x": -0.435201437291473,
    "y": -0.7248122033565182,
    "z": -0.5340851793908019
  },
  "D61": {
    "x": -0.818888044112554,
    "y": -0.3641299383038968,
    "z": -0.4436572542406089
  }
}