{
  "D2": {
    "x": -0.5247180508128239,
    "y": -0.7652580437712181,
    "z": 0.3728955531977279
  },
  "D4": {
    "x": -0.33532434136305456,
    "y": -0.6511798850454956,
    "z": -0.680824752342017
  },
  "D5": {
    "x": -0.9658389376855605,
    "y": -0.19108031208601448,
    "z": 0.17505273714952121
  },
  "D7": {
    "x": 0.04774158441612108,
    "y": -0.48899168427653705,
    "z": 0.8709809836189503
  },
  "D8": {
    "x": -0.25227093475728557,
    "y": 0.8637883029134946,
    "z": 0.4361526604601997
  },
  "D9": {
    "x": -0.41474233951688394,
    "y": -0.551346395444347,
    "z": 0.72388254851363
  },
  "D10": {
    "x": -0.759636717070752,
    "y": -0.42218637638751383,
    "z": 0.4946824452825779
  },
  "D11": {
    "x": -0.8319447387251392,
    "y": -0.38526005185106443,
    "z": -0.39930269740545815
  },
  "D12": {
    "x": 0.03811200212512012,
    "y": -0.9065982437984457,
    "z": -0.4202702697498229
  },
  "D13": {
    "x": -0.9412929473807071,
    "y": -0.26377275805749445,
    "z": -0.21069295032839577
  },
  "D15": {
    "x": -0.7597823706832908,
    "y": -0.20436253810433444,
    "z": 0.6172250012908039
  },
  "D16": {
    "x": -0.926480447165498,
    "y": -0.376155673454407,
    "z": 0.011869724010289085
  },
  "D17": {
    "x": 0.4406647391544577,
    "y": -0.888233541556751,
    "z": 0.12982974743673034
  },
  "D18": {
    "x": -0.11504172263133455,
    "y": -0.761319578930165,
    "z": -0.6380892576995882
  },
  "D19": {
    "x": -0.8740593941265999,
    "y": -0.40147253133351213,
    "z": 0.273568971419829
  },
  "D20": {
    "x": -0.1156881993857596,
    "y": -0.9673935210442395,
    "z": -0.22531315089117468
  },
  "D21": {
    "x": -0.2322735475656954,
    "y": 0.9512702643568018,
    "z": 0.20281489898867686
  },
  "D22": {
    "x": 0.01067910310856191,
    "y": 0.9876310475833274,
    "z": 0.15643168031526164
  },
  "D23": {
    "x": -0.4290769772788401,
    "y": -0.7654011690562793,
    "z": -0.47963944580959417
  },
  "D24": {
    "x": 0.2825604005655301,
    "y": -0.8230040812554408,
    "z": -0.49277165327272515
  },
  "D25": {
    "x": -0.8105940020626778,
    "y": -0.5757674123100179,
    "z": 0.1069076739146311
  },
  "D26": {
    "x": -0.5947943017072276,
    "y": 0.7785591382653599,
    "z": 0.20016345041018835
  },
  "D27": {
    "x": -0.42972371001929244,
    "y": 0.9011012114729244,
    "z": 0.05791493528687727
  },
  "D28": {
    "x": -0.8400695824581905,
    "y": -0.511996691245341,
    "z": -0.1792832529332971
  },
  "D29": {
    "x": -0.6987918581316596,
    "y": -0.37284677119652593,
    "z": -0.6104713131812403
  },
  "D30": {
    "x": -0.7081720215340929,
    "y": -0.5998782786781144,
    "z": -0.3723418304280338
  },
  "D31": {
    "x": -0.17818004699870787,
    "y": -0.5703087701751348,
    "z": 0.8018726691394735
  },
  "D32": {
    "x": -0.5027391661538607,
    "y": -0.8638292547374223,
    "z": -0.0324399364165577
  },
  "D33": {
    "x": 0.40418274477575983,
    "y": -0.8361307426812601,
    "z": 0.3708391699494776
  },
  "D34": {
    "x": -0.20917637206824155,
    "y": -0.8749113007142629,
    "z": -0.43677850365012855
  },
  "D35": {
    "x": -0.3946882777005384,
    "y": -0.8961915745964761,
    "z": 0.20263717592799046
  },
  "D36": {
    "x": -0.5688540760849887,
    "y": -0.5840180002123637,
    "z": -0.5790751380861081
  },
  "D37": {
    "x": 0.5335396153115484,
    "y": -0.8401977336488234,
    "z": -0.09697034219072112
  },
  "D38": {
    "x": 0.09503581489557174,
    "y": -0.6843761864718987,
    "z": 0.7229090048390018
  },
  "D40": {
    "x": 0.252930683608216,
    "y": 0.26780731887154946,
    "z": -0.9296802188109161
  },
  "D41": {
    "x": -0.663057877610324,
    "y": 0.13965956587645395,
    "z": -0.7354246777189987
  },
  "D42": {
    "x": 0.42710895880512656,
    "y": 0.4015130649153618,
    "z": -0.8101636847024639
  },
  "D43": {
    "x": -0.6058004190940618,
    "y": -0.39371289144417587,
    "z": 0.6913725561056974
  },
  "D45": {
    "x": -0.16991030400364662,
    "y": 0.11579049593640035,
    "z": -0.9786332559463687
  },
  "D47": {
    "x": 0.316130498719505,
    "y": -0.448335354553463,
    "z": -0.83609623706651
  },
  "D48": {
    "x": 0.3579679791532436,
    "y": -0.8950980857092764,
    "z": -0.2658163705653435
  },
  "D49": {
    "x": 0.4055204697049191,
    "y": -0.06198160075274448,
    "z": -0.9119821433659921
  },
  "D50": {
    "x": -0.3551744966049155,
    "y": -0.9044320580959421,
    "z": -0.23633393588264706
  },
  "D51": {
    "x": 0.2774215425118969,
    "y": -0.7695439247036154,
    "z": 0.5751864356033406
  },
  "D52": {
    "x": 0.13159428441832835,
    "y": -0.9721309734665309,
    "z": -0.19402142854706303
  },
  "D53": {
    "x": -0.2740568257070711,
    "y": -0.9616813142657852,
    "z": -0.007868041395167679
  },
  "D54": {
    "x": -0.5859440651980066,
    "y": -0.5972520289183475,
    "z": 0.547685645614482
  },
  "D56": {
    "x": -0.5663356031766253,
    "y": -0.7780177904380762,
    "z": -0.27194172599368027
  },
  "D57": {
    "x": 0.2253407624849384,
    "y": -0.9735518220368969,
    "z": 0.037661526407527485
  },
  "D58": {
    "x": -0.7174777065247674,
    "y": -0.610368599011348,
    "z": 0.3356723312709647
  },
  "D59": {
    "x": 0.17106321328098975,
    "y": -0.9446555264617491,
    "z": 0.2799344805258154
  },
  "D60": {
    "x": -0.7085451044565677,
    "y": -0.7008201449330376,
    "z": -0.08255276740768737
  },
  "D61": {
    "x": 0.047839571145299006,
    "y": -0.8730374546518325,
    "z": 0.4853009151111128
  },
  "D62": {
    "x": -0.6362537123328035,
    "y": -0.7567783459815725,
    "z": 0.149892456768583
  },
  "D63": {
    "x": -0.46243676426422203,
    "y": -0.45209837278563203,
    "z": -0.7627314733124758
  },
  "D64": {
    "x": -0.1299680288232822,
    "y": -0.7556924810199557,
    "z": 0.641901227303465
  },
  "D65": {
    "x": -0.020156517147970704,
    "y": -0.9997940495775128,
    "z": 0.0023607723018268137
  },
  "D66": {
    "x": -0.36785393889051116,
    "y": -0.7382781185398902,
    "z": 0.5653573200445325
  },
  "D67": {
    "x": -0.20466610644046265,
    "y": -0.8759470841382956,
    "z": 0.436839204586904
  },
  "D68": {
    "x": -0.15281715918778188,
    "y": -0.9656502360444066,
    "z": 0.21015836287228218
  }
}