{
  "D2": {
    "x": 0.7875724319154451,
    "y": -0.0018801641735178812,
    "z": 0.6162192219246914
  },
  "D3": {
    "x": 0.9672810349569076,
    "y": -0.1600888104852821,
    "z": -0.19682218414117078
  },
  "D4": {
    "x": 0.8600053303621971,
    "y": -0.500945173148755,
    "z": 0.09718418208521344
  },
  "D5": {
    "x": 0.9986369269745188,
    "y": 0.03260983645755307,
    "z": -0.04075397709550752
  },
  "D6": {
    "x": 0.9583002172293793,
    "y": -0.0798015118939171,
    "z": 0.27439462887886334
  },
  "D7": {
    "x": -0.2792692504887225,
    "y": -0.9587769517245452,
    "z": 0.05249230965823657
  },
  "D8": {
    "x": 0.7711656024743131,
    "y": 0.24574758297695992,
    "z": 0.5872918686832058
  },
  "D9": {
    "x": 0.3942664944794653,
    "y": -0.9138048883224006,
    "z": -0.097542592793912
  },
  "D10": {
    "x": 0.7533937867550551,
    "y": 0.46369353055879936,
    "z": 0.4662468356962805
  },
  "D11": {
    "x": 0.8885439687821635,
    "y": 0.36157854646554705,
    "z": 0.2824014346222481
  },
  "D15": {
    "x": 0.42392532651767223,
    "y": 0.730120761378513,
    "z": 0.535920695010881
  },
  "D16": {
    "x": 0.6315013039578173,
    "y": 0.12385372675939169,
    "z": 0.7654190731013869
  },
  "D17": {
    "x": 0.30917697481718254,
    "y": 0.6090611937550279,
    "z": 0.7303793949069181
  },
  "D18": {
    "x": 0.9119672762703063,
    "y": -0.3918642066378816,
    "z": -0.1214830464228761
  },
  "D19": {
    "x": 0.9765453681958935,
    "y": -0.20750179270699065,
    "z": 0.05746433570948062
  },
  "D20": {
    "x": 0.7436657122506624,
    "y": -0.6667570938533621,
    "z": -0.04895187656192247
  },
  "D21": {
    "x": 0.04135513270639071,
    "y": 0.9495228921957747,
    "z": 0.31095985302769874
  },
  "D22": {
    "x": -0.18786340789218403,
    "y": 0.9591255145311002,
    "z": 0.21162605546242916
  },
  "D23": {
    "x": 0.9014244852148481,
    "y": 0.11770363525622936,
    "z": 0.4166290336769803
  },
  "D26": {
    "x": 0.7363240739746428,
    "y": 0.6196884443318365,
    "z": 0.2716856456402747
  },
  "D27": {
    "x": 0.630571546010654,
    "y": 0.7694350638630563,
    "z": 0.10173105651563803
  },
  "D28": {
    "x": 0.9073743005596543,
    "y": -0.3244167425708178,
    "z": 0.26725578725935556
  },
  "D30": {
    "x": 0.7757380396735787,
    "y": -0.5079227342446018,
    "z": 0.3744929770247778
  },
  "D31": {
    "x": -0.0573403861383286,
    "y": -0.9967803700799875,
    "z": -0.056044392589358935
  },
  "D32": {
    "x": 0.1842667514503135,
    "y": -0.9556117292042247,
    "z": -0.22989560090889014
  },
  "D34": {
    "x": 0.6302750454624921,
    "y": -0.518884133149869,
    "z": 0.5775055180970677
  },
  "D35": {
    "x": 0.5840844014698454,
    "y": -0.7868654605991889,
    "z": -0.1992188717858794
  },
  "D36": {
    "x": 0.4448842181538447,
    "y": 0.020028892953749364,
    "z": 0.8953641024101254
  },
  "D37": {
    "x": -0.625711028473554,
    "y": -0.7566797989702176,
    "z": -0.18952939264651933
  },
  "D38": {
    "x": 0.9724364787698185,
    "y": 0.15043375832656852,
    "z": 0.1781487555766241
  },
  "D39": {
    "x": 0.9582609370146307,
    "y": 0.284021695621875,
    "z": -0.032674959952794236
  },
  "D40": {
    "x": 0.8281407231172683,
    "y": 0.5204072547444915,
    "z": -0.20822879705773217
  },
  "D41": {
    "x": 0.5984643424753318,
    "y": 0.38488908702812824,
    "z": 0.7026384713864042
  },
  "D42": {
    "x": 0.7044372889773314,
    "y": 0.5728562060862763,
    "z": -0.4190511580305032
  },
  "D43": {
    "x": 0.3047268732420904,
    "y": -0.6227293602440535,
    "z": 0.720659195885358
  },
  "D45": {
    "x": 0.8629788687706422,
    "y": 0.5037255831937404,
    "z": 0.039089754302994384
  },
  "D47": {
    "x": 0.41689799198715977,
    "y": 0.8516709390600137,
    "z": 0.31757310313959003
  },
  "D48": {
    "x": -0.09987718229990364,
    "y": -0.9665737688818294,
    "z": 0.23613491432951503
  },
  "D49": {
    "x": 0.09628622430855459,
    "y": 0.9928221419735247,
    "z": 0.07094474903405693
  },
  "D50": {
    "x": 0.462372967957594,
    "y": -0.700828655964594,
    "z": 0.5431854503582976
  },
  "D51": {
    "x": 0.5246108431295069,
    "y": -0.7896740636773595,
    "z": 0.31811685970132697
  },
  "D52": {
    "x": 0.8573051228291365,
    "y": -0.19638601459977467,
    "z": 0.4758786185998867
  },
  "D53": {
    "x": -0.009706510404685384,
    "y": -0.8882318565244219,
    "z": 0.4592928833663139
  },
  "D54": {
    "x": 0.711400977322898,
    "y": -0.6739992494296885,
    "z": 0.19908204648396158
  },
  "D55": {
    "x": 0.14705125878245834,
    "y": -0.9510074889145738,
    "z": 0.27195713507626773
  },
  "D56": {
    "x": 0.5713384158286664,
    "y": -0.8191056612756059,
    "z": 0.05136467915447679
  },
  "D57": {
    "x": 0.1808102980299261,
    "y": -0.9833442651946326,
    "z": 0.018484919127699225
  },
  "D58": {
    "x": 0.27671244674457945,
    "y": -0.8450182633448792,
    "z": 0.45757442720308683
  },
  "D59": {
    "x": 0.7033095953430689,
    "y": -0.2906755218659049,
    "z": 0.6487398200252182
  },
  "D60": {
    "x": 0.3703779874293486,
    "y": -0.9139590443811937,
    "z": 0.16582825941799062
  },
  "D61": {
    "x": 0.11650925723267043,
    "y": -0.7634060732076935,
    "z": 0.6353241380340439
  }
}