{
  "D2": {
    "x": 0.7975004318036896,
    "y": 0.007906913247452607,
    "z": 0.6032665596532149
  },
  "D3": {
    "x": 0.9673087991924366,
    "y": -0.14202942151820194,
    "z": -0.21009838273554474
  },
  "D4": {
    "x": 0.9012668070255276,
    "y": -0.42733072409403894,
    "z": 0.07146044219898613
  },
  "D5": {
    "x": 0.9971183757506901,
    "y": 0.05196914613726606,
    "z": -0.05526438808192025
  },
  "D6": {
    "x": 0.9570014929896457,
    "y": -0.07424768896136749,
    "z": 0.2804200832670251
  },
  "D7": {
    "x": -0.21287413116086504,
    "y": -0.9731750989685092,
    "z": 0.08726299920435404
  },
  "D8": {
    "x": 0.7702318087581503,
    "y": 0.255685455163862,
    "z": 0.5842669841731579
  },
  "D9": {
    "x": 0.4417132266947397,
    "y": -0.8910477597081693,
    "z": -0.10451466539186623
  },
  "D10": {
    "x": 0.760586387475721,
    "y": 0.46699634636153137,
    "z": 0.45102412315929724
  },
  "D11": {
    "x": 0.8914867138352452,
    "y": 0.37003825019452086,
    "z": 0.26138694008732044
  },
  "D15": {
    "x": 0.42989740115394315,
    "y": 0.7316744001929499,
    "z": 0.528999807734722
  },
  "D16": {
    "x": 0.6407017463193366,
    "y": 0.1271644948975081,
    "z": 0.7571858843776833
  },
  "D17": {
    "x": 0.305975045264687,
    "y": 0.6115139459223577,
    "z": 0.7296779876203888
  },
  "D18": {
    "x": 0.907521501079176,
    "y": -0.38212011603854046,
    "z": -0.17432424386094914
  },
  "D19": {
    "x": 0.9798789804578193,
    "y": -0.1903026699521065,
    "z": 0.06018369767672942
  },
  "D20": {
    "x": 0.7725408812320105,
    "y": -0.633207762637885,
    "z": -0.04720716217262455
  },
  "D21": {
    "x": 0.0318164571818971,
    "y": 0.950052833819655,
    "z": 0.3104630831574597
  },
  "D22": {
    "x": -0.1927230703950988,
    "y": 0.9605211825122789,
    "z": 0.20064116248342284
  },
  "D23": {
    "x": 0.9017678043036975,
    "y": 0.13111929941991252,
    "z": 0.41185259066918556
  },
  "D26": {
    "x": 0.7344203712509209,
    "y": 0.626716016872008,
    "z": 0.26048752846872464
  },
  "D27": {
    "x": 0.6264447496976898,
    "y": 0.7742548906590111,
    "z": 0.08997966362907368
  },
  "D28": {
    "x": 0.8643171255385534,
    "y": -0.3911150484460698,
    "z": 0.3162039300511631
  },
  "D30": {
    "x": 0.7745551814111742,
    "y": -0.5998810756663975,
    "z": 0.20051674744626427
  },
  "D31": {
    "x": 0.012408491275627272,
    "y": -0.9950388563027341,
    "z": -0.0987102010534356
  },
  "D32": {
    "x": 0.2306752394996159,
    "y": -0.943810114753854,
    "z": -0.2366672794665791
  },
  "D34": {
    "x": 0.6256237866115365,
    "y": -0.48273057176083445,
    "z": 0.6128344578377591
  },
  "D35": {
    "x": 0.6234496999117932,
    "y": -0.753799285418891,
    "z": -0.20759843203132444
  },
  "D36": {
    "x": 0.4514607297598191,
    "y": 0.03436179159365386,
    "z": 0.8916291139051069
  },
  "D37": {
    "x": -0.6232245847707955,
    "y": -0.7612104119908126,
    "z": -0.17930372448459286
  },
  "D38": {
    "x": 0.9732765058070855,
    "y": 0.1509292240279367,
    "z": 0.173069964402479
  },
  "D39": {
    "x": 0.9544674825425282,
    "y": 0.2969009008898123,
    "z": -0.029011718662404404
  },
  "D40": {
    "x": 0.8245104437025406,
    "y": 0.5261989020788319,
    "z": -0.20807989733867055
  },
  "D41": {
    "x": 0.5974041612290226,
    "y": 0.3970099845623436,
    "z": 0.6967720863410471
  },
  "D42": {
    "x": 0.7014785258578341,
    "y": 0.575797487810335,
    "z": -0.41998229818842053
  },
  "D43": {
    "x": 0.253480049083991,
    "y": -0.6571654560496809,
    "z": 0.7098460594321787
  },
  "D45": {
    "x": 0.8557580100446206,
    "y": 0.515779666690762,
    "z": 0.04061482085196902
  },
  "D47": {
    "x": 0.37972061080530906,
    "y": 0.866344407082275,
    "z": 0.32443739927280957
  },
  "D48": {
    "x": -0.16362792004853835,
    "y": -0.9228436656927067,
    "z": 0.3486910845884032
  },
  "D49": {
    "x": 0.08053760391692631,
    "y": 0.994340266928345,
    "z": 0.06929017188741872
  },
  "D50": {
    "x": 0.46506657353872227,
    "y": -0.6710109234846654,
    "z": 0.5774577237696357
  },
  "D51": {
    "x": 0.6027693111015113,
    "y": -0.795569317054481,
    "z": 0.0611442503893553
  },
  "D52": {
    "x": 0.8580305994200945,
    "y": -0.19742524178258727,
    "z": 0.4741379170303516
  },
  "D53": {
    "x": 0.08374740432877993,
    "y": -0.919313439404907,
    "z": 0.3845116024227515
  },
  "D54": {
    "x": 0.6520020079559228,
    "y": -0.6341329938719316,
    "z": 0.415654577389045
  },
  "D55": {
    "x": 0.028469894413265345,
    "y": -0.988175167942389,
    "z": 0.1506628772263714
  },
  "D56": {
    "x": 0.5146133936952897,
    "y": -0.8051169453834026,
    "z": 0.2948894017863579
  },
  "D57": {
    "x": 0.23563298192426665,
    "y": -0.9717716457360807,
    "z": 0.011703263342657989
  },
  "D58": {
    "x": 0.2954211183199361,
    "y": -0.8262920463642404,
    "z": 0.47954959802484903
  },
  "D59": {
    "x": 0.7043996145895212,
    "y": -0.25104688159039557,
    "z": 0.6639251811837478
  },
  "D60": {
    "x": 0.29832270468308286,
    "y": -0.9215643920828267,
    "z": 0.2484404055615349
  },
  "D61": {
    "x": 0.0755653947188318,
    "y": -0.7953345596492547,
    "z": 0.6014422743277306
  }
}