{
  "D2": {
    "x": -0.3461034825402981,
    "y": 0.0444639073062405,
    "z": 0.9371421131933725
  },
  "D3": {
    "x": -0.1587868431428512,
    "y": -0.7539994530860183,
    "z": 0.6373943545331359
  },
  "D4": {
    "x": 0.08480942747415307,
    "y": -0.5295414737996755,
    "z": 0.8440338787854277
  },
  "D5": {
    "x": -0.10373017395139075,
    "y": -0.3583465167023647,
    "z": 0.9278080755087745
  },
  "D6": {
    "x": -0.39895042327742863,
    "y": -0.5294319822204601,
    "z": 0.7486924174645252
  },
  "D7": {
    "x": -0.49364163263402305,
    "y": -0.7463200038947683,
    "z": -0.4464576019253444
  },
  "D8": {
    "x": 0.05274829152684773,
    "y": 0.2121775855788453,
    "z": 0.9758064817979692
  },
  "D9": {
    "x": -0.46046618610268203,
    "y": -0.8590882049920111,
    "z": -0.22346889604518672
  },
  "D10": {
    "x": -0.2582381062377919,
    "y": 0.46254198942685565,
    "z": 0.8481556393161374
  },
  "D11": {
    "x": -0.19478066299974375,
    "y": 0.24303075019197334,
    "z": 0.9502613050011597
  },
  "D15": {
    "x": -0.5393957044428856,
    "y": 0.7508112974201298,
    "z": 0.3812278448577241
  },
  "D16": {
    "x": -0.48885404407376204,
    "y": 0.39827872542636833,
    "z": 0.7761415982058145
  },
  "D17": {
    "x": -0.04259787840521449,
    "y": 0.6473514538332001,
    "z": 0.7610003390113678
  },
  "D18": {
    "x": 0.08453350640623122,
    "y": -0.7229856562658148,
    "z": 0.685671807155987
  },
  "D19": {
    "x": -0.39742058250862017,
    "y": -0.7169854718793293,
    "z": 0.5727029890898812
  },
  "D20": {
    "x": -0.6202210250912545,
    "y": -0.5893865428613023,
    "z": 0.5176382744047774
  },
  "D21": {
    "x": -0.08574257010805371,
    "y": 0.9182999213441535,
    "z": 0.38648863648312737
  },
  "D22": {
    "x": -0.07469937354186774,
    "y": 0.9865028512002519,
    "z": 0.14571248459286618
  },
  "D23": {
    "x": 0.240974691798458,
    "y": -0.3448238989930726,
    "z": 0.9072087282405594
  },
  "D26": {
    "x": 0.1436211010945496,
    "y": 0.9459007807934154,
    "z": 0.2909376088009189
  },
  "D27": {
    "x": 0.16766547020429629,
    "y": 0.9848091314456905,
    "z": 0.045158218768650595
  },
  "D28": {
    "x": -0.1590398361296915,
    "y": -0.5697144050098637,
    "z": 0.8063075264736761
  },
  "D30": {
    "x": 0.01895479262273732,
    "y": -0.9148090754944367,
    "z": 0.4034415338430628
  },
  "D31": {
    "x": -0.6576131009434505,
    "y": -0.7063165038320466,
    "z": -0.26203436011716796
  },
  "D32": {
    "x": -0.2646024734393297,
    "y": -0.8447549418525712,
    "z": -0.46516085310938204
  },
  "D34": {
    "x": -0.23819819772183104,
    "y": -0.8703934581980732,
    "z": 0.4309023631033722
  },
  "D35": {
    "x": -0.5289679783928866,
    "y": -0.7657626507170279,
    "z": 0.36578742542872345
  },
  "D36": {
    "x": -0.014261808426114908,
    "y": 0.44006438801087133,
    "z": 0.8978529585767562
  },
  "D37": {
    "x": 0.4319725451869585,
    "y": -0.8438872050629429,
    "z": -0.3182045023813391
  },
  "D38": {
    "x": 0.7835184022588577,
    "y": -0.23502278246609137,
    "z": 0.5752070975254245
  },
  "D40": {
    "x": 0.9041966258002004,
    "y": 0.41241312883096526,
    "z": -0.1111029840255697
  },
  "D41": {
    "x": -0.17692118523031705,
    "y": 0.9807729666756326,
    "z": -0.08236068270102165
  },
  "D42": {
    "x": 0.8552982962261442,
    "y": 0.37843662635172637,
    "z": -0.3539075363822857
  },
  "D43": {
    "x": 0.9307669989314061,
    "y": -0.3423079374317099,
    "z": 0.12844481177327685
  },
  "D45": {
    "x": 0.6970348890730879,
    "y": 0.1825002997177902,
    "z": 0.6934233944840517
  },
  "D47": {
    "x": 0.984213868276726,
    "y": -0.02193097116179864,
    "z": 0.17561917320060472
  },
  "D48": {
    "x": 0.03760888936510465,
    "y": -0.9665268982924946,
    "z": -0.25379386580020613
  },
  "D49": {
    "x": 0.9720660105079253,
    "y": 0.21449666887040364,
    "z": 0.09528300089054033
  },
  "D50": {
    "x": 0.1118122423627247,
    "y": -0.9798290992039287,
    "z": 0.16562897938174082
  },
  "D51": {
    "x": -0.72197087968195,
    "y": -0.6341725492693578,
    "z": 0.2767367461044435
  },
  "D52": {
    "x": 0.47216200166894623,
    "y": -0.6215590799483549,
    "z": 0.6250818780877658
  },
  "D53": {
    "x": -0.13345941256734373,
    "y": -0.967994109071674,
    "z": 0.21254644198319458
  },
  "D54": {
    "x": -0.821638845784326,
    "y": -0.5516268610300148,
    "z": -0.14358765019448355
  },
  "D55": {
    "x": -0.05241859906264127,
    "y": -0.9983827317927151,
    "z": -0.022004802440043977
  },
  "D56": {
    "x": -0.718856823314177,
    "y": -0.6943212011792804,
    "z": 0.03410186457675355
  },
  "D57": {
    "x": -0.21136781030058022,
    "y": -0.9466698868588972,
    "z": -0.2431867062224012
  },
  "D58": {
    "x": -0.5247615772438956,
    "y": -0.8510591887151335,
    "z": 0.0179873386591133
  },
  "D59": {
    "x": 0.8110011681242816,
    "y": -0.5487787710692991,
    "z": 0.2027781194427071
  },
  "D60": {
    "x": -0.29817933409047,
    "y": -0.9544684096136221,
    "z": -0.008896053676029091
  },
  "D61": {
    "x": -0.3739044461540348,
    "y": -0.9002368508317165,
    "z": 0.22308984188178105
  }
}