{
  "D2": {
    "x": -0.656763218164101,
    "y": -0.0901934485374215,
    "z": 0.7486836562311623
  },
  "D3": {
    "x": -0.005279930724841686,
    "y": -0.49645930052444676,
    "z": 0.8680439420065772
  },
  "D4": {
    "x": -0.2521624725601673,
    "y": -0.49789456809932303,
    "z": 0.8297680919928963
  },
  "D5": {
    "x": -0.1866394576969548,
    "y": 0.4775765313223783,
    "z": 0.8585373431369611
  },
  "D7": {
    "x": 0.09332410316373303,
    "y": -0.7469920071192693,
    "z": 0.6582503726308178
  },
  "D8": {
    "x": -0.20375380252546815,
    "y": 0.8440563307226366,
    "z": 0.496037597892994
  },
  "D9": {
    "x": 0.00127013364003524,
    "y": -0.9365621125142768,
    "z": 0.3504993525861804
  },
  "D10": {
    "x": -0.2811270668413683,
    "y": 0.10504052772133424,
    "z": 0.9539046387481258
  },
  "D11": {
    "x": -0.13964526369057603,
    "y": -0.09865708413601655,
    "z": 0.9852745709083172
  },
  "D12": {
    "x": 0.1409946944370197,
    "y": 0.3297816832695001,
    "z": 0.9334690876084469
  },
  "D13": {
    "x": -0.30769535400835507,
    "y": -0.26889435269916656,
    "z": 0.9126989625326465
  },
  "D15": {
    "x": -0.34531652218860165,
    "y": 0.6914744049592604,
    "z": 0.6345231648961337
  },
  "D16": {
    "x": -0.7126779349612605,
    "y": 0.4175281235169432,
    "z": 0.5637024277859496
  },
  "D17": {
    "x": -0.4517927991276774,
    "y": -0.06595730609698723,
    "z": 0.8896813476907373
  },
  "D18": {
    "x": -0.39411891580180836,
    "y": -0.6281456861520047,
    "z": 0.6708973670956194
  },
  "D19": {
    "x": -0.7459387349650497,
    "y": -0.4939599235183091,
    "z": 0.446742652582589
  },
  "D20": {
    "x": -0.5868898550192586,
    "y": -0.46963317857634673,
    "z": 0.65954906993775
  },
  "D21": {
    "x": -0.059572963792123394,
    "y": 0.94588129120497,
    "z": 0.318997876064154
  },
  "D22": {
    "x": 0.15019332909016628,
    "y": 0.9711258139549107,
    "z": 0.18535538127398757
  },
  "D23": {
    "x": -0.019017464607970765,
    "y": 0.7644056338742752,
    "z": 0.6444550899334663
  },
  "D24": {
    "x": 0.26594516529443374,
    "y": -0.9516353629206781,
    "z": -0.15382881750616725
  },
  "D25": {
    "x": -0.06548384371656725,
    "y": -0.9412694663262943,
    "z": -0.33124561578067313
  },
  "D26": {
    "x": -0.14277790853494432,
    "y": 0.9868432570994887,
    "z": 0.07586075897102082
  },
  "D27": {
    "x": 0.0796629128909859,
    "y": 0.9953981739308576,
    "z": -0.05325688354417015
  },
  "D28": {
    "x": -0.6989485569440178,
    "y": -0.6630788939363628,
    "z": 0.2679501729090779
  },
  "D29": {
    "x": -0.5238191352185743,
    "y": -0.768242868551024,
    "z": -0.36798968531653026
  },
  "D30": {
    "x": -0.8201047655492318,
    "y": -0.5305064047963406,
    "z": -0.21445542192609862
  },
  "D31": {
    "x": -0.2439890164179779,
    "y": -0.9206346660891258,
    "z": 0.3047969347981568
  },
  "D32": {
    "x": -0.7815163514277694,
    "y": -0.6228870393580969,
    "z": 0.03526937270114228
  },
  "D33": {
    "x": -0.31054428066022016,
    "y": -0.8922608991431239,
    "z": -0.32776933598116004
  },
  "D34": {
    "x": 0.024825031958855437,
    "y": -0.9942280932515868,
    "z": -0.10437536288586373
  },
  "D35": {
    "x": -0.11361646336389963,
    "y": -0.8303783187833674,
    "z": 0.545493489371952
  },
  "D36": {
    "x": -0.8718771161917291,
    "y": -0.2832864375942329,
    "z": 0.3994735141863131
  },
  "D37": {
    "x": 0.4456842651799997,
    "y": -0.8462569261634332,
    "z": -0.29191565681097265
  },
  "D38": {
    "x": 0.04131300342631982,
    "y": -0.2695755593018765,
    "z": 0.9620926429273727
  },
  "D39": {
    "x": -0.8532716078760776,
    "y": -0.47181964018471245,
    "z": 0.22206708519846388
  },
  "D40": {
    "x": 0.9334009703084001,
    "y": 0.2798329832225592,
    "z": 0.22462442015083794
  },
  "D41": {
    "x": -0.10286420372143586,
    "y": 0.9695768241271031,
    "z": -0.2221254999056965
  },
  "D42": {
    "x": 0.8975223023451993,
    "y": 0.4395254747613551,
    "z": 0.03565212236008259
  },
  "D43": {
    "x": 0.5702292863460489,
    "y": -0.8042445579948809,
    "z": 0.16741938934572273
  },
  "D45": {
    "x": 0.9150343101446434,
    "y": 0.09505670757981813,
    "z": 0.39201585886568635
  },
  "D47": {
    "x": 0.9581816691011523,
    "y": -0.17515383622511604,
    "z": 0.22629410653871515
  },
  "D48": {
    "x": 0.5485475222611806,
    "y": -0.7311955068716579,
    "z": 0.40552280645090594
  },
  "D49": {
    "x": 0.9897026934247949,
    "y": 0.05438969529493126,
    "z": 0.1324021890809628
  },
  "D50": {
    "x": 0.14329940152972467,
    "y": -0.9784900840911478,
    "z": 0.14839958509551704
  },
  "D51": {
    "x": -0.6686326050854821,
    "y": -0.7241148657255081,
    "z": -0.16908016043265048
  },
  "D52": {
    "x": 0.3868889410340348,
    "y": -0.7049772748063907,
    "z": 0.5944106234852453
  },
  "D53": {
    "x": -0.5684800630687448,
    "y": -0.6662497571069881,
    "z": 0.48264032057862216
  },
  "D54": {
    "x": -0.23537342111426057,
    "y": -0.9666155044842496,
    "z": -0.10126114320719781
  },
  "D55": {
    "x": -0.3549516767881174,
    "y": -0.7959717587223942,
    "z": 0.4903450483707185
  },
  "D56": {
    "x": -0.46759181773392294,
    "y": -0.8737036150235723,
    "z": -0.13416365037903302
  },
  "D57": {
    "x": -0.501760226451998,
    "y": -0.8153038508857346,
    "z": 0.28899187857400355
  },
  "D58": {
    "x": -0.6026791559153103,
    "y": -0.795636845665806,
    "z": 0.06115427085801819
  },
  "D59": {
    "x": 0.3599336178875189,
    "y": -0.8924960954749854,
    "z": 0.27184280434896035
  },
  "D60": {
    "x": -0.10347486478518825,
    "y": -0.9885364885679279,
    "z": 0.1099480019258107
  },
  "D61": {
    "x": -0.38147166386521564,
    "y": -0.9193785097364723,
    "z": 0.0960339809788549
  }
}