{
  "D2": {
    "x": -0.1716041116948508,
    "y": 0.41128061637295354,
    "z": 0.8952096310056682
  },
  "D3": {
    "x": -0.3006237698309719,
    "y": 0.7262245190409815,
    "z": 0.6182421022191142
  },
  "D4": {
    "x": -0.16622094554439665,
    "y": -0.691629931768172,
    "z": 0.7028645920408001
  },
  "D5": {
    "x": -0.26595086847488697,
    "y": -0.6019120925254693,
    "z": 0.7529754102419708
  },
  "D6": {
    "x": -0.6205074902592698,
    "y": -0.23127647904129953,
    "z": 0.7493207889645139
  },
  "D7": {
    "x": 0.6522733384973622,
    "y": -0.690380802860685,
    "z": -0.312911870862934
  },
  "D8": {
    "x": -0.35531900827452007,
    "y": 0.3848597002614251,
    "z": 0.8518400163607587
  },
  "D9": {
    "x": 0.6512572353702577,
    "y": -0.7572430598675083,
    "z": 0.049466773296648836
  },
  "D10": {
    "x": -0.2585414869986108,
    "y": 0.4742473263585378,
    "z": 0.8415733912988965
  },
  "D11": {
    "x": -0.4279627940343588,
    "y": -0.3232935006307039,
    "z": 0.8439959474856796
  },
  "D15": {
    "x": 0.5924178538688452,
    "y": 0.7438942616410431,
    "z": 0.30929341072024014
  },
  "D16": {
    "x": -0.040683179557652424,
    "y": 0.9809744516364973,
    "z": 0.1898262472303373
  },
  "D18": {
    "x": 0.22342279028580975,
    "y": -0.8901848935970363,
    "z": 0.3970555527788726
  },
  "D19": {
    "x": 0.0248121570725339,
    "y": -0.8429339854618766,
    "z": 0.5374445580846128
  },
  "D20": {
    "x": 0.019750802145912273,
    "y": -0.7726242579491182,
    "z": 0.6345562716128239
  },
  "D21": {
    "x": -0.2331024757569096,
    "y": 0.9148814955978749,
    "z": 0.32962870750071954
  },
  "D22": {
    "x": -0.15961766968900645,
    "y": 0.9671602668122645,
    "z": 0.19779589940815365
  },
  "D23": {
    "x": -0.31140867874029365,
    "y": -0.7936956746400117,
    "z": 0.5225627339018362
  },
  "D26": {
    "x": -0.005011666769911894,
    "y": 0.8667980020065831,
    "z": 0.4986342416176242
  },
  "D27": {
    "x": 0.07970488278376917,
    "y": 0.903168328952213,
    "z": 0.4218223574421971
  },
  "D28": {
    "x": -0.5949792139877602,
    "y": 0.1753115634824258,
    "z": 0.7843886731919669
  },
  "D30": {
    "x": 0.5055119416705182,
    "y": -0.8333885839831621,
    "z": 0.22343040284402338
  },
  "D31": {
    "x": 0.7045618149392865,
    "y": -0.6961265609745403,
    "z": 0.13784215623392673
  },
  "D32": {
    "x": 0.4759483485749167,
    "y": -0.8780659273414543,
    "z": -0.0497332557832439
  },
  "D34": {
    "x": 0.4576752017680099,
    "y": -0.6917232021849157,
    "z": 0.5586165243220592
  },
  "D36": {
    "x": -0.34594203233697896,
    "y": 0.8898957018888706,
    "z": 0.2973377709310995
  },
  "D37": {
    "x": 0.370122217161172,
    "y": -0.9286571226083913,
    "z": -0.024606767207447325
  },
  "D38": {
    "x": -0.4152135139061872,
    "y": -0.4413268848451205,
    "z": 0.7955050713745189
  },
  "D40": {
    "x": -0.41260756852648783,
    "y": 0.6967437607561381,
    "z": 0.5867734880190596
  },
  "D41": {
    "x": -0.11744137139274022,
    "y": 0.7654775272515347,
    "z": 0.632654470906725
  },
  "D42": {
    "x": -0.4723009870196373,
    "y": 0.7331818540625705,
    "z": 0.4892608164707734
  },
  "D43": {
    "x": 0.7863141565000887,
    "y": -0.6100407315004059,
    "z": 0.09777705864876166
  },
  "D45": {
    "x": -0.5073545297636782,
    "y": -0.23151519285569902,
    "z": 0.8300554780285866
  },
  "D47": {
    "x": 0.6438064924110383,
    "y": -0.49251758398135437,
    "z": 0.5856104761687287
  },
  "D48": {
    "x": 0.7124326975888325,
    "y": -0.6715588250156417,
    "z": -0.20358879131698315
  },
  "D49": {
    "x": 0.6111318776607987,
    "y": -0.4168795324511199,
    "z": 0.6728516058761564
  },
  "D50": {
    "x": 0.4798472193915701,
    "y": -0.8715599865558225,
    "z": 0.10064708578489982
  },
  "D51": {
    "x": 0.5591130780967506,
    "y": -0.8288157542263206,
    "z": 0.021377826068897085
  },
  "D52": {
    "x": 0.09993738909681282,
    "y": -0.9711702791489737,
    "z": 0.21642737155502484
  },
  "D53": {
    "x": 0.5104614522671024,
    "y": -0.07212268435038383,
    "z": 0.8568707161243496
  },
  "D54": {
    "x": 0.568920278481852,
    "y": -0.7731033389518006,
    "z": -0.28042992713636866
  },
  "D55": {
    "x": 0.7347123020852956,
    "y": -0.6782399533112474,
    "z": 0.013725847765520221
  },
  "D56": {
    "x": 0.6302948889993388,
    "y": -0.755430255669724,
    "z": -0.17903486174509842
  },
  "D57": {
    "x": 0.6705284978595776,
    "y": -0.7388174464622963,
    "z": -0.06738185483578174
  },
  "D58": {
    "x": 0.5676759877103037,
    "y": -0.8174362507154264,
    "z": -0.09768290021000506
  },
  "D59": {
    "x": 0.25207313460077563,
    "y": -0.5326826005268438,
    "z": 0.807903695936897
  },
  "D60": {
    "x": 0.5815303601823715,
    "y": -0.8020556469020049,
    "z": 0.13612192864769201
  },
  "D61": {
    "x": 0.6340091764801,
    "y": -0.7400512328852139,
    "z": 0.2244026221863294
  }
}