{
  "D2": {
    "x": -0.2504028689965416,
    "y": 0.5395152115006764,
    "z": 0.8038791823139105
  },
  "D3": {
    "x": 0.7013843754540886,
    "y": 0.6231403706543092,
    "z": 0.34605785113140874
  },
  "D4": {
    "x": 0.020779079595579546,
    "y": -0.10793960285571164,
    "z": 0.9939402758649596
  },
  "D5": {
    "x": -0.2756607889203811,
    "y": -0.08944097438616351,
    "z": 0.9570848664317321
  },
  "D6": {
    "x": -0.4090651009437332,
    "y": -0.28113868540673553,
    "z": 0.8681168024855099
  },
  "D7": {
    "x": -0.015996725538732014,
    "y": -0.9997323362942288,
    "z": -0.016714082078345648
  },
  "D8": {
    "x": -0.6250389415034231,
    "y": 0.3916117594616503,
    "z": 0.6752529536815304
  },
  "D9": {
    "x": 0.27032027281375276,
    "y": -0.7691864713433513,
    "z": 0.5790329199693762
  },
  "D10": {
    "x": -0.42703900848554965,
    "y": 0.3645006362560699,
    "z": 0.8275125203890265
  },
  "D11": {
    "x": -0.3585518236480813,
    "y": 0.14364082626405042,
    "z": 0.9223924884715919
  },
  "D12": {
    "x": -0.5852641655219116,
    "y": 0.17446315710512778,
    "z": 0.7918512886703234
  },
  "D13": {
    "x": 0.624143636144161,
    "y": 0.5314747426646342,
    "z": 0.5726947872735578
  },
  "D14": {
    "x": 0.2307421544892751,
    "y": -0.9719375046705703,
    "z": -0.04577712481570406
  },
  "D15": {
    "x": 0.3088255580764075,
    "y": 0.04539148428164263,
    "z": 0.9500349403224625
  },
  "D16": {
    "x": 0.08898460276085936,
    "y": 0.9321573144855156,
    "z": 0.35094797552150625
  },
  "D18": {
    "x": -0.13616657765868756,
    "y": -0.2963184105188998,
    "z": 0.9453327788225019
  },
  "D19": {
    "x": -0.702214798432,
    "y": -0.0355621414301565,
    "z": 0.7110764452293488
  },
  "D20": {
    "x": -0.6200354698925288,
    "y": -0.2766309396208564,
    "z": 0.7341875368866141
  },
  "D21": {
    "x": -0.15095256636996707,
    "y": 0.8982639759574768,
    "z": 0.4127167941862632
  },
  "D22": {
    "x": -0.043132237270947345,
    "y": 0.9883036448428876,
    "z": 0.1462720605524732
  },
  "D23": {
    "x": -0.4597510153329631,
    "y": 0.5790974757890661,
    "z": 0.6732570960896301
  },
  "D26": {
    "x": -0.020403263250681754,
    "y": 0.6325268781528307,
    "z": 0.7742696269794893
  },
  "D27": {
    "x": 0.010390891332719815,
    "y": 0.8037957543393719,
    "z": 0.5948146053043013
  },
  "D28": {
    "x": -0.5037802190059141,
    "y": -0.050836002018846124,
    "z": 0.8623347330573511
  },
  "D30": {
    "x": -0.17868670077025975,
    "y": -0.6840319816003779,
    "z": 0.707227906064021
  },
  "D31": {
    "x": -0.33457911536472756,
    "y": -0.7757477155659663,
    "z": 0.5350442013104535
  },
  "D32": {
    "x": 0.15504035479293674,
    "y": -0.6360120721242595,
    "z": 0.7559438686158426
  },
  "D34": {
    "x": -0.27756425029517817,
    "y": -0.48885645667272914,
    "z": 0.8270292931495594
  },
  "D36": {
    "x": -0.8480802361433871,
    "y": 0.5185759468233522,
    "z": 0.10880671137039552
  },
  "D37": {
    "x": 0.023669135646795694,
    "y": -0.792506104608256,
    "z": 0.6094045012767642
  },
  "D38": {
    "x": -0.11657576185855587,
    "y": 0.10086163004775692,
    "z": 0.9880470754631111
  },
  "D40": {
    "x": 0.2240662530068774,
    "y": 0.5813328753798882,
    "z": 0.7822061123936641
  },
  "D41": {
    "x": 0.11292295040156274,
    "y": 0.1989015788363506,
    "z": 0.9734919461449146
  },
  "D42": {
    "x": 0.3286304490691145,
    "y": 0.7244764877490656,
    "z": 0.6059173595824846
  },
  "D43": {
    "x": 0.7869019017337207,
    "y": -0.03514352402973845,
    "z": 0.6160765616111566
  },
  "D45": {
    "x": -0.16845022791314837,
    "y": 0.33744857218197,
    "z": 0.926149546157832
  },
  "D47": {
    "x": 0.5017627633875515,
    "y": 0.25328382189725573,
    "z": 0.8270921561971235
  },
  "D48": {
    "x": 0.5000712125689813,
    "y": -0.8532731339293872,
    "z": 0.14783010949772957
  },
  "D49": {
    "x": 0.45231978610455625,
    "y": 0.48530211446423066,
    "z": 0.7482570873669526
  },
  "D50": {
    "x": 0.21487436751132266,
    "y": -0.4264940414195289,
    "z": 0.8785965165081445
  },
  "D51": {
    "x": -0.3417233608968333,
    "y": -0.8917491202125566,
    "z": 0.2966625207495953
  },
  "D52": {
    "x": -0.44366621308743215,
    "y": -0.5929933732803373,
    "z": 0.671951747233582
  },
  "D53": {
    "x": 0.3999378895441696,
    "y": -0.8357982174307471,
    "z": 0.37615292667549627
  },
  "D54": {
    "x": -0.13376056658110788,
    "y": -0.8888176839085067,
    "z": 0.4383049573064612
  },
  "D55": {
    "x": -0.030707801849516773,
    "y": -0.5066904026539668,
    "z": 0.8615810273932057
  },
  "D56": {
    "x": 0.25867150098451375,
    "y": -0.9448129028754181,
    "z": 0.20104137170877145
  },
  "D57": {
    "x": -0.020587056767554415,
    "y": -0.9725635521525038,
    "z": 0.23172464288062544
  },
  "D58": {
    "x": 0.1349842606008731,
    "y": -0.9003984803780076,
    "z": 0.413596211204854
  },
  "D59": {
    "x": 0.06140578460931632,
    "y": 0.43214050938966464,
    "z": 0.8997132375156851
  },
  "D60": {
    "x": 0.4963554868219206,
    "y": -0.6644895550669507,
    "z": 0.5586455601798873
  },
  "D61": {
    "x": -0.5524010461705462,
    "y": -0.7149471010548216,
    "z": 0.4286067275288534
  }
}