{
  "D2": {
    "x": 0.8111093711114625,
    "y": -0.3518839258171239,
    "z": 0.4672036931004468
  },
  "D4": {
    "x": 0.41708604574018115,
    "y": -0.4655239942203809,
    "z": 0.7805937747983404
  },
  "D5": {
    "x": 0.6128248561528036,
    "y": -0.03537772091801476,
    "z": 0.7894264453031343
  },
  "D7": {
    "x": 0.469472728992901,
    "y": -0.5352320359028006,
    "z": -0.7022264766265236
  },
  "D8": {
    "x": 0.20153719868766032,
    "y": 0.9412448550245921,
    "z": 0.2709997794000305
  },
  "D9": {
    "x": 0.3453976189455227,
    "y": -0.8627485322185726,
    "z": -0.3692769353499645
  },
  "D10": {
    "x": 0.6834705875222455,
    "y": -0.25074598078935223,
    "z": 0.6855613824523535
  },
  "D11": {
    "x": 0.4735192868233128,
    "y": -0.2337600710658387,
    "z": 0.8491970997251671
  },
  "D12": {
    "x": -0.3390629379105441,
    "y": -0.918515166826358,
    "z": 0.20338685416077995
  },
  "D13": {
    "x": 0.24782606681209374,
    "y": -0.19455324688425338,
    "z": 0.9490686354185572
  },
  "D15": {
    "x": 0.9422046306757973,
    "y": -0.18440820815972017,
    "z": 0.27972137332782754
  },
  "D16": {
    "x": -0.10454428025728876,
    "y": -0.5819124799282843,
    "z": 0.806503787448763
  },
  "D17": {
    "x": 0.929335608069549,
    "y": -0.304577257531975,
    "z": -0.20872954215515974
  },
  "D18": {
    "x": -0.3027377940290949,
    "y": -0.7305820338322171,
    "z": 0.6120455211076856
  },
  "D19": {
    "x": 0.7316033191957333,
    "y": -0.5697946028886041,
    "z": 0.374286913825215
  },
  "D20": {
    "x": 0.5212274819239322,
    "y": -0.8294148226198419,
    "z": -0.20098000921915854
  },
  "D21": {
    "x": 0.28630421016935126,
    "y": 0.830202098933545,
    "z": 0.4783245489891152
  },
  "D22": {
    "x": 0.027834068847150104,
    "y": 0.9946658768584246,
    "z": 0.09932299846900292
  },
  "D23": {
    "x": -0.22903916017987047,
    "y": -0.8765699367643313,
    "z": 0.4232802960983136
  },
  "D24": {
    "x": -0.561624855312972,
    "y": -0.807342569057562,
    "z": 0.18104004552092606
  },
  "D25": {
    "x": 0.6229589847790653,
    "y": -0.48155501553871083,
    "z": 0.6164631945968455
  },
  "D26": {
    "x": 0.8154600608908334,
    "y": 0.325026862380151,
    "z": 0.4789388560382554
  },
  "D27": {
    "x": 0.7141820063763624,
    "y": 0.5491391192876518,
    "z": 0.4340395021610542
  },
  "D28": {
    "x": -0.05709917797003953,
    "y": -0.7685131145208715,
    "z": 0.6372811598380855
  },
  "D29": {
    "x": 0.1330500152072027,
    "y": -0.6377410262268237,
    "z": 0.7586725755690136
  },
  "D30": {
    "x": 0.355201703636972,
    "y": -0.6687760718210513,
    "z": 0.6531235070742724
  },
  "D31": {
    "x": 0.6625664121879367,
    "y": -0.5151960816325595,
    "z": -0.543671543223353
  },
  "D32": {
    "x": 0.015938486993102997,
    "y": -0.9166537297702425,
    "z": 0.3993643753900365
  },
  "D33": {
    "x": 0.8090412695120662,
    "y": -0.49254056860238116,
    "z": -0.32071172804739634
  },
  "D34": {
    "x": -0.07080961738004823,
    "y": -0.9817166438033982,
    "z": 0.17668737749449664
  },
  "D35": {
    "x": 0.876119905443431,
    "y": -0.42107272600601947,
    "z": 0.23475874999593313
  },
  "D36": {
    "x": 0.1919195855120061,
    "y": -0.42891444397363454,
    "z": 0.8827226475216821
  },
  "D37": {
    "x": -0.3540666286206149,
    "y": -0.9085601020822607,
    "z": -0.22171008863266373
  },
  "D38": {
    "x": 0.14287718721885914,
    "y": -0.8463375436257914,
    "z": -0.5131265649154103
  },
  "D40": {
    "x": -0.8624471187554431,
    "y": 0.4175664581084164,
    "z": 0.28604758417652626
  },
  "D41": {
    "x": -0.11627469282646202,
    "y": 0.25859963709323525,
    "z": 0.9589611167838658
  },
  "D42": {
    "x": -0.8456143530492101,
    "y": 0.5300156883538284,
    "z": 0.0634013881234758
  },
  "D43": {
    "x": 0.8852917023875161,
    "y": -0.46452466995441966,
    "z": -0.021804418991361988
  },
  "D45": {
    "x": -0.6712518447418618,
    "y": 0.4230014788202701,
    "z": 0.6086794803889087
  },
  "D47": {
    "x": -0.9452999652794237,
    "y": -0.218048175396324,
    "z": 0.2426169178953817
  },
  "D48": {
    "x": -0.23035087194253345,
    "y": -0.9730007988374789,
    "z": -0.01441947491909456
  },
  "D49": {
    "x": -0.9718337980916881,
    "y": 0.07548430430120409,
    "z": 0.2232514024387013
  },
  "D50": {
    "x": 0.3341299376503922,
    "y": -0.939401147445112,
    "z": -0.0766985589470349
  },
  "D51": {
    "x": 0.09623141898027494,
    "y": -0.9953269499847162,
    "z": -0.007986027495886465
  },
  "D52": {
    "x": 0.5419348867719631,
    "y": -0.6805564633343256,
    "z": 0.4931018948587953
  },
  "D53": {
    "x": -0.0982526135643133,
    "y": -0.8822119804743122,
    "z": -0.4604871827047675
  },
  "D54": {
    "x": 0.7705026320760738,
    "y": -0.6233345010087177,
    "z": 0.13334089326255347
  },
  "D56": {
    "x": 0.17581485104091812,
    "y": -0.8109713745945858,
    "z": 0.5580453097568583
  },
  "D57": {
    "x": 0.2628322001331745,
    "y": -0.6938215665491517,
    "z": -0.6704706319925103
  },
  "D58": {
    "x": 0.18693162857329873,
    "y": -0.9570921587747202,
    "z": 0.22142982150306742
  },
  "D59": {
    "x": 0.6444572045426299,
    "y": -0.6774620510550733,
    "z": -0.3545702763816396
  },
  "D60": {
    "x": 0.3626406343217486,
    "y": -0.8453034412771478,
    "z": 0.3923695483899476
  },
  "D61": {
    "x": 0.4659488640593719,
    "y": -0.711505661271237,
    "z": -0.525976567976902
  },
  "D62": {
    "x": 0.5984887891249855,
    "y": -0.7555998667355844,
    "z": 0.26623300073596345
  },
  "D63": {
    "x": -0.36300899644241,
    "y": -0.3863696250775628,
    "z": 0.847905054424903
  },
  "D64": {
    "x": 0.7526334834958214,
    "y": -0.6451249662528081,
    "z": -0.13174451578057675
  },
  "D65": {
    "x": -0.09912414787886623,
    "y": -0.9690095761180363,
    "z": -0.226262777979129
  },
  "D66": {
    "x": 0.6166103490772975,
    "y": -0.7869680637366926,
    "z": 0.021747277284621256
  },
  "D67": {
    "x": 0.14913714292140212,
    "y": -0.9569683734559374,
    "z": -0.2489370298013911
  },
  "D68": {
    "x": 0.41949374044568927,
    "y": -0.8946058520178196,
    "z": 0.15396548724423884
  }
}