{
  "D2": {
    "x": -0.5625978481331022,
    "y": 0.4199932958216434,
    "z": 0.7121020241095206
  },
  "D3": {
    "x": 0.36338271959910706,
    "y": -0.7076527853445521,
    "z": 0.605954234650484
  },
  "D4": {
    "x": -0.4357363382002221,
    "y": -0.5569903827436747,
    "z": 0.707032925048697
  },
  "D5": {
    "x": -0.5155314914722406,
    "y": -0.46806157235131524,
    "z": 0.7177364737760105
  },
  "D6": {
    "x": -0.7356242638475426,
    "y": -0.14801516997045364,
    "z": 0.6610207651030174
  },
  "D7": {
    "x": 0.19813035370848844,
    "y": -0.8448993532985778,
    "z": 0.4968797095223293
  },
  "D8": {
    "x": -0.6437126673944504,
    "y": 0.3348796795370533,
    "z": 0.6881058073211432
  },
  "D9": {
    "x": 0.10542486533964632,
    "y": -0.8165905224798463,
    "z": 0.5675081641388158
  },
  "D10": {
    "x": -0.5677742268994391,
    "y": 0.5312478356243664,
    "z": 0.6288148888291135
  },
  "D11": {
    "x": -0.5894195008966087,
    "y": -0.20329696893005522,
    "z": 0.781827982606561
  },
  "D14": {
    "x": -0.005870535841167861,
    "y": -0.8454930781074975,
    "z": 0.5339541100892907
  },
  "D15": {
    "x": -0.4642250848288557,
    "y": 0.6423151138281317,
    "z": 0.6098576597564352
  },
  "D16": {
    "x": -0.2727702965516519,
    "y": 0.9364444113167816,
    "z": 0.22060877097860465
  },
  "D18": {
    "x": -0.3255010679943242,
    "y": -0.7363546822107172,
    "z": 0.593153299511103
  },
  "D19": {
    "x": -0.4908345683542561,
    "y": -0.37328252394260764,
    "z": 0.7872366758653508
  },
  "D20": {
    "x": -0.38586879101224825,
    "y": -0.6517236653520073,
    "z": 0.6529636591288145
  },
  "D21": {
    "x": -0.35652160093369145,
    "y": 0.887688549396558,
    "z": 0.291378426342639
  },
  "D22": {
    "x": -0.2645921885375494,
    "y": 0.9588437731566909,
    "z": 0.10300287589941505
  },
  "D23": {
    "x": -0.308188827027742,
    "y": -0.8432985727502282,
    "z": 0.44030349089314796
  },
  "D24": {
    "x": 0.2930627758401948,
    "y": -0.9338785138516754,
    "z": -0.20490273493300618
  },
  "D25": {
    "x": -0.615138986268984,
    "y": -0.3465331432953383,
    "z": 0.7081799264098207
  },
  "D26": {
    "x": -0.42719406384038766,
    "y": 0.7387295032121463,
    "z": 0.521329025571635
  },
  "D27": {
    "x": -0.3404987732449006,
    "y": 0.809582341603735,
    "z": 0.47816003344291674
  },
  "D28": {
    "x": -0.5197038035861433,
    "y": -0.5826015648363845,
    "z": 0.6248866882789962
  },
  "D30": {
    "x": -0.21020643833521005,
    "y": -0.7569201555277717,
    "z": 0.6187771258201448
  },
  "D31": {
    "x": -0.10144745418826806,
    "y": -0.7378779335991478,
    "z": 0.6672664903516219
  },
  "D32": {
    "x": -0.18673080136365977,
    "y": -0.9459445514201644,
    "z": 0.2651801528406479
  },
  "D34": {
    "x": -0.2536697759233936,
    "y": -0.632571153274911,
    "z": 0.7317823315900873
  },
  "D36": {
    "x": -0.45356817116409104,
    "y": 0.8622062794730513,
    "z": 0.22555763286597222
  },
  "D37": {
    "x": -0.036039692907064144,
    "y": -0.9708823865466231,
    "z": 0.2368301755028239
  },
  "D38": {
    "x": -0.2270910624079751,
    "y": -0.39656979893038713,
    "z": 0.8894729023139094
  },
  "D40": {
    "x": -0.013334797835361912,
    "y": 0.9184319919064922,
    "z": 0.3953540937050773
  },
  "D41": {
    "x": 0.18582467009435047,
    "y": -0.002763369266648391,
    "z": 0.9825790328388968
  },
  "D42": {
    "x": -0.01808995980072752,
    "y": 0.9590819397916647,
    "z": 0.2825501479735341
  },
  "D43": {
    "x": 0.6097923815825909,
    "y": -0.46889761848111255,
    "z": 0.6389743928723381
  },
  "D45": {
    "x": -0.41230280874809777,
    "y": -0.07279891578240237,
    "z": 0.9081336420149494
  },
  "D47": {
    "x": 0.666019151199231,
    "y": -0.16293931559005317,
    "z": 0.7279211974320442
  },
  "D48": {
    "x": 0.0476972776607996,
    "y": -0.9391004991107319,
    "z": 0.34031635616544065
  },
  "D49": {
    "x": 0.705944710121542,
    "y": -0.051848771434766516,
    "z": 0.7063665982704145
  },
  "D50": {
    "x": 0.006337956638594045,
    "y": -0.7759381691352186,
    "z": 0.6307771302010973
  },
  "D51": {
    "x": -0.219680316363379,
    "y": -0.8258718647931373,
    "z": 0.5193035928487221
  },
  "D52": {
    "x": 0.27511038838415447,
    "y": -0.9394207449591604,
    "z": 0.2044576683411409
  },
  "D53": {
    "x": -0.2308156580412222,
    "y": -0.9004839757962961,
    "z": 0.36858206865919746
  },
  "D54": {
    "x": 0.17330394651586808,
    "y": -0.9055126921493817,
    "z": 0.3873144800784038
  },
  "D55": {
    "x": -0.14209460895304443,
    "y": -0.8829463417592228,
    "z": 0.4474537737917597
  },
  "D56": {
    "x": 0.08737006944003294,
    "y": -0.8799522661230776,
    "z": 0.466958756541629
  },
  "D57": {
    "x": -0.09165885696953098,
    "y": -0.9368719450977832,
    "z": 0.33744571774988574
  },
  "D58": {
    "x": -0.024557890835978095,
    "y": -0.9023305765660897,
    "z": 0.43034456031370527
  },
  "D59": {
    "x": 0.009124524189171838,
    "y": -0.3962222172986913,
    "z": 0.9181093058983935
  },
  "D60": {
    "x": -0.11362220355713205,
    "y": -0.8114243493740101,
    "z": 0.5733066545068058
  },
  "D61": {
    "x": -0.3435578000984129,
    "y": -0.5266158308011443,
    "z": 0.7775884546089656
  }
}