{
  "D2": {
    "x": -0.695099070054349,
    "y": 0.710261495972916,
    "z": 0.11120202402786802
  },
  "D3": {
    "x": -0.34176643253170275,
    "y": 0.5462969378525305,
    "z": 0.7646929849864593
  },
  "D4": {
    "x": -0.8006565495278979,
    "y": -0.5009307384061863,
    "z": -0.3286601360340398
  },
  "D5": {
    "x": -0.9219004611589416,
    "y": -0.37469861452892317,
    "z": -0.09849105535547935
  },
  "D6": {
    "x": -0.7849125083334018,
    "y": 0.46689011461464963,
    "z": -0.4073401221791036
  },
  "D7": {
    "x": 0.3267435354498845,
    "y": -0.9005275125737184,
    "z": 0.28686035128525794
  },
  "D8": {
    "x": -0.5215733877572857,
    "y": 0.8528234511760384,
    "z": -0.02556095279091579
  },
  "D9": {
    "x": -0.02402867881254926,
    "y": -0.8427451170163305,
    "z": 0.5377762456074597
  },
  "D10": {
    "x": -0.49943800530860594,
    "y": 0.8371672194227511,
    "z": 0.22296350727717845
  },
  "D11": {
    "x": -0.9621899501770124,
    "y": 0.22744930702352828,
    "z": 0.14985764082246616
  },
  "D12": {
    "x": -0.91129627416035,
    "y": 0.33908719576774043,
    "z": -0.2335786256656083
  },
  "D13": {
    "x": -0.3771077479450614,
    "y": -0.1561332993150486,
    "z": 0.9129140919521407
  },
  "D14": {
    "x": 0.08224837367110663,
    "y": -0.947286214759492,
    "z": 0.3096514691634642
  },
  "D15": {
    "x": -0.3677622433513609,
    "y": 0.7820887976098759,
    "z": 0.5030785674408252
  },
  "D16": {
    "x": 0.18237673385949807,
    "y": 0.9573871450447674,
    "z": 0.22393878951573232
  },
  "D18": {
    "x": -0.6259393346259626,
    "y": -0.7713972290262244,
    "z": -0.11465716034626831
  },
  "D19": {
    "x": -0.5744465278765112,
    "y": -0.7366992378967855,
    "z": -0.35677082208739513
  },
  "D20": {
    "x": -0.7996635741478642,
    "y": -0.5926967856529624,
    "z": -0.09617010168295484
  },
  "D21": {
    "x": -0.08956878003240562,
    "y": 0.9873708633926113,
    "z": 0.1306759800683957
  },
  "D22": {
    "x": 0.14107628437041767,
    "y": 0.9897867238205016,
    "z": -0.020487150531862626
  },
  "D23": {
    "x": -0.7835943798942291,
    "y": -0.340524880097113,
    "z": -0.5196370404744307
  },
  "D26": {
    "x": -0.2941241661100398,
    "y": 0.9546941996805032,
    "z": -0.04527648403395738
  },
  "D27": {
    "x": -0.07075303706055877,
    "y": 0.9856601594556909,
    "z": -0.15319287779948973
  },
  "D28": {
    "x": -0.9912138446714162,
    "y": 0.11218131764322649,
    "z": -0.07007471800541905
  },
  "D30": {
    "x": -0.6338536225010217,
    "y": -0.7324134075856877,
    "z": 0.24859643125164463
  },
  "D31": {
    "x": -0.4991191724900061,
    "y": -0.8628015483014694,
    "z": 0.08033392746205517
  },
  "D32": {
    "x": -0.42205345481894563,
    "y": -0.882597074118193,
    "z": -0.20710694346978573
  },
  "D34": {
    "x": -0.7530735608707191,
    "y": -0.52745382656396,
    "z": 0.3932844679879073
  },
  "D36": {
    "x": -0.9495704583794418,
    "y": 0.052214459734144444,
    "z": -0.3091756697538286
  },
  "D37": {
    "x": 0.15623338846880638,
    "y": -0.9595580154119888,
    "z": -0.2341784434702746
  },
  "D38": {
    "x": -0.9212465795607607,
    "y": 0.056679983645831995,
    "z": 0.3848273887101949
  },
  "D40": {
    "x": -0.7219385159000495,
    "y": 0.46435466950695387,
    "z": 0.5130102534717231
  },
  "D41": {
    "x": -0.8681733223408,
    "y": 0.36495615439491386,
    "z": 0.33627680227011375
  },
  "D42": {
    "x": -0.5333739361014279,
    "y": 0.6127754412705568,
    "z": 0.5831110553431003
  },
  "D43": {
    "x": -0.4742699013481741,
    "y": -0.4073201957447993,
    "z": 0.7804859504267911
  },
  "D45": {
    "x": -0.8024676867136785,
    "y": 0.23063985277912932,
    "z": 0.5503188803688451
  },
  "D47": {
    "x": -0.5386210866542012,
    "y": 0.021135388303631254,
    "z": 0.8422829811724218
  },
  "D48": {
    "x": -0.20572097695554867,
    "y": -0.9228057783832476,
    "z": -0.32574280502099057
  },
  "D49": {
    "x": -0.4380112774862449,
    "y": 0.2489820337305301,
    "z": 0.8638020998320604
  },
  "D50": {
    "x": -0.36454376197840976,
    "y": -0.6270996285926784,
    "z": 0.6883704681503653
  },
  "D51": {
    "x": -0.5182751607443337,
    "y": -0.7112178060924684,
    "z": 0.4749316688245277
  },
  "D52": {
    "x": -0.6121036703572831,
    "y": -0.5158032837328292,
    "z": 0.5993964207647332
  },
  "D53": {
    "x": 0.15778979502146498,
    "y": -0.986790230153413,
    "z": 0.03670725079406241
  },
  "D54": {
    "x": -0.4030484345310823,
    "y": -0.8606993718485355,
    "z": 0.31104429061080685
  },
  "D55": {
    "x": -0.0680899098021244,
    "y": -0.989436744891441,
    "z": -0.12797926410855895
  },
  "D56": {
    "x": -0.2887425556732668,
    "y": -0.8005614722422245,
    "z": 0.5250991008415768
  },
  "D57": {
    "x": -0.2867186595255049,
    "y": -0.95795291679752,
    "z": -0.010891256999135413
  },
  "D58": {
    "x": -0.16377030362729475,
    "y": -0.9234996792170078,
    "z": 0.3468827325421478
  },
  "D59": {
    "x": -0.6160731671061594,
    "y": -0.20232823116432236,
    "z": 0.7612602312256319
  },
  "D60": {
    "x": -0.07724115828365902,
    "y": -0.9895399791861232,
    "z": 0.12183773249418968
  },
  "D61": {
    "x": -0.8033948299820926,
    "y": -0.5754110070623515,
    "z": 0.15316305073200617
  }
}