{
  "D2": {
    "x": -0.4801192112851355,
    "y": -0.5244614537919549,
    "z": 0.7031541270883424
  },
  "D4": {
    "x": -0.012217152178400118,
    "y": -0.9532545762411196,
    "z": 0.30192127130762636
  },
  "D5": {
    "x": -0.6387169522600157,
    "y": -0.7591589889461785,
    "z": -0.12537258232122786
  },
  "D7": {
    "x": -0.37977334329575263,
    "y": -0.6290587442350908,
    "z": 0.6782752420834312
  },
  "D8": {
    "x": 0.18279169945692408,
    "y": 0.9763380743510403,
    "z": 0.1155472162457927
  },
  "D9": {
    "x": -0.26004964535005415,
    "y": -0.9597620664457271,
    "z": -0.10597621320437385
  },
  "D10": {
    "x": -0.705325529540629,
    "y": -0.48294713959442,
    "z": 0.5189199916516989
  },
  "D11": {
    "x": -0.1315478094288261,
    "y": -0.9206786948622525,
    "z": 0.36748593804554863
  },
  "D12": {
    "x": -0.8283442213470251,
    "y": -0.559792492315896,
    "z": 0.021868161965478774
  },
  "D13": {
    "x": -0.19086771368124525,
    "y": -0.9814844327542919,
    "z": 0.01605690303515029
  },
  "D15": {
    "x": -0.8364459460881455,
    "y": -0.5043619598727023,
    "z": 0.21442292952497913
  },
  "D16": {
    "x": -0.21895029358862877,
    "y": -0.7163623567982561,
    "z": 0.6624845226115864
  },
  "D17": {
    "x": -0.7435197051068069,
    "y": -0.6677356884419962,
    "z": -0.036159348705146935
  },
  "D18": {
    "x": -0.17120607792317205,
    "y": -0.2542685508946678,
    "z": -0.9518592243121303
  },
  "D19": {
    "x": -0.557168991617181,
    "y": -0.8207581746237844,
    "z": 0.12616946369279372
  },
  "D20": {
    "x": -0.37721793687537347,
    "y": -0.8124906483777126,
    "z": 0.4444834917049799
  },
  "D21": {
    "x": 0.2246829457003612,
    "y": 0.9697579289456595,
    "z": -0.09532645571106624
  },
  "D22": {
    "x": 0.31996983883911584,
    "y": 0.9336372297023054,
    "z": 0.16106155825359111
  },
  "D23": {
    "x": -0.6848079721267397,
    "y": -0.7022499560445832,
    "z": 0.19463566103631566
  },
  "D26": {
    "x": 0.3656128277271971,
    "y": 0.9261973584144847,
    "z": -0.09211793238752794
  },
  "D27": {
    "x": 0.2946105514371867,
    "y": 0.9552879370568917,
    "z": 0.025091438688620446
  },
  "D28": {
    "x": -0.23935141984781094,
    "y": -0.9300850328611492,
    "z": 0.2786623933445494
  },
  "D30": {
    "x": -0.3388972830249169,
    "y": -0.7313368324634989,
    "z": 0.5918573046272098
  },
  "D31": {
    "x": -0.5805739842755745,
    "y": -0.773020946959684,
    "z": 0.2556803949150936
  },
  "D32": {
    "x": -0.790615125400789,
    "y": -0.4921970012325082,
    "z": 0.36423870670924174
  },
  "D33": {
    "x": -0.3806046533049249,
    "y": -0.9138199570397006,
    "z": 0.14167986447832948
  },
  "D34": {
    "x": -0.49833703144009056,
    "y": -0.621789372681917,
    "z": 0.6041838951141499
  },
  "D35": {
    "x": -0.5137349942522927,
    "y": -0.8477759601099281,
    "z": -0.13172804234591243
  },
  "D36": {
    "x": -0.04981201291405602,
    "y": -0.3236534352860555,
    "z": -0.9448635971382247
  },
  "D37": {
    "x": 0.5528581283242331,
    "y": -0.4493181738525394,
    "z": -0.7017557043527648
  },
  "D38": {
    "x": -0.4571174429690775,
    "y": -0.7235122643614706,
    "z": 0.5172752136454534
  },
  "D40": {
    "x": -0.4617507071490912,
    "y": 0.40955273239656637,
    "z": -0.786799112756122
  },
  "D41": {
    "x": -0.4119363975445823,
    "y": 0.14563719735503275,
    "z": -0.8994988666610777
  },
  "D42": {
    "x": -0.33136478874233033,
    "y": 0.4792743650539726,
    "z": -0.8127074872202559
  },
  "D43": {
    "x": -0.3613310529236853,
    "y": -0.8756121311278393,
    "z": 0.3205359044082656
  },
  "D45": {
    "x": -0.4508100934237637,
    "y": 0.2708957738425849,
    "z": -0.8505208635780104
  },
  "D47": {
    "x": -0.27378777489417966,
    "y": 0.24361763320359012,
    "z": -0.9304250120836042
  },
  "D48": {
    "x": -0.7779219705691051,
    "y": -0.6122249995487294,
    "z": 0.14148483181400964
  },
  "D49": {
    "x": -0.3392743145685025,
    "y": 0.352723604288139,
    "z": -0.8720544698882389
  },
  "D50": {
    "x": -0.11480727585784058,
    "y": -0.8621125854840805,
    "z": 0.4935394405314086
  },
  "D51": {
    "x": -0.5787658124148296,
    "y": -0.815404764711832,
    "z": -0.012050064939416679
  },
  "D52": {
    "x": -0.5976512439611684,
    "y": -0.49286314616093335,
    "z": 0.632375608122273
  },
  "D53": {
    "x": -0.39383362993610754,
    "y": -0.9135338271360951,
    "z": -0.1017399558159338
  },
  "D54": {
    "x": -0.6537703828249892,
    "y": -0.6804559558040189,
    "z": 0.3310044995943505
  },
  "D56": {
    "x": -0.12517213733604596,
    "y": -0.9700452468774629,
    "z": 0.20819259123505862
  },
  "D57": {
    "x": -0.6975148526924975,
    "y": -0.5810505067919078,
    "z": 0.41934870791529877
  },
  "D58": {
    "x": -0.6711023946122967,
    "y": -0.7389148293106479,
    "z": 0.06022002134222006
  },
  "D59": {
    "x": -0.4677982632047706,
    "y": -0.8526890281134754,
    "z": 0.23256441317943968
  },
  "D60": {
    "x": -0.2478783180976473,
    "y": -0.9583555940647879,
    "z": 0.1418128863742967
  },
  "D61": {
    "x": -0.495181520835722,
    "y": -0.7867580338068226,
    "z": 0.36852009126130947
  },
  "D62": {
    "x": -0.2378403303771819,
    "y": -0.8102539390456508,
    "z": 0.5356496350293538
  },
  "D63": {
    "x": -0.465334364066596,
    "y": -0.8845040950864976,
    "z": 0.033413102130040194
  },
  "D64": {
    "x": -0.6118635970515467,
    "y": -0.5872045395306874,
    "z": 0.5299186422062317
  },
  "D65": {
    "x": -0.3260807349239169,
    "y": -0.945195986913331,
    "z": 0.016610256903875083
  },
  "D66": {
    "x": -0.7527288425862122,
    "y": -0.5966093618108177,
    "z": 0.2783101847552658
  },
  "D67": {
    "x": -0.25575700646934785,
    "y": -0.8743314060795598,
    "z": 0.4124717517415927
  },
  "D68": {
    "x": -0.5715858300756119,
    "y": -0.6900822365457315,
    "z": 0.443932591347847
  }
}