{
  "D2": {
    "x": -0.032615749717676085,
    "y": -0.6745960695288179,
    "z": 0.7374661726795502
  },
  "D3": {
    "x": 0.012927841118653579,
    "y": -0.3036326320705347,
    "z": 0.952701472480194
  },
  "D4": {
    "x": -0.31061350679824545,
    "y": -0.6722717210543898,
    "z": 0.6719895702055688
  },
  "D5": {
    "x": 0.0012331534791483346,
    "y": 0.728667303516168,
    "z": 0.6848667316485548
  },
  "D7": {
    "x": 0.2860618764973397,
    "y": -0.9358548435547761,
    "z": -0.20577734231417782
  },
  "D8": {
    "x": -0.07638858908809674,
    "y": 0.9538890358570166,
    "z": 0.29027657626632786
  },
  "D9": {
    "x": 0.364156588202487,
    "y": -0.9301586398888405,
    "z": 0.04684958813977624
  },
  "D10": {
    "x": 0.09553182588062008,
    "y": 0.22937510249529292,
    "z": 0.9686385975167358
  },
  "D11": {
    "x": 0.11158973957787617,
    "y": -0.07710387457885964,
    "z": 0.9907586600912804
  },
  "D12": {
    "x": -0.2192373474038649,
    "y": 0.5593971828401507,
    "z": 0.7993808712583884
  },
  "D13": {
    "x": 0.26011919909573744,
    "y": -0.27942430574326715,
    "z": 0.9242618999080755
  },
  "D15": {
    "x": 0.054380921282278276,
    "y": 0.8717708009629874,
    "z": 0.48688642000865284
  },
  "D16": {
    "x": -0.9630820402287836,
    "y": 0.11554487281196867,
    "z": 0.243150912306801
  },
  "D17": {
    "x": -0.10175873114104642,
    "y": 0.37542399393543435,
    "z": 0.9212502295327428
  },
  "D18": {
    "x": -0.32391857301877225,
    "y": -0.8204603619549228,
    "z": 0.47108550446206604
  },
  "D19": {
    "x": -0.6094327695564276,
    "y": -0.6441595697933294,
    "z": 0.4622230500899485
  },
  "D20": {
    "x": -0.39577238470429993,
    "y": -0.7832671647490619,
    "z": -0.479433799529651
  },
  "D21": {
    "x": 0.21885313851999144,
    "y": 0.9339084384023933,
    "z": 0.28269830639880505
  },
  "D22": {
    "x": 0.0695543600008446,
    "y": 0.993402299585537,
    "z": 0.0911814793861107
  },
  "D23": {
    "x": 0.3290610677604502,
    "y": 0.32773604860786165,
    "z": 0.8856115943952279
  },
  "D26": {
    "x": 0.24622096235891727,
    "y": 0.8640211342957212,
    "z": -0.4391386081698853
  },
  "D27": {
    "x": 0.39155513114282336,
    "y": 0.8890378827813606,
    "z": -0.23726824957284579
  },
  "D28": {
    "x": -0.5076259258169122,
    "y": -0.8068891589664003,
    "z": 0.3020692049531327
  },
  "D30": {
    "x": -0.6140562767894562,
    "y": -0.7034848059331206,
    "z": -0.3578323863999878
  },
  "D31": {
    "x": 0.3357585817856169,
    "y": -0.8952940316129678,
    "z": 0.29277085188848584
  },
  "D32": {
    "x": -0.6837322781162741,
    "y": -0.713956579400895,
    "z": 0.15091777427494532
  },
  "D33": {
    "x": -0.22675708646266676,
    "y": -0.9103746741752466,
    "z": -0.34612017618058055
  },
  "D34": {
    "x": 0.08343945472756245,
    "y": -0.9322102816322482,
    "z": -0.35216735824589374
  },
  "D35": {
    "x": -0.08611204991070691,
    "y": -0.8308337279754374,
    "z": 0.5498181802365332
  },
  "D36": {
    "x": -0.7829436729501601,
    "y": -0.5331416716140358,
    "z": 0.32056070092246897
  },
  "D37": {
    "x": 0.47948322259591825,
    "y": -0.8189404283706094,
    "z": -0.3153290567473854
  },
  "D38": {
    "x": -0.1347889951219405,
    "y": -0.484842087214265,
    "z": 0.8641528089752023
  },
  "D39": {
    "x": -0.8412519343897273,
    "y": -0.5354787771206893,
    "z": 0.07454972930114029
  },
  "D40": {
    "x": 0.9605929602824631,
    "y": 0.252747740896784,
    "z": 0.11567084389484901
  },
  "D41": {
    "x": -0.2354305975961807,
    "y": 0.9693388786450884,
    "z": 0.07038872113192376
  },
  "D42": {
    "x": 0.8658948192862489,
    "y": 0.4838403596859317,
    "z": 0.12698294480843855
  },
  "D43": {
    "x": 0.6144944752555263,
    "y": -0.7888519275138459,
    "z": -0.010448748160690982
  },
  "D45": {
    "x": 0.9185342606470357,
    "y": 0.17203178585394144,
    "z": 0.3559492613751394
  },
  "D47": {
    "x": 0.9586611785661734,
    "y": -0.237588518720361,
    "z": 0.15659003953757725
  },
  "D48": {
    "x": 0.7940102273189122,
    "y": -0.5964526650546265,
    "z": 0.11743924924063005
  },
  "D49": {
    "x": 0.9849540046202184,
    "y": 0.01051462715315223,
    "z": 0.1724965257575504
  },
  "D50": {
    "x": 0.1426920993185416,
    "y": -0.8767985154282989,
    "z": 0.4591985715731253
  },
  "D51": {
    "x": -0.4511550439849515,
    "y": -0.8575171965461414,
    "z": -0.2472314379575997
  },
  "D52": {
    "x": 0.6351722418675338,
    "y": -0.6247065707495459,
    "z": 0.45420031222282725
  },
  "D53": {
    "x": -0.10057910438070254,
    "y": -0.9913263732403835,
    "z": 0.08459234882685072
  },
  "D54": {
    "x": -0.520077466178509,
    "y": -0.8538401686894923,
    "z": 0.021826486332917117
  },
  "D55": {
    "x": 0.13058609212077546,
    "y": -0.9912732946032292,
    "z": -0.0180146593385509
  },
  "D56": {
    "x": -0.3276439435358284,
    "y": -0.9279258153643908,
    "z": 0.17777268475393423
  },
  "D57": {
    "x": 0.10439075537564382,
    "y": -0.9676979869124828,
    "z": 0.22948458840983416
  },
  "D58": {
    "x": -0.07244467441874759,
    "y": -0.9838487733035773,
    "z": -0.16368677532839276
  },
  "D59": {
    "x": 0.6235865431380706,
    "y": -0.7454140080143183,
    "z": 0.23557966778383307
  },
  "D60": {
    "x": -0.30178044403997967,
    "y": -0.9508176700123216,
    "z": -0.06981634470073847
  },
  "D61": {
    "x": -0.12726362221358745,
    "y": -0.9364125756272947,
    "z": 0.3270098754902267
  }
}