{
  "D2": {
    "x": 0.005417359058879797,
    "y": -0.5399731261414846,
    "z": -0.8416648235882378
  },
  "D4": {
    "x": -0.05746539421279255,
    "y": -0.9746502834375277,
    "z": -0.2162280126697637
  },
  "D5": {
    "x": 0.5691712182063428,
    "y": -0.7451265270968013,
    "z": -0.3476069374770415
  },
  "D7": {
    "x": -0.14147369494308848,
    "y": -0.5792408530724223,
    "z": -0.8027859165251233
  },
  "D8": {
    "x": 0.16544090841096004,
    "y": 0.9813007091541942,
    "z": 0.09837796520375733
  },
  "D9": {
    "x": 0.35563189237456827,
    "y": -0.8833594130508831,
    "z": -0.3052901971902848
  },
  "D10": {
    "x": 0.22866582156418783,
    "y": -0.4280709343891191,
    "z": -0.8743381595124403
  },
  "D11": {
    "x": -0.2269454604606669,
    "y": -0.908978870080572,
    "z": -0.34964721037546237
  },
  "D12": {
    "x": 0.5267993950377997,
    "y": -0.7049778522041553,
    "z": -0.4748564259746565
  },
  "D13": {
    "x": 0.11459164144683803,
    "y": -0.985510810543083,
    "z": -0.1250487825339984
  },
  "D15": {
    "x": 0.5062920790148662,
    "y": -0.5224154130066956,
    "z": -0.6861125760251362
  },
  "D16": {
    "x": -0.21858975303668773,
    "y": -0.6602236597566602,
    "z": -0.718556357542595
  },
  "D17": {
    "x": 0.3417514837739501,
    "y": -0.6933660774969547,
    "z": -0.6343890020443218
  },
  "D18": {
    "x": 0.27227729801705713,
    "y": -0.7857450709937303,
    "z": -0.5554005369043035
  },
  "D19": {
    "x": 0.3513769683454376,
    "y": -0.9205963489912582,
    "z": -0.1704012568625449
  },
  "D20": {
    "x": 0.24881277611146732,
    "y": -0.6417145336933066,
    "z": -0.7254616872657625
  },
  "D21": {
    "x": 0.18785401499084206,
    "y": 0.9753615675098364,
    "z": -0.11567489648396337
  },
  "D22": {
    "x": 0.3074090000524783,
    "y": 0.9425908759319959,
    "z": 0.13046895146542895
  },
  "D23": {
    "x": 0.4029670122301054,
    "y": -0.7571489206200134,
    "z": -0.5141430725569398
  },
  "D26": {
    "x": 0.32983420201915153,
    "y": 0.9355391657507394,
    "z": -0.1263956823819549
  },
  "D27": {
    "x": 0.2697873282886228,
    "y": 0.9629157454820072,
    "z": -0.0028398235363230567
  },
  "D28": {
    "x": 0.32191575727628574,
    "y": -0.8411765754248164,
    "z": -0.4345022602631818
  },
  "D30": {
    "x": 0.09051813343996953,
    "y": -0.4412670674451334,
    "z": -0.8927988814435848
  },
  "D31": {
    "x": -0.3036424312933098,
    "y": -0.8084804569222628,
    "z": -0.5041434564616076
  },
  "D32": {
    "x": 0.5814898845168238,
    "y": -0.5717144865916207,
    "z": -0.5788022633213269
  },
  "D33": {
    "x": -0.025056899185814097,
    "y": -0.8867777134808074,
    "z": -0.46151645547796377
  },
  "D34": {
    "x": 0.034659728303083344,
    "y": -0.744896704600875,
    "z": -0.6662789226057757
  },
  "D35": {
    "x": -0.08921485593093666,
    "y": -0.9338591531649156,
    "z": -0.3463347968820471
  },
  "D36": {
    "x": 0.772990911135519,
    "y": -0.2957361041737236,
    "z": 0.5612710646292294
  },
  "D37": {
    "x": 0.025945421907707295,
    "y": -0.4105539473640305,
    "z": 0.9114671093275084
  },
  "D38": {
    "x": -0.10480991074996915,
    "y": -0.729652969739027,
    "z": -0.675737690498023
  },
  "D40": {
    "x": 0.8328355513302088,
    "y": 0.5152282525626576,
    "z": 0.20229876964958882
  },
  "D41": {
    "x": 0.9109416429692236,
    "y": 0.2521892633939611,
    "z": 0.326474958508831
  },
  "D42": {
    "x": 0.7392789359460993,
    "y": 0.6072933827148569,
    "z": 0.29096632481637746
  },
  "D43": {
    "x": 0.22157135237541334,
    "y": -0.951677459981042,
    "z": -0.212640889695662
  },
  "D45": {
    "x": 0.8950187007084005,
    "y": 0.382197079016544,
    "z": 0.22992807173868196
  },
  "D47": {
    "x": 0.8061597277457052,
    "y": 0.3335628504815433,
    "z": 0.48871496615061644
  },
  "D48": {
    "x": 0.4083619081491864,
    "y": -0.4564262561951194,
    "z": -0.7905160495704454
  },
  "D49": {
    "x": 0.7872882875021194,
    "y": 0.49780741605478174,
    "z": 0.3638199127079794
  },
  "D50": {
    "x": 0.18850378651085,
    "y": -0.8610583019300463,
    "z": -0.4722763207576866
  },
  "D51": {
    "x": 0.38453420811523303,
    "y": -0.5859375374107781,
    "z": -0.7133096417700969
  },
  "D52": {
    "x": 0.09081610040690492,
    "y": -0.9167906809763322,
    "z": -0.38890523676319405
  },
  "D53": {
    "x": 0.1777401319956515,
    "y": -0.7401176919072372,
    "z": -0.6485632178932694
  },
  "D54": {
    "x": 0.08914785269460344,
    "y": -0.8218004888960728,
    "z": -0.5627580446427374
  },
  "D56": {
    "x": 0.2888062594526027,
    "y": -0.528879457100583,
    "z": -0.7980460289720065
  },
  "D57": {
    "x": -0.16371774826176386,
    "y": -0.8685263065498293,
    "z": -0.4678232077772647
  },
  "D58": {
    "x": 0.4695668976847,
    "y": -0.654721404534043,
    "z": -0.5923232318960119
  },
  "D59": {
    "x": -0.18848052178588956,
    "y": -0.791158857216881,
    "z": -0.5818442708788992
  },
  "D60": {
    "x": 0.4789815752313358,
    "y": -0.8398598281874778,
    "z": -0.2553666375739176
  },
  "D61": {
    "x": 0.15228230637036935,
    "y": -0.5485845565337933,
    "z": -0.822110140734891
  },
  "D62": {
    "x": 0.0757628954477829,
    "y": -0.9632499118286738,
    "z": -0.25770058408047974
  },
  "D63": {
    "x": 0.8531848542609181,
    "y": 0.3742878291283208,
    "z": 0.3632963328003532
  },
  "D64": {
    "x": 0.111112899141449,
    "y": -0.657865854655062,
    "z": -0.744893576911056
  },
  "D65": {
    "x": 0.4490141703443543,
    "y": -0.8046023737690692,
    "z": -0.3885888507859566
  },
  "D66": {
    "x": -0.02775044134284059,
    "y": -0.6489709032379976,
    "z": -0.7603069641636432
  },
  "D67": {
    "x": 0.22466628390387802,
    "y": -0.9107526914915254,
    "z": -0.3464889548279493
  },
  "D68": {
    "x": -0.04973873574020615,
    "y": -0.8140956030082193,
    "z": -0.5785969299345183
  }
}