{
  "D2": {
    "x": 0.6239497171048485,
    "y": 0.10806699123389694,
    "z": -0.7739562493645441
  },
  "D4": {
    "x": 0.32304234193807857,
    "y": -0.5371035286525548,
    "z": -0.7792069332495288
  },
  "D5": {
    "x": 0.46558396209072783,
    "y": 0.36367678080918925,
    "z": -0.8068275982786933
  },
  "D7": {
    "x": -0.3074367287426169,
    "y": -0.16661462524701498,
    "z": -0.9368683069000868
  },
  "D8": {
    "x": -0.12012436012154305,
    "y": 0.9894133319098142,
    "z": -0.08143338838897744
  },
  "D9": {
    "x": -0.10997675961889011,
    "y": -0.5556521528952598,
    "z": -0.8241090930978687
  },
  "D10": {
    "x": 0.6480794234573686,
    "y": -0.13944969168078478,
    "z": -0.748696763971435
  },
  "D11": {
    "x": 0.4454255364807898,
    "y": -0.1006386542034888,
    "z": -0.8896448464027155
  },
  "D12": {
    "x": 0.06319353635965864,
    "y": -0.9969381311046148,
    "z": 0.04605366122252014
  },
  "D13": {
    "x": 0.39871549268017964,
    "y": 0.14432094084467184,
    "z": -0.905647515278715
  },
  "D15": {
    "x": 0.062460668627028405,
    "y": 0.7512806585548236,
    "z": -0.6570205757478949
  },
  "D16": {
    "x": 0.9527364686795822,
    "y": -0.2402312068937721,
    "z": -0.18596286855800362
  },
  "D17": {
    "x": -0.5544772849745667,
    "y": -0.5217950389133383,
    "z": -0.6482938205880581
  },
  "D18": {
    "x": 0.8296646654067432,
    "y": -0.11726751416322337,
    "z": -0.5458066261025923
  },
  "D19": {
    "x": 0.7682900109202939,
    "y": -0.6390023001847632,
    "z": -0.037503592876899534
  },
  "D20": {
    "x": 0.38005127213688716,
    "y": -0.9238048374020487,
    "z": 0.04632119320255211
  },
  "D21": {
    "x": 0.03374975338291559,
    "y": 0.9927255265391047,
    "z": 0.11557241497974233
  },
  "D22": {
    "x": -0.198868280009965,
    "y": 0.9591667403738408,
    "z": 0.20112327405474265
  },
  "D23": {
    "x": 0.7188655736021606,
    "y": -0.3345067132431171,
    "z": -0.6093747171362821
  },
  "D26": {
    "x": 0.6577415212140311,
    "y": 0.4555687151765059,
    "z": -0.5998610147554851
  },
  "D27": {
    "x": 0.5437442509329307,
    "y": 0.6635865452315687,
    "z": -0.513804521744425
  },
  "D28": {
    "x": 0.8231034546430066,
    "y": -0.5120699673997204,
    "z": -0.24553014365245918
  },
  "D30": {
    "x": 0.5858533401086062,
    "y": -0.8095345763814374,
    "z": -0.03781049492556935
  },
  "D31": {
    "x": -0.12047937020875961,
    "y": -0.33237402477153377,
    "z": -0.9354208833521264
  },
  "D32": {
    "x": 0.8575178593535592,
    "y": -0.320551160408478,
    "z": -0.40238050953105065
  },
  "D33": {
    "x": -0.3388411040499183,
    "y": -0.8905756779269056,
    "z": -0.30341665757051783
  },
  "D34": {
    "x": 0.44855863885866076,
    "y": -0.8610376871006411,
    "z": -0.23960227231319006
  },
  "D35": {
    "x": -0.08267649102744593,
    "y": -0.05086987057710709,
    "z": -0.9952772749836384
  },
  "D36": {
    "x": 0.9044756491512577,
    "y": -0.4257612129493554,
    "z": -0.025518417668510044
  },
  "D37": {
    "x": -0.17834583012316532,
    "y": -0.8989968680556466,
    "z": 0.3999967451165288
  },
  "D38": {
    "x": 0.22265164223942943,
    "y": -0.9642980782669577,
    "z": -0.1433717631151172
  },
  "D40": {
    "x": 0.39070865494729234,
    "y": 0.6959483809327701,
    "z": 0.602496969308837
  },
  "D41": {
    "x": 0.9345900526111195,
    "y": 0.30021376105990366,
    "z": 0.1908222503551725
  },
  "D42": {
    "x": 0.15451979907908533,
    "y": 0.7145594663362415,
    "z": 0.682296417081187
  },
  "D43": {
    "x": -0.345801045040814,
    "y": -0.39771330052917736,
    "z": -0.8498504385071936
  },
  "D45": {
    "x": 0.4038208211161379,
    "y": 0.5832960646093952,
    "z": -0.7047655251530683
  },
  "D47": {
    "x": 0.3453358181474492,
    "y": 0.3242411063773418,
    "z": 0.8806877299245341
  },
  "D48": {
    "x": 0.24543811952304598,
    "y": -0.8914732608891524,
    "z": -0.3808353379147638
  },
  "D49": {
    "x": 0.15920594944029573,
    "y": 0.4894996145768307,
    "z": 0.8573468335463473
  },
  "D50": {
    "x": 0.6613601602570786,
    "y": -0.7028018327889731,
    "z": -0.26205404452744474
  },
  "D51": {
    "x": -0.33203223814470895,
    "y": -0.6101642948146708,
    "z": -0.7193428432715036
  },
  "D52": {
    "x": 0.20321958705399162,
    "y": 0.0072898568263923685,
    "z": -0.9791060501421978
  },
  "D53": {
    "x": 0.3176186167252344,
    "y": -0.3152423130481964,
    "z": -0.8942822252362906
  },
  "D54": {
    "x": -0.014251084503438085,
    "y": -0.9740673542153931,
    "z": -0.22580898131451657
  },
  "D56": {
    "x": 0.7043283265016244,
    "y": -0.5372572951067659,
    "z": -0.4639786712145101
  },
  "D57": {
    "x": 0.10853722818720717,
    "y": -0.6602271172703719,
    "z": -0.743182227800351
  },
  "D58": {
    "x": -0.338009687989115,
    "y": -0.7795502094063796,
    "z": -0.527305340234641
  },
  "D59": {
    "x": 0.5236250616781349,
    "y": -0.5694726036755078,
    "z": -0.6336542814860538
  },
  "D60": {
    "x": -0.12463060015709695,
    "y": -0.8919778234722001,
    "z": -0.434560439914034
  },
  "D61": {
    "x": 0.5286918193490361,
    "y": -0.35945273306782227,
    "z": -0.7689464824313061
  },
  "D62": {
    "x": -0.12898609831262497,
    "y": -0.7414668338210607,
    "z": -0.6584751481912261
  },
  "D63": {
    "x": 0.9988693331349653,
    "y": -0.041712632598068,
    "z": 0.022805955455726157
  },
  "D64": {
    "x": 0.09959643766684478,
    "y": -0.21983354752278764,
    "z": -0.970439983197117
  },
  "D65": {
    "x": 0.5014366990283046,
    "y": -0.7384461081745801,
    "z": -0.45084208120961133
  },
  "D66": {
    "x": 0.11025340942623348,
    "y": -0.4541336211364442,
    "z": -0.8840853125481679
  },
  "D67": {
    "x": 0.08305120247083667,
    "y": -0.8258710798785279,
    "z": -0.5577091152100907
  },
  "D68": {
    "x": 0.30847066094476633,
    "y": -0.7302147528217142,
    "z": -0.609616490998908
  }
}