{
  "D2": {
    "x": -0.8438975961271807,
    "y": -0.31315652712914,
    "z": 0.4356257990146839
  },
  "D4": {
    "x": -0.5593079137964888,
    "y": -0.5925879721770754,
    "z": -0.5796672776651111
  },
  "D5": {
    "x": -0.9788828265483756,
    "y": 0.07690302787720367,
    "z": 0.18940521690803772
  },
  "D7": {
    "x": -0.687401170668897,
    "y": -0.38446464013473153,
    "z": 0.6161708943540757
  },
  "D8": {
    "x": -0.3272574534232405,
    "y": 0.8799057799027336,
    "z": 0.34448276832477087
  },
  "D9": {
    "x": -0.6015555523306355,
    "y": -0.15261073584118323,
    "z": 0.7841178997868858
  },
  "D10": {
    "x": -0.9248043711692874,
    "y": -0.08650669160003441,
    "z": 0.37047735069042437
  },
  "D11": {
    "x": -0.779442443183102,
    "y": -0.1468320397261542,
    "z": 0.6090236693878275
  },
  "D12": {
    "x": 0.09146972515745443,
    "y": -0.9846938120684036,
    "z": -0.14836234648257315
  },
  "D13": {
    "x": -0.8414285483124699,
    "y": 0.08327752071824014,
    "z": 0.5339127762357748
  },
  "D15": {
    "x": -0.6761160904315442,
    "y": 0.19384618921238145,
    "z": 0.7108380175450675
  },
  "D16": {
    "x": -0.8618525771819553,
    "y": -0.27955722861753374,
    "z": -0.4231523261575032
  },
  "D17": {
    "x": 0.22916861092042629,
    "y": -0.8174887106761972,
    "z": 0.5283880729972723
  },
  "D18": {
    "x": -0.37480731117982213,
    "y": -0.7554706171087306,
    "z": -0.5373859192158886
  },
  "D19": {
    "x": -0.9937416317043634,
    "y": -0.10923460452407367,
    "z": 0.02335317091999449
  },
  "D20": {
    "x": -0.3395722835459232,
    "y": -0.8825697727057971,
    "z": -0.3252095640559248
  },
  "D21": {
    "x": -0.19785835560406642,
    "y": 0.9687043020268563,
    "z": 0.14988010659295642
  },
  "D22": {
    "x": 0.05127954136488081,
    "y": 0.9883542037983194,
    "z": 0.14327029165740446
  },
  "D23": {
    "x": -0.5594727596146931,
    "y": -0.78859361249786,
    "z": -0.25516728939402605
  },
  "D24": {
    "x": 0.24045271582170613,
    "y": -0.8445214599934413,
    "z": -0.47850391332204617
  },
  "D25": {
    "x": -0.9400939450250915,
    "y": -0.27300118030722104,
    "z": 0.2041904260194994
  },
  "D26": {
    "x": -0.6381438430522777,
    "y": 0.7554823257432224,
    "z": 0.14838763784116765
  },
  "D27": {
    "x": -0.43343777323753363,
    "y": 0.8942305687034912,
    "z": 0.1117290773573264
  },
  "D28": {
    "x": -0.8689532402580371,
    "y": -0.43834527810502627,
    "z": -0.22972523459142485
  },
  "D29": {
    "x": -0.9570282618876665,
    "y": -0.20609368290690575,
    "z": -0.20401544013662276
  },
  "D30": {
    "x": -0.7282927917331842,
    "y": -0.5566638315540144,
    "z": -0.3996435763891233
  },
  "D31": {
    "x": 0.0004505693392834287,
    "y": -0.7822908361634254,
    "z": 0.6229131918991594
  },
  "D32": {
    "x": -0.8314744407027058,
    "y": -0.4900895716835869,
    "z": 0.26165333207341473
  },
  "D33": {
    "x": -0.06917380419211029,
    "y": -0.6096982790502464,
    "z": 0.7896093928878758
  },
  "D34": {
    "x": -0.0990410264203138,
    "y": -0.9470024923276842,
    "z": -0.30557675731436995
  },
  "D35": {
    "x": -0.7445318006143585,
    "y": -0.6460566108522291,
    "z": -0.1681762570878319
  },
  "D36": {
    "x": -0.7091120007217813,
    "y": -0.39172669186565606,
    "z": -0.5862681718397664
  },
  "D37": {
    "x": 0.4604176459246092,
    "y": -0.8659675756978424,
    "z": -0.19523255148986499
  },
  "D38": {
    "x": -0.1729579990172948,
    "y": -0.40837293232577415,
    "z": 0.8962795762035316
  },
  "D40": {
    "x": 0.25712783120900873,
    "y": 0.44555023401161586,
    "z": -0.8575373271117391
  },
  "D41": {
    "x": -0.6209900713022302,
    "y": 0.1501803461757644,
    "z": -0.7692965585303101
  },
  "D42": {
    "x": 0.4468194093748912,
    "y": 0.531790938646153,
    "z": -0.7194100450923082
  },
  "D43": {
    "x": -0.486850948647373,
    "y": -0.7456617527257405,
    "z": 0.4549337361892712
  },
  "D45": {
    "x": -0.14742027044603406,
    "y": 0.4181185968082479,
    "z": -0.8963504353012387
  },
  "D47": {
    "x": 0.31002762801260725,
    "y": -0.421522292749789,
    "z": -0.8521747629353018
  },
  "D48": {
    "x": 0.06385290571678325,
    "y": -0.9929483155868332,
    "z": 0.09988217561103953
  },
  "D49": {
    "x": 0.4921017127557483,
    "y": 0.06252203639396246,
    "z": -0.8682896401938761
  },
  "D50": {
    "x": -0.38291379210745424,
    "y": -0.9201371273635047,
    "z": -0.0820042356291845
  },
  "D51": {
    "x": -0.34450129293082304,
    "y": -0.22703857619446063,
    "z": 0.9109184069325768
  },
  "D52": {
    "x": 0.18459860171247125,
    "y": -0.9325610462978952,
    "z": 0.31024708084617897
  },
  "D53": {
    "x": -0.760721360179527,
    "y": -0.6441074553022723,
    "z": 0.08017853946438304
  },
  "D54": {
    "x": -0.6051494430301247,
    "y": -0.7599886824266789,
    "z": 0.2370893379797799
  },
  "D56": {
    "x": -0.8962303514671388,
    "y": -0.4431520019709536,
    "z": 0.019684010217044634
  },
  "D57": {
    "x": -0.31361262378593474,
    "y": -0.565754721452702,
    "z": 0.7626065285296719
  },
  "D58": {
    "x": -0.14329200541049122,
    "y": -0.9876584440542195,
    "z": -0.06323131402903195
  },
  "D59": {
    "x": -0.6808391311648513,
    "y": -0.589677675631815,
    "z": 0.4344402333303749
  },
  "D60": {
    "x": -0.041992852768364765,
    "y": -0.9100104015330268,
    "z": 0.41245323300717845
  },
  "D61": {
    "x": -0.495174641867973,
    "y": -0.37833668114429964,
    "z": 0.7820891443765483
  },
  "D62": {
    "x": -0.16988485985693058,
    "y": -0.9681326213361233,
    "z": 0.18400641808436338
  },
  "D63": {
    "x": -0.49208174208476413,
    "y": -0.4298708346190167,
    "z": -0.7570116410272522
  },
  "D64": {
    "x": -0.5249378865354236,
    "y": -0.5731658944653858,
    "z": 0.6292225939215923
  },
  "D65": {
    "x": -0.5920545876089087,
    "y": -0.8058566504978819,
    "z": -0.0081501005871088
  },
  "D66": {
    "x": -0.27425317554650824,
    "y": -0.7516314454733961,
    "z": 0.5998627892095237
  },
  "D67": {
    "x": -0.4090872724318217,
    "y": -0.8973561745853762,
    "z": 0.1655279416527381
  },
  "D68": {
    "x": -0.28799622295752236,
    "y": -0.8772100801366073,
    "z": 0.3841362399838478
  }
}