{
  "D2": {
    "x": 0.8132734391035406,
    "y": -0.08291494714525005,
    "z": 0.5759439424011681
  },
  "D3": {
    "x": 0.979148055366342,
    "y": -0.19226907356459125,
    "z": -0.06558726265765714
  },
  "D4": {
    "x": 0.9488824288277306,
    "y": -0.2640548258347045,
    "z": 0.1729080253064928
  },
  "D5": {
    "x": 0.8630737088741063,
    "y": 0.4339926543607788,
    "z": 0.2583682430392329
  },
  "D7": {
    "x": -0.009745350981579755,
    "y": -0.9542985431927453,
    "z": -0.29869603042968274
  },
  "D8": {
    "x": 0.271923572148044,
    "y": 0.7641812750380491,
    "z": 0.5848799447677012
  },
  "D9": {
    "x": -0.06852674166244947,
    "y": -0.9825714159065193,
    "z": 0.17279322417440374
  },
  "D10": {
    "x": 0.7736473953270546,
    "y": 0.40218077275242703,
    "z": 0.4896124321664278
  },
  "D11": {
    "x": 0.9309943807346018,
    "y": 0.19851791495433455,
    "z": 0.3063333159856743
  },
  "D15": {
    "x": 0.4397629467519924,
    "y": 0.8023346259964131,
    "z": 0.403568703681542
  },
  "D16": {
    "x": 0.4813888886261935,
    "y": 0.40373945019634455,
    "z": 0.7779840578459122
  },
  "D17": {
    "x": 0.03577407742015045,
    "y": 0.48763856438172876,
    "z": 0.8723123557031986
  },
  "D18": {
    "x": 0.8702472588856274,
    "y": -0.48497833517648575,
    "z": 0.08640441430561292
  },
  "D19": {
    "x": 0.9512589443550513,
    "y": -0.050274583874211694,
    "z": 0.30426778830626866
  },
  "D20": {
    "x": 0.7595921445828532,
    "y": -0.6467555242805768,
    "z": -0.06875365954316952
  },
  "D21": {
    "x": 0.02229783420025104,
    "y": 0.9493468649580132,
    "z": 0.3134379309917195
  },
  "D22": {
    "x": -0.19912705186490776,
    "y": 0.9598221600249311,
    "z": 0.1977115028031142
  },
  "D23": {
    "x": 0.6636838040546797,
    "y": 0.6166742875116576,
    "z": 0.4233634742836218
  },
  "D26": {
    "x": 0.7491360156116895,
    "y": 0.6447365263959738,
    "z": 0.15201987253085125
  },
  "D27": {
    "x": 0.5961102952548034,
    "y": 0.8022413156602205,
    "z": 0.03257894011457726
  },
  "D28": {
    "x": 0.7525556627435879,
    "y": -0.4755880030693103,
    "z": 0.45549536310384653
  },
  "D30": {
    "x": 0.5672349472114601,
    "y": -0.5754644424878032,
    "z": 0.5891393638980628
  },
  "D31": {
    "x": 0.03106168537306664,
    "y": -0.9979490545838073,
    "z": -0.05597192293525131
  },
  "D32": {
    "x": 0.7423002246335124,
    "y": -0.6205624518272409,
    "z": 0.2527698951441818
  },
  "D34": {
    "x": 0.26335121976637366,
    "y": -0.5796191670715146,
    "z": 0.7711600068798218
  },
  "D35": {
    "x": -0.17697532467563146,
    "y": -0.905956665445279,
    "z": 0.3846066234365001
  },
  "D36": {
    "x": 0.2478953713779281,
    "y": -0.3288974186587259,
    "z": 0.9112487985446268
  },
  "D37": {
    "x": -0.5710542816354273,
    "y": -0.8039268780255576,
    "z": -0.16612821016891186
  },
  "D38": {
    "x": 0.9974890830326466,
    "y": 0.017745358700647702,
    "z": 0.06856115135611
  },
  "D39": {
    "x": 0.9680288462028969,
    "y": 0.25016879574243606,
    "z": -0.01832284246145781
  },
  "D40": {
    "x": 0.832631600858153,
    "y": 0.5029879682062111,
    "z": -0.23179240947920776
  },
  "D41": {
    "x": 0.6689649971981584,
    "y": 0.26007031560096866,
    "z": 0.6963111829253357
  },
  "D42": {
    "x": 0.6930573357974076,
    "y": 0.5839654695293555,
    "z": -0.42267701581084227
  },
  "D43": {
    "x": 0.6238713168988886,
    "y": -0.7754873904947109,
    "z": 0.09697364144214882
  },
  "D45": {
    "x": 0.8767794029009,
    "y": 0.48071092155592643,
    "z": 0.013224543303768611
  },
  "D47": {
    "x": 0.8306828654723493,
    "y": 0.1625944830422538,
    "z": 0.5324744229489988
  },
  "D48": {
    "x": 0.06968105749489356,
    "y": -0.9025935256590136,
    "z": 0.42481699314507765
  },
  "D49": {
    "x": 0.019818317409213745,
    "y": 0.9974796764794184,
    "z": 0.06812877002839991
  },
  "D50": {
    "x": 0.6294810332265456,
    "y": -0.730372724400521,
    "z": -0.26515903201626206
  },
  "D51": {
    "x": 0.36381401698885685,
    "y": -0.7202517543171554,
    "z": 0.5906579140632012
  },
  "D52": {
    "x": 0.8730771184600091,
    "y": -0.26141429172487207,
    "z": 0.41158099239827733
  },
  "D53": {
    "x": 0.3295483514520802,
    "y": -0.9011926705430221,
    "z": -0.2815131517616046
  },
  "D54": {
    "x": 0.5463654238608496,
    "y": -0.7552577927393872,
    "z": 0.36203658670883393
  },
  "D55": {
    "x": 0.2769132169661473,
    "y": -0.9603782338772706,
    "z": -0.03150743030197451
  },
  "D56": {
    "x": 0.3145180905826858,
    "y": -0.8642706878769781,
    "z": 0.39257425892801023
  },
  "D57": {
    "x": 0.4965174888496394,
    "y": -0.8622890682306199,
    "z": -0.09963907906247103
  },
  "D58": {
    "x": 0.1781794235615481,
    "y": -0.9619461403770004,
    "z": 0.20715143261166813
  },
  "D59": {
    "x": 0.6668641998920237,
    "y": -0.3534365114529342,
    "z": 0.6560295506106041
  },
  "D60": {
    "x": 0.4152928304918878,
    "y": -0.8944363750840381,
    "z": 0.16587777388354952
  },
  "D61": {
    "x": 0.12148716332913434,
    "y": -0.7679070128991959,
    "z": 0.6289353612943658
  }
}