{
  "D2": {
    "x": -0.6773974781078584,
    "y": 0.5224444123622937,
    "z": 0.5178653228828233
  },
  "D3": {
    "x": 0.2167342335565284,
    "y": 0.07748437569725766,
    "z": 0.9731507814966138
  },
  "D4": {
    "x": -0.31134582939995814,
    "y": -0.3137705184177674,
    "z": 0.8970015809836112
  },
  "D5": {
    "x": -0.7794503697257402,
    "y": 0.16801968163025366,
    "z": 0.6035118124107225
  },
  "D6": {
    "x": -0.23564886378536276,
    "y": 0.17214163072725616,
    "z": 0.9564710512959755
  },
  "D7": {
    "x": 0.1610436837381931,
    "y": -0.5546066781047023,
    "z": -0.8163800368270282
  },
  "D8": {
    "x": -0.4978748652314005,
    "y": 0.5072621917654196,
    "z": 0.7034242584501598
  },
  "D9": {
    "x": -0.2535202810807766,
    "y": -0.47648387308696627,
    "z": -0.8418376243485246
  },
  "D10": {
    "x": -0.4838110128272792,
    "y": 0.6920867894841602,
    "z": 0.535670402102403
  },
  "D11": {
    "x": -0.606670661866407,
    "y": 0.2830348723673603,
    "z": 0.7428606659761761
  },
  "D12": {
    "x": -0.39081473391527033,
    "y": 0.34006094413409865,
    "z": 0.8553492842280058
  },
  "D13": {
    "x": -0.8090630354519471,
    "y": 0.09968390562221931,
    "z": -0.5792064602757655
  },
  "D14": {
    "x": -0.03857732961717621,
    "y": -0.6796054500741269,
    "z": -0.7325627767428203
  },
  "D15": {
    "x": -0.5604720346016834,
    "y": 0.7310775706445224,
    "z": -0.38909726821188656
  },
  "D16": {
    "x": -0.2231432231017803,
    "y": 0.9690133543093414,
    "z": -0.10592554533212462
  },
  "D18": {
    "x": -0.7215231739128638,
    "y": -0.43899373759792537,
    "z": 0.5354332898284446
  },
  "D19": {
    "x": -0.4852714275156538,
    "y": 0.10241675592691148,
    "z": 0.8683446606862549
  },
  "D20": {
    "x": -0.7643110140989179,
    "y": -0.20471981632158906,
    "z": 0.6114887329561671
  },
  "D21": {
    "x": -0.32209549796890113,
    "y": 0.9297440225853765,
    "z": 0.17841116180028843
  },
  "D22": {
    "x": -0.09049941035604982,
    "y": 0.9903529594519511,
    "z": 0.10493270429169982
  },
  "D23": {
    "x": -0.67201800425905,
    "y": -0.011454536749546355,
    "z": 0.7404462138059298
  },
  "D24": {
    "x": -0.42630906527181434,
    "y": -0.8892717203251884,
    "z": 0.16569969311061547
  },
  "D25": {
    "x": -0.2953290385564084,
    "y": -0.07060131213843462,
    "z": 0.9527834033554945
  },
  "D26": {
    "x": -0.25202577679589666,
    "y": 0.7558530435005583,
    "z": 0.6042923005147163
  },
  "D27": {
    "x": -0.21059448570417685,
    "y": 0.892424828002819,
    "z": 0.3990336940098324
  },
  "D28": {
    "x": -0.5037207936816995,
    "y": -0.16133328907441422,
    "z": 0.8486677393710157
  },
  "D30": {
    "x": -0.758227766613408,
    "y": -0.6489074494740279,
    "z": -0.06332279173848274
  },
  "D31": {
    "x": -0.7491425960422767,
    "y": -0.5877284160125527,
    "z": -0.305549799224961
  },
  "D32": {
    "x": -0.3727075020544718,
    "y": -0.9068764276421433,
    "z": -0.19663230380418326
  },
  "D34": {
    "x": -0.8179974645106812,
    "y": -0.5114415458445772,
    "z": 0.26326354331393115
  },
  "D36": {
    "x": -0.9038231707610624,
    "y": 0.41337247702677593,
    "z": -0.1105751836180566
  },
  "D37": {
    "x": -0.5720719002880907,
    "y": -0.7640561505093879,
    "z": -0.29824811779715943
  },
  "D38": {
    "x": -0.02882511459510065,
    "y": 0.03824950500088659,
    "z": 0.9988523855584299
  },
  "D40": {
    "x": 0.25982853542610923,
    "y": 0.3917090247240234,
    "z": 0.8826398881356301
  },
  "D41": {
    "x": 0.055300435138476677,
    "y": 0.27114564996935425,
    "z": 0.9609484368977306
  },
  "D42": {
    "x": 0.4344387289016352,
    "y": 0.5060984609562889,
    "z": 0.7450686804906026
  },
  "D43": {
    "x": 0.9737204874439751,
    "y": 0.07098666858378958,
    "z": 0.2164007976307915
  },
  "D45": {
    "x": -0.15013341403810318,
    "y": 0.401501235248699,
    "z": 0.9034692668171023
  },
  "D47": {
    "x": 0.6867050281119785,
    "y": 0.24029529436142094,
    "z": 0.6860716987848172
  },
  "D48": {
    "x": -0.4402700175212104,
    "y": -0.3079746969336823,
    "z": -0.8433942718091461
  },
  "D49": {
    "x": 0.6396499289935812,
    "y": 0.4725029205522094,
    "z": 0.6062911498678989
  },
  "D50": {
    "x": -0.5728466250415624,
    "y": -0.8178743628316367,
    "z": -0.05411349925144205
  },
  "D51": {
    "x": -0.14928602360296966,
    "y": -0.9410760230332379,
    "z": -0.3034626863862483
  },
  "D52": {
    "x": -0.28048524540677877,
    "y": -0.886204595509744,
    "z": 0.3687403449671738
  },
  "D53": {
    "x": -0.6132698046452163,
    "y": -0.5983738862641619,
    "z": -0.5156053131490618
  },
  "D54": {
    "x": 0.06870577511575261,
    "y": -0.8254961317443466,
    "z": -0.5602103648995294
  },
  "D55": {
    "x": -0.6586070201219917,
    "y": -0.346399907260767,
    "z": -0.6680148930194313
  },
  "D56": {
    "x": -0.1800827924385797,
    "y": -0.8312485969555556,
    "z": -0.5259239088755558
  },
  "D57": {
    "x": -0.4795338736485076,
    "y": -0.5157229908705094,
    "z": -0.7099838453875086
  },
  "D58": {
    "x": -0.284030735392595,
    "y": -0.6697045853211182,
    "z": -0.6861649289727731
  },
  "D59": {
    "x": -0.05818166478861641,
    "y": 0.6065712761491717,
    "z": 0.7928973330975394
  },
  "D60": {
    "x": -0.41996557235024345,
    "y": -0.7596185318838994,
    "z": -0.4965970238121466
  },
  "D61": {
    "x": -0.7918719763502399,
    "y": -0.3982621322510641,
    "z": -0.46295361223993164
  }
}