{
  "D2": {
    "x": -0.004937322121401451,
    "y": 0.34859805433146596,
    "z": 0.9372593127659954
  },
  "D3": {
    "x": -0.5715905883370161,
    "y": 0.5504060029763034,
    "z": 0.6085535565685186
  },
  "D4": {
    "x": -0.4699510907006068,
    "y": 0.10281135960198286,
    "z": 0.8766845479909532
  },
  "D5": {
    "x": -0.5667230029136184,
    "y": 0.17704815890176642,
    "z": 0.8046607902700775
  },
  "D6": {
    "x": -0.07457277655729437,
    "y": 0.5944284201173422,
    "z": 0.8006833046550531
  },
  "D7": {
    "x": 0.11692318224410649,
    "y": -0.681916799369301,
    "z": -0.7220238556944224
  },
  "D8": {
    "x": -0.4652794591861061,
    "y": 0.6434156200994674,
    "z": 0.6078909151085435
  },
  "D9": {
    "x": -0.3003073632892859,
    "y": -0.8843532134755657,
    "z": -0.3574001697952554
  },
  "D10": {
    "x": -0.11495791708978094,
    "y": 0.47963640785136885,
    "z": 0.8699043588589579
  },
  "D11": {
    "x": -0.5698526386337291,
    "y": 0.32430400692132505,
    "z": 0.7550462776128027
  },
  "D15": {
    "x": 0.2487365543605189,
    "y": -0.9481511082430926,
    "z": -0.19783731311927036
  },
  "D16": {
    "x": -0.20154696378284453,
    "y": -0.8162035116141673,
    "z": -0.5414708200989401
  },
  "D17": {
    "x": 0.34250442264965203,
    "y": -0.8946215745496845,
    "z": -0.28695462849668757
  },
  "D18": {
    "x": -0.1882205303407803,
    "y": 0.6641629622413046,
    "z": 0.7235057646937522
  },
  "D19": {
    "x": -0.1594682438397988,
    "y": -0.9629836775407143,
    "z": -0.2173299703142941
  },
  "D20": {
    "x": -0.12218322518694104,
    "y": 0.22143730953316645,
    "z": 0.9674899366038026
  },
  "D21": {
    "x": 0.29268457570092427,
    "y": 0.9549552104818817,
    "z": -0.048951865340097184
  },
  "D22": {
    "x": 0.2769492048011901,
    "y": 0.9458482874295602,
    "z": 0.16932263619066615
  },
  "D23": {
    "x": -0.5451794240616782,
    "y": 0.4528823045820995,
    "z": 0.7054622695624362
  },
  "D26": {
    "x": 0.4597871920011615,
    "y": 0.8874030016824743,
    "z": -0.03334142583366129
  },
  "D27": {
    "x": 0.36874356877914616,
    "y": 0.9272368190171445,
    "z": 0.06526915000968238
  },
  "D28": {
    "x": -0.2708760108924828,
    "y": 0.11602632940192263,
    "z": 0.955596189615934
  },
  "D30": {
    "x": -0.004475675587517898,
    "y": -0.7355460432893041,
    "z": -0.6774599519746423
  },
  "D31": {
    "x": 0.0792531923915591,
    "y": -0.9923253911940132,
    "z": -0.09491706636530255
  },
  "D32": {
    "x": 0.21160509077580317,
    "y": -0.7408885476000909,
    "z": -0.6374225016367027
  },
  "D34": {
    "x": -0.07835373346870522,
    "y": -0.9409713718408247,
    "z": -0.3292925292616152
  },
  "D35": {
    "x": 0.41676723912596914,
    "y": -0.795674443979854,
    "z": -0.43955346385697813
  },
  "D36": {
    "x": -0.3262350813524332,
    "y": 0.6439308867747926,
    "z": 0.6920431234774324
  },
  "D37": {
    "x": -0.14440752784571906,
    "y": -0.7470163837557299,
    "z": -0.6489321908350671
  },
  "D38": {
    "x": -0.47053619036961614,
    "y": 0.27273945913809267,
    "z": 0.8391715444302845
  },
  "D40": {
    "x": -0.3453255748043672,
    "y": 0.4984731855542117,
    "z": 0.7951570478021747
  },
  "D41": {
    "x": -0.14422266467505568,
    "y": 0.3538001901849522,
    "z": 0.9241348648433941
  },
  "D42": {
    "x": -0.44327730807808985,
    "y": 0.5488250454526694,
    "z": 0.7087286487979146
  },
  "D43": {
    "x": -0.3725186871326614,
    "y": 0.19882783055266234,
    "z": 0.9064752183786826
  },
  "D45": {
    "x": -0.2161821750824253,
    "y": 0.5533695175829201,
    "z": 0.8043925933191317
  },
  "D47": {
    "x": -0.2508264670593972,
    "y": 0.26335245508690064,
    "z": 0.9315211043353786
  },
  "D48": {
    "x": 0.20053976694227119,
    "y": -0.9218853109583628,
    "z": -0.3315286945559049
  },
  "D49": {
    "x": -0.24634252281600832,
    "y": 0.4313265813944505,
    "z": 0.8679128652320007
  },
  "D50": {
    "x": -0.17717460172848093,
    "y": -0.8882070760286382,
    "z": -0.4239072429140733
  },
  "D51": {
    "x": 0.3400712690757977,
    "y": -0.7616241001894326,
    "z": -0.5516160457780517
  },
  "D52": {
    "x": -0.44981177423652435,
    "y": 0.4049201428430675,
    "z": 0.796058443632212
  },
  "D53": {
    "x": 0.11339333991180191,
    "y": -0.9669648641313451,
    "z": -0.22830002627922746
  },
  "D54": {
    "x": 0.21736417641070285,
    "y": -0.8232744378784009,
    "z": -0.5243777405166047
  },
  "D55": {
    "x": 0.2954270032843125,
    "y": -0.860814391664085,
    "z": -0.41439289187248657
  },
  "D56": {
    "x": -0.04985319755707774,
    "y": -0.8176563038925103,
    "z": -0.5735440936825815
  },
  "D57": {
    "x": 0.05941148421343178,
    "y": -0.9336919202486118,
    "z": -0.3531142500749823
  },
  "D58": {
    "x": 0.08780485613922843,
    "y": -0.7999614568960358,
    "z": -0.5935924314874149
  },
  "D59": {
    "x": -0.3520794732608317,
    "y": 0.33966762057158584,
    "z": 0.8721616547656819
  },
  "D60": {
    "x": -0.04047749531574021,
    "y": -0.8900421669709044,
    "z": -0.4540776512742075
  },
  "D61": {
    "x": 0.09720622219323445,
    "y": -0.8749125658558599,
    "z": -0.4744248649411574
  }
}