{
  "D2": {
    "x": 0.16891650684913964,
    "y": 0.26261567841691663,
    "z": 0.9500001153492074
  },
  "D3": {
    "x": -0.5043617933378001,
    "y": 0.5321290077891596,
    "z": 0.6800425725573384
  },
  "D4": {
    "x": -0.28637299890074436,
    "y": 0.13050532648912685,
    "z": 0.9491885298814776
  },
  "D5": {
    "x": -0.42307297937691163,
    "y": 0.13603259564435705,
    "z": 0.8958260919639494
  },
  "D6": {
    "x": 0.01377001260276464,
    "y": 0.6439646560771877,
    "z": 0.7649313096457154
  },
  "D7": {
    "x": -0.5749520731917024,
    "y": -0.5855383714772846,
    "z": -0.571467347326418
  },
  "D8": {
    "x": -0.07601076363246662,
    "y": 0.5565335827591249,
    "z": 0.8273407611578808
  },
  "D9": {
    "x": -0.4929881932127291,
    "y": -0.864961051562552,
    "z": -0.09383507144268259
  },
  "D10": {
    "x": 0.09356666692582703,
    "y": 0.508259570554129,
    "z": 0.8561060026541828
  },
  "D11": {
    "x": -0.10202280663364727,
    "y": 0.3310039031416858,
    "z": 0.9380979495935181
  },
  "D12": {
    "x": -0.171512498427785,
    "y": 0.6307285166451114,
    "z": 0.7568123949656985
  },
  "D13": {
    "x": -0.27501785212187685,
    "y": -0.6721701609416768,
    "z": -0.6874245091309372
  },
  "D14": {
    "x": -0.13922396525005126,
    "y": -0.9317899711487198,
    "z": -0.3352374340176234
  },
  "D15": {
    "x": -0.613785909277016,
    "y": -0.7627579583806812,
    "z": -0.20363485580794363
  },
  "D16": {
    "x": 0.2775791722970561,
    "y": 0.9522223584775871,
    "z": -0.12736711947069812
  },
  "D18": {
    "x": -0.06206640604507312,
    "y": -0.8839448932105213,
    "z": -0.46345354352695206
  },
  "D19": {
    "x": 0.09550585851293213,
    "y": 0.37818936644279827,
    "z": 0.9207884849949541
  },
  "D20": {
    "x": -0.3201513993691506,
    "y": 0.664811214457493,
    "z": 0.6749289819036727
  },
  "D21": {
    "x": 0.009489313188419618,
    "y": 0.9978895947970551,
    "z": -0.0642363567692123
  },
  "D22": {
    "x": 0.12405400560011128,
    "y": 0.9863276876971032,
    "z": 0.1084817780857851
  },
  "D23": {
    "x": -0.15972415029576206,
    "y": 0.07037709810654767,
    "z": 0.984649815860643
  },
  "D26": {
    "x": 0.143933358274511,
    "y": 0.9844311421550055,
    "z": -0.10088862538072851
  },
  "D27": {
    "x": 0.2271399931545322,
    "y": 0.9737527569888156,
    "z": 0.014594237439480236
  },
  "D28": {
    "x": -0.49892930452029294,
    "y": 0.4169992132969235,
    "z": 0.7597244271448983
  },
  "D30": {
    "x": -0.5066240212848616,
    "y": -0.6928786536021718,
    "z": -0.5130801812968397
  },
  "D31": {
    "x": -0.3300168724987655,
    "y": -0.8113629904820262,
    "z": -0.48247172097667784
  },
  "D32": {
    "x": -0.6678400448725783,
    "y": -0.6769048193313164,
    "z": -0.3094988530360503
  },
  "D34": {
    "x": -0.11292905444117365,
    "y": -0.7999912966642789,
    "z": -0.5892885150114738
  },
  "D36": {
    "x": 0.02571457141846274,
    "y": 0.26284231664728064,
    "z": 0.9644960743291057
  },
  "D37": {
    "x": -0.37835623469849083,
    "y": -0.9060880790978412,
    "z": -0.18934347778987592
  },
  "D38": {
    "x": -0.2719085658066603,
    "y": 0.3705995279550622,
    "z": 0.8881000628985735
  },
  "D40": {
    "x": -0.09606972898450382,
    "y": 0.19477674544038587,
    "z": 0.9761314596961289
  },
  "D41": {
    "x": -0.3798265948066354,
    "y": 0.555833625997761,
    "z": 0.7394462374559609
  },
  "D42": {
    "x": -0.3544307867406265,
    "y": 0.25801306668722007,
    "z": 0.8987814388543395
  },
  "D43": {
    "x": -0.16280429002020472,
    "y": 0.4572366528663778,
    "z": 0.8743165367454563
  },
  "D45": {
    "x": -0.46926612647385807,
    "y": 0.29994115105406616,
    "z": 0.8305568062743107
  },
  "D47": {
    "x": -0.02493832338200428,
    "y": 0.4448340170292179,
    "z": 0.8952657579291997
  },
  "D48": {
    "x": -0.6187599966390789,
    "y": -0.650129706307263,
    "z": -0.44098461598568184
  },
  "D49": {
    "x": -0.2587102322391578,
    "y": 0.5327469965572816,
    "z": 0.8057602952454017
  },
  "D50": {
    "x": -0.39359621657538807,
    "y": -0.8613691696176686,
    "z": -0.3211310821607094
  },
  "D51": {
    "x": -0.45316718726949823,
    "y": -0.6190480566075095,
    "z": -0.6414195226158287
  },
  "D52": {
    "x": -0.2188561114329254,
    "y": 0.2529597028664978,
    "z": 0.9423976820929433
  },
  "D53": {
    "x": -0.4975232472648314,
    "y": -0.8361909967411145,
    "z": -0.230770958745157
  },
  "D54": {
    "x": -0.24992043086305363,
    "y": -0.7685165744924837,
    "z": -0.5890008938597332
  },
  "D55": {
    "x": -0.5579003915985922,
    "y": -0.7606167291773545,
    "z": -0.331977927503743
  },
  "D56": {
    "x": -0.1957116318552346,
    "y": -0.8504520804376624,
    "z": -0.4882911181209556
  },
  "D57": {
    "x": -0.4535095564835689,
    "y": -0.785001845871878,
    "z": -0.42202035988305225
  },
  "D58": {
    "x": -0.25189082519827954,
    "y": -0.9370390085666542,
    "z": -0.24188614802289019
  },
  "D59": {
    "x": -0.37335048177672064,
    "y": 0.4371463029380632,
    "z": 0.8182374518345354
  },
  "D60": {
    "x": -0.3846053725545635,
    "y": -0.7218900454464101,
    "z": -0.5752855549095122
  },
  "D61": {
    "x": -0.26666985592674997,
    "y": -0.8884105100244141,
    "z": -0.37364950638019984
  }
}