{
  "D2": {
    "x": -0.3441691942301812,
    "y": 0.04323840108418076,
    "z": 0.9379115131048512
  },
  "D3": {
    "x": -0.14889887930983167,
    "y": -0.6130563561144731,
    "z": 0.7758808078357918
  },
  "D4": {
    "x": -0.004927792526693905,
    "y": -0.4467691530432996,
    "z": 0.8946357028141604
  },
  "D5": {
    "x": -0.153415384098094,
    "y": -0.2548429141775693,
    "z": 0.9547349417589774
  },
  "D6": {
    "x": -0.31958513384452253,
    "y": -0.43953472383782005,
    "z": 0.8394489673389265
  },
  "D7": {
    "x": -0.41824231345367285,
    "y": -0.8199405748757906,
    "z": -0.3908590806278877
  },
  "D8": {
    "x": 0.07243380190407943,
    "y": 0.2586384785030048,
    "z": 0.9632546297731309
  },
  "D9": {
    "x": -0.19113327530392085,
    "y": -0.916602565809243,
    "z": -0.3511521143657092
  },
  "D10": {
    "x": -0.3267600493540054,
    "y": 0.43116141627471766,
    "z": 0.8410277660470835
  },
  "D11": {
    "x": -0.055513162756319324,
    "y": 0.04636712010096813,
    "z": 0.9973807592561292
  },
  "D15": {
    "x": -0.4581679239907382,
    "y": 0.758726789246851,
    "z": 0.46305055091769604
  },
  "D16": {
    "x": -0.06872098015789632,
    "y": 0.4514072873821846,
    "z": 0.8896678525069882
  },
  "D17": {
    "x": -0.1361430394867762,
    "y": 0.647405352089449,
    "z": 0.7498875801646794
  },
  "D18": {
    "x": 0.09586926303558402,
    "y": -0.655937120522864,
    "z": 0.748702596713266
  },
  "D19": {
    "x": -0.35444874036226687,
    "y": -0.6745044249560102,
    "z": 0.6476186155217932
  },
  "D20": {
    "x": -0.02398702893661916,
    "y": -0.8135916687429031,
    "z": 0.5809416657418641
  },
  "D21": {
    "x": -0.02234804818155116,
    "y": 0.9061847554216003,
    "z": 0.42229107708305835
  },
  "D22": {
    "x": -0.12133266422083397,
    "y": 0.9768825839802893,
    "z": 0.17600795922079115
  },
  "D23": {
    "x": 0.3173395542385775,
    "y": 0.2559413118445062,
    "z": 0.9131208311099767
  },
  "D26": {
    "x": 0.19184726166625093,
    "y": 0.9354868801971383,
    "z": 0.2967472412174817
  },
  "D27": {
    "x": 0.10433866961288292,
    "y": 0.9921095959210913,
    "z": 0.06951252912031632
  },
  "D28": {
    "x": 0.23819413059340988,
    "y": -0.38874939443028045,
    "z": 0.8900210472123342
  },
  "D30": {
    "x": -0.7007599683684739,
    "y": -0.6378260871252828,
    "z": 0.3195517944162837
  },
  "D31": {
    "x": -0.01747497046618668,
    "y": -0.9864927836881353,
    "z": -0.1628699270535844
  },
  "D32": {
    "x": -0.8060387521694069,
    "y": -0.5834488218558646,
    "z": 0.099443462712181
  },
  "D34": {
    "x": -0.5707962390731381,
    "y": -0.6248444738602803,
    "z": 0.5326922535068728
  },
  "D35": {
    "x": -0.25401937965132415,
    "y": -0.8363728175753838,
    "z": 0.48575164928445697
  },
  "D36": {
    "x": -0.19814513990113566,
    "y": 0.24586400482640805,
    "z": 0.9488358101717491
  },
  "D37": {
    "x": 0.43461002360833834,
    "y": -0.8441842937384855,
    "z": -0.31379452765211524
  },
  "D38": {
    "x": 0.7629360939714999,
    "y": -0.22924548080666987,
    "z": 0.6044625927592455
  },
  "D39": {
    "x": 0.19445504656356474,
    "y": 0.041087992215989376,
    "z": 0.9800505149029926
  },
  "D40": {
    "x": 0.9076468832178824,
    "y": 0.40568413645735507,
    "z": -0.10769176761347135
  },
  "D41": {
    "x": -0.14252179664597248,
    "y": 0.9871009276238027,
    "z": -0.07293350509218699
  },
  "D42": {
    "x": 0.8689577325295804,
    "y": 0.35126149712318905,
    "z": -0.34860840453985953
  },
  "D43": {
    "x": 0.9130409772614263,
    "y": -0.3745048534152274,
    "z": 0.16156202712871237
  },
  "D45": {
    "x": 0.6460180515922986,
    "y": 0.15799919102264276,
    "z": 0.7467910903680364
  },
  "D47": {
    "x": 0.9859743174119519,
    "y": -0.033016149454483217,
    "z": 0.1635988364238414
  },
  "D48": {
    "x": -0.6303933900686993,
    "y": -0.6978693957724353,
    "z": -0.33997423461478476
  },
  "D49": {
    "x": 0.9695999552868401,
    "y": 0.2127593035007016,
    "z": 0.12086937362977584
  },
  "D50": {
    "x": 0.12773524245794907,
    "y": -0.9762046297797955,
    "z": 0.17523763474408469
  },
  "D51": {
    "x": -0.4772880121673563,
    "y": -0.814536098610583,
    "z": 0.329737922449912
  },
  "D52": {
    "x": 0.5218542795535644,
    "y": -0.5051914859332367,
    "z": 0.6873497460916083
  },
  "D53": {
    "x": -0.7117930802125293,
    "y": -0.6947029707277482,
    "z": -0.10362621976894223
  },
  "D54": {
    "x": -0.03415743196151587,
    "y": -0.9321089649623284,
    "z": 0.36056365218730974
  },
  "D55": {
    "x": -0.5105035225560761,
    "y": -0.8448858574253111,
    "z": -0.15985631479717835
  },
  "D56": {
    "x": -0.2605718972604367,
    "y": -0.9312825080663794,
    "z": 0.25458824899765203
  },
  "D57": {
    "x": -0.62776605160292,
    "y": -0.7691361297727818,
    "z": 0.11974722682812587
  },
  "D58": {
    "x": -0.26120723053343775,
    "y": -0.9584255072621395,
    "z": -0.11485351429696102
  },
  "D59": {
    "x": 0.8177424093531961,
    "y": -0.42622087825047517,
    "z": 0.38682439800072566
  },
  "D60": {
    "x": -0.09986535420241348,
    "y": -0.9923134581667122,
    "z": 0.07308154193260669
  },
  "D61": {
    "x": -0.423557076754072,
    "y": -0.9033803385284636,
    "z": 0.06710712847189937
  }
}