{
  "D2": {
    "x": 0.6943136286764384,
    "y": -1.0926312821937665e-05,
    "z": -0.7196725539540689
  },
  "D4": {
    "x": 0.8686579745923592,
    "y": -0.3351306551869248,
    "z": -0.36485718730906586
  },
  "D5": {
    "x": 0.41333715685959316,
    "y": 0.15292584913534488,
    "z": -0.8976447400979197
  },
  "D7": {
    "x": -0.43541687986642164,
    "y": -0.8384377750408102,
    "z": -0.3277716249342004
  },
  "D8": {
    "x": -0.34768103988854154,
    "y": 0.9349929549411342,
    "z": 0.07004333453276289
  },
  "D9": {
    "x": -0.5487775588695215,
    "y": -0.4174338395101628,
    "z": -0.7242873604537171
  },
  "D10": {
    "x": 0.49586342024927216,
    "y": -0.08059763907853808,
    "z": -0.8646522358923612
  },
  "D11": {
    "x": -0.2984023250471339,
    "y": -0.2021063996920822,
    "z": -0.9327963634202103
  },
  "D12": {
    "x": 0.023453514352427835,
    "y": -0.9994641955104145,
    "z": -0.022830999917659883
  },
  "D13": {
    "x": 0.20410134136551658,
    "y": 0.2967561752714585,
    "z": -0.9328871394177606
  },
  "D15": {
    "x": -0.1661250884999662,
    "y": 0.5406774282943869,
    "z": -0.8246637942239532
  },
  "D16": {
    "x": 0.9651561750267778,
    "y": -0.23745953466632544,
    "z": -0.10993874296048593
  },
  "D17": {
    "x": -0.2480666470722213,
    "y": -0.9475303890430685,
    "z": -0.2016162207021969
  },
  "D18": {
    "x": 0.5414559399341284,
    "y": -0.839498831499718,
    "z": -0.04546621845565658
  },
  "D19": {
    "x": 0.8745163024726765,
    "y": -0.4697159981771452,
    "z": -0.12078128069351612
  },
  "D20": {
    "x": 0.7284545701509983,
    "y": -0.6793676212589889,
    "z": -0.0883944252259577
  },
  "D21": {
    "x": -0.11139694577017185,
    "y": 0.9841698300693815,
    "z": 0.13784217806710025
  },
  "D22": {
    "x": -0.2764641105962413,
    "y": 0.9095997021699656,
    "z": 0.31015476356899546
  },
  "D23": {
    "x": 0.2675031371259168,
    "y": -0.9633973948990049,
    "z": 0.01753656550193969
  },
  "D26": {
    "x": 0.6019157925172529,
    "y": 0.4854950482104667,
    "z": -0.6340283407557141
  },
  "D27": {
    "x": 0.5167209212062535,
    "y": 0.6862883256224929,
    "z": -0.5118669980591013
  },
  "D28": {
    "x": 0.8063582184354346,
    "y": -0.18371279822225223,
    "z": -0.5621708204193648
  },
  "D30": {
    "x": 0.7633663007309764,
    "y": -0.5581880117572775,
    "z": -0.32511234125877475
  },
  "D31": {
    "x": 0.12242647276923077,
    "y": 0.06780411299755036,
    "z": -0.9901587554659608
  },
  "D32": {
    "x": 0.5907118980626148,
    "y": -0.7558381921316348,
    "z": -0.2824324358186308
  },
  "D33": {
    "x": 0.0303544020297417,
    "y": -0.5506337016688114,
    "z": -0.834194903403227
  },
  "D34": {
    "x": 0.363439536349247,
    "y": -0.908455958532154,
    "z": -0.20644484693416248
  },
  "D35": {
    "x": 0.722827777621764,
    "y": -0.4188505913591918,
    "z": -0.5496218572950288
  },
  "D36": {
    "x": 0.8240075164084808,
    "y": -0.5561736159850954,
    "z": 0.10808571498764737
  },
  "D37": {
    "x": -0.23942566924240152,
    "y": -0.9084238447749693,
    "z": 0.3426973404508569
  },
  "D38": {
    "x": -0.4204990574058544,
    "y": -0.6220146349846973,
    "z": -0.6605136914445012
  },
  "D40": {
    "x": 0.3994730483150082,
    "y": 0.8548520385621741,
    "z": 0.33113332033489257
  },
  "D41": {
    "x": 0.9200996990849517,
    "y": 0.3688238541881471,
    "z": 0.13185411759054758
  },
  "D42": {
    "x": 0.19771671744417843,
    "y": 0.8553929575535132,
    "z": 0.47875984356559476
  },
  "D43": {
    "x": 0.0036737807253058264,
    "y": -0.1518061726646109,
    "z": -0.9884034547066823
  },
  "D45": {
    "x": 0.3097567404497097,
    "y": 0.49526157781331887,
    "z": -0.8116444611329724
  },
  "D47": {
    "x": 0.45295568998899954,
    "y": 0.6047760158792028,
    "z": 0.6550397801079471
  },
  "D48": {
    "x": 0.12296731531033668,
    "y": -0.9607295313306911,
    "z": -0.24875250148386233
  },
  "D49": {
    "x": 0.06514154673313184,
    "y": 0.6174254163445557,
    "z": 0.7839275694482032
  },
  "D50": {
    "x": 0.3980737425651977,
    "y": -0.8088969455857621,
    "z": -0.4326927627106342
  },
  "D51": {
    "x": -0.3255083895993351,
    "y": -0.44983204616907796,
    "z": -0.8316822822086496
  },
  "D52": {
    "x": 0.2786792192882013,
    "y": -0.5222325581535963,
    "z": -0.8059845209067412
  },
  "D53": {
    "x": 0.5981752217706846,
    "y": -0.6286216874196447,
    "z": -0.49701225152431683
  },
  "D54": {
    "x": 0.14483501256251585,
    "y": -0.3485841890256059,
    "z": -0.9260193746879039
  },
  "D56": {
    "x": 0.6346291976495979,
    "y": -0.24193859669279716,
    "z": -0.7339696839249885
  },
  "D57": {
    "x": 0.15660017692690273,
    "y": -0.7077193618689038,
    "z": -0.6889192183575183
  },
  "D58": {
    "x": 0.26736012015999255,
    "y": -0.13256135987543471,
    "z": -0.9544349385977076
  },
  "D59": {
    "x": -0.08172562629045785,
    "y": -0.9190897378453654,
    "z": -0.38548018858920646
  },
  "D60": {
    "x": 0.5333499691158186,
    "y": -0.46775817890590465,
    "z": -0.7047979118235148
  },
  "D61": {
    "x": -0.29616855526063796,
    "y": -0.7946602447244254,
    "z": -0.5299049748109019
  },
  "D62": {
    "x": 0.40809575500846484,
    "y": -0.31453091474616596,
    "z": -0.8570461821938251
  },
  "D63": {
    "x": 0.9823335618562062,
    "y": 0.01574598357971757,
    "z": -0.18647476304316998
  },
  "D64": {
    "x": -0.1863361213592263,
    "y": -0.6389606404792012,
    "z": -0.746329786217332
  },
  "D65": {
    "x": 0.1584828743936856,
    "y": -0.8628801236733892,
    "z": -0.47991777492953114
  },
  "D66": {
    "x": -0.1095715591341922,
    "y": -0.3649929865118164,
    "z": -0.9245399900632137
  },
  "D67": {
    "x": -0.05729888557009048,
    "y": -0.7966635857882964,
    "z": -0.6017008964521819
  },
  "D68": {
    "x": 0.39507051226829526,
    "y": -0.6633964842571177,
    "z": -0.6354717893119743
  }
}