{
  "D2": {
    "x": 0.35269344950669035,
    "y": -0.9175332259993632,
    "z": -0.183684811191
  },
  "D3": {
    "x": 0.6547423610820745,
    "y": 0.6025940235412895,
    "z": 0.45628158345148023
  },
  "D4": {
    "x": 0.9582941196507542,
    "y": 0.2239694806902894,
    "z": 0.17751070942934133
  },
  "D5": {
    "x": 0.7533804944939968,
    "y": 0.32156073861622786,
    "z": 0.5735996181105485
  },
  "D6": {
    "x": 0.7837952906772881,
    "y": 0.611217413105134,
    "z": 0.1099009382542908
  },
  "D7": {
    "x": 0.7940234208481933,
    "y": -0.5633766651278709,
    "z": 0.2283277038248576
  },
  "D8": {
    "x": 0.18714402644176872,
    "y": 0.9773827282897432,
    "z": 0.09848916594255876
  },
  "D9": {
    "x": 0.6858241773418439,
    "y": -0.6844972411919013,
    "z": -0.24720178918053826
  },
  "D10": {
    "x": 0.7244797945023234,
    "y": -0.5963910913653189,
    "z": 0.3456106096432156
  },
  "D11": {
    "x": 0.2743411538716752,
    "y": -0.9420451956812612,
    "z": 0.19310044170382476
  },
  "D15": {
    "x": 0.8544944824476302,
    "y": -0.5190649902239262,
    "z": 0.02026611433877857
  },
  "D16": {
    "x": 0.2764269889872906,
    "y": -0.9609883849551775,
    "z": -0.009457470098286253
  },
  "D17": {
    "x": 0.9214511815535356,
    "y": 0.11026695176804906,
    "z": 0.3725170054660272
  },
  "D18": {
    "x": 0.48851550429041957,
    "y": -0.7176189701139305,
    "z": 0.49636238354704026
  },
  "D19": {
    "x": 0.8606660627988435,
    "y": 0.5057006825647687,
    "z": 0.05933589132948428
  },
  "D20": {
    "x": 0.4676747508494054,
    "y": -0.8531748750134893,
    "z": -0.231025886133272
  },
  "D21": {
    "x": 0.21032110041144353,
    "y": 0.9708105055463047,
    "z": -0.11529092350505336
  },
  "D22": {
    "x": 0.3279427318332501,
    "y": 0.9355540921790085,
    "z": 0.1311186685596546
  },
  "D23": {
    "x": 0.7419939685466306,
    "y": 0.44411300247534924,
    "z": 0.5022037352238157
  },
  "D26": {
    "x": 0.351217103111069,
    "y": 0.9277296161102894,
    "z": -0.12634993420704219
  },
  "D27": {
    "x": 0.29214876750029717,
    "y": 0.9563693056367485,
    "z": -0.0026170372448911443
  },
  "D28": {
    "x": 0.9368276211099377,
    "y": 0.3375075417751728,
    "z": 0.09188398973910089
  },
  "D30": {
    "x": 0.6075636871050819,
    "y": -0.7942122059160635,
    "z": -0.009661163761095945
  },
  "D31": {
    "x": 0.6246660979013144,
    "y": -0.7671321059831414,
    "z": -0.1459472442446783
  },
  "D32": {
    "x": 0.3714712324742765,
    "y": -0.8861553719945632,
    "z": 0.2770158481553349
  },
  "D34": {
    "x": 0.7843725347236745,
    "y": -0.6126143221528445,
    "z": 0.0972801062107196
  },
  "D35": {
    "x": 0.4646320900140386,
    "y": -0.868227638159947,
    "z": 0.17406260156732867
  },
  "D36": {
    "x": 0.6338639925072764,
    "y": 0.7020039794929059,
    "z": 0.32466421388699335
  },
  "D37": {
    "x": -0.8712222128109455,
    "y": -0.43646003067915295,
    "z": 0.22466530111335023
  },
  "D38": {
    "x": 0.8332290817933771,
    "y": 0.2314524240170986,
    "z": 0.5021544310970233
  },
  "D39": {
    "x": 0.7536970601162746,
    "y": 0.5289480752657806,
    "z": 0.3900700901693323
  },
  "D40": {
    "x": 0.9089997960304107,
    "y": 0.32488638700238587,
    "z": 0.26109041797279336
  },
  "D41": {
    "x": 0.7232605668780391,
    "y": 0.6512867613343735,
    "z": 0.2296077239768745
  },
  "D42": {
    "x": 0.8928277817100783,
    "y": 0.24725177778711677,
    "z": 0.3764639565586208
  },
  "D43": {
    "x": 0.6073746455355415,
    "y": -0.6580464530215137,
    "z": 0.4450515763665828
  },
  "D45": {
    "x": 0.8090480270645231,
    "y": 0.5406548384554881,
    "z": 0.23050734382590285
  },
  "D47": {
    "x": 0.8275514394822271,
    "y": 0.35807710815188115,
    "z": 0.4323648917621319
  },
  "D48": {
    "x": 0.4012850308068764,
    "y": -0.9144527730849684,
    "z": -0.05240658210125495
  },
  "D49": {
    "x": 0.8831002577276126,
    "y": 0.43426095303772866,
    "z": 0.1776270234738735
  },
  "D50": {
    "x": 0.6356028470868021,
    "y": -0.7620454346825574,
    "z": 0.12367609411128577
  },
  "D51": {
    "x": 0.3935618504258136,
    "y": -0.8268054008664322,
    "z": 0.4018729886263916
  },
  "D52": {
    "x": 0.8425664299334515,
    "y": 0.4355980706907313,
    "z": 0.3167587914481786
  },
  "D53": {
    "x": 0.7297668218156139,
    "y": -0.6740074408998732,
    "z": -0.11469243823697364
  },
  "D54": {
    "x": 0.6379086396588418,
    "y": -0.7023771603650576,
    "z": 0.3158146482450174
  },
  "D55": {
    "x": 0.5164371100350934,
    "y": -0.8504872041157564,
    "z": -0.09982097481974729
  },
  "D56": {
    "x": 0.5621619426993759,
    "y": -0.791705336444104,
    "z": 0.2391163115021465
  },
  "D57": {
    "x": 0.7103527545625553,
    "y": -0.7035392505271058,
    "z": 0.02077226644226964
  },
  "D58": {
    "x": 0.36852085898687764,
    "y": -0.9252764099481333,
    "z": 0.08975489783330955
  },
  "D59": {
    "x": 0.7117623290375267,
    "y": -0.6731919238691025,
    "z": 0.20051688357964373
  },
  "D60": {
    "x": 0.49721275111121155,
    "y": -0.8667998248600233,
    "z": 0.0379149542404221
  },
  "D61": {
    "x": 0.5180386264869643,
    "y": -0.7710184511065323,
    "z": 0.37035999989305424
  }
}