{
  "D2": {
    "x": -0.38834293947813947,
    "y": 0.05763363291021391,
    "z": 0.9197108924629789
  },
  "D3": {
    "x": -0.18082545652172202,
    "y": -0.7407673669191437,
    "z": 0.6469666624961361
  },
  "D4": {
    "x": 0.07848630340251207,
    "y": -0.5392144351694375,
    "z": 0.8385032457200828
  },
  "D5": {
    "x": -0.10324458796119756,
    "y": -0.3454982646035171,
    "z": 0.9327226298384106
  },
  "D6": {
    "x": -0.40728679178388694,
    "y": -0.5394004006449826,
    "z": 0.7369970671735546
  },
  "D7": {
    "x": -0.39152363749365837,
    "y": -0.7163243865191568,
    "z": -0.5775713069065049
  },
  "D8": {
    "x": 0.02189824330203037,
    "y": 0.22294302322969886,
    "z": 0.9745854889815913
  },
  "D9": {
    "x": -0.22731320360052445,
    "y": -0.8934240028303474,
    "z": -0.3874561376923405
  },
  "D10": {
    "x": -0.28032220133340213,
    "y": 0.4666192764841869,
    "z": 0.8388598895244482
  },
  "D11": {
    "x": -0.22541929842744576,
    "y": 0.2458500213655146,
    "z": 0.9427321501312312
  },
  "D15": {
    "x": -0.5694553820441052,
    "y": 0.7486902420454049,
    "z": 0.33938693157956934
  },
  "D16": {
    "x": -0.5095559181035267,
    "y": 0.4119818120777118,
    "z": 0.7553964209888985
  },
  "D17": {
    "x": -0.03951404146504007,
    "y": 0.658509604765439,
    "z": 0.7515342580074208
  },
  "D18": {
    "x": 0.0670075396882072,
    "y": -0.7312338532970221,
    "z": 0.6788276964129577
  },
  "D19": {
    "x": -0.3917708240507584,
    "y": -0.7626925817152297,
    "z": 0.5146024166472084
  },
  "D20": {
    "x": -0.6432375625528289,
    "y": -0.6265213697257238,
    "z": 0.4401322657998367
  },
  "D21": {
    "x": -0.06983813789809296,
    "y": 0.9198153321537887,
    "z": 0.3860859868342056
  },
  "D22": {
    "x": -0.10875847283926623,
    "y": 0.9830836719497424,
    "z": 0.14737058231370978
  },
  "D23": {
    "x": 0.2390117223616815,
    "y": -0.358527197314694,
    "z": 0.9024032609423422
  },
  "D26": {
    "x": 0.1254893381471235,
    "y": 0.9635418444734941,
    "z": 0.2363039143984163
  },
  "D27": {
    "x": 0.15570262416639105,
    "y": 0.9877462433329113,
    "z": -0.010679494811133998
  },
  "D28": {
    "x": -0.17001586028289042,
    "y": -0.555212250840418,
    "z": 0.8141461562698589
  },
  "D30": {
    "x": 0.1029457427853311,
    "y": -0.9290550598836957,
    "z": 0.35532924133383514
  },
  "D31": {
    "x": -0.658797035570416,
    "y": -0.6581755236395794,
    "z": -0.3644056064406769
  },
  "D32": {
    "x": -0.7816242779702992,
    "y": -0.6173281541342511,
    "z": -0.08927170996797827
  },
  "D34": {
    "x": -0.1239227332055106,
    "y": -0.8842342207265143,
    "z": 0.4503032301583566
  },
  "D35": {
    "x": -0.52162578035691,
    "y": -0.7972570954579137,
    "z": 0.3037888559658758
  },
  "D36": {
    "x": -0.03641407817635126,
    "y": 0.4514303270977536,
    "z": 0.8915630514366227
  },
  "D37": {
    "x": 0.424091574919064,
    "y": -0.8509192925743806,
    "z": -0.3099720852066902
  },
  "D38": {
    "x": 0.7928318015522897,
    "y": -0.23305237194466819,
    "z": 0.5631201704594809
  },
  "D40": {
    "x": 0.9041142790656002,
    "y": 0.4104804453798942,
    "z": -0.1186725509560401
  },
  "D41": {
    "x": -0.17200275684048894,
    "y": 0.9805549301760382,
    "z": -0.0944832289178162
  },
  "D42": {
    "x": 0.8560112156777355,
    "y": 0.3703318447349466,
    "z": -0.3606925607898462
  },
  "D43": {
    "x": 0.9369776491487918,
    "y": -0.33112860158081564,
    "z": 0.11147526277491913
  },
  "D45": {
    "x": 0.702920731244881,
    "y": 0.1867263123206536,
    "z": 0.6863204279877525
  },
  "D47": {
    "x": 0.9854742123064971,
    "y": -0.019344819624986513,
    "z": 0.1687197523485793
  },
  "D48": {
    "x": -0.46170903765520527,
    "y": -0.8118215261922688,
    "z": -0.35745010023548685
  },
  "D49": {
    "x": 0.9711671554080442,
    "y": 0.21891868444732684,
    "z": 0.09438731830335816
  },
  "D50": {
    "x": 0.11980963859990422,
    "y": -0.9882939918818221,
    "z": -0.09444911915340114
  },
  "D51": {
    "x": -0.3001976917906658,
    "y": -0.9132482891784365,
    "z": 0.27542495921069926
  },
  "D52": {
    "x": 0.4753130995432727,
    "y": -0.6299476177606651,
    "z": 0.614201478572162
  },
  "D53": {
    "x": -0.6033915122283339,
    "y": -0.7825388093709366,
    "z": -0.15346561438681144
  },
  "D54": {
    "x": 0.01182680243045961,
    "y": -0.9913110157110652,
    "z": 0.13100609479778846
  },
  "D55": {
    "x": -0.7785230986566068,
    "y": -0.582101795382292,
    "z": 0.23464714929192576
  },
  "D56": {
    "x": -0.11464413886024989,
    "y": -0.9768752962425116,
    "z": -0.18047541942352377
  },
  "D57": {
    "x": -0.6602533416529746,
    "y": -0.7459352133874096,
    "z": 0.08744245115937811
  },
  "D58": {
    "x": -0.22231530497379912,
    "y": -0.9739297777257983,
    "z": 0.045129737794316775
  },
  "D59": {
    "x": 0.8213542017024593,
    "y": -0.5470118615652488,
    "z": 0.16172599869111037
  },
  "D60": {
    "x": -0.36666430194921174,
    "y": -0.9178573369629865,
    "z": -0.15197104546364087
  },
  "D61": {
    "x": -0.4541842618083588,
    "y": -0.8872903592121578,
    "z": 0.08020271052000721
  }
}