{
  "D2": {
    "x": -0.543285055576932,
    "y": -0.6120236373579216,
    "z": 0.5746898430474905
  },
  "D3": {
    "x": 0.6786258214144775,
    "y": 0.5649252687592392,
    "z": 0.4693894281157459
  },
  "D4": {
    "x": -0.08087886777611035,
    "y": -0.9961220770649127,
    "z": 0.03463259059236708
  },
  "D5": {
    "x": -0.5603996322015954,
    "y": -0.8199174623580556,
    "z": -0.11699404749235404
  },
  "D7": {
    "x": -0.42254380241572104,
    "y": -0.6772993305521645,
    "z": 0.6022643538128866
  },
  "D8": {
    "x": 0.25001234322195176,
    "y": 0.9606726511825314,
    "z": 0.12083826176586433
  },
  "D9": {
    "x": -0.44181928496313755,
    "y": -0.8917941932788981,
    "z": -0.09746197344965668
  },
  "D10": {
    "x": -0.7652695108092685,
    "y": -0.6017603068029764,
    "z": 0.22857626513295395
  },
  "D11": {
    "x": -0.08934600765170819,
    "y": -0.8770349033668545,
    "z": 0.47204562194028776
  },
  "D12": {
    "x": 0.8493569466598738,
    "y": 0.5100948881107997,
    "z": 0.1356317893557662
  },
  "D13": {
    "x": -0.6562490382823221,
    "y": -0.7535271522070185,
    "z": -0.0391667032095893
  },
  "D15": {
    "x": 0.5348104102852649,
    "y": 0.8449704786066817,
    "z": -0.0016478269636150905
  },
  "D16": {
    "x": -0.04315480870407392,
    "y": -0.9723193516141486,
    "z": 0.22963610552863084
  },
  "D17": {
    "x": 0.8651590196791347,
    "y": 0.19083237876678358,
    "z": 0.46377028137004395
  },
  "D18": {
    "x": -0.7230232429707881,
    "y": -0.5589420206448515,
    "z": 0.4059817824502167
  },
  "D19": {
    "x": -0.18678270484434678,
    "y": -0.9779439674060336,
    "z": -0.09347629531157181
  },
  "D20": {
    "x": -0.3176848871164538,
    "y": -0.7619583748472599,
    "z": 0.5643542748114244
  },
  "D21": {
    "x": 0.2883550471978821,
    "y": 0.955740065964123,
    "z": -0.05841483601278848
  },
  "D22": {
    "x": 0.3557215038683932,
    "y": 0.9130879816306893,
    "z": 0.19933025231309692
  },
  "D23": {
    "x": -0.7372651778434681,
    "y": -0.6723691163107319,
    "z": 0.06602900098415006
  },
  "D24": {
    "x": -0.05447494215118718,
    "y": -0.3935759210190095,
    "z": -0.9176766724024663
  },
  "D25": {
    "x": -0.366395457950794,
    "y": -0.8919783404459836,
    "z": 0.26481882215631336
  },
  "D26": {
    "x": 0.4192110242585571,
    "y": 0.906403843942696,
    "z": -0.051905576058803846
  },
  "D27": {
    "x": 0.4401579419578675,
    "y": 0.8934589118351485,
    "z": 0.08939887579699868
  },
  "D28": {
    "x": -0.23288693856176026,
    "y": -0.45645156750755195,
    "z": -0.8587290843841437
  },
  "D29": {
    "x": -0.1842712869004084,
    "y": -0.3412670059991415,
    "z": -0.9217271415340059
  },
  "D30": {
    "x": -0.5696197218437966,
    "y": -0.7330480892469138,
    "z": 0.3717174617072012
  },
  "D31": {
    "x": -0.32301801698479254,
    "y": -0.9452640712432855,
    "z": -0.046208184554051075
  },
  "D32": {
    "x": -0.4965382942078161,
    "y": -0.7165008855462844,
    "z": 0.4899757171499242
  },
  "D33": {
    "x": -0.1622474157079007,
    "y": -0.9187236103829396,
    "z": 0.3600315317038832
  },
  "D34": {
    "x": -0.6807253136571538,
    "y": -0.7077017717134172,
    "z": 0.18913288889048363
  },
  "D35": {
    "x": -0.2997862124746431,
    "y": -0.9417866620095463,
    "z": 0.15220417231805725
  },
  "D36": {
    "x": 0.8277536054268694,
    "y": 0.3256339677925814,
    "z": 0.45693160070461175
  },
  "D37": {
    "x": 0.5199537377196635,
    "y": -0.4124638619245859,
    "z": -0.7480118135682133
  },
  "D38": {
    "x": 0.9254556689110616,
    "y": 0.11940865518868464,
    "z": 0.35954607207757056
  },
  "D39": {
    "x": 0.7704408877189136,
    "y": 0.5518438027482204,
    "z": 0.31920096475304655
  },
  "D40": {
    "x": 0.9319885116560712,
    "y": 0.3222445163402451,
    "z": 0.1659996561133267
  },
  "D41": {
    "x": 0.7158881017485387,
    "y": 0.44522138155618624,
    "z": 0.5378495581294783
  },
  "D42": {
    "x": 0.9409058790536856,
    "y": 0.2168067088316657,
    "z": 0.26017489841987573
  },
  "D43": {
    "x": -0.22157090754837294,
    "y": -0.8387018086876507,
    "z": 0.49747925487627487
  },
  "D45": {
    "x": 0.7622165176794935,
    "y": 0.2942270439222682,
    "z": 0.5765903457406395
  },
  "D47": {
    "x": 0.8590800613214847,
    "y": 0.44223608779669604,
    "z": 0.2576988375801243
  },
  "D48": {
    "x": -0.47367537998685605,
    "y": -0.8631947522670478,
    "z": 0.17471821328338305
  },
  "D49": {
    "x": 0.7871890251253887,
    "y": 0.453746139976114,
    "z": 0.4176695813426174
  },
  "D50": {
    "x": -0.21900574691887695,
    "y": -0.9747875955486542,
    "z": 0.04272734933246041
  },
  "D51": {
    "x": -0.29346861642024713,
    "y": -0.8757947826000496,
    "z": 0.3832227419490104
  },
  "D52": {
    "x": 0.8862524382956689,
    "y": 0.32531158570321866,
    "z": 0.32974078883607816
  },
  "D53": {
    "x": -0.4712964864133678,
    "y": -0.8204057926775431,
    "z": 0.3237498374293743
  },
  "D54": {
    "x": -0.6783571069263226,
    "y": -0.6608779780062957,
    "z": 0.32104817966912697
  },
  "D55": {
    "x": -0.18225504586917424,
    "y": -0.9567397237137772,
    "z": 0.22678668242053
  },
  "D56": {
    "x": -0.6136459461874632,
    "y": -0.7843217069280988,
    "z": 0.09098413471087367
  },
  "D57": {
    "x": -0.6194696169778903,
    "y": -0.6362932727850115,
    "z": 0.45976979527781614
  },
  "D58": {
    "x": -0.5205062611173235,
    "y": -0.8537609589239362,
    "z": 0.01286301500215712
  },
  "D59": {
    "x": -0.39818206761711566,
    "y": -0.8038061998099171,
    "z": 0.441980354965352
  },
  "D60": {
    "x": -0.4039116910016541,
    "y": -0.9126061510215611,
    "z": 0.06328790555703413
  },
  "D61": {
    "x": -0.5732612020443008,
    "y": -0.7850822121676104,
    "z": 0.23455812577852617
  }
}