{
  "D2": {
    "x": 0.31431080159181685,
    "y": 0.14452625377688377,
    "z": -0.9382541670421344
  },
  "D4": {
    "x": 0.546588403028216,
    "y": -0.4370238456709139,
    "z": -0.7143187495719749
  },
  "D5": {
    "x": 0.3791398031407347,
    "y": 0.3675271698780863,
    "z": -0.8492212839276988
  },
  "D7": {
    "x": -0.4652376727034133,
    "y": -0.2597557795194515,
    "z": -0.8462156007210893
  },
  "D8": {
    "x": 0.05807271560482307,
    "y": 0.9722373133615241,
    "z": -0.22667634682482185
  },
  "D9": {
    "x": -0.25836737565873524,
    "y": -0.16698200953735678,
    "z": -0.9515058106423124
  },
  "D10": {
    "x": 0.7101567341388114,
    "y": 0.029351852472435873,
    "z": -0.703431504635479
  },
  "D11": {
    "x": 0.4988958345053887,
    "y": -0.03913180746102581,
    "z": -0.865778059295802
  },
  "D12": {
    "x": 0.16641859030951897,
    "y": -0.9859011210884807,
    "z": 0.017430784143849392
  },
  "D13": {
    "x": 0.5565995457329244,
    "y": 0.19686139846745496,
    "z": -0.8071199015532574
  },
  "D15": {
    "x": 0.13365196731398435,
    "y": 0.7251543905700714,
    "z": -0.675491126122357
  },
  "D16": {
    "x": 0.8925452140477094,
    "y": -0.2745722785404787,
    "z": -0.3577332871534579
  },
  "D17": {
    "x": -0.539213813767909,
    "y": -0.49077471361737296,
    "z": -0.6843892485389086
  },
  "D18": {
    "x": 0.8204867717331494,
    "y": -0.13828848109930983,
    "z": -0.5546870770138426
  },
  "D19": {
    "x": 0.7911672515860608,
    "y": -0.6027502580458882,
    "z": -0.10366535797156923
  },
  "D20": {
    "x": 0.40482922429363544,
    "y": -0.9136217134432728,
    "z": 0.03753217130398119
  },
  "D21": {
    "x": 0.07106689612706908,
    "y": 0.9972348258597533,
    "z": 0.021730125801106635
  },
  "D22": {
    "x": -0.1417259746953011,
    "y": 0.9782336885462161,
    "z": 0.15156714251423886
  },
  "D23": {
    "x": 0.7361652396634415,
    "y": -0.37284495658707645,
    "z": -0.5648427907469908
  },
  "D26": {
    "x": 0.6497955484547973,
    "y": 0.4556381317835325,
    "z": -0.608407460566635
  },
  "D27": {
    "x": 0.5417265287919953,
    "y": 0.6651831619057221,
    "z": -0.5138713157202697
  },
  "D28": {
    "x": 0.79431826280132,
    "y": -0.5035377511686606,
    "z": -0.33986501810027586
  },
  "D30": {
    "x": 0.6034964005802174,
    "y": -0.7953097069908455,
    "z": -0.057223810191711896
  },
  "D31": {
    "x": -0.3302614019770383,
    "y": -0.46834297653459944,
    "z": -0.8195012280008327
  },
  "D32": {
    "x": 0.6293532665951092,
    "y": -0.5902484855025444,
    "z": -0.5054910396713457
  },
  "D33": {
    "x": -0.4593515092347393,
    "y": -0.7618516229041921,
    "z": -0.4567037285177513
  },
  "D34": {
    "x": 0.4195293870814942,
    "y": -0.8831398251035228,
    "z": -0.20990269815117885
  },
  "D35": {
    "x": 0.2744423214022493,
    "y": -0.10053032150977582,
    "z": -0.9563341814870395
  },
  "D36": {
    "x": 0.9123925279596486,
    "y": -0.38643942440601503,
    "z": -0.13492385329566314
  },
  "D37": {
    "x": -0.1812176849244412,
    "y": -0.9104034009347391,
    "z": 0.3719217635969784
  },
  "D38": {
    "x": 0.18148689089069747,
    "y": -0.9560626603146143,
    "z": -0.23023183530296334
  },
  "D40": {
    "x": 0.3227572750469194,
    "y": 0.5932528393622087,
    "z": 0.737481396370759
  },
  "D41": {
    "x": 0.9472362971712975,
    "y": 0.2351301608663674,
    "z": 0.2178467460674257
  },
  "D42": {
    "x": 0.07807130435716117,
    "y": 0.6176404593687885,
    "z": 0.7825759607774082
  },
  "D43": {
    "x": 0.08238232136886814,
    "y": 0.07024885208527504,
    "z": -0.9941218496273874
  },
  "D45": {
    "x": 0.416877305582774,
    "y": 0.5698592297282603,
    "z": -0.708148127430667
  },
  "D47": {
    "x": 0.31677845864625737,
    "y": -0.02763877355712537,
    "z": 0.9480967811009376
  },
  "D48": {
    "x": -0.0865537572132421,
    "y": -0.9878774933775546,
    "z": -0.1288662298290388
  },
  "D49": {
    "x": 0.190874784643071,
    "y": 0.2197726086872211,
    "z": 0.9566957808301837
  },
  "D50": {
    "x": 0.6512531691742183,
    "y": -0.7035708218608064,
    "z": -0.28435437092938526
  },
  "D51": {
    "x": -0.3566665092075417,
    "y": -0.6597921112611685,
    "z": -0.6614101383613926
  },
  "D52": {
    "x": 0.1901023657687628,
    "y": -0.6851595808131461,
    "z": -0.70314823426435
  },
  "D53": {
    "x": 0.42372206320564526,
    "y": -0.27773997788032234,
    "z": -0.8621601462836177
  },
  "D54": {
    "x": -0.12217199242327859,
    "y": -0.3736042412937052,
    "z": -0.9195074089721523
  },
  "D56": {
    "x": 0.22822358248310162,
    "y": -0.8599929028005087,
    "z": -0.45642765421404263
  },
  "D57": {
    "x": 0.4256169538501007,
    "y": -0.6412639008136886,
    "z": -0.6384597231686374
  },
  "D58": {
    "x": -0.027583071625022913,
    "y": -0.9307941712605878,
    "z": -0.3645015567964616
  },
  "D59": {
    "x": -0.0048374479576801235,
    "y": -0.16361386377915102,
    "z": -0.9865125963090964
  },
  "D60": {
    "x": -0.26741767973193736,
    "y": -0.917022040895518,
    "z": -0.29590262093906117
  },
  "D61": {
    "x": 0.31477376966900983,
    "y": -0.49645204880510274,
    "z": -0.8089825938582219
  },
  "D62": {
    "x": -0.2262990779047724,
    "y": -0.821697811627831,
    "z": -0.5230692437005671
  },
  "D63": {
    "x": 0.9815362687579717,
    "y": -0.17981896733519703,
    "z": 0.06520500056883592
  },
  "D64": {
    "x": 0.17500170189392664,
    "y": -0.327053284043667,
    "z": -0.9286606235490347
  },
  "D65": {
    "x": 0.46199797735501413,
    "y": -0.7751789943772953,
    "z": -0.4308774716738866
  },
  "D66": {
    "x": -0.11781003801108281,
    "y": -0.6690476940737774,
    "z": -0.7338228519189003
  },
  "D67": {
    "x": 0.016414898559425094,
    "y": -0.8139506896507088,
    "z": -0.5807020112953106
  },
  "D68": {
    "x": 0.05735697077848923,
    "y": -0.5305532719845956,
    "z": -0.8457088171998417
  }
}