{
  "D2": {
    "x": 0.13364082646947126,
    "y": 0.30542646688450337,
    "z": 0.9427909645446366
  },
  "D3": {
    "x": -0.4852728098458675,
    "y": 0.49670243618248583,
    "z": 0.7195811211494366
  },
  "D4": {
    "x": -0.35834798269419843,
    "y": 0.06277280127416696,
    "z": 0.9314753344663468
  },
  "D5": {
    "x": -0.45923646264061024,
    "y": 0.1681250099270735,
    "z": 0.8722590512103391
  },
  "D6": {
    "x": 0.05981655523550765,
    "y": 0.5168041039133289,
    "z": 0.8540114155549086
  },
  "D7": {
    "x": -0.575173136260704,
    "y": -0.5818662376121839,
    "z": -0.5749848214092851
  },
  "D8": {
    "x": -0.4005221089675109,
    "y": 0.6193607165356896,
    "z": 0.6752587230392618
  },
  "D9": {
    "x": -0.49466050471202627,
    "y": -0.8635991592879958,
    "z": -0.09750629290005093
  },
  "D10": {
    "x": 0.029136276160444632,
    "y": 0.39525582473014054,
    "z": 0.9181088772190359
  },
  "D11": {
    "x": -0.48314374973294255,
    "y": 0.3142604676673846,
    "z": 0.8171979414777479
  },
  "D12": {
    "x": -0.0990517913367696,
    "y": 0.6884974382695448,
    "z": 0.7184427744290087
  },
  "D13": {
    "x": -0.2754212719769829,
    "y": -0.6709559572203783,
    "z": -0.6884484195733671
  },
  "D14": {
    "x": -0.13756785534952365,
    "y": -0.9316655054545936,
    "z": -0.33626547714650895
  },
  "D15": {
    "x": -0.6131487721928257,
    "y": -0.76266880458745,
    "z": -0.20587587927579246
  },
  "D16": {
    "x": 0.2880564531499209,
    "y": 0.9495182655567642,
    "z": -0.12425193428177247
  },
  "D18": {
    "x": -0.06314197690225908,
    "y": -0.8842293537008947,
    "z": -0.46276510327224624
  },
  "D19": {
    "x": 0.04234952802666412,
    "y": 0.20522601340481544,
    "z": 0.9777979345948146
  },
  "D20": {
    "x": -0.33227475486715585,
    "y": 0.5433237777466923,
    "z": 0.7709687151973382
  },
  "D21": {
    "x": 0.0194745008561226,
    "y": 0.9976886921513274,
    "z": -0.0651000566034999
  },
  "D22": {
    "x": 0.13114553898862674,
    "y": 0.9853012415053202,
    "z": 0.1094637432735497
  },
  "D23": {
    "x": -0.2305024723322205,
    "y": 0.10730949011356773,
    "z": 0.9671366416284206
  },
  "D26": {
    "x": 0.1544120566595004,
    "y": 0.9829948770892767,
    "z": -0.09938806957789892
  },
  "D27": {
    "x": 0.23569158501704104,
    "y": 0.9716729379027066,
    "z": 0.017354495085652313
  },
  "D28": {
    "x": -0.048413617738474454,
    "y": 0.5910003016398655,
    "z": 0.805217216084617
  },
  "D30": {
    "x": -0.5072070093457994,
    "y": -0.6896019801801868,
    "z": -0.5169043998671858
  },
  "D31": {
    "x": -0.33042888400012693,
    "y": -0.8103004472458322,
    "z": -0.4839730755027959
  },
  "D32": {
    "x": -0.6682622639365383,
    "y": -0.6758833687179544,
    "z": -0.3108170176951097
  },
  "D34": {
    "x": -0.11315547585946706,
    "y": -0.7993578757873158,
    "z": -0.5901040795485214
  },
  "D36": {
    "x": -0.3383908439994632,
    "y": 0.22545927621681597,
    "z": 0.9135971494401242
  },
  "D37": {
    "x": -0.3778496043204796,
    "y": -0.9051094988182017,
    "z": -0.19495248565720022
  },
  "D38": {
    "x": -0.2705650127797009,
    "y": 0.6695269725226922,
    "z": 0.6917573323963532
  },
  "D40": {
    "x": -0.0621570972048,
    "y": 0.29513880404572307,
    "z": 0.9534304283027333
  },
  "D41": {
    "x": -0.1884846598609245,
    "y": 0.597524838477933,
    "z": 0.779382833015349
  },
  "D42": {
    "x": -0.09539724167948525,
    "y": 0.16182701648204023,
    "z": 0.9821972220569897
  },
  "D43": {
    "x": -0.40227756815389976,
    "y": 0.42826058796294386,
    "z": 0.8091758937078009
  },
  "D45": {
    "x": -0.07860803091517643,
    "y": 0.47449873568584033,
    "z": 0.8767392584504117
  },
  "D47": {
    "x": -0.203942083182026,
    "y": 0.24345907112559256,
    "z": 0.9482274555158373
  },
  "D48": {
    "x": -0.6187137441502744,
    "y": -0.649092667971638,
    "z": -0.44257430018586674
  },
  "D49": {
    "x": -0.23101476332954846,
    "y": 0.4816146132187303,
    "z": 0.8453872151020299
  },
  "D50": {
    "x": -0.3937484082549468,
    "y": -0.8593525143909754,
    "z": -0.32630575693144703
  },
  "D51": {
    "x": -0.45191858470295504,
    "y": -0.6176572673953649,
    "z": -0.6436373923520673
  },
  "D52": {
    "x": -0.3057650201966944,
    "y": 0.3579477777409739,
    "z": 0.8822591120721925
  },
  "D53": {
    "x": -0.49684692661533686,
    "y": -0.8355155196885926,
    "z": -0.23464216985102074
  },
  "D54": {
    "x": -0.2500276540650039,
    "y": -0.7674933107687661,
    "z": -0.590288226316559
  },
  "D55": {
    "x": -0.5582826895090521,
    "y": -0.7591734078597743,
    "z": -0.3346284139058074
  },
  "D56": {
    "x": -0.1962106846304217,
    "y": -0.849757002810408,
    "z": -0.48929991151801105
  },
  "D57": {
    "x": -0.45469946160290403,
    "y": -0.7821825067918935,
    "z": -0.4259564833252083
  },
  "D58": {
    "x": -0.24981477648164266,
    "y": -0.9375067064342723,
    "z": -0.24222665592826462
  },
  "D59": {
    "x": -0.1698570047625911,
    "y": 0.3742257882859742,
    "z": 0.9116488673358962
  },
  "D60": {
    "x": -0.38456878742216943,
    "y": -0.7206428782879541,
    "z": -0.5768714672381494
  },
  "D61": {
    "x": -0.26539129599444167,
    "y": -0.8886975320319009,
    "z": -0.3738771945048255
  }
}