{
  "D2": {
    "x": 0.3948210214106275,
    "y": 0.7883048636043282,
    "z": 0.471902323653985
  },
  "D3": {
    "x": 0.49616133596527173,
    "y": -0.6114658980662175,
    "z": 0.6163873653760522
  },
  "D4": {
    "x": 0.03703301933509359,
    "y": -0.7567549818239484,
    "z": 0.6526487975653998
  },
  "D5": {
    "x": 0.19237304996026058,
    "y": -0.12152344710623571,
    "z": 0.9737682791364716
  },
  "D6": {
    "x": 0.2821606208227275,
    "y": -0.7444748478711151,
    "z": 0.6050971698365588
  },
  "D7": {
    "x": -0.025461787441822835,
    "y": -0.47183830422332224,
    "z": -0.8813173730546375
  },
  "D8": {
    "x": 0.11745158375109489,
    "y": 0.4444194058375879,
    "z": 0.8880858726437018
  },
  "D9": {
    "x": 0.06951298825187814,
    "y": -0.6605098694003457,
    "z": -0.747592574126464
  },
  "D10": {
    "x": 0.1388323493288538,
    "y": 0.9532347336232679,
    "z": 0.26845692651523956
  },
  "D11": {
    "x": 0.1548564842272287,
    "y": 0.8536913492629524,
    "z": 0.4972228368512272
  },
  "D15": {
    "x": 0.10179012339010045,
    "y": 0.4595908708541721,
    "z": -0.8822783020157143
  },
  "D16": {
    "x": -0.09542112949651411,
    "y": 0.854574453896125,
    "z": 0.5104873267709485
  },
  "D17": {
    "x": -0.014570331151454478,
    "y": 0.7135681200071239,
    "z": 0.7004343249439137
  },
  "D18": {
    "x": 0.3045301721638106,
    "y": -0.5589977593691364,
    "z": 0.7712216797148307
  },
  "D19": {
    "x": 0.31776779507323016,
    "y": -0.9406440790294184,
    "z": 0.11921554009941332
  },
  "D20": {
    "x": 0.23150925358058222,
    "y": -0.9661251694297271,
    "z": -0.11404219614222781
  },
  "D21": {
    "x": -0.13161126394793257,
    "y": 0.9502353443821074,
    "z": 0.2823672528623766
  },
  "D22": {
    "x": -0.04763221798467805,
    "y": 0.9975264391834061,
    "z": 0.051693084062907235
  },
  "D23": {
    "x": 0.2844446870565663,
    "y": 0.2473427326052409,
    "z": 0.9262358191263521
  },
  "D26": {
    "x": 0.5846004516622513,
    "y": 0.8104993098171825,
    "z": -0.03651274711881628
  },
  "D27": {
    "x": 0.4171577713659145,
    "y": 0.8850580151553347,
    "z": -0.2065228888000623
  },
  "D28": {
    "x": 0.8310935521893025,
    "y": -0.5452018857386941,
    "z": 0.10971969420454537
  },
  "D30": {
    "x": 0.12289681806939359,
    "y": -0.9335074012599185,
    "z": -0.3368386912178767
  },
  "D31": {
    "x": 0.2724999286161271,
    "y": -0.3458360733003497,
    "z": 0.8978536625243565
  },
  "D32": {
    "x": 0.4354620977527021,
    "y": -0.8714999508296914,
    "z": -0.22552294145975801
  },
  "D34": {
    "x": 0.7893064377921036,
    "y": -0.5953036656402735,
    "z": -0.15036253833715946
  },
  "D35": {
    "x": 0.4867454789726693,
    "y": -0.5214803683617654,
    "z": -0.700811718019144
  },
  "D36": {
    "x": -0.181067568929299,
    "y": 0.5610439549719923,
    "z": 0.8077401909471998
  },
  "D37": {
    "x": -0.10083316127721122,
    "y": -0.8930669549639336,
    "z": 0.43847928974843425
  },
  "D38": {
    "x": 0.7740458984524877,
    "y": 0.1256037187719339,
    "z": 0.6205454479081626
  },
  "D40": {
    "x": 0.8644878806219558,
    "y": 0.4961405856340163,
    "z": -0.08065496602500467
  },
  "D41": {
    "x": -0.19896991365783862,
    "y": 0.969179439429138,
    "z": -0.14526592045904765
  },
  "D42": {
    "x": 0.8563569488223289,
    "y": 0.40923874695065965,
    "z": -0.31492288611335495
  },
  "D43": {
    "x": 0.927807856245185,
    "y": -0.28942937744445985,
    "z": -0.23537888044985433
  },
  "D45": {
    "x": 0.7304616936123778,
    "y": 0.3676297488532471,
    "z": 0.5755641423186779
  },
  "D47": {
    "x": 0.9929166392626215,
    "y": 0.09543250566761881,
    "z": 0.07077559139577001
  },
  "D48": {
    "x": -0.27465597657623986,
    "y": -0.9274710861749054,
    "z": -0.2536956421393424
  },
  "D49": {
    "x": 0.9324660961893748,
    "y": 0.298377531055092,
    "z": 0.20366106259865946
  },
  "D50": {
    "x": 0.6279705348943446,
    "y": -0.7202427350564402,
    "z": -0.2947938430546495
  },
  "D51": {
    "x": 0.2583655138569452,
    "y": -0.5129078547923279,
    "z": -0.8186408209598204
  },
  "D52": {
    "x": 0.5846900415822815,
    "y": -0.3312338920206099,
    "z": 0.7405549703103672
  },
  "D53": {
    "x": -0.33297323094145065,
    "y": -0.8082619617524424,
    "z": -0.4856350776668678
  },
  "D54": {
    "x": 0.51406290876154,
    "y": -0.6861586858602245,
    "z": -0.5147092224297078
  },
  "D55": {
    "x": -0.10430343230265435,
    "y": -0.8949709754703066,
    "z": -0.4337600109226454
  },
  "D56": {
    "x": 0.298352343608449,
    "y": -0.6959743930288217,
    "z": -0.6531504599336274
  },
  "D57": {
    "x": -0.13453746001350708,
    "y": -0.7566652006587331,
    "z": -0.6398104765984949
  },
  "D58": {
    "x": 0.10087183735792651,
    "y": -0.8224907891635501,
    "z": -0.559762247895619
  },
  "D59": {
    "x": 0.991336579411808,
    "y": -0.09953190827083708,
    "z": -0.08570405799063407
  },
  "D60": {
    "x": 0.32440579656182994,
    "y": -0.8339926162622955,
    "z": -0.4463375350304477
  },
  "D61": {
    "x": -0.04762161264743371,
    "y": -0.9857020192742816,
    "z": -0.16162831189943652
  }
}