{
  "D2": {
    "x": 0.023112529141882103,
    "y": 0.3079337369741437,
    "z": 0.9511270286506448
  },
  "D3": {
    "x": -0.5624428492686343,
    "y": 0.5399322901421229,
    "z": 0.6262037714422223
  },
  "D4": {
    "x": -0.30980355285593475,
    "y": 0.07069976282760783,
    "z": 0.9481683933637316
  },
  "D5": {
    "x": -0.562446026360599,
    "y": 0.2575456361725148,
    "z": 0.7857001417332613
  },
  "D6": {
    "x": -0.08682383585766708,
    "y": 0.6299428896165847,
    "z": 0.7717730089530654
  },
  "D7": {
    "x": 0.17259883259833184,
    "y": -0.684752663351456,
    "z": -0.7080419712268339
  },
  "D8": {
    "x": -0.28934896228631923,
    "y": 0.6913755915932264,
    "z": 0.6620249008707652
  },
  "D9": {
    "x": -0.2302459137594056,
    "y": -0.8964530886296456,
    "z": -0.378627361773374
  },
  "D10": {
    "x": -0.07980772401882202,
    "y": 0.3956624398739138,
    "z": 0.9149218331966711
  },
  "D11": {
    "x": -0.5687688978765365,
    "y": 0.38738235561872225,
    "z": 0.7255596814622489
  },
  "D15": {
    "x": 0.05918670449460068,
    "y": -0.9811889520293778,
    "z": -0.18375302562559423
  },
  "D16": {
    "x": 0.4087156332680406,
    "y": 0.9105711932867263,
    "z": -0.06173842465346826
  },
  "D18": {
    "x": 0.32411028288626237,
    "y": -0.719448932127189,
    "z": -0.614284753667576
  },
  "D19": {
    "x": -0.19639881852257568,
    "y": -0.837171805615234,
    "z": -0.5104614304390348
  },
  "D20": {
    "x": -0.07731991642384665,
    "y": 0.2130625463044659,
    "z": 0.9739743230118887
  },
  "D21": {
    "x": 0.14072798611898635,
    "y": 0.9885300310824223,
    "z": -0.05480886398275038
  },
  "D22": {
    "x": 0.2151663514966935,
    "y": 0.9668270033273304,
    "z": 0.13765531889722046
  },
  "D23": {
    "x": -0.4268424559584256,
    "y": 0.6410863620425543,
    "z": 0.6378195624112061
  },
  "D26": {
    "x": 0.27726352002720095,
    "y": 0.9587184599202685,
    "z": -0.06311778727296131
  },
  "D27": {
    "x": 0.33310849478828114,
    "y": 0.9405072924154704,
    "z": 0.06696837771072742
  },
  "D28": {
    "x": -0.4451473888310778,
    "y": 0.2454482319461077,
    "z": 0.8611614062714394
  },
  "D30": {
    "x": 0.21836480180868306,
    "y": -0.9547807500136637,
    "z": -0.20176851274269866
  },
  "D31": {
    "x": -0.1376151661197144,
    "y": -0.6808336543909075,
    "z": -0.7193939123335462
  },
  "D32": {
    "x": 0.38245354598900433,
    "y": -0.8314086952127271,
    "z": -0.4030990780008154
  },
  "D34": {
    "x": 0.051808001355861215,
    "y": -0.7427836457836128,
    "z": -0.667524071889483
  },
  "D36": {
    "x": -0.22501356496951347,
    "y": 0.6122681472224556,
    "z": 0.757955547163877
  },
  "D37": {
    "x": -0.11944048239510084,
    "y": -0.9564255146259029,
    "z": -0.266428613586834
  },
  "D38": {
    "x": -0.3226617617222917,
    "y": 0.4667198088489837,
    "z": 0.823445206161427
  },
  "D40": {
    "x": -0.1997841110095083,
    "y": 0.27245878700488485,
    "z": 0.94119738544684
  },
  "D41": {
    "x": -0.4749513711207302,
    "y": 0.4965690791338472,
    "z": 0.7265262175026457
  },
  "D42": {
    "x": -0.32293019278920615,
    "y": 0.20784872853350297,
    "z": 0.9233173867268678
  },
  "D43": {
    "x": -0.021032518322778138,
    "y": 0.5155552385033575,
    "z": 0.8565981725551067
  },
  "D45": {
    "x": -0.45354850303398453,
    "y": 0.3825812865139148,
    "z": 0.8049380812242577
  },
  "D47": {
    "x": -0.21738313833649875,
    "y": 0.40155311542737593,
    "z": 0.889662670149503
  },
  "D48": {
    "x": 0.1514280150986397,
    "y": -0.9342074773994605,
    "z": -0.32299527150443347
  },
  "D49": {
    "x": -0.3576497850552727,
    "y": 0.5721093030394325,
    "z": 0.7380904935207148
  },
  "D50": {
    "x": -0.07992714762869234,
    "y": -0.7721801266619234,
    "z": -0.630356647510215
  },
  "D51": {
    "x": 0.29396720853384584,
    "y": -0.8088734995882594,
    "z": -0.5092218985576531
  },
  "D52": {
    "x": -0.34171755634940154,
    "y": 0.33852070919966754,
    "z": 0.8767170815750928
  },
  "D53": {
    "x": 0.012747823545452378,
    "y": -0.949969428224701,
    "z": -0.3120826467993515
  },
  "D54": {
    "x": 0.19562683135640443,
    "y": -0.7737853998593092,
    "z": -0.6024834419451062
  },
  "D55": {
    "x": 0.28719768023653086,
    "y": -0.9003003881065436,
    "z": -0.3270729332151509
  },
  "D56": {
    "x": -0.05754709698413243,
    "y": -0.8532004549548551,
    "z": -0.5183987994715337
  },
  "D57": {
    "x": 0.18938912186028994,
    "y": -0.8756096070367964,
    "z": -0.444341734013198
  },
  "D58": {
    "x": -0.09245231222353177,
    "y": -0.9132235348382679,
    "z": -0.3968316335450359
  },
  "D59": {
    "x": -0.15995885557494802,
    "y": 0.5190320766861628,
    "z": 0.8396540167795319
  },
  "D60": {
    "x": 0.07452305208891917,
    "y": -0.8272273434349822,
    "z": -0.5569032563927548
  },
  "D61": {
    "x": 0.050427075895013974,
    "y": -0.897455118049021,
    "z": -0.43821389880319445
  }
}