{
  "D2": {
    "x": -0.47754592969481074,
    "y": 0.03131375088669027,
    "z": 0.8780485943484706
  },
  "D3": {
    "x": -0.23634851533098228,
    "y": -0.3832150757793251,
    "z": 0.8929084975496013
  },
  "D4": {
    "x": 0.05712737065509302,
    "y": -0.38998532668971453,
    "z": 0.9190472830538983
  },
  "D5": {
    "x": -0.16837979580040704,
    "y": 0.04479436190146733,
    "z": 0.9847038689413451
  },
  "D6": {
    "x": 0.20371814608198296,
    "y": -0.10377469738492573,
    "z": 0.973514113477348
  },
  "D7": {
    "x": -0.8565019114418562,
    "y": -0.45687206288181287,
    "z": 0.2401507731708637
  },
  "D8": {
    "x": -0.2389613781427199,
    "y": 0.5093351512054275,
    "z": 0.826725567224503
  },
  "D9": {
    "x": -0.7735294611966984,
    "y": -0.6335535471805345,
    "z": 0.016188746576174466
  },
  "D10": {
    "x": -0.20180538700747064,
    "y": 0.2876974367823661,
    "z": 0.9362183349217326
  },
  "D11": {
    "x": -0.03755048615122839,
    "y": -0.1682346882658066,
    "z": 0.9850314972902711
  },
  "D12": {
    "x": 0.1998106506265912,
    "y": 0.3864855941558929,
    "z": 0.9003913534714473
  },
  "D13": {
    "x": -0.31656040642722955,
    "y": -0.15066780166895669,
    "z": 0.9365301504078078
  },
  "D15": {
    "x": -0.32667994415432955,
    "y": 0.7121848873511106,
    "z": 0.6213476485157164
  },
  "D16": {
    "x": -0.723584511774595,
    "y": 0.41220837346656297,
    "z": 0.5536331918915008
  },
  "D17": {
    "x": -0.08768448500130548,
    "y": 0.7139557084561999,
    "z": 0.6946788304337923
  },
  "D18": {
    "x": -0.2735624289644593,
    "y": -0.5907901752966721,
    "z": 0.7590326516244166
  },
  "D19": {
    "x": -0.02583425725053272,
    "y": -0.5953252665420231,
    "z": 0.8030693731982202
  },
  "D20": {
    "x": -0.14116917034977944,
    "y": -0.761185626628874,
    "z": 0.6329831807847373
  },
  "D21": {
    "x": -0.05266872845617349,
    "y": 0.8701671622633301,
    "z": 0.4899337860990946
  },
  "D22": {
    "x": -0.10881568415140618,
    "y": 0.9869252231239614,
    "z": 0.11890227434486053
  },
  "D23": {
    "x": 0.00907015923761756,
    "y": 0.5376137343013191,
    "z": 0.8431424582488981
  },
  "D24": {
    "x": 0.1873143376082469,
    "y": -0.9698808164408131,
    "z": -0.15570658568758564
  },
  "D25": {
    "x": -0.2818161652812181,
    "y": -0.8760121964083034,
    "z": -0.3913850798511478
  },
  "D26": {
    "x": 0.07623555846847611,
    "y": 0.9532252910988611,
    "z": 0.2924887759119848
  },
  "D27": {
    "x": 0.1671793149917725,
    "y": 0.9839964967499713,
    "z": 0.061660125062034055
  },
  "D28": {
    "x": 0.11630955776291531,
    "y": -0.9702019912293405,
    "z": 0.21255630545250367
  },
  "D29": {
    "x": -0.11868542525775623,
    "y": -0.9670450962794098,
    "z": -0.2252499757898604
  },
  "D30": {
    "x": -0.6466623021971599,
    "y": -0.5819402313762477,
    "z": 0.49312618468585534
  },
  "D31": {
    "x": -0.2552470672377488,
    "y": -0.9668423040850938,
    "z": 0.008055662477732031
  },
  "D32": {
    "x": -0.43751268263043686,
    "y": -0.677252817658828,
    "z": 0.5915329859870005
  },
  "D33": {
    "x": -0.7662786164053148,
    "y": -0.5918290093546095,
    "z": -0.250110986816449
  },
  "D34": {
    "x": 0.20885154789917676,
    "y": -0.880015712213004,
    "z": 0.4265599338877917
  },
  "D35": {
    "x": -0.7084596941229,
    "y": -0.6575709279424662,
    "z": 0.2562915069372588
  },
  "D36": {
    "x": -0.8562258768449231,
    "y": -0.2907847014968365,
    "z": 0.42699122379334514
  },
  "D37": {
    "x": 0.44609996595531926,
    "y": -0.8448393748240121,
    "z": -0.2953662999084958
  },
  "D38": {
    "x": 0.398897952518291,
    "y": -0.23366462429879956,
    "z": 0.8867250232332547
  },
  "D39": {
    "x": 0.2179944549282148,
    "y": 0.14567029880703863,
    "z": 0.9650173996700881
  },
  "D40": {
    "x": 0.8092731642175096,
    "y": 0.31827081466462637,
    "z": -0.49374146494911186
  },
  "D41": {
    "x": -0.09865117308918316,
    "y": 0.9778039286507918,
    "z": -0.18484432142536986
  },
  "D42": {
    "x": 0.6553583487950158,
    "y": 0.30638930998504094,
    "z": -0.690384693769757
  },
  "D43": {
    "x": 0.5741620346657091,
    "y": -0.782335548578106,
    "z": 0.24143124772805805
  },
  "D45": {
    "x": 0.7048166893468839,
    "y": 0.17112650722754974,
    "z": 0.6884396509079045
  },
  "D47": {
    "x": 0.9677414002712477,
    "y": -0.17885488872025843,
    "z": 0.17744720618231533
  },
  "D48": {
    "x": 0.35734600501970093,
    "y": -0.9059237187131033,
    "z": 0.22716964711308119
  },
  "D49": {
    "x": 0.994771871750408,
    "y": 0.05279783240413199,
    "z": 0.08741459870991283
  },
  "D50": {
    "x": -0.007775718430010011,
    "y": -0.999966894150835,
    "z": -0.002397666621963887
  },
  "D51": {
    "x": -0.03990744512295757,
    "y": -0.8937081827936194,
    "z": 0.4468703165701263
  },
  "D52": {
    "x": 0.21030683728784916,
    "y": -0.7428551635579934,
    "z": 0.6355605715942494
  },
  "D53": {
    "x": -0.514461734148614,
    "y": -0.7754428810593641,
    "z": -0.3660839552768653
  },
  "D54": {
    "x": -0.5182489193656289,
    "y": -0.7692424902224984,
    "z": 0.3737432926657646
  },
  "D55": {
    "x": -0.627534583081037,
    "y": -0.7664110000343068,
    "z": -0.13716605288380485
  },
  "D56": {
    "x": -0.2891817822956258,
    "y": -0.8458510457323779,
    "z": 0.4482297460251473
  },
  "D57": {
    "x": -0.41497407704332173,
    "y": -0.8938677364138272,
    "z": -0.1696967447550604
  },
  "D58": {
    "x": -0.5776405055090399,
    "y": -0.809645974451585,
    "z": 0.1039463440896526
  },
  "D59": {
    "x": 0.4295264241437047,
    "y": -0.9029724875485532,
    "z": -0.012154739515932907
  },
  "D60": {
    "x": -0.13316922751213706,
    "y": -0.9649371251209271,
    "z": 0.22619085173185272
  },
  "D61": {
    "x": -0.3747103932211896,
    "y": -0.9012644856300466,
    "z": 0.2175188455146571
  }
}