{
  "D2": {
    "x": 0.11555380871198978,
    "y": -0.9062985770061694,
    "z": -0.40653438551830445
  },
  "D4": {
    "x": -0.12299715456575898,
    "y": -0.9111301989120596,
    "z": -0.3933363199593927
  },
  "D5": {
    "x": 0.2310786525109774,
    "y": -0.8812644371427526,
    "z": -0.4122810305861507
  },
  "D7": {
    "x": -0.3764898647848136,
    "y": -0.9262229424150984,
    "z": -0.019142692031951507
  },
  "D8": {
    "x": 0.5984894706335359,
    "y": 0.7704440649132046,
    "z": -0.2196048642011553
  },
  "D9": {
    "x": -0.14234044353631053,
    "y": -0.989812116148766,
    "z": -0.0033425826823313713
  },
  "D10": {
    "x": 0.2824159949384398,
    "y": -0.938265841435913,
    "z": -0.19974588005135213
  },
  "D11": {
    "x": 0.3924771021738236,
    "y": -0.8944417359937608,
    "z": -0.21432616541548466
  },
  "D12": {
    "x": 0.2281172143388861,
    "y": -0.9512291974363946,
    "z": 0.20766692193697836
  },
  "D13": {
    "x": 0.802263158558442,
    "y": -0.5454287296785167,
    "z": -0.24265474497959383
  },
  "D15": {
    "x": 0.4761751216920214,
    "y": -0.8693323501531951,
    "z": -0.13235754024123866
  },
  "D16": {
    "x": -0.05310137845332463,
    "y": -0.8673561943592077,
    "z": -0.49484692149499016
  },
  "D17": {
    "x": -0.06363797869655509,
    "y": -0.9483804131576128,
    "z": 0.310684405154833
  },
  "D18": {
    "x": 0.27237509670633386,
    "y": -0.9586226204132868,
    "z": -0.08279177692366987
  },
  "D19": {
    "x": -0.3561954821554375,
    "y": -0.8888451205880781,
    "z": -0.2882345053924334
  },
  "D20": {
    "x": -0.030855210331440498,
    "y": -0.9539171897602368,
    "z": -0.29847939807520196
  },
  "D21": {
    "x": 0.6626653148415935,
    "y": 0.6671081307243939,
    "z": -0.3403548478093071
  },
  "D22": {
    "x": 0.4150367766838782,
    "y": 0.9038071871223083,
    "z": -0.10429306067959326
  },
  "D23": {
    "x": 0.21692494781953361,
    "y": -0.927796342105866,
    "z": -0.3035416192031459
  },
  "D24": {
    "x": 0.3829565843661719,
    "y": -0.9212749048799199,
    "z": -0.06779973546474635
  },
  "D25": {
    "x": -0.001781249726090797,
    "y": -0.9157500181108519,
    "z": -0.401744609770172
  },
  "D26": {
    "x": 0.26444592979753406,
    "y": -0.45492250493032244,
    "z": -0.8503610202269613
  },
  "D27": {
    "x": 0.34580598080238684,
    "y": 0.06301201056816207,
    "z": -0.9361878605095545
  },
  "D28": {
    "x": -0.3944568468068694,
    "y": -0.9018250879869862,
    "z": -0.1763953136691751
  },
  "D29": {
    "x": -0.2519624561303891,
    "y": -0.9059058016035375,
    "z": -0.3403668599052996
  },
  "D30": {
    "x": -0.26011453774531057,
    "y": -0.9393494288579236,
    "z": -0.22352422185936888
  },
  "D31": {
    "x": 0.09021129158012824,
    "y": -0.9705270151733028,
    "z": 0.2234708833164729
  },
  "D32": {
    "x": 0.1659965670884108,
    "y": -0.9648968232041961,
    "z": -0.20351722355936638
  },
  "D33": {
    "x": 0.31222085075605716,
    "y": -0.9472840850239971,
    "z": 0.07190968372488218
  },
  "D34": {
    "x": 0.09733197594804978,
    "y": -0.9493256644348271,
    "z": -0.29884321860035895
  },
  "D35": {
    "x": -0.15872639478673803,
    "y": -0.9449707530818104,
    "z": -0.28607028405271384
  },
  "D36": {
    "x": -0.2673555445595306,
    "y": -0.854285979926127,
    "z": -0.44577626371862106
  },
  "D37": {
    "x": 0.37871220379220855,
    "y": -0.8623182204052969,
    "z": -0.3361314526429954
  },
  "D38": {
    "x": 0.1520847102331494,
    "y": -0.9808966624414406,
    "z": 0.12129294507324608
  },
  "D40": {
    "x": 0.11216303453029625,
    "y": 0.8993844281342369,
    "z": 0.42252467870481536
  },
  "D41": {
    "x": -0.4716695936145145,
    "y": 0.5072727178080821,
    "z": -0.7212504310065406
  },
  "D42": {
    "x": 0.19564430413335093,
    "y": 0.8483361590491929,
    "z": 0.49198482447107994
  },
  "D43": {
    "x": 0.034900052956253716,
    "y": -0.9781663883775615,
    "z": -0.20487191840769242
  },
  "D45": {
    "x": -0.3096910273984723,
    "y": 0.9415909606671715,
    "z": -0.1322797427376984
  },
  "D47": {
    "x": -0.5102693901137684,
    "y": 0.5731315994837065,
    "z": 0.6412061440645833
  },
  "D48": {
    "x": -0.26069240712649655,
    "y": -0.9421174284215229,
    "z": 0.21084169400526379
  },
  "D49": {
    "x": -0.42721559126072556,
    "y": 0.6726167730195084,
    "z": 0.6042131372591725
  },
  "D50": {
    "x": -0.18833506193032892,
    "y": -0.9733417289847439,
    "z": -0.1309037167718635
  },
  "D51": {
    "x": -0.4176235543804322,
    "y": -0.9032419527033102,
    "z": 0.09871444526190365
  },
  "D52": {
    "x": -0.14472132174418217,
    "y": -0.9685101977519713,
    "z": 0.20259253659267468
  },
  "D53": {
    "x": -0.30395507284199663,
    "y": -0.9459601701291246,
    "z": -0.11300739012513329
  },
  "D54": {
    "x": -0.02702891682786033,
    "y": -0.9784868925310739,
    "z": 0.20453077714611792
  },
  "D56": {
    "x": -0.08951439552776881,
    "y": -0.9751287092410721,
    "z": -0.2027589046309402
  },
  "D57": {
    "x": 0.21210905582123105,
    "y": -0.9770771588858677,
    "z": 0.018165187093638072
  },
  "D58": {
    "x": -0.30907726715072653,
    "y": -0.9456753929062361,
    "z": 0.10084291835460836
  },
  "D59": {
    "x": 0.15851972964002464,
    "y": -0.9833743100763591,
    "z": -0.08858025511759522
  },
  "D60": {
    "x": -0.1981468797521495,
    "y": -0.9753631666907621,
    "z": 0.09697683799472763
  },
  "D61": {
    "x": 0.04224522755252236,
    "y": -0.9947943447468026,
    "z": -0.09273377167362008
  },
  "D62": {
    "x": -0.25797488659671597,
    "y": -0.9661349978411315,
    "z": -0.005667788980558819
  },
  "D63": {
    "x": -0.992611610014429,
    "y": 0.11425094756215863,
    "z": -0.040852327298600694
  },
  "D64": {
    "x": -0.07578564984888415,
    "y": -0.9925694202944234,
    "z": -0.09519706494096565
  },
  "D65": {
    "x": 0.03552563336516317,
    "y": -0.9933937377486156,
    "z": 0.10911833565372424
  },
  "D66": {
    "x": -0.08363567278697699,
    "y": -0.9912336635905175,
    "z": 0.10227853343879378
  },
  "D67": {
    "x": 0.09745401952593578,
    "y": -0.9951831663616155,
    "z": 0.010638583961583556
  },
  "D68": {
    "x": -0.021017912065780468,
    "y": -0.9997660258291977,
    "z": 0.005112824081371701
  }
}