{
  "D2": {
    "x": -0.19218895033567254,
    "y": -0.8670382866255041,
    "z": 0.4596825174991789
  },
  "D3": {
    "x": 0.7694964749163054,
    "y": 0.6053408837062858,
    "z": 0.20356224995090047
  },
  "D4": {
    "x": 0.9822926235372522,
    "y": 0.12186855008821526,
    "z": 0.14229988841772948
  },
  "D5": {
    "x": 0.8717275998975589,
    "y": 0.03714125638073959,
    "z": 0.488581128013866
  },
  "D6": {
    "x": -0.7787429034081144,
    "y": -0.6052367412370714,
    "z": 0.16506961394584638
  },
  "D7": {
    "x": -0.30761173862887675,
    "y": -0.804417299301051,
    "z": 0.5082202542627784
  },
  "D8": {
    "x": 0.679377172519362,
    "y": 0.6207767074790876,
    "z": 0.39125814612736215
  },
  "D9": {
    "x": -0.6435034594727064,
    "y": -0.5881726207303667,
    "z": 0.48985331056330667
  },
  "D10": {
    "x": -0.7306868463726724,
    "y": -0.6813320072639013,
    "z": 0.043398484025387436
  },
  "D11": {
    "x": -0.2441853463050775,
    "y": -0.9665282400187329,
    "z": 0.07871898053303361
  },
  "D15": {
    "x": -0.4160483485793148,
    "y": -0.7093947918116192,
    "z": 0.5689137025902739
  },
  "D16": {
    "x": 0.4026853834994916,
    "y": 0.9130135758936851,
    "z": -0.06519733238172891
  },
  "D17": {
    "x": 0.9467796987598822,
    "y": 0.05161172813677296,
    "z": 0.3177175341948922
  },
  "D18": {
    "x": -0.475685154663825,
    "y": -0.8778522169151978,
    "z": -0.05566973046032713
  },
  "D19": {
    "x": -0.42407408999666724,
    "y": -0.8835215971382261,
    "z": 0.19887371265156387
  },
  "D20": {
    "x": -0.20784900406003803,
    "y": -0.920384529069635,
    "z": 0.33119648271157226
  },
  "D21": {
    "x": 0.13428368517406025,
    "y": 0.9893283324554532,
    "z": -0.05654504838610075
  },
  "D22": {
    "x": 0.2103100009000738,
    "y": 0.9681971872938236,
    "z": 0.13551350500130818
  },
  "D23": {
    "x": 0.711525032896839,
    "y": 0.4132744596568615,
    "z": 0.5682748881980282
  },
  "D26": {
    "x": 0.27093076447092385,
    "y": 0.9603419845845377,
    "z": -0.06587710913080985
  },
  "D27": {
    "x": 0.327812267981417,
    "y": 0.9425833506827113,
    "z": 0.06384155368279074
  },
  "D28": {
    "x": 0.9585261635762049,
    "y": 0.25814683032850394,
    "z": 0.12077999723145075
  },
  "D30": {
    "x": -0.5323776229740046,
    "y": -0.6316902173839295,
    "z": 0.5635082393523565
  },
  "D31": {
    "x": -0.15748562695473536,
    "y": -0.9665719809878683,
    "z": 0.2023286506450875
  },
  "D32": {
    "x": -0.7709078719390597,
    "y": -0.5622756253547344,
    "z": 0.2992443384833418
  },
  "D34": {
    "x": -0.37677920692875305,
    "y": -0.9240921372020509,
    "z": 0.06396210743468349
  },
  "D35": {
    "x": -0.5904051290962075,
    "y": -0.7422792666736059,
    "z": 0.3169278684549286
  },
  "D36": {
    "x": 0.7840160001422193,
    "y": 0.29562793747561067,
    "z": 0.5458232627004022
  },
  "D37": {
    "x": 0.5445634069108075,
    "y": -0.4569300661781391,
    "z": -0.7033246835396407
  },
  "D38": {
    "x": 0.8480648179488011,
    "y": 0.4208467888660984,
    "z": 0.3219845413347677
  },
  "D39": {
    "x": 0.9470380586923297,
    "y": 0.18668228293982894,
    "z": 0.26128268336159827
  },
  "D40": {
    "x": 0.8485276391199306,
    "y": 0.4898322710563954,
    "z": 0.20016291335132727
  },
  "D41": {
    "x": 0.8394544092919385,
    "y": 0.17058983198031952,
    "z": 0.515960661238092
  },
  "D42": {
    "x": 0.9121846316044399,
    "y": 0.39017896945530406,
    "z": 0.12521808838769782
  },
  "D43": {
    "x": 0.719911461221118,
    "y": 0.5116308048930217,
    "z": 0.46900043442090084
  },
  "D45": {
    "x": 0.873322437836464,
    "y": 0.2984260555812345,
    "z": 0.38503221803064935
  },
  "D47": {
    "x": 0.7749295544377908,
    "y": 0.5400598705428845,
    "z": 0.3283588309883716
  },
  "D48": {
    "x": -0.5957441134573862,
    "y": -0.8031658769875711,
    "z": -0.003677679113095747
  },
  "D49": {
    "x": 0.905244594454581,
    "y": 0.16232859564008634,
    "z": 0.3926597143179811
  },
  "D50": {
    "x": -0.4678505246546171,
    "y": -0.8234082973806535,
    "z": 0.3211147184186566
  },
  "D51": {
    "x": -0.5449940772268199,
    "y": -0.8130560132257578,
    "z": 0.2047471004559614
  },
  "D52": {
    "x": 0.7990648189199527,
    "y": 0.39756043453876716,
    "z": 0.4510444723680471
  },
  "D53": {
    "x": -0.3398509417326916,
    "y": -0.8754418560657959,
    "z": 0.3436610161939768
  },
  "D54": {
    "x": -0.6753454384686031,
    "y": -0.641254335185615,
    "z": 0.36428205602980945
  },
  "D55": {
    "x": -0.29350740310243834,
    "y": -0.933596140825928,
    "z": 0.20555206191862221
  },
  "D56": {
    "x": -0.687859049871826,
    "y": -0.6875602975985796,
    "z": 0.23261720631883942
  },
  "D57": {
    "x": -0.5505479729778117,
    "y": -0.7056530743544429,
    "z": 0.44603886389433134
  },
  "D58": {
    "x": -0.500923952292836,
    "y": -0.861684817054629,
    "z": 0.0810831059891947
  },
  "D59": {
    "x": 0.9137540411296909,
    "y": 0.3219911770486992,
    "z": 0.2477402555539823
  },
  "D60": {
    "x": -0.43275738365468136,
    "y": -0.7812183580304828,
    "z": 0.44990990650185914
  },
  "D61": {
    "x": -0.641809240490261,
    "y": -0.7573636341431417,
    "z": 0.12033795950907442
  }
}