{
  "D2": {
    "x": -0.5988884825419009,
    "y": 0.3766069073294113,
    "z": 0.7067530140228874
  },
  "D3": {
    "x": -0.504539482672866,
    "y": -0.6328831235175034,
    "z": 0.58728090586271
  },
  "D4": {
    "x": -0.49525037466523497,
    "y": -0.0784267294187063,
    "z": 0.8652030481376204
  },
  "D5": {
    "x": -0.6055416114063696,
    "y": 0.1310811988831907,
    "z": 0.7849439955530093
  },
  "D6": {
    "x": -0.7096302126318196,
    "y": -0.18168685995879397,
    "z": 0.6807458014842487
  },
  "D7": {
    "x": 0.24852979008656217,
    "y": -0.34155277563880104,
    "z": -0.9064075490048393
  },
  "D8": {
    "x": -0.4205094502323142,
    "y": 0.27997073628256613,
    "z": 0.8630111175939246
  },
  "D9": {
    "x": 0.04574195047241196,
    "y": -0.8285737343649615,
    "z": -0.5580082801244812
  },
  "D10": {
    "x": -0.3139991567523384,
    "y": 0.7430365939423039,
    "z": 0.5910170468112067
  },
  "D11": {
    "x": -0.16656063005534205,
    "y": 0.6301472762539014,
    "z": 0.7584009274423106
  },
  "D15": {
    "x": 0.12529492614444435,
    "y": 0.5869876175882455,
    "z": -0.7998416832602149
  },
  "D16": {
    "x": 0.06720338950532186,
    "y": 0.9817169372564747,
    "z": -0.17808862833646322
  },
  "D17": {
    "x": 0.266488835086014,
    "y": -0.559322555720585,
    "z": -0.7849471188791588
  },
  "D18": {
    "x": -0.6566115805826035,
    "y": -0.43642094146948013,
    "z": 0.6151406295244266
  },
  "D19": {
    "x": -0.43301905768764687,
    "y": -0.8787053644507602,
    "z": 0.20092630033113926
  },
  "D20": {
    "x": -0.37846812214321024,
    "y": -0.5157405950076939,
    "z": 0.7686179279606364
  },
  "D21": {
    "x": -0.16707626912637455,
    "y": 0.935859061227479,
    "z": 0.3102472204762405
  },
  "D22": {
    "x": 0.03942760004181362,
    "y": 0.996111122221203,
    "z": 0.07879147506017582
  },
  "D23": {
    "x": -0.30621134017807145,
    "y": -0.2535064490789474,
    "z": 0.9175887398076181
  },
  "D26": {
    "x": -0.06962528779838628,
    "y": 0.8393105456378643,
    "z": 0.5391754142021522
  },
  "D27": {
    "x": 0.07902092644371815,
    "y": 0.929733238606922,
    "z": 0.3596551100894589
  },
  "D28": {
    "x": -0.5258103743900079,
    "y": -0.31492768674282834,
    "z": 0.7901544167481763
  },
  "D30": {
    "x": -0.2636931839118876,
    "y": -0.9645906915551485,
    "z": 0.0055409857942229045
  },
  "D31": {
    "x": 0.04198224684514536,
    "y": -0.6642234635067131,
    "z": -0.7463542600380727
  },
  "D32": {
    "x": -0.29721463209872717,
    "y": -0.9244353189744523,
    "z": -0.23892007763898934
  },
  "D34": {
    "x": -0.37002830520325797,
    "y": -0.8204879995302217,
    "z": 0.4357504973896181
  },
  "D36": {
    "x": -0.7654923401577313,
    "y": 0.594812284312517,
    "z": 0.2453972770646928
  },
  "D37": {
    "x": -0.13196234775741075,
    "y": -0.9669852592884239,
    "z": 0.21800331899595474
  },
  "D38": {
    "x": -0.3112594852899007,
    "y": 0.06930634806716511,
    "z": 0.9477943674313849
  },
  "D40": {
    "x": -0.21329736783411074,
    "y": 0.41842286284585667,
    "z": 0.8828513695537418
  },
  "D41": {
    "x": 0.11904105828362001,
    "y": 0.31437222784122426,
    "z": 0.9418064179038391
  },
  "D42": {
    "x": -0.40165586664158937,
    "y": 0.5236155290022189,
    "z": 0.751331712747519
  },
  "D43": {
    "x": 0.83085918471424,
    "y": -0.5108254111473417,
    "z": 0.22074966478374958
  },
  "D45": {
    "x": -0.10643752915659806,
    "y": 0.21063247360230608,
    "z": 0.9717535765054904
  },
  "D47": {
    "x": 0.7157433907879367,
    "y": 0.012407367556139621,
    "z": 0.6982531459103595
  },
  "D48": {
    "x": -0.21301623534187705,
    "y": -0.7285165775348046,
    "z": -0.651066570895595
  },
  "D49": {
    "x": 0.6003503690437225,
    "y": 0.22291505021852556,
    "z": 0.7680418704570334
  },
  "D50": {
    "x": 0.3595656052810928,
    "y": -0.9146914616342537,
    "z": -0.18453212596248414
  },
  "D51": {
    "x": 0.19598033972436185,
    "y": -0.9067266798335675,
    "z": -0.3734145612044595
  },
  "D52": {
    "x": -0.14195902511713315,
    "y": -0.4394716345618263,
    "z": 0.8869680476789171
  },
  "D53": {
    "x": -0.17168489437530507,
    "y": -0.5478061738732666,
    "z": -0.8187995437893654
  },
  "D54": {
    "x": 0.14193836683149022,
    "y": -0.9862659242993529,
    "z": -0.08445724709669619
  },
  "D55": {
    "x": 0.4824410593106606,
    "y": -0.6055166343266742,
    "z": -0.6329298775100638
  },
  "D56": {
    "x": -0.024566835199241594,
    "y": -0.9627025150366317,
    "z": -0.26944449920240937
  },
  "D57": {
    "x": 0.2732629112839717,
    "y": -0.7410184211340386,
    "z": -0.6133670033973337
  },
  "D58": {
    "x": -0.17577460232516615,
    "y": -0.8746834353382648,
    "z": -0.45169921089402076
  },
  "D59": {
    "x": 0.5946797722238235,
    "y": -0.20009503492603942,
    "z": 0.7786642058716764
  },
  "D60": {
    "x": 0.42079153238006534,
    "y": -0.8033397380087004,
    "z": -0.42140212578171626
  },
  "D61": {
    "x": -0.44555253362010944,
    "y": -0.6934388676518407,
    "z": -0.5662380035059765
  }
}