{
  "D2": {
    "x": 0.792189071627144,
    "y": -0.012801822162937793,
    "z": 0.610141449291746
  },
  "D3": {
    "x": 0.9887580126632152,
    "y": -0.1111409300954685,
    "z": -0.10002642676714793
  },
  "D4": {
    "x": 0.8814228550757608,
    "y": -0.3422685594482238,
    "z": 0.3254934465750912
  },
  "D5": {
    "x": 0.9511834621172861,
    "y": 0.26750193524567406,
    "z": 0.1539244491118702
  },
  "D6": {
    "x": 0.9649387753520996,
    "y": -0.23577453901374162,
    "z": 0.11534091457435246
  },
  "D7": {
    "x": -0.20514507674686067,
    "y": -0.978136791251507,
    "z": -0.03411619976976181
  },
  "D8": {
    "x": 0.6725437579332034,
    "y": 0.4673552328930505,
    "z": 0.5738152838262217
  },
  "D9": {
    "x": 0.13859664207380634,
    "y": -0.9744407492072409,
    "z": 0.1767942224460298
  },
  "D10": {
    "x": 0.7954287045920729,
    "y": 0.23214623682131316,
    "z": 0.5598225617467372
  },
  "D11": {
    "x": 0.9206930009287208,
    "y": 0.13753736639825606,
    "z": 0.36525042215594855
  },
  "D15": {
    "x": 0.3760051829621086,
    "y": 0.765233959425645,
    "z": 0.5225295108674549
  },
  "D16": {
    "x": 0.4424178179810834,
    "y": 0.3635222586292183,
    "z": 0.8198280562495825
  },
  "D17": {
    "x": -0.030687155242600437,
    "y": 0.6329350399589647,
    "z": 0.7735964928147362
  },
  "D18": {
    "x": 0.9234158391230439,
    "y": -0.366910887434524,
    "z": -0.11260367995183156
  },
  "D19": {
    "x": 0.8760904373814475,
    "y": -0.4693363497433935,
    "z": 0.11040351596906164
  },
  "D20": {
    "x": 0.7820748491915102,
    "y": -0.6197002916043275,
    "z": -0.06580637391308232
  },
  "D21": {
    "x": 0.049309127712583105,
    "y": 0.9418510588239096,
    "z": 0.33239313006815385
  },
  "D22": {
    "x": -0.18831456999460985,
    "y": 0.9484290192880759,
    "z": 0.25499023138152555
  },
  "D23": {
    "x": 0.8529200531229024,
    "y": 0.37800433556053775,
    "z": 0.3600556974667417
  },
  "D26": {
    "x": 0.7482118343975079,
    "y": 0.6528317708970963,
    "z": 0.11827818807741868
  },
  "D27": {
    "x": 0.5611316094652647,
    "y": 0.8186100834382027,
    "z": 0.12251060424396175
  },
  "D28": {
    "x": 0.7381516222846101,
    "y": -0.5137337749494455,
    "z": 0.43727541778013396
  },
  "D30": {
    "x": 0.614376175166401,
    "y": -0.453198881352833,
    "z": 0.6458735861826559
  },
  "D31": {
    "x": 0.043343496875527174,
    "y": -0.9976490202464001,
    "z": -0.05308270603500906
  },
  "D32": {
    "x": 0.14830527666849722,
    "y": -0.6947276577791374,
    "z": 0.7038174666978607
  },
  "D34": {
    "x": 0.7340228170114814,
    "y": -0.6416333129940701,
    "z": 0.22252459586028436
  },
  "D35": {
    "x": 0.1070143666249419,
    "y": -0.9509442408958143,
    "z": -0.29026363196746846
  },
  "D36": {
    "x": 0.4237453557591875,
    "y": -0.14694419361013347,
    "z": 0.8937825672034486
  },
  "D37": {
    "x": -0.5604027680513355,
    "y": -0.817279083586902,
    "z": -0.13417763260601517
  },
  "D38": {
    "x": 0.9922114344052838,
    "y": 0.012574079239099388,
    "z": 0.12392885849025677
  },
  "D39": {
    "x": 0.9733796844999592,
    "y": 0.2113531391379742,
    "z": -0.08866701968197813
  },
  "D40": {
    "x": 0.8278879146792513,
    "y": 0.5034814244515611,
    "z": -0.24720043681245374
  },
  "D41": {
    "x": 0.6298089520125429,
    "y": 0.21526115364246415,
    "z": 0.7463265503098343
  },
  "D42": {
    "x": 0.6888973084955953,
    "y": 0.5739855356808314,
    "z": -0.442674940759824
  },
  "D43": {
    "x": 0.5520477674692553,
    "y": -0.6694399795560112,
    "z": 0.49708487826955516
  },
  "D45": {
    "x": 0.8920016634531588,
    "y": 0.4518949939233786,
    "z": -0.011133142583631604
  },
  "D47": {
    "x": 0.7222368786233331,
    "y": 0.5910966824688066,
    "z": 0.3591359117810356
  },
  "D48": {
    "x": -0.09482281672614545,
    "y": -0.9595783627309011,
    "z": 0.2649867906270096
  },
  "D49": {
    "x": 0.011916221481728625,
    "y": 0.9972294608153146,
    "z": -0.07342619524117554
  },
  "D50": {
    "x": 0.6241707835179645,
    "y": -0.7801050143103911,
    "z": 0.04297673382604475
  },
  "D51": {
    "x": 0.5427731541955885,
    "y": -0.792038102927324,
    "z": 0.27941536571179787
  },
  "D52": {
    "x": 0.9060747959118719,
    "y": -0.1080863475199997,
    "z": 0.4090792168920899
  },
  "D53": {
    "x": 0.5047131369434341,
    "y": -0.8469254362737251,
    "z": -0.1672780762361849
  },
  "D54": {
    "x": 0.40981549426645686,
    "y": -0.5870604903147411,
    "z": 0.6981484379203005
  },
  "D55": {
    "x": 0.2835595304284024,
    "y": -0.9525469973358168,
    "z": -0.11067163398876483
  },
  "D56": {
    "x": 0.3286237469026432,
    "y": -0.7694356834212105,
    "z": 0.547699883193161
  },
  "D57": {
    "x": 0.41439445265084746,
    "y": -0.9049172402659243,
    "z": 0.0969640442726463
  },
  "D58": {
    "x": 0.08770157039242574,
    "y": -0.9007665459443123,
    "z": 0.425356396752483
  },
  "D59": {
    "x": 0.7837665108346011,
    "y": -0.2880659905717037,
    "z": 0.5502072714623991
  },
  "D60": {
    "x": 0.31791048506595804,
    "y": -0.8893466628266666,
    "z": 0.3286265917484439
  },
  "D61": {
    "x": -0.055783971173554533,
    "y": -0.796781094313318,
    "z": 0.6016876567663486
  }
}