{
  "D2": {
    "x": -0.9077962521789598,
    "y": -0.3392770655208632,
    "z": -0.24657055246194015
  },
  "D4": {
    "x": -0.11263932534170695,
    "y": -0.847068086470148,
    "z": 0.5194112429187174
  },
  "D5": {
    "x": -0.8337698672128188,
    "y": -0.4966533621452179,
    "z": 0.24117057531500352
  },
  "D7": {
    "x": -0.42501138661201077,
    "y": -0.00531322954234845,
    "z": -0.9051724094568759
  },
  "D8": {
    "x": -0.6119944192205063,
    "y": 0.7907068862112857,
    "z": 0.015666874002432784
  },
  "D9": {
    "x": -0.2792086383768559,
    "y": -0.6015608786257927,
    "z": -0.7484430810440473
  },
  "D10": {
    "x": -0.8904143430817459,
    "y": -0.4543835692039621,
    "z": -0.026417223013992994
  },
  "D11": {
    "x": -0.9448794878913576,
    "y": -0.28976088320718674,
    "z": 0.1524512509793108
  },
  "D12": {
    "x": 0.26139679620091466,
    "y": -0.9171926666927597,
    "z": -0.3007146938560233
  },
  "D13": {
    "x": -0.9899554296372793,
    "y": -0.011295366184783268,
    "z": 0.14092786110071154
  },
  "D15": {
    "x": -0.8308409536417404,
    "y": 0.04746967674603429,
    "z": -0.5544816854877269
  },
  "D16": {
    "x": 0.07329916115746764,
    "y": -0.9253242408967673,
    "z": 0.3720245720143134
  },
  "D17": {
    "x": -0.32603916240254455,
    "y": -0.23464127005205945,
    "z": -0.9157739562622447
  },
  "D18": {
    "x": -0.43890397338171666,
    "y": -0.8890036776844091,
    "z": -0.1305211217134468
  },
  "D19": {
    "x": -0.22529425364151762,
    "y": -0.9235260435201439,
    "z": 0.3103903126969993
  },
  "D20": {
    "x": 0.15516208720109742,
    "y": -0.9849302042736082,
    "z": -0.07640169765749505
  },
  "D21": {
    "x": -0.47003695718440436,
    "y": 0.857199733706874,
    "z": 0.21041358181850114
  },
  "D22": {
    "x": -0.2597726276454735,
    "y": 0.960102157343216,
    "z": 0.10354723265770432
  },
  "D23": {
    "x": -0.3542740232879205,
    "y": -0.7851749414145568,
    "z": 0.5079273843750082
  },
  "D24": {
    "x": -0.6774293726496372,
    "y": -0.690853837243909,
    "z": 0.2526072458123198
  },
  "D25": {
    "x": 0.21024284856015407,
    "y": -0.9634025613431266,
    "z": 0.16629326332360903
  },
  "D26": {
    "x": -0.27978470122422183,
    "y": 0.7702480530676294,
    "z": -0.5730955048736636
  },
  "D27": {
    "x": -0.17633761089674707,
    "y": 0.9041705826622758,
    "z": -0.38907660483687306
  },
  "D28": {
    "x": -0.45948829100952643,
    "y": -0.8399418082196862,
    "z": 0.28873563900181864
  },
  "D29": {
    "x": -0.03828175633420431,
    "y": -0.9867822086706974,
    "z": 0.15746548759315138
  },
  "D30": {
    "x": -0.3150397793325081,
    "y": -0.9458395972950353,
    "z": 0.07834151917655367
  },
  "D31": {
    "x": 0.06455254357151619,
    "y": -0.33940085132144043,
    "z": -0.9384242277566841
  },
  "D32": {
    "x": 0.01569795057787539,
    "y": -0.9593291395212481,
    "z": -0.28185311141279956
  },
  "D33": {
    "x": 0.20750623737694132,
    "y": -0.6937985184380714,
    "z": -0.6896265491284406
  },
  "D34": {
    "x": -0.7526569733344398,
    "y": -0.6583211831593437,
    "z": 0.010986368586656324
  },
  "D35": {
    "x": -0.7948522926377491,
    "y": -0.5611322735919094,
    "z": -0.23095541652468057
  },
  "D36": {
    "x": 0.02211355362298012,
    "y": -0.7236597599584925,
    "z": 0.6898025388203354
  },
  "D37": {
    "x": -0.5721871280944211,
    "y": -0.6666452627141808,
    "z": 0.4776881662170411
  },
  "D38": {
    "x": 0.27384123107834674,
    "y": -0.49438187354842666,
    "z": -0.8249833593886867
  },
  "D40": {
    "x": -0.6578665821379311,
    "y": 0.4729065774759318,
    "z": 0.5861492378960818
  },
  "D41": {
    "x": 0.14085589588644595,
    "y": 0.15818583636962932,
    "z": 0.9773110343007836
  },
  "D42": {
    "x": -0.647011075006571,
    "y": 0.6455890830873116,
    "z": 0.405698662331201
  },
  "D43": {
    "x": 0.13869766957294796,
    "y": -0.8503394686330369,
    "z": -0.5076275647952124
  },
  "D45": {
    "x": -0.1879008821836002,
    "y": 0.2918374715715655,
    "z": 0.9378294880527805
  },
  "D47": {
    "x": -0.914273764498472,
    "y": -0.16827826377855842,
    "z": 0.3684913967645198
  },
  "D48": {
    "x": -0.8786369470766685,
    "y": -0.18486047658864435,
    "z": -0.4402541532197179
  },
  "D49": {
    "x": -0.9122772874652397,
    "y": 0.07940873566363957,
    "z": 0.4018014478263693
  },
  "D50": {
    "x": -0.5701433614064068,
    "y": -0.8188406803430857,
    "z": 0.06660696404638308
  },
  "D51": {
    "x": -0.5538762536885078,
    "y": -0.19623321797803525,
    "z": -0.8091437571667771
  },
  "D52": {
    "x": -0.7831636145994119,
    "y": -0.4339295228796357,
    "z": -0.4453761578048782
  },
  "D53": {
    "x": -0.6441199610204662,
    "y": -0.6401395388434726,
    "z": -0.41872526389538445
  },
  "D54": {
    "x": -0.3187660440014762,
    "y": -0.763079061953267,
    "z": -0.5622264262734107
  },
  "D56": {
    "x": -0.1237852584478255,
    "y": -0.9893539552660373,
    "z": -0.07652425099569955
  },
  "D57": {
    "x": -0.742671381927772,
    "y": -0.16658101279838933,
    "z": -0.6486061860948877
  },
  "D58": {
    "x": -0.10793457381742111,
    "y": -0.8707794810538563,
    "z": -0.479680334337805
  },
  "D59": {
    "x": -0.44212568705480326,
    "y": -0.41895391607868054,
    "z": -0.7930967740753057
  },
  "D60": {
    "x": -0.6351161888969699,
    "y": -0.748569059580577,
    "z": -0.19045154144726498
  },
  "D61": {
    "x": -0.16856111123337858,
    "y": -0.4267021925237001,
    "z": -0.8885450977160563
  },
  "D62": {
    "x": -0.24767075604381242,
    "y": -0.9265614113465507,
    "z": -0.2830956509806795
  },
  "D63": {
    "x": -0.7440860004525164,
    "y": -0.3540593999740568,
    "z": 0.5665491728178488
  },
  "D64": {
    "x": 0.03348873771668929,
    "y": -0.560298836325861,
    "z": -0.8276132662409593
  },
  "D65": {
    "x": -0.6465980165279568,
    "y": -0.39728694633227224,
    "z": -0.6512097106893373
  },
  "D66": {
    "x": -0.0760483654366229,
    "y": -0.728798141256969,
    "z": -0.6804924065812971
  },
  "D67": {
    "x": -0.5027259945505664,
    "y": -0.6008256855710468,
    "z": -0.6215103136402687
  },
  "D68": {
    "x": -0.4654916474367162,
    "y": -0.8064104126130612,
    "z": -0.36471875821773153
  }
}