{
  "D2": {
    "x": -0.11959017965293924,
    "y": 0.319269872661842,
    "z": 0.9400877285344538
  },
  "D3": {
    "x": 0.6160766399992109,
    "y": -0.45346290820368196,
    "z": 0.6440659628723925
  },
  "D4": {
    "x": -0.6294473775444183,
    "y": -0.137782576246511,
    "z": 0.7647299919483536
  },
  "D5": {
    "x": -0.156490994278668,
    "y": -0.16647837265145815,
    "z": 0.9735479033663399
  },
  "D6": {
    "x": -0.7004005542507542,
    "y": 0.22708944465342726,
    "z": 0.6766605114326047
  },
  "D7": {
    "x": 0.34102312864636136,
    "y": -0.9358540905448199,
    "z": -0.08877131822145742
  },
  "D8": {
    "x": -0.5657961716250628,
    "y": 0.5231822906701016,
    "z": 0.637302897297359
  },
  "D9": {
    "x": 0.11285755654423571,
    "y": -0.9369720333207734,
    "z": 0.3306759451571889
  },
  "D10": {
    "x": -0.35371015618984897,
    "y": 0.6509473705968148,
    "z": 0.6716819531007556
  },
  "D11": {
    "x": -0.3390928792693811,
    "y": 0.20203955057558956,
    "z": 0.9188014144699684
  },
  "D12": {
    "x": -0.5080290072874365,
    "y": 0.33639036101771574,
    "z": 0.7929363484977296
  },
  "D13": {
    "x": 0.5785964969221468,
    "y": -0.22231440280623868,
    "z": 0.7847307818955018
  },
  "D14": {
    "x": 0.09428237072430613,
    "y": -0.9930533107192038,
    "z": -0.07039855566865814
  },
  "D15": {
    "x": -0.001065515028279248,
    "y": 0.8324379359620958,
    "z": 0.5541172686795548
  },
  "D16": {
    "x": 0.06966275683173956,
    "y": 0.9618271828754048,
    "z": 0.2646423446702448
  },
  "D18": {
    "x": -0.007431319307287984,
    "y": -0.3627970964288485,
    "z": 0.9318385280273348
  },
  "D19": {
    "x": -0.5536966761117982,
    "y": 0.09222022707286312,
    "z": 0.8275961699895522
  },
  "D20": {
    "x": -0.36113190923447847,
    "y": -0.29156542471375496,
    "z": 0.8857614505295136
  },
  "D21": {
    "x": -0.18817756829036694,
    "y": 0.8964589884195687,
    "z": 0.4011863468191404
  },
  "D22": {
    "x": -0.12194132611372366,
    "y": 0.9868586063056626,
    "z": 0.10602077223861368
  },
  "D23": {
    "x": -0.5506930677960924,
    "y": -0.37481198527074244,
    "z": 0.7458237866806967
  },
  "D26": {
    "x": 0.013438748988623473,
    "y": 0.514112305665764,
    "z": 0.8576175937961236
  },
  "D27": {
    "x": -0.1109452850481251,
    "y": 0.6831351743133179,
    "z": 0.7218154039236784
  },
  "D28": {
    "x": -0.3707265802048545,
    "y": -0.04554132333203226,
    "z": 0.9276248113320283
  },
  "D30": {
    "x": -0.39389685353794207,
    "y": -0.5886024196462264,
    "z": 0.7059691638871464
  },
  "D31": {
    "x": 0.4198131709995428,
    "y": -0.6046986104850832,
    "z": 0.6768282588166056
  },
  "D32": {
    "x": -0.19804097276025973,
    "y": -0.7337862492801106,
    "z": 0.6498749983462956
  },
  "D34": {
    "x": -0.21278505420450602,
    "y": -0.488539068593474,
    "z": 0.846198616853636
  },
  "D36": {
    "x": -0.8792519417353171,
    "y": 0.37254764659797696,
    "z": 0.29685732931659853
  },
  "D37": {
    "x": -0.3071218066840501,
    "y": -0.934142642233466,
    "z": 0.18180682005965504
  },
  "D38": {
    "x": -0.09730750873121619,
    "y": 0.07568365693744723,
    "z": 0.9923725272381835
  },
  "D40": {
    "x": 0.2579041885798225,
    "y": 0.5299164185604966,
    "z": 0.8078824288552139
  },
  "D41": {
    "x": 0.11530464515459439,
    "y": 0.23736234742779144,
    "z": 0.9645537594293754
  },
  "D42": {
    "x": 0.19675196451820864,
    "y": 0.7235570073143841,
    "z": 0.6616297466290932
  },
  "D43": {
    "x": 0.7812177058450962,
    "y": 0.017576603669366628,
    "z": 0.6240111850580683
  },
  "D45": {
    "x": -0.29466077708861577,
    "y": 0.4673248955452525,
    "z": 0.8335361230619535
  },
  "D47": {
    "x": 0.5034682848156358,
    "y": 0.3559803298728445,
    "z": 0.7872723105307481
  },
  "D48": {
    "x": 0.5101476422383876,
    "y": -0.7181975611386031,
    "z": 0.47322473127804343
  },
  "D49": {
    "x": 0.46482026619843325,
    "y": 0.5750692997314555,
    "z": 0.6732290996663701
  },
  "D50": {
    "x": -0.014439686764819583,
    "y": -0.6252664890011316,
    "z": 0.7802777154182553
  },
  "D51": {
    "x": -0.33934837671939433,
    "y": -0.819271476868121,
    "z": 0.46220874765439046
  },
  "D52": {
    "x": 0.20346594659954356,
    "y": -0.5145460889971613,
    "z": 0.832972947263041
  },
  "D53": {
    "x": 0.49423933048123825,
    "y": -0.8322129369247239,
    "z": 0.2512948702631692
  },
  "D54": {
    "x": 0.19434638235678298,
    "y": -0.7124265563619389,
    "z": 0.6742980687018911
  },
  "D55": {
    "x": 0.29169569513596116,
    "y": -0.9436766269255504,
    "z": 0.15616672255498
  },
  "D56": {
    "x": 0.009330500977510434,
    "y": -0.8341458556262432,
    "z": 0.5514649882749321
  },
  "D57": {
    "x": -0.04136380039149193,
    "y": -0.9893481962068202,
    "z": 0.139567842569426
  },
  "D58": {
    "x": -0.13462621520832127,
    "y": -0.9222617426102336,
    "z": 0.3623659204398476
  },
  "D59": {
    "x": 0.12679669277133251,
    "y": -0.03511218619822398,
    "z": 0.9913070831395454
  },
  "D60": {
    "x": 0.2873794002575344,
    "y": -0.8315881206409895,
    "z": 0.47526232537032304
  },
  "D61": {
    "x": -0.561784684430809,
    "y": -0.7145861627124459,
    "z": 0.41685079392856916
  }
}