{
  "D2": {
    "x": -0.5567584753694594,
    "y": 0.36628025326707686,
    "z": 0.745559371325236
  },
  "D3": {
    "x": -0.35689803121556135,
    "y": -0.6828105229858015,
    "z": 0.6374900666005021
  },
  "D4": {
    "x": -0.41362656820914484,
    "y": -0.11697405938012563,
    "z": 0.9029009533186132
  },
  "D5": {
    "x": -0.5922820518567666,
    "y": 0.03975016742362543,
    "z": 0.8047495854227774
  },
  "D6": {
    "x": -0.5183637496446969,
    "y": -0.5003527203909578,
    "z": 0.6935028321871932
  },
  "D7": {
    "x": 0.22043460592576283,
    "y": -0.4378098316029947,
    "z": -0.8716255709088112
  },
  "D8": {
    "x": -0.4225533676100161,
    "y": 0.2059639529096813,
    "z": 0.8826253461255535
  },
  "D9": {
    "x": 0.14764253968601265,
    "y": -0.7224702690143702,
    "z": -0.6754542107836533
  },
  "D10": {
    "x": -0.24490016747217944,
    "y": 0.7044637564708998,
    "z": 0.6661491753286253
  },
  "D11": {
    "x": -0.1590821267894714,
    "y": 0.4135027668026015,
    "z": 0.8964978186157132
  },
  "D15": {
    "x": 0.2650350750529661,
    "y": 0.20588874360208273,
    "z": -0.9420011859066975
  },
  "D16": {
    "x": -0.12750396909127362,
    "y": 0.991707991691659,
    "z": 0.016062287535348423
  },
  "D17": {
    "x": 0.01410846259307874,
    "y": -0.5698335493402886,
    "z": -0.8216390188699102
  },
  "D18": {
    "x": -0.3839795485779082,
    "y": -0.3596005265136242,
    "z": 0.8504393967855853
  },
  "D19": {
    "x": -0.38296438777702424,
    "y": -0.9031852644480338,
    "z": 0.1938934134479672
  },
  "D20": {
    "x": -0.709831712896246,
    "y": -0.36549225857205875,
    "z": 0.6021248610468402
  },
  "D21": {
    "x": -0.14364152942567618,
    "y": 0.9322657991462224,
    "z": 0.33203552636202655
  },
  "D22": {
    "x": 0.10042421193960561,
    "y": 0.9878394102752861,
    "z": 0.11869404855882318
  },
  "D23": {
    "x": -0.6009541801808342,
    "y": -0.2153201898233692,
    "z": 0.7697345576090564
  },
  "D26": {
    "x": 0.08500276986146449,
    "y": 0.8998658711081818,
    "z": 0.4278036268319755
  },
  "D27": {
    "x": 0.28243606249889286,
    "y": 0.9188514142914469,
    "z": 0.27557566847370507
  },
  "D28": {
    "x": -0.7597557555283774,
    "y": -0.06642403812096577,
    "z": 0.646806801990524
  },
  "D30": {
    "x": -0.37799540949469224,
    "y": -0.9189778722810314,
    "z": -0.11224589372786971
  },
  "D31": {
    "x": 0.35395123842528275,
    "y": -0.5903913034022171,
    "z": -0.7253665485009906
  },
  "D32": {
    "x": -0.1377848246181824,
    "y": -0.9796993696964739,
    "z": -0.14561760580804933
  },
  "D34": {
    "x": -0.3858221054462991,
    "y": -0.8169988301438647,
    "z": 0.42854896393824304
  },
  "D35": {
    "x": 0.5186721134346131,
    "y": -0.8326232617194688,
    "z": -0.19421056302092574
  },
  "D36": {
    "x": -0.6991609108174247,
    "y": 0.6995974046092505,
    "z": -0.14743640069178848
  },
  "D37": {
    "x": -0.10936887211013004,
    "y": -0.9844854719517957,
    "z": 0.13721080616776607
  },
  "D38": {
    "x": -0.2434736313551498,
    "y": 0.054067566643420106,
    "z": 0.9683993437998583
  },
  "D40": {
    "x": -0.3571962578611214,
    "y": 0.5127271805022526,
    "z": 0.7807186892499896
  },
  "D41": {
    "x": 0.10313150514348521,
    "y": 0.39620871671752517,
    "z": 0.912350012574062
  },
  "D42": {
    "x": -0.5331629013727239,
    "y": 0.5796523868486284,
    "z": 0.6162308260875199
  },
  "D43": {
    "x": 0.8620584181403531,
    "y": -0.47873070638849285,
    "z": 0.16634961519079816
  },
  "D45": {
    "x": -0.04481143892492772,
    "y": 0.2055478779734279,
    "z": 0.977620583254106
  },
  "D47": {
    "x": 0.6467617316916137,
    "y": 0.10666200475594648,
    "z": 0.755196980370491
  },
  "D48": {
    "x": -0.3561287796974466,
    "y": -0.8642913421972662,
    "z": -0.3552080630757912
  },
  "D49": {
    "x": 0.5170057866077203,
    "y": 0.3165544376999548,
    "z": 0.7952976201313556
  },
  "D50": {
    "x": 0.29173758117127435,
    "y": -0.9522564934173263,
    "z": -0.0899819675094507
  },
  "D51": {
    "x": 0.09198738483834676,
    "y": -0.965006101451001,
    "z": -0.24556372939207113
  },
  "D52": {
    "x": -0.13923516090648935,
    "y": -0.603768855715104,
    "z": 0.7849055604566819
  },
  "D53": {
    "x": 0.5759506395671925,
    "y": -0.6752141712131629,
    "z": -0.46083259842926017
  },
  "D54": {
    "x": -0.216092029358832,
    "y": -0.6306195349806971,
    "z": -0.7454013931757245
  },
  "D55": {
    "x": 0.31684843924361666,
    "y": -0.889015537123775,
    "z": -0.3305426467211303
  },
  "D56": {
    "x": -0.11337717110702504,
    "y": -0.9155058381359841,
    "z": -0.38599828679761977
  },
  "D57": {
    "x": 0.35575642329624574,
    "y": -0.7612865339714183,
    "z": -0.5421071669672399
  },
  "D58": {
    "x": -0.08488944316516718,
    "y": -0.7920584654942179,
    "z": -0.6045139946089361
  },
  "D59": {
    "x": 0.18241964197408125,
    "y": -0.055770300150238226,
    "z": 0.9816377885163143
  },
  "D60": {
    "x": 0.11515194816605859,
    "y": -0.8712304659081204,
    "z": -0.4771765963530494
  },
  "D61": {
    "x": -0.3593755123548386,
    "y": -0.7381096952252381,
    "z": -0.57100203058676
  }
}