{
  "D2": {
    "x": -0.07146719984123454,
    "y": 0.9545214663914313,
    "z": -0.28944983942784414
  },
  "D3": {
    "x": -0.26542274732703075,
    "y": -0.7282452440931261,
    "z": 0.6318303804480396
  },
  "D4": {
    "x": -0.22849611954096674,
    "y": -0.9732609617586587,
    "z": -0.023507949109412247
  },
  "D5": {
    "x": -0.19322680221661961,
    "y": -0.9460537430188375,
    "z": -0.2600879048037158
  },
  "D6": {
    "x": -0.9829761607862103,
    "y": 0.049856193181266835,
    "z": -0.17683955249738292
  },
  "D7": {
    "x": 0.3372522473786366,
    "y": -0.9356853190115636,
    "z": -0.1037010386847085
  },
  "D8": {
    "x": 0.05533076871844303,
    "y": 0.9530162479612817,
    "z": -0.29782299634989046
  },
  "D9": {
    "x": 0.2836480531259956,
    "y": -0.9589011566328692,
    "z": 0.007235590230084707
  },
  "D10": {
    "x": 0.06596735203056141,
    "y": 0.9940365207511372,
    "z": -0.0868314682534489
  },
  "D11": {
    "x": -0.9306696447055148,
    "y": -0.3657593156048123,
    "z": 0.008610195817177878
  },
  "D12": {
    "x": -0.8633618961957885,
    "y": -0.473660225852729,
    "z": -0.17393167233817491
  },
  "D13": {
    "x": -0.1763092982594699,
    "y": -0.04789970942322743,
    "z": 0.9831686778902304
  },
  "D14": {
    "x": 0.1637468060653555,
    "y": -0.9864733773061892,
    "z": 0.007566992104914719
  },
  "D15": {
    "x": 0.31926054100586654,
    "y": 0.9100030394168066,
    "z": -0.2645130908080264
  },
  "D16": {
    "x": 0.18295165408818956,
    "y": 0.9810707561080303,
    "z": -0.06347333121881539
  },
  "D18": {
    "x": -0.06180469953428817,
    "y": -0.9663687143601949,
    "z": -0.24962308992018417
  },
  "D19": {
    "x": -0.13886833670819237,
    "y": -0.9775339948958338,
    "z": -0.15856504622044537
  },
  "D20": {
    "x": -0.10211362912095681,
    "y": -0.9289134286616523,
    "z": -0.3559391082752793
  },
  "D21": {
    "x": -0.03237481731306882,
    "y": 0.9993088110166114,
    "z": -0.01826941237456625
  },
  "D22": {
    "x": 0.08702051792873855,
    "y": 0.9957150495005002,
    "z": 0.03128849081740045
  },
  "D23": {
    "x": -0.3595681388979735,
    "y": -0.9082622196792032,
    "z": -0.21394039775800774
  },
  "D24": {
    "x": -0.49032024112573425,
    "y": -0.8510812438882513,
    "z": -0.18774125131155597
  },
  "D25": {
    "x": -0.3544108896687964,
    "y": -0.9308748719220401,
    "z": -0.08868423821794776
  },
  "D26": {
    "x": -0.11045822321443441,
    "y": 0.9786479818900445,
    "z": -0.17334101784301745
  },
  "D27": {
    "x": 0.00816150544107625,
    "y": 0.981510772121949,
    "z": -0.19123282677801623
  },
  "D28": {
    "x": -0.255401118330284,
    "y": -0.954916359984161,
    "z": -0.15134402594830343
  },
  "D30": {
    "x": 0.021013158442624885,
    "y": -0.9413778263959949,
    "z": -0.33669902753381586
  },
  "D31": {
    "x": 0.1690642404971733,
    "y": -0.9760977006908226,
    "z": 0.13656705785511794
  },
  "D32": {
    "x": -0.11180898999011614,
    "y": -0.9928041798003354,
    "z": -0.04287901967598159
  },
  "D34": {
    "x": -0.218602461819313,
    "y": -0.9033355675733694,
    "z": -0.36904988286603496
  },
  "D36": {
    "x": -0.415996062691546,
    "y": 0.8657515140136536,
    "z": -0.27824735723488564
  },
  "D37": {
    "x": -0.06837458278257975,
    "y": -0.9952814571873537,
    "z": 0.06884575083711475
  },
  "D38": {
    "x": -0.4744745903530955,
    "y": -0.6060200858715058,
    "z": 0.6384461752016022
  },
  "D40": {
    "x": -0.3010995421327305,
    "y": 0.8913292344093797,
    "z": 0.33892663161021896
  },
  "D41": {
    "x": -0.7984096324489288,
    "y": -0.14569271947359003,
    "z": 0.5842222952825029
  },
  "D42": {
    "x": -0.22416633517583384,
    "y": 0.9391639301470232,
    "z": 0.26023175533480375
  },
  "D43": {
    "x": -0.26542274732703075,
    "y": -0.7282452440931261,
    "z": 0.6318303804480396
  },
  "D45": {
    "x": -0.6443258396004703,
    "y": 0.06325524675644724,
    "z": 0.7621305571756914
  },
  "D47": {
    "x": -0.430206507741353,
    "y": -0.18486260785736175,
    "z": 0.8835995568769625
  },
  "D48": {
    "x": 0.1920682858754361,
    "y": -0.929311875042254,
    "z": -0.31541910605783186
  },
  "D49": {
    "x": -0.4411509615862456,
    "y": -0.06590969493359947,
    "z": 0.8950093525797878
  },
  "D50": {
    "x": -0.006881123840474823,
    "y": -0.9851846089602753,
    "z": 0.17135908613925732
  },
  "D51": {
    "x": 0.006441468006767126,
    "y": -0.9996778949086509,
    "z": -0.024548195879250403
  },
  "D52": {
    "x": -0.19455525230643209,
    "y": -0.9764816603706556,
    "z": 0.09290759258396679
  },
  "D53": {
    "x": 0.28693883930583475,
    "y": -0.934071705335529,
    "z": -0.21254682258127702
  },
  "D54": {
    "x": -0.022445094430360444,
    "y": -0.9900439495379751,
    "z": -0.13895753207098752
  },
  "D55": {
    "x": 0.2228441993260659,
    "y": -0.9701991056978414,
    "z": -0.0951533400876371
  },
  "D56": {
    "x": 0.0555651613903453,
    "y": -0.9723448593949499,
    "z": -0.22684353031964588
  },
  "D57": {
    "x": 0.17177066043041025,
    "y": -0.9640584157760074,
    "z": -0.20269733887438
  },
  "D58": {
    "x": 0.10048733489743156,
    "y": -0.9896705355629946,
    "z": -0.10224737925085067
  },
  "D59": {
    "x": -0.3369699468126094,
    "y": -0.48962025167389855,
    "z": 0.804191061934846
  },
  "D60": {
    "x": 0.06696200213326593,
    "y": -0.9947197856189429,
    "z": 0.07777299253924108
  },
  "D61": {
    "x": -0.3872736631818834,
    "y": -0.8319881811241552,
    "z": -0.397259079538033
  }
}