{
  "D2": {
    "x": -0.07877750309533844,
    "y": -0.8787149705824437,
    "z": -0.4708015563699415
  },
  "D3": {
    "x": 0.6056522987961679,
    "y": 0.677125706412154,
    "z": 0.41795462753600315
  },
  "D4": {
    "x": 0.9689877200398119,
    "y": 0.22124624258241077,
    "z": 0.11005861417995594
  },
  "D5": {
    "x": 0.8302317203803108,
    "y": 0.22546194209387893,
    "z": 0.5097864289500124
  },
  "D6": {
    "x": 0.8525690022756843,
    "y": 0.5201824539131207,
    "z": 0.050361800996075734
  },
  "D7": {
    "x": 0.20816389526487564,
    "y": -0.5696995954084481,
    "z": -0.7950535602710075
  },
  "D8": {
    "x": 0.6086586066023703,
    "y": 0.5140848002397687,
    "z": 0.6043604212481972
  },
  "D9": {
    "x": -0.1580389469226473,
    "y": -0.8098557889110976,
    "z": -0.5649400786125593
  },
  "D10": {
    "x": 0.10521798629193854,
    "y": 0.9931932569048405,
    "z": 0.04996328451398033
  },
  "D11": {
    "x": 0.39745792775169336,
    "y": 0.915910421004422,
    "z": 0.055993717172842974
  },
  "D15": {
    "x": 0.3959165581053196,
    "y": -0.8539739548836821,
    "z": -0.3376071139629026
  },
  "D16": {
    "x": 0.2853663384672074,
    "y": 0.9375937757346077,
    "z": -0.1987057235550643
  },
  "D17": {
    "x": 0.9387725514247252,
    "y": 0.09942688119088557,
    "z": 0.32987935974862903
  },
  "D18": {
    "x": 0.7815413399290874,
    "y": 0.6098904286842272,
    "z": 0.1312509008777328
  },
  "D19": {
    "x": 0.0496479307507672,
    "y": -0.6019026843187069,
    "z": -0.7970246179272648
  },
  "D20": {
    "x": 0.10363526894822145,
    "y": -0.9482160623458545,
    "z": -0.300243284919667
  },
  "D21": {
    "x": 0.1416231053509899,
    "y": 0.9854172499604595,
    "z": -0.09431722807158738
  },
  "D22": {
    "x": 0.23212415662092395,
    "y": 0.9619405122877275,
    "z": 0.14418330948015234
  },
  "D23": {
    "x": 0.7492919141205041,
    "y": 0.3123341881192951,
    "z": 0.5839597437884669
  },
  "D26": {
    "x": 0.34923851296301495,
    "y": 0.9340933988479135,
    "z": -0.07417535501859764
  },
  "D27": {
    "x": 0.2395529380368096,
    "y": 0.9708720861354434,
    "z": 0.004667144838639227
  },
  "D28": {
    "x": 0.9249870340163856,
    "y": 0.3413201238294735,
    "z": 0.16703161368616118
  },
  "D30": {
    "x": -0.12316176529542099,
    "y": -0.7287093883397011,
    "z": -0.6736570395348768
  },
  "D31": {
    "x": 0.6971930183929433,
    "y": 0.6737493334622294,
    "z": 0.244915762586524
  },
  "D32": {
    "x": 0.40493857818318824,
    "y": -0.6758079006283155,
    "z": -0.615880206978051
  },
  "D34": {
    "x": 0.7687209294732245,
    "y": -0.31292213567815014,
    "z": 0.5578063011408596
  },
  "D35": {
    "x": 0.161926898447776,
    "y": -0.8949105756561779,
    "z": -0.41583018305290426
  },
  "D36": {
    "x": 0.8817783335846691,
    "y": 0.3649511726855016,
    "z": 0.29879359426888874
  },
  "D37": {
    "x": 0.027410612692511833,
    "y": -0.39855941379743326,
    "z": 0.9167328138477795
  },
  "D38": {
    "x": 0.8070538285379704,
    "y": 0.46208708461357445,
    "z": 0.3676134438177304
  },
  "D40": {
    "x": 0.9174050367895253,
    "y": 0.39609615343538884,
    "z": 0.03841660717578633
  },
  "D41": {
    "x": 0.6813304539776325,
    "y": 0.5449071597138173,
    "z": 0.4887381709824328
  },
  "D42": {
    "x": 0.9404332928077936,
    "y": 0.22993707795575583,
    "z": 0.2504279576242624
  },
  "D43": {
    "x": 0.7107376162613638,
    "y": 0.6018085858151452,
    "z": 0.3642505550720405
  },
  "D45": {
    "x": 0.8966464296190588,
    "y": 0.22184669929490364,
    "z": 0.38315691598006
  },
  "D47": {
    "x": 0.8655992515740302,
    "y": 0.4674928545254511,
    "z": 0.17941116643655283
  },
  "D48": {
    "x": 0.3115792402472582,
    "y": -0.6284295907100903,
    "z": -0.7127374176840233
  },
  "D49": {
    "x": 0.7532372104767445,
    "y": 0.42547647562413077,
    "z": 0.5016009105291588
  },
  "D50": {
    "x": 0.056680231512638374,
    "y": -0.8627869557258777,
    "z": -0.5023803542983606
  },
  "D51": {
    "x": 0.4516134433680325,
    "y": -0.7586485015972345,
    "z": -0.4695718781970871
  },
  "D52": {
    "x": 0.7906808557611832,
    "y": 0.5545095727360329,
    "z": 0.2595051407522889
  },
  "D53": {
    "x": 0.14582559805105075,
    "y": -0.6734525072704203,
    "z": -0.7247045021277555
  },
  "D54": {
    "x": 0.24396107028578373,
    "y": -0.7277905897988712,
    "z": -0.6409398205644785
  },
  "D55": {
    "x": 0.011602695723679203,
    "y": -0.7084188344093371,
    "z": -0.7056969126374721
  },
  "D56": {
    "x": 0.29395864868815363,
    "y": -0.8518488313983905,
    "z": -0.43352264220756814
  },
  "D57": {
    "x": -0.022659979800165347,
    "y": -0.8002173544376299,
    "z": -0.5992818293359953
  },
  "D58": {
    "x": 0.3324476924275082,
    "y": -0.7719380246832097,
    "z": -0.5418396606449266
  },
  "D59": {
    "x": 0.83691900904166,
    "y": 0.3398686281114076,
    "z": 0.4290173515493234
  },
  "D60": {
    "x": 0.11099882100829651,
    "y": -0.7701481339937372,
    "z": -0.6281330380108443
  },
  "D61": {
    "x": 0.19831922849494577,
    "y": -0.8230038822878742,
    "z": -0.532291361331608
  }
}