{
  "D2": {
    "x": 0.1142949930897011,
    "y": 0.9934216229330737,
    "z": 0.007080511538262809
  },
  "D3": {
    "x": 0.08170213783253437,
    "y": -0.8860959215679098,
    "z": 0.4562442092282489
  },
  "D4": {
    "x": 0.10015378287883812,
    "y": -0.7840041739652845,
    "z": 0.6126227835953136
  },
  "D5": {
    "x": 0.13428206493798728,
    "y": -0.5127381492711665,
    "z": 0.8479787245668191
  },
  "D6": {
    "x": 0.08170213783253437,
    "y": -0.8860959215679098,
    "z": 0.4562442092282489
  },
  "D7": {
    "x": -0.033466421959543496,
    "y": -0.9395873884982634,
    "z": -0.3406692501184095
  },
  "D8": {
    "x": -0.07836090772417205,
    "y": 0.2607423921752376,
    "z": 0.9622229331414724
  },
  "D9": {
    "x": -0.12314183604884585,
    "y": -0.8356322315118709,
    "z": -0.535308193355015
  },
  "D10": {
    "x": -0.01034324418444655,
    "y": 0.9917269950174677,
    "z": -0.12794758557067312
  },
  "D11": {
    "x": -0.004525121769149866,
    "y": 0.999954703614919,
    "z": -0.008373409781787695
  },
  "D15": {
    "x": -0.23636732777052882,
    "y": 0.5969046264814265,
    "z": -0.7667042149666901
  },
  "D16": {
    "x": -0.14299505063711343,
    "y": 0.9389792628875279,
    "z": -0.31284238741015297
  },
  "D17": {
    "x": -0.01389643767339032,
    "y": 0.7871047791471208,
    "z": 0.6166627568320886
  },
  "D18": {
    "x": 0.22859499016120888,
    "y": -0.40760350618487173,
    "z": 0.8840835436874708
  },
  "D19": {
    "x": 0.021858419878728653,
    "y": -0.9997533260963741,
    "z": 0.003936551745171967
  },
  "D20": {
    "x": 0.06237265016707751,
    "y": -0.9912224312282041,
    "z": 0.11656648034998644
  },
  "D21": {
    "x": -0.12013910085716747,
    "y": 0.9919657634679513,
    "z": -0.039629793750104385
  },
  "D22": {
    "x": -0.09910055518831927,
    "y": 0.9733947863385856,
    "z": -0.20659542562754468
  },
  "D23": {
    "x": 0.15572454618215173,
    "y": -0.7088872640962598,
    "z": 0.6879162103908315
  },
  "D26": {
    "x": 0.16132537357372054,
    "y": 0.9487638992163085,
    "z": -0.27170054726696047
  },
  "D27": {
    "x": 0.04278849868567671,
    "y": 0.9564577308177216,
    "z": -0.2887174285339226
  },
  "D28": {
    "x": 0.4986499279204533,
    "y": -0.4637498350155335,
    "z": 0.7323143723210628
  },
  "D30": {
    "x": -0.05876543418943954,
    "y": -0.9946633776060387,
    "z": -0.08480205772192952
  },
  "D31": {
    "x": 0.15351652717881983,
    "y": -0.265914604624892,
    "z": 0.9516943306178418
  },
  "D32": {
    "x": 0.15136922837263958,
    "y": -0.9838540226943305,
    "z": -0.09549145893772588
  },
  "D34": {
    "x": 0.22548643577216929,
    "y": -0.9741441494317342,
    "z": 0.014108274546754883
  },
  "D35": {
    "x": 0.07212659706582628,
    "y": -0.9168786972122964,
    "z": -0.39259547704219183
  },
  "D36": {
    "x": -0.18970277787992748,
    "y": 0.9792420505309545,
    "z": 0.07139931747972252
  },
  "D37": {
    "x": -0.04645272926679601,
    "y": -0.9849068666765022,
    "z": 0.1667351430177234
  },
  "D38": {
    "x": 0.5569818638429656,
    "y": 0.0015943761507422305,
    "z": 0.830523125093279
  },
  "D40": {
    "x": 0.4452476833995914,
    "y": 0.8700388023702575,
    "z": -0.2116293524004297
  },
  "D41": {
    "x": -0.21390790277077115,
    "y": 0.9612575909030898,
    "z": -0.17385986616639926
  },
  "D42": {
    "x": 0.47086236772951257,
    "y": 0.822580100932063,
    "z": -0.3188269251596457
  },
  "D43": {
    "x": 0.7764973139260237,
    "y": -0.617281641326445,
    "z": -0.12655155766327117
  },
  "D45": {
    "x": 0.7530259893439155,
    "y": 0.3026645127617787,
    "z": 0.5842482794902286
  },
  "D47": {
    "x": 0.9911211373327401,
    "y": -0.06046644878692271,
    "z": 0.11841748056496598
  },
  "D48": {
    "x": 0.03535572814237688,
    "y": -0.8677815389040865,
    "z": -0.495686567525062
  },
  "D49": {
    "x": 0.9807864217225666,
    "y": 0.09586270445025749,
    "z": 0.16990684759634125
  },
  "D50": {
    "x": 0.1798404357164427,
    "y": -0.9602673668081991,
    "z": -0.21341040725458416
  },
  "D51": {
    "x": -0.07015530679026308,
    "y": -0.8930369384834403,
    "z": -0.44448088759055543
  },
  "D52": {
    "x": 0.4305951654538546,
    "y": -0.5899936511518319,
    "z": 0.6830046083946274
  },
  "D53": {
    "x": -0.17731100772406896,
    "y": -0.9030636350522504,
    "z": -0.39119928116765657
  },
  "D54": {
    "x": 0.04351485257175015,
    "y": -0.9881521575474669,
    "z": -0.14717938422192545
  },
  "D55": {
    "x": -0.14711772229614692,
    "y": -0.9753952657040488,
    "z": -0.1641963806803363
  },
  "D56": {
    "x": 0.07277278710698055,
    "y": -0.959622393573168,
    "z": -0.27171489324213693
  },
  "D57": {
    "x": -0.1466260622030271,
    "y": -0.9475094579249966,
    "z": -0.28412431262655635
  },
  "D58": {
    "x": -0.04471901662919087,
    "y": -0.9729990939971981,
    "z": -0.22643536082588725
  },
  "D59": {
    "x": 0.8860109638721911,
    "y": -0.44299763482683696,
    "z": -0.1368855998127618
  },
  "D60": {
    "x": 0.17380926351438716,
    "y": -0.9278689566823078,
    "z": -0.3299235352954861
  },
  "D61": {
    "x": -0.2639898088557533,
    "y": -0.9235101869712156,
    "z": -0.2782774072408565
  }
}