{
  "D2": {
    "x": 0.8384189713453305,
    "y": 0.051269844199009915,
    "z": 0.542609465052027
  },
  "D3": {
    "x": 0.9044374936317434,
    "y": -0.4116169693109117,
    "z": -0.1120905468290257
  },
  "D4": {
    "x": 0.9587090889016062,
    "y": -0.09718421917881384,
    "z": 0.26726786263981683
  },
  "D5": {
    "x": 0.9999409458418663,
    "y": -0.0075627052486902215,
    "z": 0.007804506274920643
  },
  "D6": {
    "x": 0.9652100479792977,
    "y": 0.20623589283172025,
    "z": -0.16073680284149353
  },
  "D7": {
    "x": -0.10693673151773343,
    "y": -0.9712841473265894,
    "z": -0.21253621010163054
  },
  "D8": {
    "x": 0.8171342292856149,
    "y": 0.2954899125275195,
    "z": 0.4949518794027183
  },
  "D9": {
    "x": 0.07465987648749765,
    "y": -0.9690120635215399,
    "z": 0.23546023781649145
  },
  "D10": {
    "x": 0.7417584531632018,
    "y": 0.5219987107019483,
    "z": 0.42108400965417586
  },
  "D11": {
    "x": 0.8842121152633635,
    "y": 0.3812115237045247,
    "z": 0.26990129569226423
  },
  "D15": {
    "x": 0.5646057568324886,
    "y": 0.6971156803350187,
    "z": 0.4418710983789922
  },
  "D16": {
    "x": 0.4881876861605811,
    "y": 0.4840512955470921,
    "z": 0.7262004725696338
  },
  "D17": {
    "x": 0.20775297582889657,
    "y": 0.6021178025188507,
    "z": 0.7709039193856185
  },
  "D18": {
    "x": 0.8955608803472643,
    "y": -0.33796709374760564,
    "z": 0.2893941138576077
  },
  "D19": {
    "x": 0.8534196232733038,
    "y": -0.5089771217368615,
    "z": 0.11232647132582858
  },
  "D20": {
    "x": 0.7741528965542095,
    "y": -0.6260025172629865,
    "z": -0.09385169757192345
  },
  "D21": {
    "x": 0.10500313857888856,
    "y": 0.9473305361344855,
    "z": 0.302554451621078
  },
  "D22": {
    "x": -0.2610430772263411,
    "y": 0.9428661365591091,
    "z": 0.20702647261232593
  },
  "D23": {
    "x": 0.9331197532552705,
    "y": 0.1434859714661891,
    "z": 0.32969577200386885
  },
  "D26": {
    "x": 0.7831737175720276,
    "y": 0.593584247199024,
    "z": 0.18519360027165502
  },
  "D27": {
    "x": 0.6272989708709626,
    "y": 0.7716977226877516,
    "z": 0.10477893845028867
  },
  "D28": {
    "x": 0.968811414271067,
    "y": -0.17777158938986592,
    "z": -0.1726317050367509
  },
  "D30": {
    "x": 0.7623172950069139,
    "y": -0.5365714237062651,
    "z": 0.36188872460353505
  },
  "D31": {
    "x": 0.15867676865532881,
    "y": -0.9627039489501141,
    "z": -0.21914102711486735
  },
  "D32": {
    "x": 0.012234488223510587,
    "y": -0.8863193969012003,
    "z": 0.4629127822544992
  },
  "D34": {
    "x": 0.6981862114853038,
    "y": -0.6934106395454038,
    "z": 0.17809463511580853
  },
  "D35": {
    "x": 0.6035492271285257,
    "y": -0.7968021006794077,
    "z": -0.02889191557239801
  },
  "D36": {
    "x": 0.16417197716252796,
    "y": 0.08764285833425596,
    "z": 0.9825305548925937
  },
  "D37": {
    "x": -0.5806241704270938,
    "y": -0.7982296422377194,
    "z": -0.1603278234396379
  },
  "D38": {
    "x": 0.9664156768942558,
    "y": -0.2480227581606667,
    "z": 0.06727147157148204
  },
  "D39": {
    "x": 0.9697925835089583,
    "y": 0.22551487710570495,
    "z": 0.09298056342601303
  },
  "D40": {
    "x": 0.825254214899665,
    "y": 0.5215664708263784,
    "z": -0.21661924499003765
  },
  "D41": {
    "x": 0.6585175017876724,
    "y": 0.3051005930467844,
    "z": 0.6879450035880943
  },
  "D42": {
    "x": 0.702719874240694,
    "y": 0.5670325820086181,
    "z": -0.42971947743590005
  },
  "D43": {
    "x": 0.5350538790162624,
    "y": -0.47691877024053814,
    "z": 0.69732763686943
  },
  "D45": {
    "x": 0.893138422463811,
    "y": 0.44959514635263764,
    "z": 0.012960042245507212
  },
  "D47": {
    "x": 0.6414381960152835,
    "y": -0.07168942093959005,
    "z": 0.7638178235796839
  },
  "D48": {
    "x": -0.06950425687909681,
    "y": -0.9970275247061237,
    "z": 0.033245650152533966
  },
  "D49": {
    "x": -0.03918107218269829,
    "y": 0.9938377374036369,
    "z": 0.10368893525846444
  },
  "D50": {
    "x": 0.5840621367477202,
    "y": -0.6328782028299025,
    "z": 0.5082682370564582
  },
  "D51": {
    "x": 0.5202324617499889,
    "y": -0.78993315174578,
    "z": 0.32459790744015043
  },
  "D52": {
    "x": 0.8518537099238981,
    "y": -0.1919463619316007,
    "z": 0.48734161635357426
  },
  "D53": {
    "x": 0.4665148771525485,
    "y": -0.8110859154658795,
    "z": -0.3528505450303555
  },
  "D54": {
    "x": 0.326062463514869,
    "y": -0.6117592668816533,
    "z": 0.7207176071604168
  },
  "D55": {
    "x": 0.40219884443720233,
    "y": -0.9061661133903551,
    "z": -0.1307633911933966
  },
  "D56": {
    "x": 0.3720632563674411,
    "y": -0.763999040836689,
    "z": 0.5271379315339344
  },
  "D57": {
    "x": 0.2098426372404667,
    "y": -0.9774123486279406,
    "z": 0.025123064016536665
  },
  "D58": {
    "x": 0.29438449921698295,
    "y": -0.8968549893404052,
    "z": 0.3301346614882895
  },
  "D59": {
    "x": 0.696324754468352,
    "y": -0.2905634731668264,
    "z": 0.6562809645082052
  },
  "D60": {
    "x": 0.42737376680019307,
    "y": -0.8963535525252377,
    "z": 0.11790662545590976
  },
  "D61": {
    "x": 0.14540280227190178,
    "y": -0.7604752437703145,
    "z": 0.6328786840334876
  }
}