{
  "D2": {
    "x": -0.5326051806450927,
    "y": -0.6471013323179553,
    "z": 0.5455195571767667
  },
  "D3": {
    "x": 0.6831427730874409,
    "y": 0.559692283283552,
    "z": 0.4691060643513845
  },
  "D4": {
    "x": -0.22385780469101935,
    "y": -0.9710323004693302,
    "z": 0.08357005877799797
  },
  "D5": {
    "x": 0.5073702468798247,
    "y": 0.8581204027239757,
    "z": 0.07877059736949808
  },
  "D7": {
    "x": -0.6338617964763973,
    "y": -0.6324481233824187,
    "z": 0.445228698758033
  },
  "D8": {
    "x": 0.2554043701631568,
    "y": 0.9576581452187026,
    "z": 0.13288899351652703
  },
  "D9": {
    "x": -0.1449258358970594,
    "y": -0.8768611776663039,
    "z": 0.45837863954508296
  },
  "D10": {
    "x": -0.4084104066016912,
    "y": -0.9041091906420542,
    "z": -0.1256483632046635
  },
  "D11": {
    "x": -0.2673382361946881,
    "y": -0.88145200332643,
    "z": 0.3893233017687693
  },
  "D12": {
    "x": 0.8522511832899454,
    "y": 0.5054077566689847,
    "z": 0.13502192444085664
  },
  "D13": {
    "x": -0.34530631492004354,
    "y": -0.9384746469487287,
    "z": -0.005374561451761814
  },
  "D15": {
    "x": 0.48428065457041886,
    "y": 0.8712481701459188,
    "z": -0.07999295985419286
  },
  "D16": {
    "x": -0.39464794451943425,
    "y": -0.8230114695056598,
    "z": 0.408540231738222
  },
  "D17": {
    "x": 0.8677930264305568,
    "y": 0.18301192576198458,
    "z": 0.4619977254352938
  },
  "D18": {
    "x": -0.7413830890601624,
    "y": -0.6693947376018189,
    "z": -0.047558390706616986
  },
  "D19": {
    "x": -0.3543078876058521,
    "y": -0.6912550291267342,
    "z": 0.6297875875938466
  },
  "D20": {
    "x": -0.4927257987031138,
    "y": -0.8134370276908838,
    "z": 0.3090978635865979
  },
  "D21": {
    "x": 0.24065995882111718,
    "y": 0.9705925817239642,
    "z": -0.005729268943612387
  },
  "D22": {
    "x": 0.3838158078922582,
    "y": 0.9004171224147705,
    "z": 0.20477898152475893
  },
  "D23": {
    "x": -0.12134581617482938,
    "y": -0.9763798600455919,
    "z": 0.1787667804549132
  },
  "D26": {
    "x": 0.357989536164342,
    "y": 0.9310154410618905,
    "z": -0.07108966522057188
  },
  "D27": {
    "x": 0.382718849829584,
    "y": 0.921477247672101,
    "z": 0.06637743598369829
  },
  "D28": {
    "x": -0.6396822706009129,
    "y": -0.7652656635449594,
    "z": -0.07193786817770821
  },
  "D30": {
    "x": -0.17534834185572581,
    "y": -0.8005412986311345,
    "z": 0.5730502492752484
  },
  "D31": {
    "x": -0.7850682700136608,
    "y": -0.5955471832089395,
    "z": 0.1702685055718056
  },
  "D32": {
    "x": -0.30064229123000025,
    "y": -0.8054286720056623,
    "z": 0.5107826025181074
  },
  "D33": {
    "x": -0.46452784569460936,
    "y": -0.8844499120417164,
    "z": 0.04429710671957554
  },
  "D34": {
    "x": -0.46320124101817073,
    "y": -0.8671090451536893,
    "z": 0.18321166483574067
  },
  "D35": {
    "x": -0.34711769911305856,
    "y": -0.9281622325221822,
    "z": 0.13425413618170023
  },
  "D36": {
    "x": 0.8308671473569329,
    "y": 0.3180906327209952,
    "z": 0.45659405692377314
  },
  "D37": {
    "x": 0.5184757320994297,
    "y": -0.42166662239342945,
    "z": -0.7438952713811784
  },
  "D38": {
    "x": 0.9273745907513088,
    "y": 0.11229524109843854,
    "z": 0.3568839408764231
  },
  "D39": {
    "x": 0.7745018207948692,
    "y": 0.5467444972475621,
    "z": 0.3181467968013241
  },
  "D40": {
    "x": 0.9349523063001566,
    "y": 0.31489356120730977,
    "z": 0.16342040892800555
  },
  "D41": {
    "x": 0.7225305695985772,
    "y": 0.43939264269339195,
    "z": 0.5337449592665702
  },
  "D42": {
    "x": 0.9432671103280362,
    "y": 0.20961442261919433,
    "z": 0.25750524733181307
  },
  "D43": {
    "x": -0.6887824607772428,
    "y": -0.7214553842095516,
    "z": 0.07128008361873896
  },
  "D45": {
    "x": 0.7648420785185263,
    "y": 0.287913009433352,
    "z": 0.5763008710096587
  },
  "D47": {
    "x": 0.865368560830452,
    "y": 0.4322096603860663,
    "z": 0.25363766162617457
  },
  "D48": {
    "x": -0.14808276624256367,
    "y": -0.9323365971299769,
    "z": 0.32987871103489796
  },
  "D49": {
    "x": 0.7938154931560711,
    "y": 0.4460134276335382,
    "z": 0.4134355877231257
  },
  "D50": {
    "x": -0.7103394496490122,
    "y": -0.6225617397872107,
    "z": 0.32838201294446684
  },
  "D51": {
    "x": -0.21993173541469715,
    "y": -0.9738695779625579,
    "z": -0.056639887680935856
  },
  "D52": {
    "x": 0.8893891439878322,
    "y": 0.31697074451775736,
    "z": 0.3294184234016819
  },
  "D53": {
    "x": -0.42477412269201775,
    "y": -0.741301279528818,
    "z": 0.5196531128167751
  },
  "D54": {
    "x": -0.5812032268104633,
    "y": -0.7918332629756599,
    "z": 0.18762433954693808
  },
  "D55": {
    "x": -0.36315407992906124,
    "y": -0.8865488764505476,
    "z": 0.2866185686503038
  },
  "D56": {
    "x": -0.5834775061250432,
    "y": -0.8107119626757848,
    "z": 0.04795949770876538
  },
  "D57": {
    "x": -0.5326343659282196,
    "y": -0.7281600634617766,
    "z": 0.4313740305252332
  },
  "D58": {
    "x": -0.5261087834628165,
    "y": -0.8470381662347705,
    "z": -0.07573567788640044
  },
  "D59": {
    "x": -0.6061693204652591,
    "y": -0.7314607558325288,
    "z": 0.3122881963885154
  },
  "D60": {
    "x": -0.2465213616160552,
    "y": -0.9412700109153654,
    "z": 0.23073357973722386
  },
  "D61": {
    "x": -0.6910872795358801,
    "y": -0.6921479221278474,
    "z": 0.2081576949281475
  }
}