{
  "D2": {
    "x": -0.31370963885491326,
    "y": 0.23753710819881363,
    "z": 0.919327136942049
  },
  "D3": {
    "x": 0.5391069143546336,
    "y": -0.6144032328959836,
    "z": 0.5760836764759001
  },
  "D4": {
    "x": -0.16356628026757475,
    "y": -0.4711692623535648,
    "z": 0.8667442518832339
  },
  "D5": {
    "x": 0.007651348871857454,
    "y": -0.3095880746065137,
    "z": 0.9508399870229862
  },
  "D6": {
    "x": -0.30850113830985465,
    "y": -0.8353548632650539,
    "z": -0.4549827470145949
  },
  "D7": {
    "x": -0.335715382091909,
    "y": -0.9371517463084666,
    "z": -0.0950883095752317
  },
  "D8": {
    "x": -0.2022446827777449,
    "y": 0.0139438306921158,
    "z": 0.9792357519380913
  },
  "D9": {
    "x": -0.4851383578818936,
    "y": -0.8290059746000285,
    "z": -0.2781903445289151
  },
  "D10": {
    "x": -0.21411090046112177,
    "y": 0.47258264532964617,
    "z": 0.8548813751842776
  },
  "D11": {
    "x": -0.0706237571362743,
    "y": 0.28239744344359186,
    "z": 0.9566942922712981
  },
  "D15": {
    "x": -0.5628014372166871,
    "y": 0.589237822277579,
    "z": 0.5797010704357958
  },
  "D16": {
    "x": -0.2124887319779157,
    "y": 0.7447200506816917,
    "z": 0.6326457025026537
  },
  "D17": {
    "x": -0.03888120162501837,
    "y": 0.6327133272995568,
    "z": 0.7734093984544789
  },
  "D18": {
    "x": -0.15651670245408525,
    "y": -0.6745019468318013,
    "z": 0.7214912650704851
  },
  "D19": {
    "x": 0.13027046344830606,
    "y": -0.8546825544526104,
    "z": 0.502540881389091
  },
  "D20": {
    "x": -0.11691326356183838,
    "y": -0.8365349967664312,
    "z": 0.5352947673836416
  },
  "D21": {
    "x": -0.08035061856601927,
    "y": 0.8796304363294709,
    "z": 0.4688220062869095
  },
  "D22": {
    "x": -0.013363017387978657,
    "y": 0.999910559642743,
    "z": -0.0005499829314534843
  },
  "D23": {
    "x": 0.0960514522330916,
    "y": 0.45459220209159135,
    "z": 0.8855055326317458
  },
  "D26": {
    "x": 0.19730968789649286,
    "y": 0.9046435377558892,
    "z": 0.37774191805874224
  },
  "D27": {
    "x": -0.006125149758562934,
    "y": 0.9688911309111132,
    "z": 0.24741151748093573
  },
  "D28": {
    "x": 0.10231534294933729,
    "y": -0.6150972468917854,
    "z": 0.7817844635596857
  },
  "D30": {
    "x": -0.7265988017477335,
    "y": -0.569310151336957,
    "z": 0.3846298647835979
  },
  "D31": {
    "x": -0.728179592558751,
    "y": -0.6700664408151591,
    "z": -0.14410220634770468
  },
  "D32": {
    "x": -0.08266111604709633,
    "y": -0.9460778729455469,
    "z": 0.3132152585949126
  },
  "D34": {
    "x": -0.3575235823351171,
    "y": -0.72931571665542,
    "z": 0.5833313582464563
  },
  "D35": {
    "x": -0.5607082339508866,
    "y": -0.5699524099506271,
    "z": 0.6006334379396058
  },
  "D36": {
    "x": 0.16894149504372244,
    "y": 0.2111830597256302,
    "z": 0.9627359381145554
  },
  "D37": {
    "x": 0.43847109030129994,
    "y": -0.8465874794599232,
    "z": -0.3017163280163727
  },
  "D38": {
    "x": 0.7554867918989704,
    "y": -0.21061125916587564,
    "z": 0.6203890753219035
  },
  "D39": {
    "x": 0.27832786155050215,
    "y": -0.01360265702899424,
    "z": 0.9603898006572519
  },
  "D40": {
    "x": 0.9153540503004908,
    "y": 0.3873254783065937,
    "z": -0.1100269805686548
  },
  "D41": {
    "x": -0.17410434441719638,
    "y": 0.9664061424190755,
    "z": -0.18906836104895988
  },
  "D42": {
    "x": 0.8750182215605097,
    "y": 0.33356657221712477,
    "z": -0.350822538951534
  },
  "D43": {
    "x": 0.9150423796471117,
    "y": -0.36705241046173487,
    "z": 0.16724225370396412
  },
  "D45": {
    "x": 0.6432790873357758,
    "y": 0.16888014600782955,
    "z": 0.7467740703056217
  },
  "D47": {
    "x": 0.990713555818689,
    "y": -0.030323582173523284,
    "z": 0.1325410528147982
  },
  "D48": {
    "x": -0.1206021586991794,
    "y": -0.9633496386028454,
    "z": -0.23960925090835927
  },
  "D49": {
    "x": 0.973525422720659,
    "y": 0.2137164684745682,
    "z": 0.08107726203641367
  },
  "D50": {
    "x": 0.1637510856354244,
    "y": -0.9485045217448211,
    "z": 0.2711544839807154
  },
  "D51": {
    "x": -0.5401419049895286,
    "y": -0.7334575961904859,
    "z": 0.41265806312824777
  },
  "D52": {
    "x": 0.310652137878384,
    "y": -0.44246277819324087,
    "z": 0.8412621108460242
  },
  "D53": {
    "x": 0.18144126199986896,
    "y": -0.9831040912533927,
    "z": 0.02419533435883303
  },
  "D54": {
    "x": -0.8468129804281721,
    "y": -0.5216189588004043,
    "z": 0.10402614093745056
  },
  "D55": {
    "x": -0.06713890901263571,
    "y": -0.9977412957183682,
    "z": 0.0021618776155500697
  },
  "D56": {
    "x": -0.6897829197541077,
    "y": -0.7022624397074178,
    "z": 0.17614479666366434
  },
  "D57": {
    "x": -0.26734930887210917,
    "y": -0.9526464684019389,
    "z": 0.1448759927901071
  },
  "D58": {
    "x": -0.5624072315186469,
    "y": -0.8258697960657752,
    "z": -0.04046215369708056
  },
  "D59": {
    "x": 0.8716785307493715,
    "y": -0.2719503171143693,
    "z": 0.4077003360950429
  },
  "D60": {
    "x": -0.48900876450151315,
    "y": -0.8496668395048891,
    "z": 0.19732382037269844
  },
  "D61": {
    "x": -0.3172182358774662,
    "y": -0.8693526031101384,
    "z": 0.37894411499905173
  }
}