{
  "D2": {
    "x": -0.11530209128334343,
    "y": 0.3511658654958544,
    "z": 0.929186721093363
  },
  "D3": {
    "x": 0.6300113291521665,
    "y": -0.4374493682071461,
    "z": 0.6416570543484185
  },
  "D4": {
    "x": -0.7023484511157874,
    "y": -0.027482745569876718,
    "z": 0.7113025740929073
  },
  "D5": {
    "x": -0.13421352875415646,
    "y": -0.13694241022089748,
    "z": 0.9814446010765194
  },
  "D6": {
    "x": -0.712712442111614,
    "y": 0.21819756862447395,
    "z": 0.6666564301839948
  },
  "D7": {
    "x": 0.3455410228579475,
    "y": -0.932215180408324,
    "z": -0.10759302458133232
  },
  "D8": {
    "x": -0.5358331649707108,
    "y": 0.5670601492626286,
    "z": 0.6255602340588124
  },
  "D9": {
    "x": 0.12471350408206287,
    "y": -0.9387571113612408,
    "z": 0.3212189716817364
  },
  "D10": {
    "x": -0.3186626027048018,
    "y": 0.6880006784964746,
    "z": 0.6520039969400434
  },
  "D11": {
    "x": -0.3466819306981131,
    "y": 0.26145246843423064,
    "z": 0.9008075519649446
  },
  "D12": {
    "x": -0.532548937174715,
    "y": 0.36023238741135283,
    "z": 0.7659140007690148
  },
  "D13": {
    "x": 0.5854784263693262,
    "y": -0.21718553296819357,
    "z": 0.7810540676069866
  },
  "D14": {
    "x": 0.09478143997614012,
    "y": -0.9933183713581508,
    "z": -0.06584141370323249
  },
  "D15": {
    "x": -0.028173224130309434,
    "y": 0.8225559579896522,
    "z": 0.5679858848755212
  },
  "D16": {
    "x": 0.06755768937203695,
    "y": 0.9628091925691153,
    "z": 0.2615997272764627
  },
  "D18": {
    "x": 0.021449744108284097,
    "y": -0.32894976441738444,
    "z": 0.9441037871799035
  },
  "D19": {
    "x": -0.5103502656366401,
    "y": -0.12894834243921982,
    "z": 0.850244042229517
  },
  "D20": {
    "x": -0.32120926056158966,
    "y": -0.28344234154621806,
    "z": 0.9035956230240791
  },
  "D21": {
    "x": -0.1874440084278533,
    "y": 0.9007256415310877,
    "z": 0.3918648522040594
  },
  "D22": {
    "x": -0.12242705838092216,
    "y": 0.987328741356049,
    "z": 0.10096322037491905
  },
  "D23": {
    "x": -0.6652311321394165,
    "y": -0.27398929182749787,
    "z": 0.6945483487824131
  },
  "D26": {
    "x": 0.07027531442852333,
    "y": 0.5039119675942367,
    "z": 0.8608914618564161
  },
  "D27": {
    "x": -0.08922334603306423,
    "y": 0.6589580825333147,
    "z": 0.7468690915995128
  },
  "D28": {
    "x": -0.32852306024023137,
    "y": 0.015951096599893428,
    "z": 0.944361245185154
  },
  "D30": {
    "x": -0.31394186441958516,
    "y": -0.6165586211183881,
    "z": 0.7220082911500025
  },
  "D31": {
    "x": 0.43967876830224184,
    "y": -0.5967616707575913,
    "z": 0.6712362393515651
  },
  "D32": {
    "x": -0.17508110043179032,
    "y": -0.782622564061946,
    "z": 0.5973680025685162
  },
  "D34": {
    "x": -0.1652317221342916,
    "y": -0.47483145797100856,
    "z": 0.8644267259413388
  },
  "D36": {
    "x": -0.8715585868619549,
    "y": 0.3971976384450605,
    "z": 0.28743636805536477
  },
  "D37": {
    "x": -0.29446057349719645,
    "y": -0.9353464259216369,
    "z": 0.1960102909832084
  },
  "D38": {
    "x": -0.09353388975655118,
    "y": 0.10957619281559014,
    "z": 0.9895678195227702
  },
  "D40": {
    "x": 0.3011831756008631,
    "y": 0.5514393646167521,
    "z": 0.7779481485845009
  },
  "D41": {
    "x": 0.1149649800003452,
    "y": 0.25857732051173143,
    "z": 0.9591250297487256
  },
  "D42": {
    "x": 0.1941284841252849,
    "y": 0.7385696697375564,
    "z": 0.6456229353074252
  },
  "D43": {
    "x": 0.7913315784556626,
    "y": 0.04521758710331118,
    "z": 0.6097128035029475
  },
  "D45": {
    "x": -0.3161600710748179,
    "y": 0.4931973971690838,
    "z": 0.8104314510701118
  },
  "D47": {
    "x": 0.5116409646151896,
    "y": 0.3821013178299026,
    "z": 0.7695596833516488
  },
  "D48": {
    "x": 0.524145225597202,
    "y": -0.7125562545150352,
    "z": 0.46640686812606263
  },
  "D49": {
    "x": 0.4942206298860899,
    "y": 0.6018190803923409,
    "z": 0.6273434174921371
  },
  "D50": {
    "x": -0.022674241017515535,
    "y": -0.6509458313633814,
    "z": 0.7587854791869146
  },
  "D51": {
    "x": -0.34892174509155166,
    "y": -0.834924920191606,
    "z": 0.4256218902327588
  },
  "D52": {
    "x": 0.194836936055761,
    "y": -0.504501693907137,
    "z": 0.8411400651456528
  },
  "D53": {
    "x": 0.4846862469235194,
    "y": -0.8372500326584357,
    "z": 0.25316323756944153
  },
  "D54": {
    "x": 0.21157372968519866,
    "y": -0.6981425034270293,
    "z": 0.6839836268623213
  },
  "D55": {
    "x": 0.29259647745080347,
    "y": -0.9464778717276604,
    "z": 0.13626055817168772
  },
  "D56": {
    "x": 0.06186630899176029,
    "y": -0.8385447707812205,
    "z": 0.541308809467578
  },
  "D57": {
    "x": -0.04298139742842664,
    "y": -0.9888288656005764,
    "z": 0.14272376827346292
  },
  "D58": {
    "x": -0.11915723559873094,
    "y": -0.9199138468784476,
    "z": 0.3735773916148629
  },
  "D59": {
    "x": 0.1218099542644216,
    "y": -0.017375084017524304,
    "z": 0.9924013510155474
  },
  "D60": {
    "x": 0.3022034398142854,
    "y": -0.8272786027787106,
    "z": 0.4735854667838932
  },
  "D61": {
    "x": -0.5649766330467528,
    "y": -0.7092364259091587,
    "z": 0.421645699936282
  }
}