{
  "D2": {
    "x": 0.3760138104944584,
    "y": 0.8097452383679146,
    "z": 0.4504733768580857
  },
  "D3": {
    "x": 0.3563083467296431,
    "y": -0.8038631158123186,
    "z": 0.47628610423494355
  },
  "D4": {
    "x": 0.3037214125130872,
    "y": -0.46464320249384644,
    "z": 0.8317812200075917
  },
  "D5": {
    "x": 0.18206925916593322,
    "y": -0.17799325104082828,
    "z": 0.9670414610815221
  },
  "D6": {
    "x": 0.3195922153755961,
    "y": -0.6614725363734899,
    "z": 0.6784651055838765
  },
  "D7": {
    "x": -0.09194370969316178,
    "y": -0.4722383252046554,
    "z": -0.8766626024051453
  },
  "D8": {
    "x": 0.05812282971908824,
    "y": 0.560140199508829,
    "z": 0.8263562751983282
  },
  "D9": {
    "x": -0.028351923089130246,
    "y": -0.6733396846858095,
    "z": -0.7387894405609509
  },
  "D10": {
    "x": 0.1097541535449632,
    "y": 0.9671430706135637,
    "z": 0.2293214048967001
  },
  "D11": {
    "x": 0.13538096115511608,
    "y": 0.876576209644222,
    "z": 0.461829128620625
  },
  "D15": {
    "x": 0.03078435025243894,
    "y": 0.8277282644804131,
    "z": -0.5602840743406673
  },
  "D16": {
    "x": 0.0016812410236505687,
    "y": 0.999992524494105,
    "z": 0.0034820086914384195
  },
  "D17": {
    "x": 0.09375502291905542,
    "y": 0.33845913960220675,
    "z": 0.9362987805701668
  },
  "D18": {
    "x": 0.411746232577402,
    "y": -0.10060686050041051,
    "z": 0.9057280494599729
  },
  "D19": {
    "x": 0.3477999723800225,
    "y": -0.9292006668989585,
    "z": -0.12498519851160993
  },
  "D20": {
    "x": 0.2818434927052075,
    "y": -0.9525406547302296,
    "z": 0.1150241135842189
  },
  "D21": {
    "x": -0.10819138995740958,
    "y": 0.9043564401305012,
    "z": 0.41283659277439405
  },
  "D22": {
    "x": -0.1725907208491184,
    "y": 0.968421156582531,
    "z": 0.1799247247049017
  },
  "D23": {
    "x": 0.07703459505902926,
    "y": -0.39855073331707125,
    "z": 0.9139053474712336
  },
  "D26": {
    "x": 0.5694042726586919,
    "y": 0.8202070410630824,
    "z": -0.055128795275874734
  },
  "D27": {
    "x": 0.352536483908861,
    "y": 0.9285572921702161,
    "z": -0.11618684379349269
  },
  "D28": {
    "x": 0.7906137401564689,
    "y": -0.20083655405199896,
    "z": 0.5784415203219061
  },
  "D30": {
    "x": 0.09327569377331262,
    "y": -0.9845528769797476,
    "z": -0.14817313313151345
  },
  "D31": {
    "x": 0.18050265661222242,
    "y": 0.07161285540515389,
    "z": 0.9809640105002073
  },
  "D32": {
    "x": 0.4743258774539196,
    "y": -0.8229729570410128,
    "z": -0.31261873577369076
  },
  "D34": {
    "x": 0.6591027571117197,
    "y": -0.7324404418507012,
    "z": -0.170629876367766
  },
  "D35": {
    "x": 0.22935768699064144,
    "y": -0.9103975500265208,
    "z": -0.3443419119480106
  },
  "D36": {
    "x": -0.2981218048521075,
    "y": 0.7006340468340552,
    "z": 0.6482555991957624
  },
  "D37": {
    "x": -0.14791120708618338,
    "y": -0.9006808264116558,
    "z": 0.40852946497495746
  },
  "D38": {
    "x": 0.6338694880861283,
    "y": 0.19840038075247413,
    "z": 0.7475605400171299
  },
  "D40": {
    "x": 0.8793230902598844,
    "y": 0.4658515036507032,
    "z": -0.09885989825094013
  },
  "D41": {
    "x": -0.154862134346121,
    "y": 0.9687250919304488,
    "z": -0.19387989996414662
  },
  "D42": {
    "x": 0.8587125023397086,
    "y": 0.3874853293632307,
    "z": -0.33536242761189683
  },
  "D43": {
    "x": 0.9303991324850956,
    "y": -0.22696860240597833,
    "z": -0.2878240917519909
  },
  "D45": {
    "x": 0.7991500354814021,
    "y": 0.32308384197924633,
    "z": 0.5069280539110093
  },
  "D47": {
    "x": 0.9961950995782093,
    "y": 0.08713154160920221,
    "z": 0.0018487923533073943
  },
  "D48": {
    "x": 0.1574734745410402,
    "y": -0.48135900340692905,
    "z": -0.8622619176648477
  },
  "D49": {
    "x": 0.9489064611309059,
    "y": 0.26556591142425423,
    "z": 0.17044434491477148
  },
  "D50": {
    "x": 0.6747858146210831,
    "y": -0.6233835669029769,
    "z": -0.39504054589558646
  },
  "D51": {
    "x": -0.26631215771509076,
    "y": -0.8989265388002666,
    "z": -0.3478633531916026
  },
  "D52": {
    "x": 0.614034132777405,
    "y": -0.25708721201271184,
    "z": 0.7462360546126348
  },
  "D53": {
    "x": 0.5209593591603854,
    "y": -0.614993521175803,
    "z": -0.5919326946663683
  },
  "D54": {
    "x": -0.32568398238171525,
    "y": -0.6789972103130514,
    "z": -0.6579458427614544
  },
  "D55": {
    "x": 0.3457995352484341,
    "y": -0.7793285957474548,
    "z": -0.522560638847079
  },
  "D56": {
    "x": -0.14766294423568843,
    "y": -0.8198482064858511,
    "z": -0.5532129546762089
  },
  "D57": {
    "x": 0.22264444668689087,
    "y": -0.668388020263091,
    "z": -0.7097090282138689
  },
  "D58": {
    "x": 0.10227044900008204,
    "y": -0.8247333533245206,
    "z": -0.5561974929603811
  },
  "D59": {
    "x": 0.9862134521016873,
    "y": -0.15619766950678754,
    "z": -0.054638035600866906
  },
  "D60": {
    "x": 0.3941222868253227,
    "y": -0.49769711883184603,
    "z": -0.7726352314864094
  },
  "D61": {
    "x": -0.018947913282611042,
    "y": -0.930811211706139,
    "z": -0.36500885570679475
  }
}