{
  "D2": {
    "x": 0.9924360665806254,
    "y": -0.007854928441588128,
    "z": 0.12251103562191372
  },
  "D3": {
    "x": 0.7504418253374148,
    "y": -0.629054166358153,
    "z": -0.2028002035790356
  },
  "D4": {
    "x": 0.8642050784519028,
    "y": -0.5030308412346104,
    "z": -0.010466859354196162
  },
  "D5": {
    "x": 0.9805616599664669,
    "y": -0.19615666035361343,
    "z": -0.004625538101032466
  },
  "D6": {
    "x": 0.821282248585517,
    "y": -0.5547811651730731,
    "z": -0.13309142319294714
  },
  "D7": {
    "x": 0.4962534663507737,
    "y": -0.8627937200613252,
    "z": -0.09653752512666544
  },
  "D8": {
    "x": 0.9977951430985124,
    "y": -0.06422988086333214,
    "z": 0.016714509065520054
  },
  "D9": {
    "x": 0.5904657434517298,
    "y": -0.7965263383943667,
    "z": -0.12998460698890046
  },
  "D10": {
    "x": 0.8951327323793868,
    "y": 0.43638574947031455,
    "z": 0.09113105443395736
  },
  "D11": {
    "x": 0.9982038915555324,
    "y": 0.0377632358181088,
    "z": -0.046507299469404274
  },
  "D15": {
    "x": 0.5417437062072243,
    "y": 0.8324856385901616,
    "z": 0.11610951005835703
  },
  "D16": {
    "x": 0.8546255475081007,
    "y": 0.34415346946563125,
    "z": 0.3888104461061301
  },
  "D17": {
    "x": 0.056866157075351274,
    "y": 0.9837541965286052,
    "z": 0.170276014141276
  },
  "D18": {
    "x": 0.7980318887599108,
    "y": -0.6023587174041967,
    "z": -0.017580673748762737
  },
  "D19": {
    "x": 0.7356257837416676,
    "y": -0.671059085863293,
    "z": -0.09238186821437823
  },
  "D20": {
    "x": 0.6606293679458125,
    "y": -0.7493577784352291,
    "z": -0.045075027522281125
  },
  "D21": {
    "x": 0.19530241962053133,
    "y": 0.9773355950166215,
    "z": 0.08168292112720191
  },
  "D22": {
    "x": 0.08307241524224128,
    "y": 0.9956008514606687,
    "z": 0.043334955827970444
  },
  "D23": {
    "x": 0.9191327318644583,
    "y": 0.3386727842127969,
    "z": 0.20123559935789206
  },
  "D26": {
    "x": 0.6490401399548316,
    "y": 0.7547296141341094,
    "z": 0.09555158960682482
  },
  "D27": {
    "x": 0.5877587457226232,
    "y": 0.8089986412195942,
    "z": 0.007800982721373781
  },
  "D28": {
    "x": 0.3402210175156083,
    "y": -0.9268978045642425,
    "z": 0.15846172766517222
  },
  "D30": {
    "x": 0.6404430438839953,
    "y": -0.7063915869531883,
    "z": 0.30140277606943044
  },
  "D31": {
    "x": 0.7758167773786873,
    "y": -0.619686399204228,
    "z": 0.11873118621089676
  },
  "D32": {
    "x": 0.605614677751932,
    "y": -0.7688682878798659,
    "z": 0.2051156210143613
  },
  "D34": {
    "x": 0.8040751854864946,
    "y": -0.5542752015659926,
    "z": 0.21503975682147117
  },
  "D35": {
    "x": 0.726706170105324,
    "y": -0.6861970770330934,
    "z": 0.03212030202365765
  },
  "D36": {
    "x": 0.49238710564021904,
    "y": 0.48334917545990336,
    "z": 0.7238290632334952
  },
  "D37": {
    "x": -0.005807896586185521,
    "y": -0.9969420576298806,
    "z": 0.07792818531150413
  },
  "D38": {
    "x": 0.9857133551154831,
    "y": 0.11190823986233038,
    "z": 0.12587981330575956
  },
  "D39": {
    "x": 0.8579112227212049,
    "y": 0.05191581846601963,
    "z": -0.5111683496872734
  },
  "D40": {
    "x": 0.37769593587424183,
    "y": 0.9220579279028603,
    "z": 0.08458698254201998
  },
  "D41": {
    "x": 0.32766719945252587,
    "y": 0.03032819228174139,
    "z": 0.9443063100264979
  },
  "D42": {
    "x": 0.28986857999187887,
    "y": 0.9570070507068467,
    "z": 0.010663546824338581
  },
  "D43": {
    "x": 0.4411242518123509,
    "y": -0.8214085380634164,
    "z": 0.3615209648962486
  },
  "D45": {
    "x": 0.9317955386774986,
    "y": 0.19530513019321769,
    "z": -0.3059623836698236
  },
  "D47": {
    "x": 0.4019995448370239,
    "y": -0.5983259692481667,
    "z": 0.6931106697159317
  },
  "D48": {
    "x": 0.5134576346555361,
    "y": -0.815867396437604,
    "z": 0.2659354223191553
  },
  "D49": {
    "x": -0.11231507716963898,
    "y": -0.46432093815748665,
    "z": 0.8785165848343045
  },
  "D50": {
    "x": 0.41058660778864764,
    "y": -0.8763032618543659,
    "z": 0.25201434635355624
  },
  "D51": {
    "x": 0.368550707955716,
    "y": -0.9286588089126105,
    "z": 0.04199038335561898
  },
  "D52": {
    "x": 0.12245194484039361,
    "y": -0.9624063470297151,
    "z": 0.24244493065792222
  },
  "D53": {
    "x": 0.7273199218525104,
    "y": -0.6362618751739398,
    "z": 0.2572480465943321
  },
  "D54": {
    "x": 0.47513845053896536,
    "y": -0.8796368953155395,
    "z": 0.02196326977182396
  },
  "D55": {
    "x": 0.694723306960054,
    "y": -0.7008405873262004,
    "z": 0.16180852240457957
  },
  "D56": {
    "x": 0.573168801698456,
    "y": -0.819405705274741,
    "z": -0.007198258314357256
  },
  "D57": {
    "x": 0.5517722848663129,
    "y": -0.8260946739405048,
    "z": 0.11452045817468322
  },
  "D58": {
    "x": 0.449471600621626,
    "y": -0.8824172737318348,
    "z": 0.13897854242403648
  },
  "D59": {
    "x": 0.605786748397037,
    "y": -0.6220400058717048,
    "z": 0.49607322701560363
  },
  "D60": {
    "x": 0.6434518984125711,
    "y": -0.76203054358037,
    "z": 0.07265745027086955
  },
  "D61": {
    "x": 0.5485087734357412,
    "y": -0.7534940012614678,
    "z": 0.36247057194619486
  }
}