{
  "S1": {
    "x": 0.27438452110688794,
    "y": 0.9612901142402848,
    "z": -0.02518830762167189
  },
  "S3": {
    "x": -0.15961587360880855,
    "y": 0.9726590188775158,
    "z": 0.16869263732696008
  },
  "S4": {
    "x": -0.02446149861847681,
    "y": 0.9937046694176564,
    "z": -0.10932824457972634
  },
  "S5": {
    "x": 0.13882195242209225,
    "y": 0.9584981862245107,
    "z": 0.24901745426785207
  },
  "S8": {
    "x": -0.3880067346644235,
    "y": 0.9145560674215184,
    "z": -0.11418394544566518
  },
  "S10": {
    "x": 0.5461940719453812,
    "y": 0.8235310356165412,
    "z": -0.15319487311287805
  },
  "S11": {
    "x": -0.12039328886038465,
    "y": 0.8498271913701682,
    "z": 0.5131268856776767
  },
  "S12": {
    "x": -0.14753497037548804,
    "y": 0.8988978952222137,
    "z": -0.4125724257404727
  },
  "S13": {
    "x": 0.49871704363621056,
    "y": 0.8317361530256054,
    "z": 0.2439185973576527
  },
  "S18": {
    "x": -0.4434544068531476,
    "y": 0.8521475942935628,
    "z": 0.2778356827015144
  },
  "S22": {
    "x": 0.22174273483686716,
    "y": 0.9026387004039464,
    "z": -0.3688814661651379
  },
  "S25": {
    "x": 0.24775676854348302,
    "y": 0.8158505134200045,
    "z": 0.5224983477420826
  },
  "S26": {
    "x": -0.1796377930894235,
    "y": -0.971155763734206,
    "z": -0.15680161306502038
  },
  "S28": {
    "x": 0.48525675643732946,
    "y": -0.8743380402252678,
    "z": -0.007672792644155076
  },
  "S29": {
    "x": -0.48292077523718796,
    "y": -0.7951876500082519,
    "z": 0.36669350433116116
  },
  "S35": {
    "x": -0.3949419739978036,
    "y": -0.832873128448278,
    "z": -0.3877411366923767
  },
  "S37": {
    "x": 0.30310591833103895,
    "y": -0.8877730126499709,
    "z": 0.3463897808583444
  },
  "S38": {
    "x": -0.5674318284790622,
    "y": -0.8205636803048382,
    "z": -0.06853004154009727
  },
  "S39": {
    "x": 0.3624363048149043,
    "y": -0.8255598735631464,
    "z": -0.4325399636039652
  },
  "S40": {
    "x": -0.07825196310808849,
    "y": -0.8901625958406425,
    "z": 0.4488732373799746
  },
  "S41": {
    "x": 0.007431896452266328,
    "y": -0.9138503596431499,
    "z": -0.40598311183497326
  },
  "S42": {
    "x": 0.1848745095071424,
    "y": -0.972930418330238,
    "z": -0.13866440358737234
  },
  "S45": {
    "x": -0.2818624581762585,
    "y": -0.9508521160142775,
    "z": 0.1281944154088158
  },
  "S51": {
    "x": -0.12305969150292896,
    "y": -0.7306600900077503,
    "z": -0.6715594874596519
  },
  "S52": {
    "x": 0.04339664986283411,
    "y": -0.990779285578011,
    "z": 0.12834772319838245
  }
}