{
  "S1": {
    "x": 0.43322698136110305,
    "y": 0.9000799116214578,
    "z": 0.04658900424193508
  },
  "S3": {
    "x": -0.3229442423195115,
    "y": 0.9264420949825878,
    "z": 0.19342197650978094
  },
  "S4": {
    "x": -0.01329960860645087,
    "y": 0.8701805964733313,
    "z": -0.4925533980516557
  },
  "S8": {
    "x": 0.2469289980804625,
    "y": 0.6817661144865148,
    "z": 0.6886370851507632
  },
  "S10": {
    "x": -0.754349996557903,
    "y": 0.5766972444601006,
    "z": -0.31365007719625804
  },
  "S11": {
    "x": 0.7498998975341358,
    "y": 0.50711859569628,
    "z": -0.4248304056648082
  },
  "S12": {
    "x": -0.39158529926815566,
    "y": 0.45812128987695533,
    "z": 0.7979886196923761
  },
  "S13": {
    "x": -0.3360849274777981,
    "y": 0.3860916060270981,
    "z": -0.8590577357067797
  },
  "S15": {
    "x": 0.8319571086912947,
    "y": 0.38621964103331474,
    "z": 0.39834878960292947
  },
  "S18": {
    "x": -0.869496464910957,
    "y": 0.3682620322157291,
    "z": 0.32917924165367773
  },
  "S22": {
    "x": 0.3481499935005808,
    "y": 0.25882443472661415,
    "z": -0.9010002741475689
  },
  "S23": {
    "x": 0.24495464817287865,
    "y": 0.030321157681356476,
    "z": 0.9690602910734519
  },
  "S26": {
    "x": -0.8159248493783078,
    "y": -0.10748936247864578,
    "z": -0.5680780554826246
  },
  "S28": {
    "x": 0.9846813319792144,
    "y": -0.08143109722207309,
    "z": -0.15418057872783328
  },
  "S29": {
    "x": -0.480576430193309,
    "y": -0.21408033706816382,
    "z": 0.8504210157465754
  },
  "S37": {
    "x": -0.13717344171346976,
    "y": -0.3118962129483332,
    "z": -0.9401617941806449
  },
  "S38": {
    "x": 0.7776965485860806,
    "y": -0.28933352571926113,
    "z": 0.5580987271192793
  },
  "S39": {
    "x": -0.9549466807230924,
    "y": -0.26192795712864125,
    "z": 0.13953702824112693
  },
  "S40": {
    "x": 0.6124900361979508,
    "y": -0.36970894243891955,
    "z": -0.6986925314034267
  },
  "S41": {
    "x": 0.1708594883594359,
    "y": -0.6464062523524632,
    "z": 0.7436168315451146
  },
  "S42": {
    "x": -0.588852421012113,
    "y": -0.734371547181703,
    "z": -0.33756667038990223
  },
  "S45": {
    "x": 0.6899845366675883,
    "y": -0.7236422989230693,
    "z": -0.016222280016972023
  },
  "S51": {
    "x": -0.4950963788656514,
    "y": -0.7642860164384817,
    "z": 0.4132147876234786
  },
  "S52": {
    "x": 0.0835154108916778,
    "y": -0.8331517471574106,
    "z": -0.5467022428636528
  },
  "S53": {
    "x": 0.08239628733826863,
    "y": -0.9894427925401242,
    "z": 0.11922169317397742
  }
}