{
  "S1": {
    "x": 0.26287649738168484,
    "y": 0.9647635558751695,
    "z": 0.01127955581730646
  },
  "S3": {
    "x": -0.35934346084126045,
    "y": 0.8837650292617435,
    "z": 0.2997192856734702
  },
  "S4": {
    "x": -0.0025574923663300875,
    "y": 0.8112360342591045,
    "z": -0.5847132253954559
  },
  "S5": {
    "x": 0.3494478197006947,
    "y": 0.6925871987089124,
    "z": 0.6310381870306838
  },
  "S8": {
    "x": -0.688334221600687,
    "y": 0.6718976871055723,
    "z": -0.2734035432022764
  },
  "S10": {
    "x": 0.7273636841382152,
    "y": 0.5854497103154434,
    "z": -0.3580372992977773
  },
  "S11": {
    "x": -0.313485716709305,
    "y": 0.4213521677404274,
    "z": 0.8509929824385721
  },
  "S12": {
    "x": -0.37165354989112553,
    "y": 0.3124785098288822,
    "z": -0.8742029625598656
  },
  "S13": {
    "x": 0.8710733662516303,
    "y": 0.3431131789655722,
    "z": 0.35143212293015036
  },
  "S18": {
    "x": -0.8771672204479962,
    "y": 0.32996104420848194,
    "z": 0.34886011046891646
  },
  "S22": {
    "x": 0.4072131028552639,
    "y": 0.22966409689092088,
    "z": -0.883986363844073
  },
  "S23": {
    "x": 0.2928272866911992,
    "y": 0.059604418281200146,
    "z": 0.9543057651981517
  },
  "S26": {
    "x": -0.8680341557956,
    "y": 0.00438696604834973,
    "z": -0.4964851044101028
  },
  "S28": {
    "x": 0.9728517440475265,
    "y": -0.06001012032589562,
    "z": -0.22351346617633006
  },
  "S29": {
    "x": -0.5657335361741896,
    "y": -0.23264875452527772,
    "z": 0.7910879363671802
  },
  "S37": {
    "x": -0.12673815582775017,
    "y": -0.3270762180274874,
    "z": -0.9364606705346555
  },
  "S38": {
    "x": 0.7414421672385982,
    "y": -0.33749023697572267,
    "z": 0.5799688375995742
  },
  "S39": {
    "x": -0.9411315472674101,
    "y": -0.3173206102850564,
    "z": 0.11652914239094923
  },
  "S40": {
    "x": 0.5811266464693595,
    "y": -0.42884941599449683,
    "z": -0.6916502000031916
  },
  "S41": {
    "x": 0.04858818579280793,
    "y": -0.5850638604026704,
    "z": 0.8095303993378433
  },
  "S42": {
    "x": -0.5839737830837223,
    "y": -0.662718028892581,
    "z": -0.46880639378278305
  },
  "S45": {
    "x": 0.7222788256506625,
    "y": -0.6915652279135437,
    "z": -0.00712976560543167
  },
  "S51": {
    "x": -0.5027185902154323,
    "y": -0.8186470039350103,
    "z": 0.2776528443939292
  },
  "S52": {
    "x": 0.07444672223816907,
    "y": -0.8857330954182748,
    "z": -0.45818617310952764
  },
  "S53": {
    "x": 0.14833318837172843,
    "y": -0.9631198566316207,
    "z": 0.22449366803846357
  }
}