{
  "S1": {
    "x": 0.2534333691065323,
    "y": 0.9669133077163118,
    "z": -0.029157894032540523
  },
  "S3": {
    "x": -0.42426236474568957,
    "y": 0.8260257744556886,
    "z": 0.3710564186148453
  },
  "S4": {
    "x": 0.015249250838546108,
    "y": 0.7913129825842857,
    "z": -0.6112210925208857
  },
  "S5": {
    "x": 0.20401016447264192,
    "y": 0.7464335463754936,
    "z": 0.6334167771989858
  },
  "S8": {
    "x": -0.5876521604433408,
    "y": 0.7543509457729096,
    "z": -0.2926082516570414
  },
  "S10": {
    "x": 0.7653323044018541,
    "y": 0.5071079796071922,
    "z": -0.3963684660232942
  },
  "S11": {
    "x": -0.27958383218596305,
    "y": 0.30286558770377564,
    "z": 0.911101156055165
  },
  "S12": {
    "x": -0.4415548676675563,
    "y": 0.2587659796771827,
    "z": -0.8591096941606436
  },
  "S13": {
    "x": 0.7955934123240781,
    "y": 0.5255369194941273,
    "z": 0.30140018001844765
  },
  "S18": {
    "x": -0.9034763970506159,
    "y": 0.33535341426125054,
    "z": 0.2669615843445638
  },
  "S22": {
    "x": 0.34469488182851277,
    "y": 0.2903777977999235,
    "z": -0.8926736094374551
  },
  "S25": {
    "x": 0.5012934085942568,
    "y": 0.17076297067828955,
    "z": 0.8482599403161022
  },
  "S26": {
    "x": -0.91732088525373,
    "y": 0.10152778288697804,
    "z": -0.3849863670045575
  },
  "S28": {
    "x": 0.9965199807473039,
    "y": -0.07512227442232872,
    "z": -0.036118857360237976
  },
  "S29": {
    "x": -0.7174033692256379,
    "y": -0.15622753496987227,
    "z": 0.6789148423336616
  },
  "S36": {
    "x": -0.025864042824453395,
    "y": -0.28533944540465966,
    "z": -0.9580774771306004
  },
  "S37": {
    "x": 0.7422571855738743,
    "y": -0.3848813628153036,
    "z": 0.5485623091512812
  },
  "S38": {
    "x": -0.884052914533036,
    "y": -0.4655005443130519,
    "z": 0.04194862989296072
  },
  "S39": {
    "x": 0.6856792348579975,
    "y": -0.27454632599402995,
    "z": -0.6741426420037014
  },
  "S40": {
    "x": 0.0589200134429503,
    "y": -0.3493983968206941,
    "z": 0.9351198812532066
  },
  "S41": {
    "x": -0.5990058874764116,
    "y": -0.5101006719188418,
    "z": -0.6172432675019977
  },
  "S42": {
    "x": 0.6729207113841608,
    "y": -0.7282132113209526,
    "z": -0.12993550341558024
  },
  "S45": {
    "x": -0.39522769554387727,
    "y": -0.7276787991573701,
    "z": 0.5606055957016163
  },
  "S51": {
    "x": 0.12273169455459972,
    "y": -0.8145391575649554,
    "z": -0.5669769765564817
  },
  "S52": {
    "x": 0.26551258460019117,
    "y": -0.8783442908631317,
    "z": 0.39751021889640636
  },
  "S53": {
    "x": -0.2999605162923823,
    "y": -0.9505228285650059,
    "z": -0.08080866935167123
  }
}