{
  "S1": {
    "x": 0.025977419153250605,
    "y": 0.9837743045524882,
    "z": 0.17751983381133649
  },
  "S3": {
    "x": -0.16697101537687672,
    "y": 0.8903261011928008,
    "z": 0.4236037223146671
  },
  "S4": {
    "x": -0.27992798563478194,
    "y": 0.9556646909870417,
    "z": 0.09135272989405155
  },
  "S5": {
    "x": 0.25487992705718565,
    "y": 0.8723858562509714,
    "z": 0.41710806824680724
  },
  "S8": {
    "x": -0.46626366550184883,
    "y": 0.819255411388588,
    "z": 0.3337944953759653
  },
  "S10": {
    "x": -0.009020256921174658,
    "y": 0.9839748666992348,
    "z": -0.1780789057392787
  },
  "S11": {
    "x": -0.32126118311566,
    "y": 0.6698371120975198,
    "z": 0.6694098113114125
  },
  "S12": {
    "x": -0.33289105612572195,
    "y": 0.8930190683307735,
    "z": -0.3028208849289274
  },
  "S13": {
    "x": 0.3482213008738788,
    "y": 0.9374123434877889,
    "z": -0.00015457824974472907
  },
  "S18": {
    "x": -0.7446362897580697,
    "y": 0.6476427613540068,
    "z": 0.16147956415934786
  },
  "S22": {
    "x": 0.5459049638135403,
    "y": -0.6703620676447317,
    "z": -0.5025957309277681
  },
  "S23": {
    "x": 0.029819306929716228,
    "y": 0.7414248425101994,
    "z": 0.6703730393168846
  },
  "S26": {
    "x": -0.5540214494316333,
    "y": 0.831133940638566,
    "z": -0.04771379557613013
  },
  "S28": {
    "x": 0.7186615578357116,
    "y": -0.6725215946667158,
    "z": -0.1767491725471038
  },
  "S29": {
    "x": -0.6413701519470187,
    "y": 0.5499482575774262,
    "z": 0.5349777959682168
  },
  "S37": {
    "x": 0.2637868207358586,
    "y": -0.6288624741065434,
    "z": -0.7314017376699793
  },
  "S38": {
    "x": 0.5455560801999242,
    "y": -0.8287348520581779,
    "z": 0.12476821847331195
  },
  "S39": {
    "x": -0.3049922634004452,
    "y": -0.9085825194668412,
    "z": -0.2854076463326805
  },
  "S40": {
    "x": 0.23570778267954365,
    "y": -0.8567705887744236,
    "z": -0.4586785360090665
  },
  "S41": {
    "x": 0.21309070795551546,
    "y": -0.936575101430783,
    "z": 0.2782434717346222
  },
  "S42": {
    "x": -0.07869659677188762,
    "y": -0.8050476617761662,
    "z": -0.5879669275777769
  },
  "S45": {
    "x": 0.44284397995257185,
    "y": -0.8672301214624063,
    "z": -0.22759860686758615
  },
  "S51": {
    "x": -0.12816641151851316,
    "y": -0.9872081957984918,
    "z": 0.0948332700414449
  },
  "S52": {
    "x": 0.02065787857223693,
    "y": -0.9659735993736673,
    "z": -0.25781438549075614
  },
  "S53": {
    "x": 0.2311327501627303,
    "y": -0.9719770201283686,
    "z": -0.04287568243876287
  }
}