{
  "S1": {
    "x": -0.040041757584945416,
    "y": 0.9938722499745534,
    "z": -0.103027221548616
  },
  "S3": {
    "x": -0.3328332447748793,
    "y": 0.9251286213047111,
    "z": -0.18264464190189045
  },
  "S4": {
    "x": 0.003121565932716375,
    "y": 0.9178759655645802,
    "z": -0.3968550965592069
  },
  "S5": {
    "x": -0.053803933831751624,
    "y": 0.9694009879483223,
    "z": 0.23951380183414323
  },
  "S8": {
    "x": -0.27478288293059444,
    "y": 0.8359004263360922,
    "z": -0.4751471819336515
  },
  "S10": {
    "x": 0.3270647002024242,
    "y": 0.9018515865387737,
    "z": -0.2822984196537331
  },
  "S11": {
    "x": -0.37834819536228387,
    "y": 0.9123017108338851,
    "z": 0.156710661652835
  },
  "S12": {
    "x": -0.08147840133524198,
    "y": 0.6871385567801073,
    "z": -0.7219431237306749
  },
  "S13": {
    "x": 0.27599329222688956,
    "y": 0.9592669653116789,
    "z": 0.06028757672593339
  },
  "S15": {
    "x": -0.6337837045033972,
    "y": 0.7724633655040607,
    "z": -0.04023139147594244
  },
  "S18": {
    "x": 0.2395086969668567,
    "y": 0.7624529685134317,
    "z": -0.6010832345709656
  },
  "S22": {
    "x": 0.19563595922421612,
    "y": -0.6933305854216596,
    "z": 0.6935555282580333
  },
  "S23": {
    "x": -0.5791576178803646,
    "y": 0.7247977454043225,
    "z": -0.3731550373610844
  },
  "S26": {
    "x": 0.6104078691769437,
    "y": -0.7401005687221455,
    "z": 0.2822293064584542
  },
  "S28": {
    "x": -0.13422277770865335,
    "y": -0.7211912721997248,
    "z": 0.6796082657289536
  },
  "S29": {
    "x": -0.44355266228971885,
    "y": 0.5862620159367384,
    "z": -0.6779069880488723
  },
  "S37": {
    "x": 0.5262445781823211,
    "y": -0.5891562344882115,
    "z": 0.6131570559794467
  },
  "S38": {
    "x": -0.36887358419006994,
    "y": -0.8274861943180162,
    "z": 0.42331888346713004
  },
  "S39": {
    "x": 0.586647869490741,
    "y": -0.8046107703911063,
    "z": -0.09190095425296084
  },
  "S40": {
    "x": 0.3005678368194373,
    "y": -0.8516975965574322,
    "z": 0.429267025856841
  },
  "S41": {
    "x": -0.2693460253397725,
    "y": -0.9552754847975045,
    "z": 0.122071564168562
  },
  "S42": {
    "x": 0.24126354585627174,
    "y": -0.951279409837493,
    "z": -0.19198798363462588
  },
  "S45": {
    "x": -0.005384382638456421,
    "y": -0.9120976031717001,
    "z": 0.4099377644375332
  },
  "S51": {
    "x": -0.13896677151340678,
    "y": -0.9649983436321911,
    "z": -0.2224105060519134
  },
  "S52": {
    "x": 0.3490667869849875,
    "y": -0.9264826201673848,
    "z": 0.1406496809514857
  },
  "S53": {
    "x": 0.05526815020438053,
    "y": -0.9918445034727201,
    "z": 0.11484734434865701
  }
}