{
  "S1": {
    "x": 0.18432360296050035,
    "y": 0.9828615952753286,
    "z": -0.0028096128729921898
  },
  "S3": {
    "x": -0.45021473976848947,
    "y": 0.8268607171840249,
    "z": 0.3370579215403662
  },
  "S8": {
    "x": 0.041388830985684466,
    "y": 0.737574766738998,
    "z": -0.6739958665596927
  },
  "S10": {
    "x": 0.4059421173637124,
    "y": 0.6578151030278878,
    "z": 0.6344212225159838
  },
  "S11": {
    "x": -0.7283191008395454,
    "y": 0.6095520737324084,
    "z": -0.31304561450497365
  },
  "S12": {
    "x": 0.7539807477274797,
    "y": 0.5582288697755262,
    "z": -0.34625649597581476
  },
  "S13": {
    "x": -0.27438709405717926,
    "y": 0.36077883093808366,
    "z": 0.8913755424969918
  },
  "S18": {
    "x": -0.37868232052807765,
    "y": 0.18468259059159378,
    "z": -0.9069134693298188
  },
  "S22": {
    "x": 0.9046212821549459,
    "y": 0.1878628835260163,
    "z": 0.38258054428529475
  },
  "S23": {
    "x": -0.9338163420216468,
    "y": 0.14108811750905959,
    "z": 0.32875702649686567
  },
  "S25": {
    "x": 0.42157262089875186,
    "y": 0.0010331159169139686,
    "z": -0.9067940548879108
  },
  "S26": {
    "x": 0.3406700042276318,
    "y": -0.14288107011146287,
    "z": 0.9292625829244113
  },
  "S27": {
    "x": -0.8733702308439262,
    "y": -0.18824520502502726,
    "z": -0.44920839558128556
  },
  "S28": {
    "x": 0.9362259911161651,
    "y": -0.18399539260015169,
    "z": -0.2993770015556809
  },
  "S29": {
    "x": -0.5144907719791993,
    "y": -0.3551783985253306,
    "z": 0.7804790521014829
  },
  "S35": {
    "x": -0.21359184976557466,
    "y": -0.559613078579048,
    "z": -0.800756969371482
  },
  "S37": {
    "x": 0.7118201575724181,
    "y": -0.6046741914942433,
    "z": 0.3573250416838443
  },
  "S38": {
    "x": -0.7448732121444501,
    "y": -0.6608227604811642,
    "z": 0.09207158660337575
  },
  "S39": {
    "x": 0.49015349235855316,
    "y": -0.7393803121506362,
    "z": -0.46159106136573064
  },
  "S51": {
    "x": 0.032550865080449146,
    "y": -0.8281154499060288,
    "z": 0.5596116893073712
  },
  "S52": {
    "x": -0.11443756460841267,
    "y": -0.9836952041789362,
    "z": -0.13873640143039692
  }
}