{
  "S1": {
    "x": 0.08373817817876181,
    "y": 0.9958462337962852,
    "z": -0.03575186916870906
  },
  "S3": {
    "x": -0.4602993448358975,
    "y": 0.7559789639918494,
    "z": 0.46542488023896356
  },
  "S4": {
    "x": 0.013137566547437616,
    "y": 0.684340732370053,
    "z": -0.7290440085237869
  },
  "S5": {
    "x": 0.24415131095313025,
    "y": 0.7258296215012269,
    "z": 0.6430874729857936
  },
  "S8": {
    "x": -0.5857898452800028,
    "y": 0.7585273042177669,
    "z": -0.28545855377437446
  },
  "S10": {
    "x": 0.6597570515174779,
    "y": 0.6625804226373381,
    "z": -0.3545529812463726
  },
  "S11": {
    "x": -0.1926246617026056,
    "y": 0.2089458803092705,
    "z": 0.9587686680350693
  },
  "S12": {
    "x": -0.36886557693370436,
    "y": 0.12752159729714221,
    "z": -0.9206934497302298
  },
  "S13": {
    "x": 0.814577727870536,
    "y": 0.4967506314809292,
    "z": 0.2995028136438343
  },
  "S18": {
    "x": -0.9034348228425091,
    "y": 0.2565272177751878,
    "z": 0.343510272649954
  },
  "S22": {
    "x": 0.48974649041398804,
    "y": 0.12090183177449242,
    "z": -0.8634414410953146
  },
  "S26": {
    "x": 0.5529775182970731,
    "y": 0.056422834212021565,
    "z": 0.8312835425036951
  },
  "S28": {
    "x": -0.9034233324842776,
    "y": 0.1494383795523201,
    "z": -0.40186372446362817
  },
  "S29": {
    "x": 0.9469213933794772,
    "y": -0.02150576704464696,
    "z": -0.3207450338572539
  },
  "S37": {
    "x": -0.6142934997397376,
    "y": -0.29482153503293157,
    "z": 0.7319315259355418
  },
  "S38": {
    "x": 0.10424297575052617,
    "y": -0.45139908640246,
    "z": -0.8862123147427482
  },
  "S39": {
    "x": 0.8595009397945371,
    "y": -0.37995005953263994,
    "z": 0.34190069721112126
  },
  "S40": {
    "x": -0.8861032802114136,
    "y": -0.46048743009954757,
    "z": 0.05265266867773463
  },
  "S41": {
    "x": 0.6455856018893446,
    "y": -0.6544974237082208,
    "z": -0.39351283713809715
  },
  "S42": {
    "x": 0.14285587119896054,
    "y": -0.5203989500650616,
    "z": 0.8418890264370759
  },
  "S45": {
    "x": -0.6048796981717353,
    "y": -0.5169793913182942,
    "z": -0.6056837951372289
  },
  "S51": {
    "x": 0.3271519581637447,
    "y": -0.9138572064834044,
    "z": 0.24049241657061843
  },
  "S52": {
    "x": -0.3706615633678301,
    "y": -0.8635669752436198,
    "z": 0.3418509685671536
  },
  "S53": {
    "x": -0.095038808823668,
    "y": -0.9319497049784154,
    "z": -0.3499105202877195
  }
}