{
  "S1": {
    "x": 0.2597318634756403,
    "y": 0.9656624663025228,
    "z": 0.005946450201617949
  },
  "S3": {
    "x": -0.3723497046377581,
    "y": 0.8793403579141498,
    "z": 0.29684378450557
  },
  "S4": {
    "x": 0.01680513281731686,
    "y": 0.7870133589528295,
    "z": -0.6167070295859914
  },
  "S8": {
    "x": 0.3458544335833115,
    "y": 0.6730393176243709,
    "z": 0.6537604972025214
  },
  "S10": {
    "x": -0.6847193813543944,
    "y": 0.6689897257221588,
    "z": -0.2891575966075351
  },
  "S11": {
    "x": 0.7316105938315896,
    "y": 0.5534105223541588,
    "z": -0.39809889819124866
  },
  "S12": {
    "x": -0.34185033483742117,
    "y": 0.4143316544934778,
    "z": 0.843485405123432
  },
  "S13": {
    "x": -0.3716646728800222,
    "y": 0.2779116929537378,
    "z": -0.8857936903436224
  },
  "S15": {
    "x": 0.8732136546918147,
    "y": 0.3849062518650239,
    "z": 0.2989064912894716
  },
  "S18": {
    "x": -0.8995598302776082,
    "y": 0.2807120137388446,
    "z": 0.3346533685675426
  },
  "S22": {
    "x": 0.43420487890887355,
    "y": 0.1445217170551233,
    "z": -0.8891454304168522
  },
  "S23": {
    "x": 0.257047700681168,
    "y": 0.010636598053382122,
    "z": 0.9663401794173601
  },
  "S26": {
    "x": -0.8827038867773974,
    "y": -0.017428411693701927,
    "z": -0.4696063231408949
  },
  "S28": {
    "x": 0.9619706835389021,
    "y": -0.14657260220007326,
    "z": -0.23049702014558973
  },
  "S29": {
    "x": -0.5221129259131226,
    "y": -0.2793187181553492,
    "z": 0.8058406457125942
  },
  "S37": {
    "x": -0.1011203760649861,
    "y": -0.3783008715403901,
    "z": -0.9201429889621815
  },
  "S38": {
    "x": 0.7849562792371831,
    "y": -0.26599856886647316,
    "z": 0.5595430287717875
  },
  "S39": {
    "x": -0.9003329326555649,
    "y": -0.410544558947719,
    "z": 0.14440836365755574
  },
  "S40": {
    "x": 0.5420759792570702,
    "y": -0.5590048828263136,
    "z": -0.6274290188450228
  },
  "S41": {
    "x": 0.1373287532784393,
    "y": -0.6741320277571952,
    "z": 0.7257319220448842
  },
  "S42": {
    "x": -0.5552458992738739,
    "y": -0.678248094631683,
    "z": -0.4813330587732769
  },
  "S45": {
    "x": 0.6116568488588773,
    "y": -0.7821505871550942,
    "z": 0.11881228159146617
  },
  "S51": {
    "x": -0.3753846610938886,
    "y": -0.8756260892337595,
    "z": 0.30391661367654577
  },
  "S53": {
    "x": 0.05211110913428414,
    "y": -0.9682922697786962,
    "z": -0.24432460496563915
  }
}