{
  "S1": {
    "x": 0.4830204298332004,
    "y": 0.8755359987458908,
    "z": 0.01131279204200727
  },
  "S3": {
    "x": -0.16068077265733804,
    "y": 0.9311236526894575,
    "z": 0.3273995001530746
  },
  "S4": {
    "x": -0.02394690007800666,
    "y": 0.9046927708574531,
    "z": -0.425391039321373
  },
  "S5": {
    "x": 0.42148183336483175,
    "y": 0.5381210477344999,
    "z": 0.729916983038855
  },
  "S8": {
    "x": -0.6425557020684727,
    "y": 0.6437988868887898,
    "z": -0.41550591208795984
  },
  "S10": {
    "x": 0.7153968989023995,
    "y": 0.42768959819687513,
    "z": -0.552529532817048
  },
  "S11": {
    "x": -0.2932930607431332,
    "y": 0.42039241224883805,
    "z": 0.8586322846501451
  },
  "S12": {
    "x": -0.6253407374180527,
    "y": 0.05776510515585581,
    "z": -0.7782108677934143
  },
  "S13": {
    "x": 0.9039174006603774,
    "y": 0.38257686582208955,
    "z": 0.19122833085380858
  },
  "S18": {
    "x": -0.7618600795622216,
    "y": 0.592774972466274,
    "z": 0.26112650418341976
  },
  "S22": {
    "x": 0.0795176097600401,
    "y": 0.42814817108925446,
    "z": -0.9002033622082161
  },
  "S23": {
    "x": 0.1340579501599151,
    "y": -0.11284498917840756,
    "z": 0.98452753867845
  },
  "S26": {
    "x": -0.9887159130841096,
    "y": 0.001700762496825463,
    "z": -0.14979302594308208
  },
  "S28": {
    "x": 0.9643867618934882,
    "y": -0.2236512375677765,
    "z": -0.141203036153598
  },
  "S29": {
    "x": -0.7884466087574723,
    "y": -0.021620775132963482,
    "z": 0.6147230980055097
  },
  "S37": {
    "x": -0.028666794276902916,
    "y": -0.2443991338653522,
    "z": -0.9692508851023822
  },
  "S38": {
    "x": 0.7717165319969954,
    "y": -0.18269351005703874,
    "z": 0.6091606320385198
  },
  "S39": {
    "x": -0.7828680921887896,
    "y": -0.6080107389006761,
    "z": 0.13206245346099818
  },
  "S40": {
    "x": 0.6234326267405802,
    "y": -0.2676644343520283,
    "z": -0.7346342698910454
  },
  "S41": {
    "x": -0.36443364936406447,
    "y": -0.5760324228305307,
    "z": 0.7316930798218464
  },
  "S42": {
    "x": -0.5664592149716311,
    "y": -0.6283965135351104,
    "z": -0.5331433011401729
  },
  "S45": {
    "x": 0.6111616795734661,
    "y": -0.791230019104456,
    "z": -0.02089158416448918
  },
  "S51": {
    "x": -0.14896626667211477,
    "y": -0.9860947156687775,
    "z": 0.07366317345787755
  },
  "S52": {
    "x": 0.14571750091790434,
    "y": -0.8183116896381023,
    "z": -0.5559967522637831
  },
  "S53": {
    "x": 0.31861038591880375,
    "y": -0.7312851966895412,
    "z": 0.6030832306468238
  }
}