{
  "S1": {
    "x": 0.4118151972020887,
    "y": 0.9109297991472136,
    "z": -0.024802104326481604
  },
  "S3": {
    "x": -0.2881923482661436,
    "y": 0.9167896964915806,
    "z": 0.27648114367479254
  },
  "S4": {
    "x": -0.033318130950209815,
    "y": 0.8360375042503072,
    "z": -0.547659742574623
  },
  "S5": {
    "x": 0.2870833237421672,
    "y": 0.6812079393986074,
    "z": 0.6734529742524368
  },
  "S8": {
    "x": -0.653679879316813,
    "y": 0.6978567079397281,
    "z": -0.2927432843975793
  },
  "S10": {
    "x": 0.7681331626152356,
    "y": 0.4617703896254554,
    "z": -0.4435533245911604
  },
  "S11": {
    "x": -0.3279373429141962,
    "y": 0.3769228166899133,
    "z": 0.8662483993525869
  },
  "S12": {
    "x": -0.47275661713904493,
    "y": 0.20549689803741492,
    "z": -0.8568968466789025
  },
  "S13": {
    "x": 0.8463325304115017,
    "y": 0.40380118198847276,
    "z": 0.34736990858733974
  },
  "S18": {
    "x": -0.8546643749346766,
    "y": 0.39779074087716926,
    "z": 0.33363353052400374
  },
  "S22": {
    "x": 0.2640818052317164,
    "y": 0.32263339931060325,
    "z": -0.9089381110916422
  },
  "S23": {
    "x": 0.3149884339504513,
    "y": 0.0201693936363467,
    "z": 0.9488811738240907
  },
  "S26": {
    "x": -0.9360662629866843,
    "y": 0.056320517572538226,
    "z": -0.347286554013404
  },
  "S28": {
    "x": 0.9851304647260881,
    "y": -0.12153232647158274,
    "z": -0.12144077194651817
  },
  "S29": {
    "x": -0.6750230549569726,
    "y": -0.20257841061670054,
    "z": 0.7094405280420393
  },
  "S37": {
    "x": -0.022927538062132064,
    "y": -0.34288738699590576,
    "z": -0.9390966765128761
  },
  "S38": {
    "x": 0.765004955348049,
    "y": -0.3208429371176292,
    "z": 0.5584149245808733
  },
  "S39": {
    "x": -0.892678029282104,
    "y": -0.43713672747260546,
    "z": 0.10971516545838189
  },
  "S40": {
    "x": 0.6291193243244759,
    "y": -0.3098912846035299,
    "z": -0.7128648311484364
  },
  "S41": {
    "x": -0.11568913666676953,
    "y": -0.5273565919617935,
    "z": 0.8417309834927902
  },
  "S42": {
    "x": -0.6001512089099277,
    "y": -0.5795941814488709,
    "z": -0.5512613819909441
  },
  "S45": {
    "x": 0.6553203133363318,
    "y": -0.7445367385273061,
    "z": -0.1273590668617423
  },
  "S51": {
    "x": -0.3638049218180971,
    "y": -0.9189696300932835,
    "z": 0.1521209973249643
  },
  "S52": {
    "x": 0.05130727073403367,
    "y": -0.8972328989045202,
    "z": -0.4385666301637821
  },
  "S53": {
    "x": 0.2874796053758093,
    "y": -0.8598250722749545,
    "z": 0.4219672043895571
  }
}