{
  "S1": {
    "x": 0.4163839010984478,
    "y": 0.8929696663967852,
    "z": -0.1709667271759395
  },
  "S3": {
    "x": -0.34816941105889543,
    "y": 0.907541164071193,
    "z": 0.2348341898429736
  },
  "S4": {
    "x": -0.22855188497399953,
    "y": 0.8692240352955147,
    "z": -0.43842172886321823
  },
  "S5": {
    "x": 0.22064712865233363,
    "y": 0.7698758047778258,
    "z": 0.5988372816009165
  },
  "S8": {
    "x": -0.8534657875631553,
    "y": 0.4373402533687795,
    "z": -0.2834248617227059
  },
  "S10": {
    "x": 0.8856342348830312,
    "y": 0.2843055954550527,
    "z": -0.367181604109051
  },
  "S11": {
    "x": -0.20215389726288127,
    "y": 0.3174125891637486,
    "z": 0.9264896383995851
  },
  "S12": {
    "x": -0.4003608845526301,
    "y": 0.3422275099981558,
    "z": -0.8500538180143052
  },
  "S13": {
    "x": 0.7971744811647218,
    "y": 0.5183336097491682,
    "z": 0.3095853930406817
  },
  "S18": {
    "x": -0.784788028270951,
    "y": 0.4394454288447029,
    "z": 0.4370302801295218
  },
  "S22": {
    "x": 0.33402932189147067,
    "y": 0.48614055905704995,
    "z": -0.8075219928623758
  },
  "S25": {
    "x": 0.5418893953639556,
    "y": 0.09319927876229366,
    "z": 0.8352662914485864
  },
  "S26": {
    "x": -0.7078720492058793,
    "y": -0.2664381570464633,
    "z": -0.6541619603911201
  },
  "S28": {
    "x": 0.965191254420351,
    "y": -0.18620177256292836,
    "z": 0.18367019977365057
  },
  "S29": {
    "x": -0.6980085871059306,
    "y": -0.19521978677238974,
    "z": 0.6889653454121804
  },
  "S35": {
    "x": -0.017212901980018968,
    "y": -0.21005406296174148,
    "z": -0.9775382379419697
  },
  "S37": {
    "x": 0.5435798801498324,
    "y": -0.6252718815071309,
    "z": 0.5599607022754598
  },
  "S38": {
    "x": -0.9753462298355475,
    "y": -0.21910732232210733,
    "z": 0.026300442019477073
  },
  "S39": {
    "x": 0.6293479930165932,
    "y": -0.24272485493504142,
    "z": -0.7382450463651953
  },
  "S40": {
    "x": -0.000397527331148452,
    "y": -0.39127930642132236,
    "z": 0.9202718871825163
  },
  "S41": {
    "x": -0.5669177952948797,
    "y": -0.7963451679085731,
    "z": -0.21080461789690336
  },
  "S42": {
    "x": 0.682892897162231,
    "y": -0.6947804823655501,
    "z": -0.22569309322455613
  },
  "S45": {
    "x": -0.4193769860800618,
    "y": -0.7756491692230474,
    "z": 0.47168984495110805
  },
  "S51": {
    "x": 0.007593366654890712,
    "y": -0.7894440596233047,
    "z": -0.6137755432634315
  },
  "S52": {
    "x": 0.13032696668685684,
    "y": -0.9850398542498867,
    "z": 0.11274469962514808
  }
}