{
  "S1": {
    "x": 0.36842819848532765,
    "y": 0.900825467651462,
    "z": 0.22972622704293236
  },
  "S3": {
    "x": -0.3928923391313148,
    "y": 0.919494118546122,
    "z": -0.012890919711727804
  },
  "S8": {
    "x": 0.03228173518743648,
    "y": 0.7917507858391626,
    "z": -0.6099906414826023
  },
  "S10": {
    "x": 0.2794373415580564,
    "y": 0.3920723146237842,
    "z": 0.8764668118351742
  },
  "S11": {
    "x": -0.8456019049892445,
    "y": 0.4274313416337761,
    "z": -0.3197809663937351
  },
  "S12": {
    "x": 0.7438983020214516,
    "y": 0.563020834644092,
    "z": -0.36003174305367996
  },
  "S13": {
    "x": -0.38385431239637047,
    "y": 0.6422100471385604,
    "z": 0.6634923678603981
  },
  "S18": {
    "x": -0.39140045802597534,
    "y": 0.19112358785714822,
    "z": -0.9001541288144314
  },
  "S22": {
    "x": 0.8816678145419196,
    "y": 0.28956561824466526,
    "z": 0.37257699544048634
  },
  "S23": {
    "x": -0.9095916173071479,
    "y": 0.16898268967679878,
    "z": 0.3795891730728918
  },
  "S25": {
    "x": 0.379095595886607,
    "y": 0.07844037696727982,
    "z": -0.9220269174165197
  },
  "S26": {
    "x": 0.32498081272684537,
    "y": -0.33914603580947994,
    "z": 0.8828178961451302
  },
  "S27": {
    "x": -0.8262178192500053,
    "y": -0.3287116846019898,
    "z": -0.4575070967317202
  },
  "S28": {
    "x": 0.8801443893443961,
    "y": -0.18893838479276823,
    "z": -0.43548609697380697
  },
  "S29": {
    "x": -0.41998060698292855,
    "y": -0.267305620333378,
    "z": 0.8672738870140382
  },
  "S35": {
    "x": -0.0879059314229326,
    "y": -0.5493652440768488,
    "z": -0.8309454710274621
  },
  "S37": {
    "x": 0.8351721953580709,
    "y": -0.4539488116573603,
    "z": 0.31051228718949375
  },
  "S38": {
    "x": -0.7632051920355076,
    "y": -0.5814077731682971,
    "z": 0.28192700500222706
  },
  "S39": {
    "x": 0.4673537749349785,
    "y": -0.8141721595879501,
    "z": -0.34453467692805434
  },
  "S51": {
    "x": 0.1310181401427896,
    "y": -0.9147468722805041,
    "z": 0.38219420012156063
  },
  "S52": {
    "x": -0.32149664059061395,
    "y": -0.9261981580359312,
    "z": -0.19696924160842394
  }
}