{
  "S1": {
    "x": 0.1358078470159663,
    "y": 0.9892334854102528,
    "z": -0.05452834154796011
  },
  "S3": {
    "x": -0.49586444925922857,
    "y": 0.7266533413566172,
    "z": 0.47549276488302705
  },
  "S4": {
    "x": 0.23042222199216272,
    "y": 0.7162892577715817,
    "z": -0.6586617484059863
  },
  "S5": {
    "x": 0.1699876124037684,
    "y": 0.7840466512694535,
    "z": 0.5969715740824032
  },
  "S8": {
    "x": -0.5274931082881239,
    "y": 0.8106152832410809,
    "z": -0.2542712789217762
  },
  "S10": {
    "x": 0.794024982155825,
    "y": 0.4486939445895781,
    "z": -0.41011958231848233
  },
  "S11": {
    "x": -0.1759092129248063,
    "y": 0.2665824621708141,
    "z": 0.9476232055364209
  },
  "S12": {
    "x": -0.3726018744851613,
    "y": 0.4379703546339276,
    "z": -0.8181380150023441
  },
  "S13": {
    "x": 0.7447576899058419,
    "y": 0.6181729199143957,
    "z": 0.2513925703170719
  },
  "S15": {
    "x": -0.926442432532818,
    "y": 0.34211366324171477,
    "z": 0.15704349915233567
  },
  "S18": {
    "x": 0.2645106434248923,
    "y": 0.06421734741382784,
    "z": -0.9622423041033279
  },
  "S22": {
    "x": 0.5398429021722518,
    "y": 0.21720209030338256,
    "z": 0.8132606549822029
  },
  "S23": {
    "x": -0.8738442755220079,
    "y": 0.07846483123329369,
    "z": -0.4798327337697457
  },
  "S26": {
    "x": 0.9928292234551059,
    "y": -0.06001643090496756,
    "z": 0.10338356288579208
  },
  "S28": {
    "x": -0.6910872606410832,
    "y": -0.10204021910021771,
    "z": 0.7155321040076282
  },
  "S29": {
    "x": -0.398528930846318,
    "y": -0.2609588781075876,
    "z": -0.8792469250530934
  },
  "S37": {
    "x": 0.6734958789579193,
    "y": -0.3848587921151301,
    "z": 0.6310998424642354
  },
  "S38": {
    "x": -0.9259584685396512,
    "y": -0.36317593470263276,
    "z": 0.10346088629319158
  },
  "S39": {
    "x": 0.7758461588488801,
    "y": -0.21915460318539234,
    "z": -0.5916367109148074
  },
  "S40": {
    "x": -0.015951653670024428,
    "y": -0.40459476467418637,
    "z": 0.9143569440560022
  },
  "S41": {
    "x": -0.5979990818387665,
    "y": -0.6975468519943755,
    "z": -0.3947473716096524
  },
  "S42": {
    "x": 0.6865467781896776,
    "y": -0.7162652045414827,
    "z": -0.12497070905024737
  },
  "S45": {
    "x": -0.4609605069963356,
    "y": -0.7764117559556957,
    "z": 0.4297676072058881
  },
  "S51": {
    "x": 0.17159080632570664,
    "y": -0.6637895068077444,
    "z": -0.7279698385485661
  },
  "S52": {
    "x": 0.2577309133736497,
    "y": -0.8634997542645582,
    "z": 0.43352387555546684
  },
  "S53": {
    "x": -0.036956905410345006,
    "y": -0.9874984962456551,
    "z": -0.1532348101935749
  }
}