{
  "S1": {
    "x": 0.4558415960191918,
    "y": 0.8859918431531955,
    "z": -0.08501113576867049
  },
  "S3": {
    "x": -0.35983832587189624,
    "y": 0.9103071449023983,
    "z": 0.2045905207319121
  },
  "S8": {
    "x": -0.1359154907851077,
    "y": 0.8811974276155217,
    "z": -0.4527892146776809
  },
  "S10": {
    "x": 0.2865192587792449,
    "y": 0.7650032762521816,
    "z": 0.5767813291638527
  },
  "S11": {
    "x": -0.8308133658926206,
    "y": 0.48329142600886377,
    "z": -0.2760046169912628
  },
  "S12": {
    "x": 0.8289580644541372,
    "y": 0.4116726280509668,
    "z": -0.3786214134066651
  },
  "S13": {
    "x": -0.26559334729234707,
    "y": 0.45303228969503745,
    "z": 0.8510122903740688
  },
  "S18": {
    "x": -0.40834394386473044,
    "y": 0.3601047393674852,
    "z": -0.8387966381633115
  },
  "S21": {
    "x": 0.8355168823254754,
    "y": 0.33379897784090623,
    "z": 0.4364513509447344
  },
  "S22": {
    "x": -0.8250639905987827,
    "y": 0.388714749549766,
    "z": 0.4100856677569637
  },
  "S25": {
    "x": 0.3110558633733459,
    "y": 0.4236698915370892,
    "z": -0.8507338437290557
  },
  "S26": {
    "x": 0.34660205909859754,
    "y": 0.08529632742030559,
    "z": 0.9341260884683716
  },
  "S27": {
    "x": -0.7648823259840188,
    "y": -0.21434778101961044,
    "z": -0.6074619791964319
  },
  "S28": {
    "x": 0.987055142309284,
    "y": -0.15066837758634122,
    "z": -0.05496531666695704
  },
  "S29": {
    "x": -0.6022644476598535,
    "y": -0.20945180028672541,
    "z": 0.7703294609721356
  },
  "S35": {
    "x": -0.09958916566607519,
    "y": -0.26602158466946596,
    "z": -0.9588089040950136
  },
  "S37": {
    "x": 0.687483007928953,
    "y": -0.4672176205264158,
    "z": 0.555944969289761
  },
  "S38": {
    "x": -0.9699765713094806,
    "y": -0.23311166810603712,
    "z": 0.06931378869694552
  },
  "S39": {
    "x": 0.6194863660416929,
    "y": -0.2456384708562733,
    "z": -0.7455859332926347
  },
  "S40": {
    "x": 0.02786112225075366,
    "y": -0.5340404762522833,
    "z": 0.8449997204680977
  },
  "S41": {
    "x": -0.5091877968002118,
    "y": -0.7981533422257363,
    "z": -0.3219922823355137
  },
  "S42": {
    "x": 0.6583574706186054,
    "y": -0.7385106042765066,
    "z": -0.14549064661283664
  },
  "S45": {
    "x": -0.5335152725989167,
    "y": -0.7625543576797426,
    "z": 0.3658856453693403
  },
  "S51": {
    "x": 0.11368514851481869,
    "y": -0.8032978904635232,
    "z": -0.584626535648201
  },
  "S52": {
    "x": 0.12270438206610462,
    "y": -0.966261253638427,
    "z": 0.2264571136857281
  }
}