{
  "S1": {
    "x": 0.2758640724637603,
    "y": 0.9610530620978408,
    "z": 0.016614010836432627
  },
  "S3": {
    "x": -0.358390944514384,
    "y": 0.8880325296377191,
    "z": 0.28801763347982906
  },
  "S4": {
    "x": -0.00456183228240631,
    "y": 0.8176768983405902,
    "z": -0.5756593433675332
  },
  "S8": {
    "x": 0.3429203988674693,
    "y": 0.6902244016958256,
    "z": 0.6371780562324912
  },
  "S10": {
    "x": -0.6970201500685966,
    "y": 0.6621369351857365,
    "z": -0.27520463197626377
  },
  "S11": {
    "x": 0.7285404596043036,
    "y": 0.5789933212060917,
    "z": -0.36605400246178077
  },
  "S12": {
    "x": -0.31779340628253244,
    "y": 0.4290544404728357,
    "z": 0.8455292059023668
  },
  "S13": {
    "x": -0.36479940103767006,
    "y": 0.3220308029954066,
    "z": -0.8736232362550179
  },
  "S15": {
    "x": 0.8670799799669592,
    "y": 0.3503258129806852,
    "z": 0.3541809327164854
  },
  "S18": {
    "x": -0.8769129996877708,
    "y": 0.3289398039506323,
    "z": 0.35045997825074904
  },
  "S22": {
    "x": 0.4033355689342586,
    "y": 0.22911327800420317,
    "z": -0.8859049185294361
  },
  "S23": {
    "x": 0.28633247525458877,
    "y": 0.05503399862664032,
    "z": 0.9565484685104793
  },
  "S26": {
    "x": -0.8623591444919942,
    "y": -0.00638988628838479,
    "z": -0.5062567286113412
  },
  "S28": {
    "x": 0.9751108738704602,
    "y": -0.06307156784427928,
    "z": -0.2125576650917393
  },
  "S29": {
    "x": -0.5556848176002397,
    "y": -0.22896369093676477,
    "z": 0.799243399548099
  },
  "S37": {
    "x": -0.1322517136794918,
    "y": -0.3259806818695142,
    "z": -0.9360801671207036
  },
  "S38": {
    "x": 0.7462993740190201,
    "y": -0.33089961469730234,
    "z": 0.5775315483434611
  },
  "S39": {
    "x": -0.9428246519097953,
    "y": -0.311957970432008,
    "z": 0.11731965067760756
  },
  "S40": {
    "x": 0.5871281918549818,
    "y": -0.4224345562253188,
    "z": -0.690528444045441
  },
  "S41": {
    "x": 0.06320961547735719,
    "y": -0.5941725840930714,
    "z": 0.8018500388622342
  },
  "S42": {
    "x": -0.5829248222080519,
    "y": -0.6725992623505541,
    "z": -0.4558605970460723
  },
  "S45": {
    "x": 0.7167711399876145,
    "y": -0.6973013458861965,
    "z": -0.0031568823472879165
  },
  "S51": {
    "x": -0.5068671281926408,
    "y": -0.8085863745976204,
    "z": 0.2987871971367273
  },
  "S52": {
    "x": 0.07862008581452397,
    "y": -0.878491574379998,
    "z": -0.4712445605520228
  },
  "S53": {
    "x": 0.13463917942093898,
    "y": -0.9691331023932416,
    "z": 0.20652680506536392
  }
}