{
  "S1": {
    "x": 0.39877150008331,
    "y": 0.9167678438541768,
    "z": 0.022759859320091988
  },
  "S3": {
    "x": -0.3475341466101903,
    "y": 0.9181075520194757,
    "z": 0.19052175693272572
  },
  "S8": {
    "x": -0.05954588042397814,
    "y": 0.8617969196523475,
    "z": -0.5037463224702078
  },
  "S10": {
    "x": 0.31174291719044833,
    "y": 0.690087770336555,
    "z": 0.6531425746447029
  },
  "S11": {
    "x": -0.7718424186919732,
    "y": 0.5608279943895864,
    "z": -0.2995517341239723
  },
  "S12": {
    "x": 0.7665671436017633,
    "y": 0.5262850123435814,
    "z": -0.36796589533916013
  },
  "S13": {
    "x": -0.31745283190404167,
    "y": 0.48113761005556194,
    "z": 0.8171476608949734
  },
  "S18": {
    "x": -0.3481933754153459,
    "y": 0.33568235389550477,
    "z": -0.8752592362266398
  },
  "S21": {
    "x": 0.8557318385899269,
    "y": 0.30816591606371097,
    "z": 0.41564021533065987
  },
  "S22": {
    "x": -0.8492561136130498,
    "y": 0.371456574050065,
    "z": 0.37521202950578125
  },
  "S25": {
    "x": 0.3541035251259661,
    "y": 0.3273016096005787,
    "z": -0.8760618413366917
  },
  "S26": {
    "x": 0.28168726063355626,
    "y": 0.05275089186051676,
    "z": 0.9580551292095268
  },
  "S27": {
    "x": -0.8182503769824208,
    "y": -0.10725321577454915,
    "z": -0.5647681544440553
  },
  "S28": {
    "x": 0.9796168912967365,
    "y": -0.07537632337163393,
    "z": -0.18619655249518724
  },
  "S29": {
    "x": -0.576707694501265,
    "y": -0.22807319512157245,
    "z": 0.7844685161114324
  },
  "S35": {
    "x": -0.16625304574530186,
    "y": -0.34636870896649025,
    "z": -0.9232489600477748
  },
  "S37": {
    "x": 0.7274769705968268,
    "y": -0.4021843255638564,
    "z": 0.555900193849588
  },
  "S38": {
    "x": -0.9623259540985089,
    "y": -0.25139223766419333,
    "z": 0.10358909648502726
  },
  "S39": {
    "x": 0.5660827720782642,
    "y": -0.32664356013771034,
    "z": -0.7568713759792678
  },
  "S40": {
    "x": 0.05074139435087975,
    "y": -0.5725923351708608,
    "z": 0.8182684942015727
  },
  "S41": {
    "x": -0.5582610853382729,
    "y": -0.7461491054108282,
    "z": -0.3627755133571645
  },
  "S42": {
    "x": 0.7111329692174893,
    "y": -0.6965378082216734,
    "z": -0.095524770660101
  },
  "S45": {
    "x": -0.514559618545422,
    "y": -0.7889179736927551,
    "z": 0.3359119374879483
  },
  "S51": {
    "x": 0.11435517034650046,
    "y": -0.8577225139169077,
    "z": -0.5012334627048386
  },
  "S52": {
    "x": 0.15626779209261116,
    "y": -0.9603031998807537,
    "z": 0.2310803787717286
  }
}