{
  "S1": {
    "x": 0.08857121961019813,
    "y": 0.9869110314385222,
    "z": -0.13476555599155993
  },
  "S3": {
    "x": -0.44369280662610805,
    "y": 0.813825182415001,
    "z": 0.37526692608786816
  },
  "S8": {
    "x": -0.0015284170287382167,
    "y": 0.6347311021337156,
    "z": -0.772731578185792
  },
  "S10": {
    "x": 0.4190661410497821,
    "y": 0.7274068047338557,
    "z": 0.543380998795989
  },
  "S11": {
    "x": -0.7003021018614088,
    "y": 0.6386294017728112,
    "z": -0.31895054996001165
  },
  "S12": {
    "x": 0.7600938045798952,
    "y": 0.6222642843290415,
    "z": -0.18720194627120143
  },
  "S13": {
    "x": -0.1368711342610654,
    "y": 0.4074671444044027,
    "z": 0.9029046565596011
  },
  "S15": {
    "x": -0.5504372310777379,
    "y": 0.100986074115742,
    "z": -0.8287464434181078
  },
  "S18": {
    "x": 0.8964641845623318,
    "y": 0.1486804746933321,
    "z": 0.41742793658541705
  },
  "S22": {
    "x": -0.9242386345166885,
    "y": 0.2090746316683296,
    "z": 0.31948512462942513
  },
  "S23": {
    "x": 0.6114190298192008,
    "y": 0.19023888843197573,
    "z": -0.7680989098437215
  },
  "S26": {
    "x": 0.3957168536066929,
    "y": -0.11555592239114786,
    "z": 0.9110735428997762
  },
  "S28": {
    "x": -0.934617585764303,
    "y": -0.20888369470629914,
    "z": -0.28784990961602064
  },
  "S29": {
    "x": 0.9429642260541253,
    "y": -0.21416990094272487,
    "z": -0.25485235316223387
  },
  "S37": {
    "x": -0.5642097233515965,
    "y": -0.17954521656016062,
    "z": 0.8058727587441332
  },
  "S38": {
    "x": 0.08132185071954001,
    "y": -0.2312746201076202,
    "z": -0.9694837836135397
  },
  "S39": {
    "x": 0.695034563522683,
    "y": -0.6342000182241819,
    "z": 0.33869941303946866
  },
  "S40": {
    "x": -0.6806507860508006,
    "y": -0.6988456526375739,
    "z": 0.21983917130027156
  },
  "S41": {
    "x": 0.4556454202260026,
    "y": -0.7318750659711272,
    "z": -0.5067012323221917
  },
  "S45": {
    "x": -0.020410797753790684,
    "y": -0.6954794960237229,
    "z": 0.7182559919315968
  },
  "S51": {
    "x": -0.3894804485625273,
    "y": -0.710557361503841,
    "z": -0.5860146894065306
  },
  "S53": {
    "x": 0.023332903367598946,
    "y": -0.9991121340672128,
    "z": 0.03507875682087782
  }
}