{
  "S1": {
    "x": 0.36320665995418233,
    "y": 0.9306805893276257,
    "z": 0.04375571749737966
  },
  "S3": {
    "x": -0.331431590756026,
    "y": 0.9014846528317748,
    "z": 0.2783496386879362
  },
  "S4": {
    "x": -0.007534795731184289,
    "y": 0.841473661231605,
    "z": -0.5402455962863254
  },
  "S5": {
    "x": 0.27980988953214925,
    "y": 0.6813529822448124,
    "z": 0.6763612491162596
  },
  "S8": {
    "x": -0.6736518111074087,
    "y": 0.6762306774010771,
    "z": -0.2981699319740151
  },
  "S10": {
    "x": 0.7354270261195682,
    "y": 0.5525828774276321,
    "z": -0.39217247841571734
  },
  "S11": {
    "x": -0.3518557328148,
    "y": 0.38109707968591755,
    "z": 0.8549634840975522
  },
  "S12": {
    "x": -0.36255565436499665,
    "y": 0.30003163942280625,
    "z": -0.8823459711662043
  },
  "S13": {
    "x": 0.8556933816928809,
    "y": 0.3579954577315283,
    "z": 0.3736684208902262
  },
  "S18": {
    "x": -0.8701571701993298,
    "y": 0.36948224919268324,
    "z": 0.32605117187676325
  },
  "S22": {
    "x": 0.362943440240988,
    "y": 0.25752785457299887,
    "z": -0.8955174276947739
  },
  "S23": {
    "x": 0.3223394148927886,
    "y": 0.04748079311843648,
    "z": 0.9454326395314574
  },
  "S26": {
    "x": -0.8722961109260442,
    "y": 0.013895985163787278,
    "z": -0.4887805197219159
  },
  "S28": {
    "x": 0.975940868182823,
    "y": -0.05590708971204343,
    "z": -0.21074586385143373
  },
  "S29": {
    "x": -0.5976769009562735,
    "y": -0.259263903191334,
    "z": 0.7586597066968164
  },
  "S37": {
    "x": -0.1510627778111779,
    "y": -0.36419372745944384,
    "z": -0.9189901882170273
  },
  "S38": {
    "x": 0.7602770957167787,
    "y": -0.3549825424179329,
    "z": 0.544027694430128
  },
  "S39": {
    "x": -0.9422300791319463,
    "y": -0.3076446808312271,
    "z": 0.13250369177973295
  },
  "S40": {
    "x": 0.5528502532426605,
    "y": -0.3943766916098903,
    "z": -0.7340460629990215
  },
  "S41": {
    "x": 0.01776147725095812,
    "y": -0.5492399139921961,
    "z": 0.8354759402901489
  },
  "S42": {
    "x": -0.6071576330247048,
    "y": -0.6552874730482123,
    "z": -0.44939730342529455
  },
  "S45": {
    "x": 0.7196280519041948,
    "y": -0.6871533353930414,
    "z": -0.09977855767043223
  },
  "S51": {
    "x": -0.46468212226261685,
    "y": -0.8506626833596669,
    "z": 0.24585264771574325
  },
  "S52": {
    "x": 0.06056318818476253,
    "y": -0.9067305502290222,
    "z": -0.41733896237743207
  },
  "S53": {
    "x": 0.22772239338844202,
    "y": -0.924466108283687,
    "z": 0.3057857520949164
  }
}