{
  "S1": {
    "x": 0.24244410390109344,
    "y": 0.9700518114794418,
    "z": -0.014843838083502293
  },
  "S3": {
    "x": -0.3974687754031958,
    "y": 0.847472549622792,
    "z": 0.3518648180982691
  },
  "S4": {
    "x": 0.0029459280427613166,
    "y": 0.7992607363459998,
    "z": -0.6009772016005408
  },
  "S5": {
    "x": 0.28086774981462664,
    "y": 0.7407264444117476,
    "z": 0.6102766927084783
  },
  "S8": {
    "x": -0.6185970960537236,
    "y": 0.7323752081475307,
    "z": -0.2845420658615547
  },
  "S10": {
    "x": 0.7359233865723951,
    "y": 0.5709889091266785,
    "z": -0.3638522155355701
  },
  "S11": {
    "x": -0.2797877046311714,
    "y": 0.3798901996235129,
    "z": 0.8817041888112066
  },
  "S12": {
    "x": -0.42710808384638,
    "y": 0.28999636477277746,
    "z": -0.8564349322229026
  },
  "S13": {
    "x": 0.839442415003057,
    "y": 0.43035747165622046,
    "z": 0.3318567137839774
  },
  "S18": {
    "x": -0.905606655930118,
    "y": 0.33423421340825904,
    "z": 0.26108250673385086
  },
  "S22": {
    "x": 0.3655047987497379,
    "y": 0.28401883693278723,
    "z": -0.8864195069820274
  },
  "S25": {
    "x": 0.4363854855918272,
    "y": 0.12479697351668877,
    "z": 0.8910630860752004
  },
  "S26": {
    "x": -0.901875893555399,
    "y": 0.058805693978856106,
    "z": -0.4279740213836766
  },
  "S28": {
    "x": 0.9882736070471028,
    "y": -0.06851240853994348,
    "z": -0.1364599849412443
  },
  "S29": {
    "x": -0.6862712833702503,
    "y": -0.12469033409628424,
    "z": 0.7165780112481172
  },
  "S36": {
    "x": -0.09360588675578321,
    "y": -0.2789180833228423,
    "z": -0.9557419320926415
  },
  "S37": {
    "x": 0.785973847465628,
    "y": -0.3324849363317825,
    "z": 0.5212474251375523
  },
  "S38": {
    "x": -0.9002122354470568,
    "y": -0.43022922439031486,
    "z": 0.06723649033018615
  },
  "S39": {
    "x": 0.66050772854168,
    "y": -0.2867863786626906,
    "z": -0.693889842518429
  },
  "S40": {
    "x": -0.006059285562588861,
    "y": -0.37095537788813887,
    "z": 0.928630923819759
  },
  "S41": {
    "x": -0.5905364643400114,
    "y": -0.5838583453920777,
    "z": -0.5571140967529217
  },
  "S42": {
    "x": 0.6686833077225371,
    "y": -0.7380662382979066,
    "z": -0.0901158246814872
  },
  "S45": {
    "x": -0.4492772822069486,
    "y": -0.7418721745647912,
    "z": 0.49777063020958356
  },
  "S51": {
    "x": 0.169704545615524,
    "y": -0.7932661380174717,
    "z": -0.5847471260915048
  },
  "S52": {
    "x": 0.2805293878204218,
    "y": -0.838279718605031,
    "z": 0.4675364969118126
  },
  "S53": {
    "x": -0.20620450714912242,
    "y": -0.975581527491945,
    "z": -0.07563322317520728
  }
}