{
  "S1": {
    "x": 0.39552201724886915,
    "y": 0.9169930831390817,
    "z": 0.05182682072504988
  },
  "S3": {
    "x": -0.33952046642258815,
    "y": 0.9267295619376121,
    "z": 0.16092908969825737
  },
  "S8": {
    "x": 0.06567126306698094,
    "y": 0.8134426749638297,
    "z": -0.5779258600849047
  },
  "S10": {
    "x": 0.25514791069965426,
    "y": 0.6465208901954795,
    "z": 0.7189647294592731
  },
  "S11": {
    "x": -0.7916491519143944,
    "y": 0.5640508810309502,
    "z": -0.2348152973752536
  },
  "S12": {
    "x": 0.8015659078560882,
    "y": 0.47051610070331173,
    "z": -0.3689264077587783
  },
  "S13": {
    "x": -0.45055917753650304,
    "y": 0.4769366892883152,
    "z": 0.7546706711860023
  },
  "S15": {
    "x": -0.42252067474018157,
    "y": 0.39208521751919895,
    "z": -0.8171569381826385
  },
  "S18": {
    "x": 0.8561314085707943,
    "y": 0.3505650996830656,
    "z": 0.37966185236706373
  },
  "S22": {
    "x": -0.9373467426324641,
    "y": 0.1435507820372608,
    "z": 0.31744961340786026
  },
  "S23": {
    "x": 0.42644153541881463,
    "y": 0.1495816962694233,
    "z": -0.8920610590149117
  },
  "S26": {
    "x": 0.24139865229620297,
    "y": -0.011755190145602798,
    "z": 0.9703548351887661
  },
  "S28": {
    "x": -0.8622066739616169,
    "y": -0.190993220106593,
    "z": -0.469170801786898
  },
  "S29": {
    "x": 0.9291106450862251,
    "y": -0.237184890997045,
    "z": -0.2837194682607778
  },
  "S37": {
    "x": -0.5101692995587281,
    "y": -0.2912568458754852,
    "z": 0.8092569032874669
  },
  "S38": {
    "x": -0.21978699425677387,
    "y": -0.24873235067302518,
    "z": -0.9433058331655986
  },
  "S39": {
    "x": 0.8079082199535622,
    "y": -0.34116481949473676,
    "z": 0.4805110550971645
  },
  "S40": {
    "x": -0.8037031038110916,
    "y": -0.5706762550491219,
    "z": 0.16849312403634586
  },
  "S41": {
    "x": 0.3976366693346897,
    "y": -0.6041743121011073,
    "z": -0.6905494043133834
  },
  "S42": {
    "x": 0.17180572809790642,
    "y": -0.6765098293410556,
    "z": 0.7161125907269639
  },
  "S45": {
    "x": -0.3357554320279209,
    "y": -0.8092521326037818,
    "z": -0.4820573365689764
  },
  "S51": {
    "x": 0.4973553763154362,
    "y": -0.8665328622052249,
    "z": -0.04193361859596079
  },
  "S53": {
    "x": -0.20715290062159397,
    "y": -0.9569228476957053,
    "z": 0.20343632743932918
  }
}