{
  "S1": {
    "x": 0.3461881540889207,
    "y": 0.9373018936917403,
    "z": 0.04023583042989423
  },
  "S3": {
    "x": -0.34266906322589696,
    "y": 0.8925877879923343,
    "z": 0.29302722370939865
  },
  "S4": {
    "x": 0.010946470243527108,
    "y": 0.8283177303301599,
    "z": -0.560151686965147
  },
  "S5": {
    "x": 0.262077356662912,
    "y": 0.687278840630702,
    "z": 0.6774682681468549
  },
  "S8": {
    "x": -0.6455259689145236,
    "y": 0.6988448786456518,
    "z": -0.3080780080559298
  },
  "S10": {
    "x": 0.7386493035101439,
    "y": 0.5526978451059607,
    "z": -0.38590451984811824
  },
  "S11": {
    "x": -0.3597298541925853,
    "y": 0.35823282178012383,
    "z": 0.8615472577880052
  },
  "S12": {
    "x": -0.3541209246908585,
    "y": 0.28232207135631787,
    "z": -0.8915675065418038
  },
  "S13": {
    "x": 0.8483795206218651,
    "y": 0.37658769064281067,
    "z": 0.3720670641775878
  },
  "S18": {
    "x": -0.8766772682608688,
    "y": 0.3685165938730059,
    "z": 0.30924502801969
  },
  "S22": {
    "x": 0.3766300292491679,
    "y": 0.2421134167066187,
    "z": -0.8941649257930094
  },
  "S25": {
    "x": 0.3387853965667645,
    "y": 0.05598863725126666,
    "z": 0.9391963200374278
  },
  "S26": {
    "x": -0.8724466673162145,
    "y": 0.04316270883535495,
    "z": -0.4867995411407299
  },
  "S28": {
    "x": 0.9782326793248982,
    "y": -0.058775610033856826,
    "z": -0.19901319746684804
  },
  "S29": {
    "x": -0.6278557272650972,
    "y": -0.2690064705735676,
    "z": 0.7303647749788923
  },
  "S37": {
    "x": -0.13493713690010012,
    "y": -0.38224514446009344,
    "z": -0.9141556862055203
  },
  "S38": {
    "x": 0.7670632664456019,
    "y": -0.34570680307660356,
    "z": 0.5404634599825949
  },
  "S39": {
    "x": -0.9406661506572972,
    "y": -0.32118275793535317,
    "z": 0.10949351128091275
  },
  "S40": {
    "x": 0.5582163830921242,
    "y": -0.40683884609310894,
    "z": -0.7231020833583419
  },
  "S41": {
    "x": -0.008283586200846833,
    "y": -0.5194359138790603,
    "z": 0.8544692584126584
  },
  "S42": {
    "x": -0.6113080194258733,
    "y": -0.6387929003364219,
    "z": -0.4671682093907916
  },
  "S45": {
    "x": 0.7106653669666813,
    "y": -0.6967547562537438,
    "z": -0.09740403396111616
  },
  "S51": {
    "x": -0.45070219851750604,
    "y": -0.8621314948739225,
    "z": 0.23150985680515304
  },
  "S52": {
    "x": 0.0530974672796025,
    "y": -0.9192015325611971,
    "z": -0.3901912370948868
  },
  "S53": {
    "x": 0.24033905380396792,
    "y": -0.9047865935827093,
    "z": 0.35156558319837095
  }
}