{
  "S1": {
    "x": 0.01524825846617738,
    "y": 0.983234263728087,
    "z": 0.18170820907387522
  },
  "S3": {
    "x": -0.17238073472813267,
    "y": 0.8869516437056245,
    "z": 0.4284876474561196
  },
  "S4": {
    "x": -0.28892752467719446,
    "y": 0.9526776067023689,
    "z": 0.09447890331579792
  },
  "S5": {
    "x": 0.2546007399314596,
    "y": 0.8750325493348767,
    "z": 0.4116995273629297
  },
  "S8": {
    "x": -0.4694080033321017,
    "y": 0.8153548163072549,
    "z": 0.33889917369673883
  },
  "S10": {
    "x": -0.021958292607717207,
    "y": 0.9842938985872461,
    "z": -0.17516664805171592
  },
  "S11": {
    "x": -0.31467286268016986,
    "y": 0.6644842831753685,
    "z": 0.677821235212931
  },
  "S12": {
    "x": -0.34440369799731446,
    "y": 0.8898423244428599,
    "z": -0.299277012875868
  },
  "S13": {
    "x": 0.3335131919885141,
    "y": 0.9427371668578649,
    "z": -0.003947783484275072
  },
  "S18": {
    "x": -0.7483928412798841,
    "y": 0.6406716787963648,
    "z": 0.17160406495555347
  },
  "S22": {
    "x": 0.5439073136537168,
    "y": -0.6672786820291222,
    "z": -0.5088260947155471
  },
  "S23": {
    "x": 0.03575124719944664,
    "y": 0.7430867304301464,
    "z": 0.6682394476400799
  },
  "S26": {
    "x": -0.5632597896012822,
    "y": 0.8252040831810076,
    "z": -0.042150095132893
  },
  "S28": {
    "x": 0.7223391985755235,
    "y": -0.6655622448626631,
    "z": -0.18775777058391752
  },
  "S29": {
    "x": -0.635127492587187,
    "y": 0.5495282138543134,
    "z": 0.5427999726768604
  },
  "S37": {
    "x": 0.259455988315235,
    "y": -0.6247961814245407,
    "z": -0.7364185778513991
  },
  "S38": {
    "x": 0.5578460716269519,
    "y": -0.8205432553187982,
    "z": 0.1245653504037421
  },
  "S39": {
    "x": -0.3010095358234434,
    "y": -0.9080320191047556,
    "z": -0.29132646914397614
  },
  "S40": {
    "x": 0.2419263056586226,
    "y": -0.8550417289107471,
    "z": -0.4586668774303319
  },
  "S41": {
    "x": 0.22172402976260439,
    "y": -0.9361420429851328,
    "z": 0.27290388414504807
  },
  "S42": {
    "x": -0.07261863295336658,
    "y": -0.804730670408477,
    "z": -0.5891817056324028
  },
  "S45": {
    "x": 0.4493190669442627,
    "y": -0.8642631167979962,
    "z": -0.22618939193284604
  },
  "S51": {
    "x": -0.12584154604688558,
    "y": -0.9877271532126406,
    "z": 0.0925147344750135
  },
  "S52": {
    "x": 0.024677015728486507,
    "y": -0.965325998125294,
    "z": -0.25987836046531604
  },
  "S53": {
    "x": 0.235461026163296,
    "y": -0.9707847151907129,
    "z": -0.04620759580647157
  }
}