{
  "S1": {
    "x": 0.3114680766267086,
    "y": 0.9496804814861021,
    "z": 0.033085046875956974
  },
  "S3": {
    "x": -0.3506266783735855,
    "y": 0.8889511936267045,
    "z": 0.2946637197931967
  },
  "S4": {
    "x": 0.004654121062789966,
    "y": 0.8193478443345975,
    "z": -0.573277811485305
  },
  "S5": {
    "x": 0.30253440933513326,
    "y": 0.6840388659063154,
    "z": 0.6637497729550227
  },
  "S8": {
    "x": -0.6599798473564265,
    "y": 0.6876560533794195,
    "z": -0.30258181262929357
  },
  "S10": {
    "x": 0.7331886881620151,
    "y": 0.5748434561737636,
    "z": -0.3633033834764904
  },
  "S11": {
    "x": -0.3495571777193107,
    "y": 0.38901682520413433,
    "z": 0.8523354323345981
  },
  "S12": {
    "x": -0.35629721043172086,
    "y": 0.2902636228661382,
    "z": -0.8881437536115413
  },
  "S13": {
    "x": 0.8580675176267166,
    "y": 0.3561489521144304,
    "z": 0.36997034894936853
  },
  "S18": {
    "x": -0.8787019208320719,
    "y": 0.3554496700312514,
    "z": 0.3186510103556896
  },
  "S22": {
    "x": 0.3977653642027201,
    "y": 0.2395745936595737,
    "z": -0.885656100929434
  },
  "S25": {
    "x": 0.3016721993542853,
    "y": 0.05448802948125213,
    "z": 0.9518534229491421
  },
  "S26": {
    "x": -0.8728669782450466,
    "y": 0.024857399090318016,
    "z": -0.48732468437359716
  },
  "S28": {
    "x": 0.974618031491974,
    "y": -0.050124379001019,
    "z": -0.21819083234744674
  },
  "S29": {
    "x": -0.5925737653775621,
    "y": -0.25624849273002503,
    "z": 0.7636707684335233
  },
  "S37": {
    "x": -0.13248872013985769,
    "y": -0.3601751762141976,
    "z": -0.9234287094707281
  },
  "S38": {
    "x": 0.7514585740401509,
    "y": -0.34391859349228476,
    "z": 0.563054182607528
  },
  "S39": {
    "x": -0.940194314182533,
    "y": -0.3152008256566948,
    "z": 0.12916304070505016
  },
  "S40": {
    "x": 0.563054676893029,
    "y": -0.4187972984759606,
    "z": -0.7124452635944208
  },
  "S41": {
    "x": 0.024690183160024245,
    "y": -0.5599493602163996,
    "z": 0.8281588669142952
  },
  "S42": {
    "x": -0.6049340394828606,
    "y": -0.644489679563553,
    "z": -0.4676407390412192
  },
  "S45": {
    "x": 0.7288264843814036,
    "y": -0.6819818145587443,
    "z": -0.06093242384318816
  },
  "S51": {
    "x": -0.47828580776943813,
    "y": -0.84498177719288,
    "z": 0.23926655073013856
  },
  "S52": {
    "x": 0.05971995285266957,
    "y": -0.9048335934246009,
    "z": -0.4215562779055712
  },
  "S53": {
    "x": 0.2062976845335891,
    "y": -0.9350462665433722,
    "z": 0.2883222932403605
  }
}