{
  "S1": {
    "x": 0.2546337809391823,
    "y": 0.9670345416447975,
    "z": -0.0024151336304649978
  },
  "S3": {
    "x": -0.42177680948529794,
    "y": 0.8247460880423081,
    "z": 0.3766937924087843
  },
  "S4": {
    "x": 0.05098831938350479,
    "y": 0.7979963051813153,
    "z": -0.6005015305587613
  },
  "S5": {
    "x": 0.22826332720312317,
    "y": 0.7320066554100307,
    "z": 0.6419206414266333
  },
  "S8": {
    "x": -0.5774142114523142,
    "y": 0.764246354124479,
    "z": -0.28726353513863123
  },
  "S10": {
    "x": 0.7564176369532761,
    "y": 0.5252211033497157,
    "z": -0.38983990445069766
  },
  "S11": {
    "x": -0.29832582494815596,
    "y": 0.32526865668052785,
    "z": 0.8973304871396307
  },
  "S12": {
    "x": -0.43169032939635726,
    "y": 0.31416595142557724,
    "z": -0.8455431476101776
  },
  "S13": {
    "x": 0.8105576127637176,
    "y": 0.4923855000549403,
    "z": 0.3171007343517664
  },
  "S18": {
    "x": -0.9144420255205915,
    "y": 0.3383461654089179,
    "z": 0.2220757850709505
  },
  "S22": {
    "x": 0.34925301109893003,
    "y": 0.26633203630705987,
    "z": -0.8983816453350244
  },
  "S25": {
    "x": 0.4688600828325494,
    "y": 0.1364979693396581,
    "z": 0.8726617483838768
  },
  "S26": {
    "x": -0.9003720905850681,
    "y": 0.06944027260110257,
    "z": -0.42954411535552234
  },
  "S28": {
    "x": 0.9905363957651275,
    "y": -0.0812460913239644,
    "z": -0.11061971483062423
  },
  "S29": {
    "x": -0.7269316086682108,
    "y": -0.1415621287091571,
    "z": 0.6719602667080692
  },
  "S36": {
    "x": -0.12152685088180079,
    "y": -0.2583311759984805,
    "z": -0.958382088742269
  },
  "S37": {
    "x": 0.7898566832999845,
    "y": -0.3322974312098639,
    "z": 0.5154656507059165
  },
  "S38": {
    "x": -0.8866746773749999,
    "y": -0.4598704576557843,
    "z": 0.04824084034715308
  },
  "S39": {
    "x": 0.6548646861893606,
    "y": -0.2993775447158399,
    "z": -0.693920260910449
  },
  "S40": {
    "x": -0.0035310335783350104,
    "y": -0.3430970419819393,
    "z": 0.9392933256364128
  },
  "S41": {
    "x": -0.5920693359551298,
    "y": -0.5882607867259901,
    "z": -0.5508204319214844
  },
  "S42": {
    "x": 0.6495631685872217,
    "y": -0.7523010588070229,
    "z": -0.11004911145829731
  },
  "S45": {
    "x": -0.4253294095812032,
    "y": -0.7421881083962176,
    "z": 0.517930212577476
  },
  "S51": {
    "x": 0.12202282349725006,
    "y": -0.783151774016531,
    "z": -0.6097407066946731
  },
  "S52": {
    "x": 0.29891192933392463,
    "y": -0.8159649469249941,
    "z": 0.4948260945944163
  },
  "S53": {
    "x": -0.17155140594601587,
    "y": -0.9838367293697359,
    "z": -0.05133619640182001
  }
}