{
  "S1": {
    "x": 0.017245918653756333,
    "y": 0.9836753443451643,
    "z": 0.1791239660604092
  },
  "S3": {
    "x": -0.1697864455443397,
    "y": 0.8884293887502449,
    "z": 0.4264572476981545
  },
  "S4": {
    "x": -0.28686817792796465,
    "y": 0.9535551989541494,
    "z": 0.09186474318149505
  },
  "S5": {
    "x": 0.2562765114320893,
    "y": 0.8754365393573045,
    "z": 0.40979655348270644
  },
  "S8": {
    "x": -0.4669885343263621,
    "y": 0.8175718805521296,
    "z": 0.33689453681852793
  },
  "S10": {
    "x": -0.018465514755970035,
    "y": 0.9839185197810324,
    "z": -0.17766083191491394
  },
  "S11": {
    "x": -0.3124978034939589,
    "y": 0.6672064752599356,
    "z": 0.676151345619207
  },
  "S12": {
    "x": -0.3414311368687777,
    "y": 0.8904079088545263,
    "z": -0.30099590466616577
  },
  "S13": {
    "x": 0.3361564573613086,
    "y": 0.9417958958874725,
    "z": -0.00439621016420439
  },
  "S18": {
    "x": -0.7462920567617523,
    "y": 0.6432346333902412,
    "z": 0.1711647522757989
  },
  "S22": {
    "x": 0.5483546935593991,
    "y": -0.6691105295751525,
    "z": -0.5015956830586127
  },
  "S23": {
    "x": 0.03793658520858975,
    "y": 0.7443484410946875,
    "z": 0.6667129920307687
  },
  "S26": {
    "x": -0.561706470161024,
    "y": 0.8261260909082764,
    "z": -0.04473838731842212
  },
  "S28": {
    "x": 0.7202930795441104,
    "y": -0.6709347592113107,
    "z": -0.1761375270716676
  },
  "S29": {
    "x": -0.6329061362755216,
    "y": 0.5524982461968131,
    "z": 0.5423794894852093
  },
  "S37": {
    "x": 0.2673821353408504,
    "y": -0.6256896393936076,
    "z": -0.732815985671754
  },
  "S38": {
    "x": 0.5472163054388911,
    "y": -0.826986202217225,
    "z": 0.12902765751629128
  },
  "S39": {
    "x": -0.30187430924815783,
    "y": -0.9064269768069544,
    "z": -0.2954014846485245
  },
  "S40": {
    "x": 0.2416902737063626,
    "y": -0.8553855652328364,
    "z": -0.458149916934451
  },
  "S41": {
    "x": 0.21046901692213316,
    "y": -0.9380562072461459,
    "z": 0.275233255553915
  },
  "S42": {
    "x": -0.0709158196299366,
    "y": -0.8029722134747287,
    "z": -0.5917825368441594
  },
  "S45": {
    "x": 0.4459840502154201,
    "y": -0.866564729076902,
    "z": -0.22397276011453995
  },
  "S51": {
    "x": -0.13217147837751142,
    "y": -0.9871906001098192,
    "z": 0.08936117366237942
  },
  "S52": {
    "x": 0.022829080361126696,
    "y": -0.9650169850208964,
    "z": -0.26119159961806687
  },
  "S53": {
    "x": 0.23061688734076688,
    "y": -0.9720257440662204,
    "z": -0.04451745888711903
  }
}