{
  "S1": {
    "x": 0.4220075503863009,
    "y": 0.9065710160908438,
    "z": -0.006214515344650072
  },
  "S3": {
    "x": -0.22457760915111682,
    "y": 0.9305283188735276,
    "z": 0.28927831796105025
  },
  "S4": {
    "x": -0.017829438773795486,
    "y": 0.8474778530695753,
    "z": -0.530531242877924
  },
  "S5": {
    "x": 0.37031095859172974,
    "y": 0.5837301186028809,
    "z": 0.7225849033731198
  },
  "S8": {
    "x": -0.6426829108472437,
    "y": 0.691216125195406,
    "z": -0.33042237269101865
  },
  "S10": {
    "x": 0.7550474653762858,
    "y": 0.43981368376948743,
    "z": -0.48627898227042465
  },
  "S11": {
    "x": -0.2936000654062744,
    "y": 0.4112294093674635,
    "z": 0.8629538657800419
  },
  "S12": {
    "x": -0.5515404592331588,
    "y": 0.18087619104564356,
    "z": -0.8143014953576446
  },
  "S13": {
    "x": 0.8681272991768593,
    "y": 0.4236606294670571,
    "z": 0.2585858918492438
  },
  "S18": {
    "x": -0.8102172096855572,
    "y": 0.5011657846406529,
    "z": 0.3039423126760543
  },
  "S22": {
    "x": 0.21049368449148145,
    "y": 0.33917340107554517,
    "z": -0.9168717537322479
  },
  "S23": {
    "x": 0.18977493993302746,
    "y": -0.10346120642995756,
    "z": 0.9763612297390108
  },
  "S26": {
    "x": -0.9738302324295859,
    "y": 0.011550272747280833,
    "z": -0.22698297206090604
  },
  "S28": {
    "x": 0.9753032925702797,
    "y": -0.1733151281959089,
    "z": -0.13691367294761725
  },
  "S29": {
    "x": -0.751392827419819,
    "y": -0.07410250084473005,
    "z": 0.6556810491928273
  },
  "S37": {
    "x": -0.05641267295836496,
    "y": -0.29661805172053696,
    "z": -0.9533285591668831
  },
  "S38": {
    "x": 0.782871547883428,
    "y": -0.20351465821665538,
    "z": 0.5879574163198926
  },
  "S39": {
    "x": -0.8085596406092488,
    "y": -0.5710973769251336,
    "z": 0.1417007185834794
  },
  "S40": {
    "x": 0.621189798991404,
    "y": -0.3072325303007032,
    "z": -0.7209239945750497
  },
  "S41": {
    "x": -0.30938516998048327,
    "y": -0.5865813814199672,
    "z": 0.748467166659694
  },
  "S42": {
    "x": -0.6081798273637241,
    "y": -0.5793621021225703,
    "z": -0.5426387861293613
  },
  "S45": {
    "x": 0.6286685144133008,
    "y": -0.7753273137539843,
    "z": -0.060361043168621835
  },
  "S51": {
    "x": -0.19802210383842814,
    "y": -0.9769778091441429,
    "z": 0.07938266077244711
  },
  "S52": {
    "x": 0.10018862647392131,
    "y": -0.8467567735827541,
    "z": -0.5224607215064053
  },
  "S53": {
    "x": 0.336338973256618,
    "y": -0.7593417810738768,
    "z": 0.5570243752155163
  }
}