{
  "S1": {
    "x": 0.29746510588685143,
    "y": 0.952545446584022,
    "z": -0.06458856688122624
  },
  "S3": {
    "x": -0.41362296900624024,
    "y": 0.8436542620626064,
    "z": 0.342291579817649
  },
  "S4": {
    "x": 0.03235547585364585,
    "y": 0.7543356995865349,
    "z": -0.6556910671280928
  },
  "S5": {
    "x": 0.19640830373329465,
    "y": 0.757101972841213,
    "z": 0.623073335125612
  },
  "S8": {
    "x": -0.5594878112805575,
    "y": 0.7725273951376224,
    "z": -0.30029121330863323
  },
  "S10": {
    "x": 0.7698759618234308,
    "y": 0.45204230581147065,
    "z": -0.45049834313024545
  },
  "S11": {
    "x": -0.3040229983547658,
    "y": 0.2634788530814536,
    "z": 0.9155047298896166
  },
  "S12": {
    "x": -0.4666558255041876,
    "y": 0.21425300908993966,
    "z": -0.8580955591418192
  },
  "S13": {
    "x": 0.8233854216592001,
    "y": 0.5016082250145121,
    "z": 0.2653782884805988
  },
  "S18": {
    "x": -0.8493460494753704,
    "y": 0.2898756514061587,
    "z": 0.4411160787847537
  },
  "S22": {
    "x": 0.3199331206877112,
    "y": 0.19821054137191033,
    "z": -0.9264747053082868
  },
  "S25": {
    "x": 0.491839763326628,
    "y": 0.19766122771042605,
    "z": 0.847952643884559
  },
  "S26": {
    "x": -0.936369451399404,
    "y": 0.1980233124080378,
    "z": -0.28982584120282945
  },
  "S28": {
    "x": 0.9906369570257096,
    "y": -0.1259433195188859,
    "z": -0.05269439859611337
  },
  "S29": {
    "x": -0.5710560578009458,
    "y": -0.43168287419760437,
    "z": 0.6982441370848294
  },
  "S37": {
    "x": -0.029174870820509895,
    "y": -0.3934500380901212,
    "z": -0.9188829601420896
  },
  "S38": {
    "x": 0.731680318824533,
    "y": -0.3828311290830873,
    "z": 0.5639895722881747
  },
  "S39": {
    "x": -0.9172520053239767,
    "y": -0.38501094264031743,
    "z": 0.10205553770549457
  },
  "S40": {
    "x": 0.6755277442155775,
    "y": -0.37282596112384175,
    "z": -0.6361313303926295
  },
  "S41": {
    "x": 0.07960059909643906,
    "y": -0.37207546626353605,
    "z": 0.9247829972638231
  },
  "S42": {
    "x": -0.6619215245354688,
    "y": -0.4615022777547765,
    "z": -0.5906568741526623
  },
  "S45": {
    "x": 0.6130844178813184,
    "y": -0.7899885905877028,
    "z": 0.006747095106779452
  },
  "S51": {
    "x": -0.43584993313809767,
    "y": -0.8987418863072948,
    "z": -0.047935973760020456
  },
  "S52": {
    "x": 0.1064522638895041,
    "y": -0.8863265547320477,
    "z": -0.4506585779607639
  },
  "S53": {
    "x": 0.05455195188646694,
    "y": -0.8907538627282418,
    "z": 0.45120022227398454
  }
}