{
  "S1": {
    "x": 0.031759424356119885,
    "y": 0.9931991933472806,
    "z": -0.11201205872083296
  },
  "S3": {
    "x": -0.2539560104602041,
    "y": 0.9669472986141092,
    "z": 0.02278741876592073
  },
  "S4": {
    "x": -0.10966892840045671,
    "y": 0.918742402598168,
    "z": -0.37932192635232814
  },
  "S8": {
    "x": 0.023659453208473763,
    "y": 0.9629325639425558,
    "z": 0.2687026378227268
  },
  "S10": {
    "x": -0.3870264780884373,
    "y": 0.8879616357998367,
    "z": -0.24846456207302237
  },
  "S11": {
    "x": 0.27799400838248445,
    "y": 0.8864583065634697,
    "z": -0.3700148673067946
  },
  "S12": {
    "x": -0.3562076634109723,
    "y": 0.8726130221855438,
    "z": 0.3341595637408977
  },
  "S13": {
    "x": -0.34706258867970863,
    "y": 0.7235093425632629,
    "z": -0.5967258924854981
  },
  "S15": {
    "x": 0.3345023672163617,
    "y": 0.9421477303824555,
    "z": 0.021582874271943154
  },
  "S18": {
    "x": -0.5999630002369636,
    "y": 0.7988374782144536,
    "z": 0.04362432517109589
  },
  "S22": {
    "x": 0.03586299531067016,
    "y": 0.76686060439188,
    "z": -0.6408109385763227
  },
  "S23": {
    "x": 0.38161419152144044,
    "y": -0.7522876705824632,
    "z": 0.5370603965282199
  },
  "S26": {
    "x": -0.6414511328773478,
    "y": 0.6913937851879286,
    "z": -0.33243808135331854
  },
  "S28": {
    "x": 0.5875288727440062,
    "y": -0.8080052821015682,
    "z": -0.0440146315231922
  },
  "S29": {
    "x": 0.04824395367629051,
    "y": -0.7147856563781684,
    "z": 0.6976775661935184
  },
  "S37": {
    "x": 0.37569667757878467,
    "y": -0.8430404546389645,
    "z": -0.38488283710551574
  },
  "S38": {
    "x": 0.6685001020508915,
    "y": -0.6768793127853544,
    "z": 0.308126612744135
  },
  "S39": {
    "x": -0.35672542559034326,
    "y": -0.9342012895472682,
    "z": 0.00386281576180624
  },
  "S40": {
    "x": 0.24874756209241733,
    "y": -0.966851493058305,
    "z": -0.05764408663519205
  },
  "S41": {
    "x": 0.06884918827813484,
    "y": -0.9149705271991236,
    "z": 0.397603726881929
  },
  "S42": {
    "x": -0.03825717916782478,
    "y": -0.9646603104901655,
    "z": -0.2607045715117755
  },
  "S45": {
    "x": 0.3563029735612916,
    "y": -0.9053373823445162,
    "z": 0.23111126143258592
  },
  "S51": {
    "x": -0.2964818704320162,
    "y": -0.8454576536401355,
    "z": 0.4441844846529985
  },
  "S53": {
    "x": -0.030607958773345045,
    "y": -0.9927000120563843,
    "z": 0.11666121430442779
  }
}