{
  "S1": {
    "x": 0.45734248682690665,
    "y": 0.8819993664142461,
    "z": -0.11364403806557292
  },
  "S3": {
    "x": -0.26650360133378204,
    "y": 0.9496695783607307,
    "z": 0.1646314745492992
  },
  "S8": {
    "x": -0.09043853770172107,
    "y": 0.803916806326644,
    "z": -0.5878253477045232
  },
  "S10": {
    "x": 0.3362402834210376,
    "y": 0.6966062724252348,
    "z": 0.6337840113341138
  },
  "S11": {
    "x": -0.7388308463603007,
    "y": 0.6248908917771188,
    "z": -0.25227039826447883
  },
  "S12": {
    "x": 0.824904971718395,
    "y": 0.3568671272347813,
    "z": -0.438380703422799
  },
  "S13": {
    "x": -0.3417664325317028,
    "y": 0.5462969378525306,
    "z": 0.7646929849864595
  },
  "S18": {
    "x": -0.4961952374847094,
    "y": 0.19244400019310964,
    "z": -0.8466141937666573
  },
  "S21": {
    "x": 0.8658978281798981,
    "y": 0.37647454585975354,
    "z": 0.32937496485468964
  },
  "S22": {
    "x": -0.8833466114641005,
    "y": 0.2770195200470788,
    "z": 0.378099126589546
  },
  "S23": {
    "x": 0.30012127113147835,
    "y": 0.30263707980860916,
    "z": -0.9046203737144898
  },
  "S25": {
    "x": 0.17007960696435487,
    "y": 0.05613317572374221,
    "z": 0.983830266803181
  },
  "S26": {
    "x": -0.9463952658517086,
    "y": -0.057406905772508524,
    "z": -0.31786860169431674
  },
  "S27": {
    "x": 0.9648509632130696,
    "y": -0.26076535652954896,
    "z": -0.032619742807525304
  },
  "S28": {
    "x": -0.5088510212873899,
    "y": -0.2484682702860156,
    "z": 0.824217299500475
  },
  "S29": {
    "x": -0.0157931041051554,
    "y": -0.3429720658232846,
    "z": -0.9392128299419852
  },
  "S35": {
    "x": 0.7050913195045861,
    "y": -0.26591102797281163,
    "z": 0.657371703347295
  },
  "S37": {
    "x": -0.8279081293762198,
    "y": -0.5093352994782258,
    "z": 0.23483117769622203
  },
  "S38": {
    "x": 0.6587851897368519,
    "y": -0.3811338785522341,
    "z": -0.648644001285074
  },
  "S39": {
    "x": 0.08617352318121646,
    "y": -0.6788302848986469,
    "z": 0.7292212066355164
  },
  "S40": {
    "x": -0.5832274057463601,
    "y": -0.635468620588719,
    "z": -0.5059895507156661
  },
  "S45": {
    "x": 0.5412348423022051,
    "y": -0.830413413705075,
    "z": 0.13220592958256958
  },
  "S51": {
    "x": -0.24417064251469678,
    "y": -0.9557751271598638,
    "z": 0.16393475420577036
  },
  "S52": {
    "x": 0.12173577231531425,
    "y": -0.8832324437627211,
    "z": -0.4528585342286548
  }
}