{
  "S1": {
    "x": 0.21933811305171413,
    "y": 0.975648607513417,
    "z": -0.0007660418030867382
  },
  "S3": {
    "x": -0.0992205883903511,
    "y": 0.9914635890719455,
    "z": 0.08458857123778017
  },
  "S4": {
    "x": -0.017250329194362743,
    "y": 0.9767739871029811,
    "z": -0.21357669409753322
  },
  "S5": {
    "x": 0.1166255424329726,
    "y": 0.9206048390888342,
    "z": 0.3726730646269418
  },
  "S8": {
    "x": -0.33749790371566446,
    "y": 0.891724739701464,
    "z": -0.3015330058084656
  },
  "S10": {
    "x": 0.5257347435793555,
    "y": 0.8425875133754415,
    "z": -0.1168300547690515
  },
  "S11": {
    "x": -0.23782510467336218,
    "y": 0.8925585354342218,
    "z": 0.3831167973485646
  },
  "S12": {
    "x": -0.026868879971314538,
    "y": 0.8465200449186524,
    "z": -0.531678358446166
  },
  "S13": {
    "x": 0.4337264300843893,
    "y": 0.8642340532348611,
    "z": 0.25491348547202175
  },
  "S18": {
    "x": -0.4266380721293867,
    "y": 0.9035474899157526,
    "z": 0.039772966656549696
  },
  "S22": {
    "x": 0.2902621197911188,
    "y": 0.8838323431853381,
    "z": -0.3668627685577818
  },
  "S26": {
    "x": -0.14294030348368128,
    "y": -0.8424362434140643,
    "z": 0.5194894083832631
  },
  "S28": {
    "x": -0.5807257438060776,
    "y": -0.8100250337309057,
    "z": -0.08134528388371993
  },
  "S29": {
    "x": 0.03583462198944304,
    "y": -0.8400212802200715,
    "z": -0.5413687547728496
  },
  "S37": {
    "x": -0.5544413775869034,
    "y": -0.7380522485921759,
    "z": 0.38454341389181257
  },
  "S38": {
    "x": -0.3453095410224616,
    "y": -0.8420371924130808,
    "z": -0.4144088409674113
  },
  "S39": {
    "x": 0.23650325230754413,
    "y": -0.8457024877338754,
    "z": 0.4783863646559011
  },
  "S40": {
    "x": -0.33163786539362167,
    "y": -0.924298512745204,
    "z": 0.1889142280882151
  },
  "S41": {
    "x": 0.4172317966083015,
    "y": -0.8679360043511976,
    "z": -0.269452630808992
  },
  "S42": {
    "x": 0.2715388061946217,
    "y": -0.9582655107727399,
    "z": 0.08940854318161974
  },
  "S45": {
    "x": -0.21356101631676422,
    "y": -0.9703632514539615,
    "z": -0.11307896593728815
  },
  "S51": {
    "x": 0.5766760838876502,
    "y": -0.7981640929010659,
    "z": 0.1742950804682172
  },
  "S52": {
    "x": -0.015889844611502224,
    "y": -0.9806441754834775,
    "z": 0.19515254015398592
  },
  "S53": {
    "x": 0.08470417554087917,
    "y": -0.9769560320126557,
    "z": -0.19591353745983678
  }
}