{
  "S1": {
    "x": 0.4616277385854884,
    "y": 0.8861739843254068,
    "z": -0.03994371631785754
  },
  "S3": {
    "x": -0.17122230238589006,
    "y": 0.9374067498979085,
    "z": 0.30323507120963866
  },
  "S4": {
    "x": -0.05321027966393179,
    "y": 0.879530349789716,
    "z": -0.47285836139045506
  },
  "S5": {
    "x": 0.3986969048318974,
    "y": 0.5714522535166289,
    "z": 0.7172747730320868
  },
  "S8": {
    "x": -0.6673491755755587,
    "y": 0.6545544573817909,
    "z": -0.35525137604272766
  },
  "S10": {
    "x": 0.7536202087568633,
    "y": 0.38770820400413364,
    "z": -0.5307908528800687
  },
  "S11": {
    "x": -0.29316023305103556,
    "y": 0.41845283846660003,
    "z": 0.8596245108980478
  },
  "S12": {
    "x": -0.594201761514848,
    "y": 0.129224525437433,
    "z": -0.7938672991363996
  },
  "S13": {
    "x": 0.8877242125360533,
    "y": 0.4136418325732093,
    "z": 0.20210432163296563
  },
  "S18": {
    "x": -0.7705061506932354,
    "y": 0.5586457260506372,
    "z": 0.30697756352744976
  },
  "S22": {
    "x": 0.15319288780149906,
    "y": 0.40843625943187073,
    "z": -0.8998398530340491
  },
  "S23": {
    "x": 0.12749864052819992,
    "y": -0.11244121127820185,
    "z": 0.9854446055815372
  },
  "S26": {
    "x": -0.9869432746676008,
    "y": -0.004552952063474859,
    "z": -0.16100386087265345
  },
  "S28": {
    "x": 0.9686631822026474,
    "y": -0.23025073883569666,
    "z": -0.0931463188250444
  },
  "S29": {
    "x": -0.7775836399120528,
    "y": -0.06283200418629324,
    "z": 0.625632337871898
  },
  "S37": {
    "x": -0.029446622443449193,
    "y": -0.24068147212840554,
    "z": -0.9701573714613401
  },
  "S38": {
    "x": 0.7631449841104948,
    "y": -0.14131260839550952,
    "z": 0.6305874086401106
  },
  "S39": {
    "x": -0.7767197995715512,
    "y": -0.6172945556725342,
    "z": 0.12511508498409693
  },
  "S40": {
    "x": 0.6292550755430935,
    "y": -0.30824932145029016,
    "z": -0.7134566600212596
  },
  "S41": {
    "x": -0.3338757039182489,
    "y": -0.6011407137449731,
    "z": 0.7260556842359117
  },
  "S42": {
    "x": -0.5968625259359034,
    "y": -0.5823296545961859,
    "z": -0.5519486375663045
  },
  "S45": {
    "x": 0.5967419446904574,
    "y": -0.8005661425893303,
    "z": -0.054707428989957826
  },
  "S51": {
    "x": -0.14644744427799686,
    "y": -0.9859118119486965,
    "z": 0.08081488182557148
  },
  "S52": {
    "x": 0.09100261030622434,
    "y": -0.8224157453662185,
    "z": -0.5615610979147159
  },
  "S53": {
    "x": 0.36314183035103836,
    "y": -0.7211931647637714,
    "z": 0.5899223933258624
  }
}