{
  "S1": {
    "x": 0.24939007804690735,
    "y": 0.9683603528289895,
    "z": -0.009100331899031444
  },
  "S3": {
    "x": -0.3987241038141581,
    "y": 0.8493916564373284,
    "z": 0.34576423038285486
  },
  "S4": {
    "x": 0.010160124961187702,
    "y": 0.8034060308133848,
    "z": -0.5953448761125401
  },
  "S5": {
    "x": 0.27376720770576496,
    "y": 0.7397687003439097,
    "z": 0.6146493195119241
  },
  "S8": {
    "x": -0.6177179512237964,
    "y": 0.7307258296841529,
    "z": -0.29062741537625464
  },
  "S10": {
    "x": 0.739087503968436,
    "y": 0.5647111633294325,
    "z": -0.3672205924084679
  },
  "S11": {
    "x": -0.282851292624738,
    "y": 0.38003995247962746,
    "z": 0.880661558590925
  },
  "S12": {
    "x": -0.4158403974931171,
    "y": 0.29354556965251327,
    "z": -0.8607599911416352
  },
  "S13": {
    "x": 0.8357903559109527,
    "y": 0.433753472314714,
    "z": 0.33661908178410116
  },
  "S15": {
    "x": -0.905744188590893,
    "y": 0.3373681675065674,
    "z": 0.25653495743677
  },
  "S18": {
    "x": 0.36122471062116684,
    "y": 0.28023101488520175,
    "z": -0.8893746604963872
  },
  "S22": {
    "x": 0.4277283514056164,
    "y": 0.12376948226717566,
    "z": 0.8953935294959131
  },
  "S23": {
    "x": -0.8950883846129674,
    "y": 0.05822177875225564,
    "z": -0.4420712705094868
  },
  "S26": {
    "x": 0.9897815768686011,
    "y": -0.06669621115252584,
    "z": -0.12603192258076126
  },
  "S28": {
    "x": -0.684511625222196,
    "y": -0.12186641380753549,
    "z": 0.7187436344910183
  },
  "S29": {
    "x": -0.0993773525099994,
    "y": -0.28798100152064743,
    "z": -0.9524657918115843
  },
  "S37": {
    "x": 0.7797267966744224,
    "y": -0.3294998194988286,
    "z": 0.5324058522387627
  },
  "S38": {
    "x": -0.907785056854186,
    "y": -0.4141651403958251,
    "z": 0.06628368602566459
  },
  "S39": {
    "x": 0.6649159193094138,
    "y": -0.28177845569352855,
    "z": -0.6917280695156786
  },
  "S40": {
    "x": -0.007541198040897596,
    "y": -0.3831058788961382,
    "z": 0.9236736522643295
  },
  "S41": {
    "x": -0.5898215390322882,
    "y": -0.5906726996827489,
    "z": -0.5506508094455833
  },
  "S42": {
    "x": 0.6779438180655933,
    "y": -0.7302461282024129,
    "z": -0.08445573865659456
  },
  "S45": {
    "x": -0.460993023189601,
    "y": -0.7408575395316206,
    "z": 0.4884828949816617
  },
  "S51": {
    "x": 0.18126588020018727,
    "y": -0.7957806735041201,
    "z": -0.5778198684301018
  },
  "S52": {
    "x": 0.2759808733963854,
    "y": -0.8439971375028599,
    "z": 0.45989497649609856
  },
  "S53": {
    "x": -0.20800564313797631,
    "y": -0.9751071881379783,
    "z": -0.07680901030739996
  }
}