{
  "S1": {
    "x": 0.4233834178629002,
    "y": 0.9057732001517849,
    "z": -0.017927391486870135
  },
  "S3": {
    "x": -0.22790716868724914,
    "y": 0.9311709077707182,
    "z": 0.28456820444740216
  },
  "S4": {
    "x": -0.02516556618495692,
    "y": 0.8452330508911909,
    "z": -0.5338050055589215
  },
  "S5": {
    "x": 0.35817180811663374,
    "y": 0.601505617220991,
    "z": 0.7140755900617636
  },
  "S8": {
    "x": -0.6480202996675644,
    "y": 0.6880390483642428,
    "z": -0.326606734689882
  },
  "S10": {
    "x": 0.7631844196571724,
    "y": 0.43292143899123375,
    "z": -0.4797171763177804
  },
  "S11": {
    "x": -0.2978042697868244,
    "y": 0.40417890641874177,
    "z": 0.8648421986136468
  },
  "S12": {
    "x": -0.5462498797411782,
    "y": 0.18465737942734822,
    "z": -0.8170145170716201
  },
  "S13": {
    "x": 0.8650400865741475,
    "y": 0.42417905704431275,
    "z": 0.26791374765918385
  },
  "S18": {
    "x": -0.8115282396365971,
    "y": 0.49610945191525935,
    "z": 0.3087026530379466
  },
  "S22": {
    "x": 0.22310780941624533,
    "y": 0.3417050270814224,
    "z": -0.9129406222995934
  },
  "S23": {
    "x": 0.2067734687507384,
    "y": -0.08942359416210376,
    "z": 0.9742936689868814
  },
  "S26": {
    "x": -0.9729864455851995,
    "y": 0.010543782618147944,
    "z": -0.2306213462704192
  },
  "S28": {
    "x": 0.9749292099741285,
    "y": -0.1783801643695588,
    "z": -0.13301711355577908
  },
  "S29": {
    "x": -0.7523474123237083,
    "y": -0.08301480149067524,
    "z": 0.6535150448943648
  },
  "S37": {
    "x": -0.05178887135293924,
    "y": -0.2893577592716902,
    "z": -0.9558190205019228
  },
  "S38": {
    "x": 0.7856587507912541,
    "y": -0.2053536266831703,
    "z": 0.5835839402461273
  },
  "S39": {
    "x": -0.8089351442410359,
    "y": -0.5703663166199947,
    "z": 0.14249981500715916
  },
  "S40": {
    "x": 0.6202759614184477,
    "y": -0.31502584353287505,
    "z": -0.7183428496148764
  },
  "S41": {
    "x": -0.2959876356949631,
    "y": -0.5767321067204578,
    "z": 0.7614272103054158
  },
  "S42": {
    "x": -0.6096210002710687,
    "y": -0.575229832919654,
    "z": -0.5454107400370188
  },
  "S45": {
    "x": 0.6203993641449276,
    "y": -0.7812051673332064,
    "z": -0.06944865369801337
  },
  "S51": {
    "x": -0.20295237542233646,
    "y": -0.9748490289143791,
    "z": 0.09208530900813237
  },
  "S52": {
    "x": 0.08355969612976885,
    "y": -0.8491775691396923,
    "z": -0.5214549196744661
  },
  "S53": {
    "x": 0.34059965677859705,
    "y": -0.7596382379326415,
    "z": 0.5540231234099289
  }
}