{
  "S1": {
    "x": 0.3599458893125949,
    "y": 0.9037977333753627,
    "z": 0.23149214654610217
  },
  "S3": {
    "x": -0.41142394242392577,
    "y": 0.9106871583237557,
    "z": -0.03713811067564809
  },
  "S8": {
    "x": 0.055538719875877614,
    "y": 0.7905976064263053,
    "z": -0.6098121639550539
  },
  "S10": {
    "x": 0.2753217359289114,
    "y": 0.40520788369229704,
    "z": 0.8717823769259738
  },
  "S11": {
    "x": -0.8490659439202134,
    "y": 0.40901782967532274,
    "z": -0.3343522661543746
  },
  "S12": {
    "x": 0.7511122695307764,
    "y": 0.5683610877278212,
    "z": -0.33585120591889184
  },
  "S13": {
    "x": -0.39491371843337053,
    "y": 0.6517156846541767,
    "z": 0.6475413665310241
  },
  "S18": {
    "x": -0.37754872668323136,
    "y": 0.2061034243436206,
    "z": -0.9027615064089208
  },
  "S22": {
    "x": 0.8805179658738571,
    "y": 0.26569018632218594,
    "z": 0.39255169935366074
  },
  "S23": {
    "x": -0.9137530970725534,
    "y": 0.15327981426859522,
    "z": 0.3762453669191178
  },
  "S25": {
    "x": 0.3928168670095683,
    "y": 0.0705587172473926,
    "z": -0.9169058710757553
  },
  "S26": {
    "x": 0.3422817532466376,
    "y": -0.3342350113393068,
    "z": 0.8781401702401622
  },
  "S27": {
    "x": -0.8396996921635397,
    "y": -0.33933522223343976,
    "z": -0.42397645445500715
  },
  "S28": {
    "x": 0.8958013144414197,
    "y": -0.1628293628515974,
    "z": -0.41355362849135696
  },
  "S29": {
    "x": -0.40388844501262494,
    "y": -0.22643563086790874,
    "z": 0.8863413727558564
  },
  "S35": {
    "x": -0.12556702453398252,
    "y": -0.528665613138606,
    "z": -0.8394912696594671
  },
  "S37": {
    "x": 0.8166237425165344,
    "y": -0.4983558698274045,
    "z": 0.29114788367230104
  },
  "S38": {
    "x": -0.7333004479974989,
    "y": -0.5989554554782159,
    "z": 0.3217496158809675
  },
  "S39": {
    "x": 0.4560324258699965,
    "y": -0.7976151137889976,
    "z": -0.394771524822258
  },
  "S51": {
    "x": 0.11142201503612847,
    "y": -0.9141632881295677,
    "z": 0.38973146806670045
  },
  "S52": {
    "x": -0.31156729556672014,
    "y": -0.9271056616229955,
    "z": -0.2083288566661563
  }
}