{
  "S1": {
    "x": 0.3336077692162872,
    "y": 0.9411388226019188,
    "z": -0.05443870782822039
  },
  "S3": {
    "x": -0.36832077894783966,
    "y": 0.8672221416702954,
    "z": 0.33506053302655986
  },
  "S4": {
    "x": 0.00533240321847715,
    "y": 0.7818923156440849,
    "z": -0.6233907059081378
  },
  "S5": {
    "x": 0.22638266620905503,
    "y": 0.7399180018502183,
    "z": 0.6334605267718423
  },
  "S8": {
    "x": -0.5917335932703298,
    "y": 0.7553194128659702,
    "z": -0.28168056223884186
  },
  "S10": {
    "x": 0.7721812937748247,
    "y": 0.45679056021838266,
    "z": -0.44167684299679344
  },
  "S11": {
    "x": -0.31527559590854215,
    "y": 0.2769073048253816,
    "z": 0.9077023979030003
  },
  "S12": {
    "x": -0.4590571899138078,
    "y": 0.21611851593089476,
    "z": -0.8617187960467532
  },
  "S13": {
    "x": 0.8375342539238511,
    "y": 0.46315089179300806,
    "z": 0.2898751885476911
  },
  "S18": {
    "x": -0.8481882353875918,
    "y": 0.3283628339148268,
    "z": 0.41563754240143774
  },
  "S22": {
    "x": 0.3114138979238941,
    "y": 0.23917072314496168,
    "z": -0.9196840486657157
  },
  "S25": {
    "x": 0.4658187055631151,
    "y": 0.16186532723150854,
    "z": 0.8699497395756496
  },
  "S26": {
    "x": -0.9338853586293926,
    "y": 0.16531261808534228,
    "z": -0.3170644654315915
  },
  "S28": {
    "x": 0.987448646180793,
    "y": -0.13657405900750755,
    "z": -0.07932652495813196
  },
  "S29": {
    "x": -0.5924538355509265,
    "y": -0.40019109159447364,
    "z": 0.6991749015442555
  },
  "S37": {
    "x": -0.02407014725462549,
    "y": -0.379251605850067,
    "z": -0.9249804578861577
  },
  "S38": {
    "x": 0.734716931167711,
    "y": -0.38919979375256547,
    "z": 0.55562087037697
  },
  "S39": {
    "x": -0.9204666691675674,
    "y": -0.3764282001760065,
    "z": 0.10508530374803367
  },
  "S40": {
    "x": 0.6584715559015513,
    "y": -0.3610796463323295,
    "z": -0.6603307497558403
  },
  "S41": {
    "x": 0.05273500944007928,
    "y": -0.394960775893774,
    "z": 0.9171831901451002
  },
  "S42": {
    "x": -0.6458624654774411,
    "y": -0.48707959621865443,
    "z": -0.5878904171993907
  },
  "S45": {
    "x": 0.6184397384121862,
    "y": -0.7854491587358886,
    "z": -0.02453383365377909
  },
  "S51": {
    "x": -0.4416278540984394,
    "y": -0.8971502591086856,
    "z": -0.009287145181694188
  },
  "S52": {
    "x": 0.08308232968942457,
    "y": -0.8886648528859998,
    "z": -0.4509679653129279
  },
  "S53": {
    "x": 0.08280948060000412,
    "y": -0.8929083507246856,
    "z": 0.442557642718866
  }
}