{
  "S1": {
    "x": 0.09627903255132139,
    "y": 0.9933937115175729,
    "z": -0.06244422958386669
  },
  "S3": {
    "x": -0.48639632195131854,
    "y": 0.7749399629126509,
    "z": 0.40359220987671285
  },
  "S4": {
    "x": 0.06365037504171885,
    "y": 0.6537827810223288,
    "z": -0.7540004675036734
  },
  "S5": {
    "x": 0.2079021468424608,
    "y": 0.7436262282851078,
    "z": 0.635450021594744
  },
  "S8": {
    "x": -0.5593755201693403,
    "y": 0.7575030630185869,
    "z": -0.33658303129055483
  },
  "S10": {
    "x": 0.6817629456373177,
    "y": 0.6492903362201676,
    "z": -0.337077654624316
  },
  "S11": {
    "x": -0.21494105682061143,
    "y": 0.22943110856519375,
    "z": 0.9492953747466513
  },
  "S12": {
    "x": -0.4011626448374646,
    "y": 0.14261256303284284,
    "z": -0.9048371064739849
  },
  "S13": {
    "x": 0.7977780202044622,
    "y": 0.5047945147845574,
    "z": 0.32974646066648255
  },
  "S18": {
    "x": -0.887376870638596,
    "y": 0.2313232186417096,
    "z": 0.3988130614371756
  },
  "S22": {
    "x": 0.524222170218281,
    "y": 0.09209496231894024,
    "z": -0.8465870505548195
  },
  "S26": {
    "x": 0.525161303773627,
    "y": 0.0715372069948463,
    "z": 0.8479905854631646
  },
  "S28": {
    "x": -0.9213873439135716,
    "y": 0.16593520838002362,
    "z": -0.3514411317642994
  },
  "S29": {
    "x": 0.9600072139188202,
    "y": -0.02688635698316258,
    "z": -0.27868131087677617
  },
  "S37": {
    "x": -0.5700450016119849,
    "y": -0.33855355468244797,
    "z": 0.7486188527876324
  },
  "S38": {
    "x": 0.0710312631354064,
    "y": -0.4214324763600389,
    "z": -0.9040736847881561
  },
  "S39": {
    "x": 0.8485069534585922,
    "y": -0.38416443554183766,
    "z": 0.36394180358573813
  },
  "S40": {
    "x": -0.8877285478250923,
    "y": -0.45432967732165425,
    "z": 0.07431399384472744
  },
  "S41": {
    "x": 0.641675666269685,
    "y": -0.6437917970101197,
    "z": -0.4168746351360763
  },
  "S42": {
    "x": 0.1610476834920566,
    "y": -0.5331227999369301,
    "z": 0.8305683137642865
  },
  "S45": {
    "x": -0.6299601383082063,
    "y": -0.5053617373679412,
    "z": -0.5897115723361394
  },
  "S51": {
    "x": 0.3316215555642494,
    "y": -0.9202800307771213,
    "z": 0.20763383355804121
  },
  "S52": {
    "x": -0.3619889689724504,
    "y": -0.8794245124235521,
    "z": 0.3091545136187727
  },
  "S53": {
    "x": -0.09169012244722387,
    "y": -0.918033017695917,
    "z": -0.3857567884895106
  }
}