{
  "S1": {
    "x": 0.09411466238089146,
    "y": 0.993296521059793,
    "z": -0.06711521120761517
  },
  "S3": {
    "x": -0.4889095753779015,
    "y": 0.7756305338195143,
    "z": 0.3992050877815256
  },
  "S4": {
    "x": 0.06339755457580663,
    "y": 0.6505849780073114,
    "z": -0.7567826216721905
  },
  "S5": {
    "x": 0.2054646634187883,
    "y": 0.7473813215676414,
    "z": 0.6318270588206949
  },
  "S8": {
    "x": -0.5607340072036089,
    "y": 0.7545392116251941,
    "z": -0.3409515380305734
  },
  "S10": {
    "x": 0.6810002740063196,
    "y": 0.6489677884861805,
    "z": -0.3392336013880018
  },
  "S11": {
    "x": -0.21658346868718312,
    "y": 0.23384597334168236,
    "z": 0.9478436906174504
  },
  "S12": {
    "x": -0.4001321470374756,
    "y": 0.1378456877877822,
    "z": -0.9060313632901973
  },
  "S13": {
    "x": 0.7963665984758593,
    "y": 0.5079599022166007,
    "z": 0.32829404285196945
  },
  "S18": {
    "x": -0.8885609900264783,
    "y": 0.23080955829121516,
    "z": 0.39646729348658616
  },
  "S22": {
    "x": 0.5246843252566774,
    "y": 0.08917984951391425,
    "z": -0.8466128473337862
  },
  "S26": {
    "x": 0.523823608705482,
    "y": 0.07705617873695703,
    "z": 0.8483343517041051
  },
  "S28": {
    "x": -0.9214507160164297,
    "y": 0.1620469281617932,
    "z": -0.35308550101375674
  },
  "S29": {
    "x": 0.960263188162031,
    "y": -0.026477247539974696,
    "z": -0.27783729919432854
  },
  "S37": {
    "x": -0.5700846516145514,
    "y": -0.33587518956711415,
    "z": 0.7497942031162756
  },
  "S38": {
    "x": 0.0727999048091117,
    "y": -0.42594954011039804,
    "z": -0.9018132640073134
  },
  "S39": {
    "x": 0.8490741167985059,
    "y": -0.380252979495368,
    "z": 0.3667162605717564
  },
  "S40": {
    "x": -0.886322028353299,
    "y": -0.4568845904280817,
    "z": 0.07543031940180085
  },
  "S41": {
    "x": 0.6431075586642172,
    "y": -0.6445594239221611,
    "z": -0.41346803627618206
  },
  "S42": {
    "x": 0.16172515193276327,
    "y": -0.5286340821559924,
    "z": 0.8333012554985239
  },
  "S45": {
    "x": -0.6283153635628631,
    "y": -0.508880261253239,
    "z": -0.5884391927954004
  },
  "S51": {
    "x": 0.3339393010838155,
    "y": -0.9184585664498247,
    "z": 0.21193962561679144
  },
  "S52": {
    "x": -0.35959126829694626,
    "y": -0.8786267826575377,
    "z": 0.3141800384516143
  },
  "S53": {
    "x": -0.0903864452112433,
    "y": -0.9201849000489246,
    "z": -0.3809068655774341
  }
}