{
  "S1": {
    "x": 0.3574513207185622,
    "y": 0.9338111023968901,
    "z": 0.015012606597807308
  },
  "S3": {
    "x": -0.31268993744377127,
    "y": 0.9027214193176447,
    "z": 0.295497956213825
  },
  "S4": {
    "x": -0.012514018854040503,
    "y": 0.818652040169215,
    "z": -0.5741534955557641
  },
  "S5": {
    "x": 0.30210859566596543,
    "y": 0.6688364959037078,
    "z": 0.6792555764747078
  },
  "S8": {
    "x": -0.6483986807338619,
    "y": 0.7064307804604333,
    "z": -0.2837863690184053
  },
  "S10": {
    "x": 0.7302441395114643,
    "y": 0.5441686078255498,
    "z": -0.4130666083894513
  },
  "S11": {
    "x": -0.3530444638848832,
    "y": 0.37726505535031074,
    "z": 0.8561721115124938
  },
  "S12": {
    "x": -0.4097877367576015,
    "y": 0.25691589411915544,
    "z": -0.8752532400123051
  },
  "S13": {
    "x": 0.8621362890260599,
    "y": 0.3793546058410546,
    "z": 0.3358736401856391
  },
  "S18": {
    "x": -0.8675364479740807,
    "y": 0.37363123840470625,
    "z": 0.32829896302711736
  },
  "S22": {
    "x": 0.34655385941285916,
    "y": 0.2488121761830841,
    "z": -0.9044296122469068
  },
  "S23": {
    "x": 0.29330963930897336,
    "y": 0.03689432145629537,
    "z": 0.955305325292767
  },
  "S26": {
    "x": -0.9015351442916224,
    "y": 0.058943415106078284,
    "z": -0.4286724360426221
  },
  "S28": {
    "x": 0.9708995487031602,
    "y": -0.06080598829494497,
    "z": -0.2316391549705588
  },
  "S29": {
    "x": -0.6152931512009555,
    "y": -0.25946625365757314,
    "z": 0.7443732943208684
  },
  "S37": {
    "x": -0.08567517081664765,
    "y": -0.35622177502745517,
    "z": -0.9304653739402812
  },
  "S38": {
    "x": 0.7636729042951408,
    "y": -0.3079912545833976,
    "z": 0.5674020464763673
  },
  "S39": {
    "x": -0.9308650581967339,
    "y": -0.3439503593132932,
    "z": 0.12324120153847745
  },
  "S40": {
    "x": 0.5705091883021207,
    "y": -0.42026683125423964,
    "z": -0.7056167916159419
  },
  "S41": {
    "x": -0.0231058372380155,
    "y": -0.5565760856896779,
    "z": 0.8304752742399297
  },
  "S42": {
    "x": -0.6096461164043177,
    "y": -0.604492107193483,
    "z": -0.5127581350831169
  },
  "S45": {
    "x": 0.729606452199809,
    "y": -0.6818191872239137,
    "z": -0.05288686832976213
  },
  "S51": {
    "x": -0.436613501935585,
    "y": -0.8834694489469237,
    "z": 0.16985400408869977
  },
  "S52": {
    "x": 0.06278701116193224,
    "y": -0.9129468175514939,
    "z": -0.40321941861962785
  },
  "S53": {
    "x": 0.2511436716101262,
    "y": -0.9062150552342917,
    "z": 0.34014868789530095
  }
}