{
  "S1": {
    "x": 0.32550337739950747,
    "y": 0.9445364460967844,
    "z": -0.043571243915797586
  },
  "S3": {
    "x": -0.3527694534832584,
    "y": 0.8686328119208303,
    "z": 0.3478947408967757
  },
  "S4": {
    "x": -0.0010221685941801794,
    "y": 0.781907678270334,
    "z": -0.623393405349512
  },
  "S5": {
    "x": 0.2527266789868305,
    "y": 0.7227806072288069,
    "z": 0.6432086905058454
  },
  "S8": {
    "x": -0.5914331993925586,
    "y": 0.7586436482278768,
    "z": -0.27325187219812336
  },
  "S10": {
    "x": 0.7589905322346173,
    "y": 0.4859476424432237,
    "z": -0.4333454289387224
  },
  "S11": {
    "x": -0.3261672940022906,
    "y": 0.28633312314297726,
    "z": 0.9009041230421871
  },
  "S12": {
    "x": -0.45107907388528373,
    "y": 0.20780733285646388,
    "z": -0.8679537899645796
  },
  "S13": {
    "x": 0.8405782190731315,
    "y": 0.4458373587486513,
    "z": 0.3076642767106202
  },
  "S18": {
    "x": -0.8557207229820873,
    "y": 0.3433282771917645,
    "z": 0.3871275478954562
  },
  "S22": {
    "x": 0.3150568092488635,
    "y": 0.23935368875696292,
    "z": -0.9183948054210456
  },
  "S25": {
    "x": 0.42212070012946107,
    "y": 0.12345370961626947,
    "z": 0.8980942579173945
  },
  "S26": {
    "x": -0.9245748745160143,
    "y": 0.15996130289860588,
    "z": -0.3457942784209665
  },
  "S28": {
    "x": 0.9867121368321946,
    "y": -0.11230179490299631,
    "z": -0.11742004040882209
  },
  "S29": {
    "x": -0.6263894872509279,
    "y": -0.3623514559782989,
    "z": 0.6901721760632826
  },
  "S37": {
    "x": -0.03156555027079033,
    "y": -0.38902098249966705,
    "z": -0.9206879445344637
  },
  "S38": {
    "x": 0.7550002231670705,
    "y": -0.359533891436098,
    "z": 0.548370352887982
  },
  "S39": {
    "x": -0.9233073293885303,
    "y": -0.3752042912392533,
    "z": 0.08200801993140446
  },
  "S40": {
    "x": 0.6416457781777218,
    "y": -0.362964802581222,
    "z": -0.6756828009013401
  },
  "S41": {
    "x": 0.009789875994574192,
    "y": -0.4321292478551067,
    "z": 0.9017585438886567
  },
  "S42": {
    "x": -0.6336403289500542,
    "y": -0.5201980026375899,
    "z": -0.5726202682231298
  },
  "S45": {
    "x": 0.6474467724974758,
    "y": -0.7606614974719291,
    "z": -0.046976196593212116
  },
  "S51": {
    "x": -0.43031554020882523,
    "y": -0.9008502468786308,
    "z": 0.05742271809568635
  },
  "S52": {
    "x": 0.07026309984591987,
    "y": -0.9008345855567832,
    "z": -0.42843919786217144
  },
  "S53": {
    "x": 0.1497199879619588,
    "y": -0.8893665859737678,
    "z": 0.4319849545505441
  }
}