{
  "S1": {
    "x": 0.22023938528419312,
    "y": 0.9752193102664634,
    "z": -0.02102165676259566
  },
  "S3": {
    "x": -0.09260856248513863,
    "y": 0.9912273997382374,
    "z": 0.09429685128681957
  },
  "S4": {
    "x": -0.03265761736223418,
    "y": 0.9772025497728102,
    "z": -0.20978240332720996
  },
  "S5": {
    "x": 0.17168467863961312,
    "y": 0.9202395477234853,
    "z": 0.3516867155951275
  },
  "S8": {
    "x": -0.3653956037784144,
    "y": 0.898099768053247,
    "z": -0.24475060645913027
  },
  "S10": {
    "x": 0.506763549830632,
    "y": 0.8428158561878656,
    "z": -0.18125158515547318
  },
  "S11": {
    "x": -0.17099135485426298,
    "y": 0.893441053514605,
    "z": 0.4153613372231655
  },
  "S12": {
    "x": -0.09751180848049078,
    "y": 0.8477875140992981,
    "z": -0.5212943296681792
  },
  "S13": {
    "x": 0.4721582512897307,
    "y": 0.8587646673007977,
    "z": 0.19897193755596182
  },
  "S18": {
    "x": -0.4230833889748879,
    "y": 0.899681677116544,
    "z": 0.10757939316749372
  },
  "S22": {
    "x": 0.24442187186091419,
    "y": 0.8825952510036943,
    "z": -0.4016012592880313
  },
  "S26": {
    "x": -0.10538188354454836,
    "y": -0.8687387897658364,
    "z": 0.4839293065901187
  },
  "S28": {
    "x": -0.5737291635098993,
    "y": -0.7901785706816572,
    "z": -0.21552882260552622
  },
  "S29": {
    "x": 0.14150413989666416,
    "y": -0.8512458356408256,
    "z": -0.5053287105402361
  },
  "S37": {
    "x": -0.46990618807057805,
    "y": -0.7586715738173806,
    "z": 0.45122679164078616
  },
  "S38": {
    "x": -0.24396494117160655,
    "y": -0.8440891248452875,
    "z": -0.47748786036615753
  },
  "S39": {
    "x": 0.24956367469451565,
    "y": -0.8128956233939679,
    "z": 0.5262306317004953
  },
  "S40": {
    "x": -0.4553551907698903,
    "y": -0.8820875311252906,
    "z": 0.12071966563988819
  },
  "S41": {
    "x": 0.4206977188462319,
    "y": -0.8873471940645306,
    "z": -0.18875483184115077
  },
  "S42": {
    "x": 0.19466291077406206,
    "y": -0.9648249729418491,
    "z": 0.1766893396804954
  },
  "S45": {
    "x": -0.2269559724371044,
    "y": -0.9626819679463245,
    "z": -0.14742596503370753
  },
  "S51": {
    "x": 0.5328426034915176,
    "y": -0.8246647597811763,
    "z": 0.18975456220980857
  },
  "S52": {
    "x": -0.12465555620822279,
    "y": -0.9781937264668941,
    "z": 0.16612653553008855
  },
  "S53": {
    "x": 0.09039695665325315,
    "y": -0.984814452029403,
    "z": -0.14821904500385974
  }
}