{
  "S1": {
    "x": 0.3934295132474907,
    "y": 0.919267803694811,
    "z": -0.012646074330041886
  },
  "S3": {
    "x": -0.3040919638475944,
    "y": 0.9084126063283704,
    "z": 0.286905235551759
  },
  "S4": {
    "x": -0.026814900871870884,
    "y": 0.8302864257030229,
    "z": -0.5566914876163732
  },
  "S5": {
    "x": 0.274982818217515,
    "y": 0.6857297449022959,
    "z": 0.6739133227955844
  },
  "S8": {
    "x": -0.6508735626315395,
    "y": 0.7035637569046764,
    "z": -0.28523962809803377
  },
  "S10": {
    "x": 0.7597463027410637,
    "y": 0.4851977287876063,
    "z": -0.43286108562751674
  },
  "S11": {
    "x": -0.34058854549404066,
    "y": 0.36158875478277247,
    "z": 0.8679015008011552
  },
  "S12": {
    "x": -0.44191885669085473,
    "y": 0.2222745230977367,
    "z": -0.8690809861472758
  },
  "S13": {
    "x": 0.8461584965159415,
    "y": 0.40162591351789007,
    "z": 0.3503033319350555
  },
  "S18": {
    "x": -0.8630222267747877,
    "y": 0.37984756265879066,
    "z": 0.3330292257968705
  },
  "S22": {
    "x": 0.2914031853183846,
    "y": 0.30060483758578915,
    "z": -0.9081414621116694
  },
  "S23": {
    "x": 0.3329111506029148,
    "y": 0.039450257512024245,
    "z": 0.9421326037169494
  },
  "S26": {
    "x": -0.9165456412604638,
    "y": 0.06503452101107901,
    "z": -0.39460689117564174
  },
  "S28": {
    "x": 0.9843430243176037,
    "y": -0.10210092013244595,
    "z": -0.1436809402300157
  },
  "S29": {
    "x": -0.6559621747708066,
    "y": -0.2412194743147591,
    "z": 0.7152110111577317
  },
  "S37": {
    "x": -0.037202065565583434,
    "y": -0.3584109281755897,
    "z": -0.932822390855819
  },
  "S38": {
    "x": 0.7676678368966698,
    "y": -0.3303729098674631,
    "z": 0.5491264268090663
  },
  "S39": {
    "x": -0.9157022010269531,
    "y": -0.38951019982221213,
    "z": 0.09884980156203603
  },
  "S40": {
    "x": 0.617038783881024,
    "y": -0.33457747649064873,
    "z": -0.7122647340784019
  },
  "S41": {
    "x": -0.07138408779617375,
    "y": -0.5160625946041763,
    "z": 0.8535711513751586
  },
  "S42": {
    "x": -0.5998873366741999,
    "y": -0.5930314334575302,
    "z": -0.5370743917086739
  },
  "S45": {
    "x": 0.6706348294858139,
    "y": -0.7329961628210433,
    "z": -0.11386637242908788
  },
  "S51": {
    "x": -0.39841424466776093,
    "y": -0.9012623121710633,
    "z": 0.1702713549188066
  },
  "S52": {
    "x": 0.052216674269971265,
    "y": -0.9080769947825632,
    "z": -0.41553530593061794
  },
  "S53": {
    "x": 0.26793394731689824,
    "y": -0.8752644220307134,
    "z": 0.4026457393322655
  }
}