{
  "S1": {
    "x": 0.19811415487822207,
    "y": 0.9801125539097914,
    "z": -0.011408913415147347
  },
  "S3": {
    "x": -0.4098687956516499,
    "y": 0.8495917870463748,
    "z": 0.3319659105004808
  },
  "S8": {
    "x": 0.05180592414308396,
    "y": 0.7566885372339737,
    "z": -0.6517197279831188
  },
  "S10": {
    "x": 0.367333012180269,
    "y": 0.6871000126710471,
    "z": 0.626865241299928
  },
  "S11": {
    "x": -0.7119550313037916,
    "y": 0.6504829747696343,
    "z": -0.26455988534935587
  },
  "S12": {
    "x": 0.7534629418376129,
    "y": 0.5649790938043815,
    "z": -0.3362918655593526
  },
  "S13": {
    "x": -0.3262288768360911,
    "y": 0.38555996496660117,
    "z": 0.8630864576235778
  },
  "S18": {
    "x": -0.4374552993977143,
    "y": 0.3040624517065204,
    "z": -0.8462735293574272
  },
  "S21": {
    "x": 0.8922864169927014,
    "y": 0.30247359964814446,
    "z": 0.3351636489332051
  },
  "S22": {
    "x": -0.9251897469412825,
    "y": 0.20034117146127736,
    "z": 0.3223156018132675
  },
  "S25": {
    "x": 0.48164562969556635,
    "y": 0.12029211553707542,
    "z": -0.8680710191768738
  },
  "S26": {
    "x": 0.2992961044137672,
    "y": 0.0021014658671405996,
    "z": 0.954157966860809
  },
  "S27": {
    "x": -0.8907056646105982,
    "y": -0.11841292770682116,
    "z": -0.4388869986482759
  },
  "S28": {
    "x": 0.9430146402187319,
    "y": -0.19669635491990975,
    "z": -0.26839137894939225
  },
  "S29": {
    "x": -0.546860729559638,
    "y": -0.30981907564904726,
    "z": 0.777788842057708
  },
  "S35": {
    "x": -0.12747275965744215,
    "y": -0.3033266203739828,
    "z": -0.944321797332781
  },
  "S37": {
    "x": 0.760695137533423,
    "y": -0.38693516761421487,
    "z": 0.5211756746015358
  },
  "S38": {
    "x": -0.8130006448919276,
    "y": -0.5638769295836055,
    "z": 0.14516459516244185
  },
  "S39": {
    "x": 0.42946545479100234,
    "y": -0.6494092700939559,
    "z": -0.6275563903404962
  },
  "S40": {
    "x": 0.060090420365185575,
    "y": -0.6826351632265698,
    "z": 0.7282845428175514
  },
  "S45": {
    "x": -0.40961655190262924,
    "y": -0.7618202748939211,
    "z": -0.5018407607677472
  },
  "S51": {
    "x": 0.52573392599181,
    "y": -0.8500750517581015,
    "z": 0.031244926623358222
  },
  "S52": {
    "x": -0.16752678362671117,
    "y": -0.979211769241422,
    "z": 0.1143638393320775
  }
}