{
  "S1": {
    "x": 0.45826504850873073,
    "y": 0.8840378752480459,
    "z": -0.0920335832303145
  },
  "S3": {
    "x": -0.3572978248611219,
    "y": 0.9121924771279343,
    "z": 0.2006069515762453
  },
  "S8": {
    "x": -0.13543239827261966,
    "y": 0.8790662960001535,
    "z": -0.4570563561911126
  },
  "S10": {
    "x": 0.28700204474871205,
    "y": 0.7687928511497383,
    "z": 0.5714782395954501
  },
  "S11": {
    "x": -0.8299222323003138,
    "y": 0.4830187479219886,
    "z": -0.27914508322651616
  },
  "S12": {
    "x": 0.8308586067361365,
    "y": 0.40545416132341894,
    "z": -0.38115731486882026
  },
  "S13": {
    "x": -0.26278373928433507,
    "y": 0.45499365904143024,
    "z": 0.850838102461234
  },
  "S18": {
    "x": -0.4070527415944771,
    "y": 0.356123723177971,
    "z": -0.8411206568324664
  },
  "S21": {
    "x": 0.8365464361577906,
    "y": 0.3363132831449477,
    "z": 0.43253142745003614
  },
  "S22": {
    "x": -0.8230621072371905,
    "y": 0.3950790077122453,
    "z": 0.40802125593574523
  },
  "S25": {
    "x": 0.312263969901493,
    "y": 0.4190822162391553,
    "z": -0.8525616160333734
  },
  "S26": {
    "x": 0.3512991351255899,
    "y": 0.09088793663544634,
    "z": 0.9318413494979515
  },
  "S27": {
    "x": -0.7641994883187412,
    "y": -0.21681011030873112,
    "z": -0.6074475435140801
  },
  "S28": {
    "x": 0.9865396727649283,
    "y": -0.15505134997419348,
    "z": -0.051947597943009065
  },
  "S29": {
    "x": -0.6067402816874725,
    "y": -0.203594651145516,
    "z": 0.7683849612028738
  },
  "S35": {
    "x": -0.09872401690657705,
    "y": -0.27097434018721184,
    "z": -0.9575105615323182
  },
  "S37": {
    "x": 0.6848880101152873,
    "y": -0.4672582121266282,
    "z": 0.5591047994790858
  },
  "S38": {
    "x": -0.9708543562679542,
    "y": -0.22951907477290265,
    "z": 0.06901313810374766
  },
  "S39": {
    "x": 0.619241206030122,
    "y": -0.2515265785344112,
    "z": -0.7438243805127207
  },
  "S40": {
    "x": 0.02387243781772098,
    "y": -0.5250853713550324,
    "z": 0.8507146757295226
  },
  "S41": {
    "x": -0.5111514541149494,
    "y": -0.7989941622083444,
    "z": -0.31675308950846676
  },
  "S42": {
    "x": 0.6555848656215346,
    "y": -0.7416359179576826,
    "z": -0.1420726897157215
  },
  "S45": {
    "x": -0.5346155305933812,
    "y": -0.7597729367361444,
    "z": 0.37004232062250986
  },
  "S51": {
    "x": 0.11092650314253247,
    "y": -0.8072618121916343,
    "z": -0.5796754932526027
  },
  "S52": {
    "x": 0.12101779175505069,
    "y": -0.9644740369409943,
    "z": 0.234828716611646
  }
}