{
  "S1": {
    "x": 0.08601191790356229,
    "y": 0.9872342337858865,
    "z": -0.13405415927804984
  },
  "S3": {
    "x": -0.4467090204610079,
    "y": 0.8116953010363934,
    "z": 0.3763001319614507
  },
  "S8": {
    "x": 0.0007030046569016261,
    "y": 0.6344550006579057,
    "z": -0.7729594801311575
  },
  "S10": {
    "x": 0.4218224673953352,
    "y": 0.7281844998821573,
    "z": 0.5401973159243612
  },
  "S11": {
    "x": -0.6998188251518451,
    "y": 0.638998715251278,
    "z": -0.3192714423031087
  },
  "S12": {
    "x": 0.759910913606112,
    "y": 0.622359991388638,
    "z": -0.1876258097945442
  },
  "S13": {
    "x": -0.13172061263407786,
    "y": 0.41185027493666937,
    "z": 0.9016812248471702
  },
  "S15": {
    "x": -0.554206726633977,
    "y": 0.10180864852485964,
    "z": -0.8261294712326839
  },
  "S18": {
    "x": 0.8957304962938877,
    "y": 0.14686791420886577,
    "z": 0.41963876582728005
  },
  "S22": {
    "x": -0.9261496673988181,
    "y": 0.20632099860095607,
    "z": 0.31571892422432113
  },
  "S23": {
    "x": 0.6143166806851518,
    "y": 0.18735897652951447,
    "z": -0.7664930722099124
  },
  "S26": {
    "x": 0.3930979587225281,
    "y": -0.11831485819836304,
    "z": 0.9118528330699439
  },
  "S28": {
    "x": -0.9335786191982236,
    "y": -0.2154141869913164,
    "z": -0.2864047657054754
  },
  "S29": {
    "x": 0.9435930474636333,
    "y": -0.2146775899679337,
    "z": -0.2520827109181687
  },
  "S37": {
    "x": -0.5641586665735675,
    "y": -0.17112404084371957,
    "z": 0.8077385477834094
  },
  "S38": {
    "x": 0.07842237093460268,
    "y": -0.22417128139316606,
    "z": -0.9713892980342852
  },
  "S39": {
    "x": 0.6943501535936278,
    "y": -0.6341270376634238,
    "z": 0.34023633596180786
  },
  "S40": {
    "x": -0.67789795925968,
    "y": -0.700296309154401,
    "z": 0.22369496242938686
  },
  "S41": {
    "x": 0.4550557592206082,
    "y": -0.7294233018974172,
    "z": -0.5107503329898326
  },
  "S45": {
    "x": -0.0241876225922299,
    "y": -0.6962896791334959,
    "z": 0.7173532195825911
  },
  "S51": {
    "x": -0.3894400502167431,
    "y": -0.7094764553943721,
    "z": -0.5873496458909445
  },
  "S53": {
    "x": 0.02616668739886788,
    "y": -0.9991394227692016,
    "z": 0.032182578190632534
  }
}