{
  "S1": {
    "x": 0.3807992066385071,
    "y": 0.9238090947592482,
    "z": 0.03960707845300119
  },
  "S3": {
    "x": -0.33220983700511414,
    "y": 0.9093187869924517,
    "z": 0.2505513277147258
  },
  "S8": {
    "x": -0.01684494629079748,
    "y": 0.846752101828194,
    "z": -0.5317209097204998
  },
  "S10": {
    "x": 0.264640795689229,
    "y": 0.6914407477052879,
    "z": 0.6722164396009104
  },
  "S11": {
    "x": -0.6949039543699967,
    "y": 0.6507838492480831,
    "z": -0.30592298991541933
  },
  "S12": {
    "x": 0.737451473830577,
    "y": 0.5440634703842943,
    "z": -0.4002002797831457
  },
  "S13": {
    "x": -0.36273546808184215,
    "y": 0.3989102194849533,
    "z": 0.8421957118068893
  },
  "S18": {
    "x": -0.35940019416000557,
    "y": 0.30547233943362717,
    "z": -0.8817698964461743
  },
  "S21": {
    "x": 0.8473456597801264,
    "y": 0.3585068693601636,
    "z": 0.39176288424678113
  },
  "S22": {
    "x": -0.8706699905379495,
    "y": 0.3684423841267421,
    "z": 0.3258588301023149
  },
  "S25": {
    "x": 0.3549292247324535,
    "y": 0.26340745056948417,
    "z": -0.8970182609151858
  },
  "S26": {
    "x": 0.3078310504715936,
    "y": 0.05941642425769403,
    "z": 0.949583978852837
  },
  "S27": {
    "x": -0.8624154051803848,
    "y": -0.021649356464294185,
    "z": -0.5057380490651602
  },
  "S28": {
    "x": 0.9809186016789536,
    "y": -0.04982421698349675,
    "z": -0.18792616710343407
  },
  "S29": {
    "x": -0.5855443953969496,
    "y": -0.25901346154932037,
    "z": 0.7681469831714888
  },
  "S35": {
    "x": -0.15800264985205614,
    "y": -0.36681124940442955,
    "z": -0.9167795099968639
  },
  "S37": {
    "x": 0.7531429075849466,
    "y": -0.35900223652084123,
    "z": 0.5512650496154522
  },
  "S38": {
    "x": -0.9441154442409215,
    "y": -0.29914240485198595,
    "z": 0.13841910838153038
  },
  "S39": {
    "x": 0.565662440583894,
    "y": -0.3758423697066303,
    "z": -0.734008526139838
  },
  "S40": {
    "x": 0.03983513406865708,
    "y": -0.5552034160422045,
    "z": 0.8307600910664877
  },
  "S41": {
    "x": -0.5947818398763478,
    "y": -0.6823445508120529,
    "z": -0.42501820776339033
  },
  "S42": {
    "x": 0.7249432325168437,
    "y": -0.6822055530439611,
    "z": -0.0951466921338434
  },
  "S45": {
    "x": -0.47149423339564644,
    "y": -0.8391238610323013,
    "z": 0.27122745753499
  },
  "S51": {
    "x": 0.08026848543091089,
    "y": -0.8951853700607875,
    "z": -0.43840634515909865
  },
  "S52": {
    "x": 0.21440592204341408,
    "y": -0.9351250288858397,
    "z": 0.2820838190041581
  }
}