{
  "S1": {
    "x": 0.22725551457034335,
    "y": 0.9738143798522222,
    "z": -0.006362758081243835
  },
  "S3": {
    "x": -0.387229733783697,
    "y": 0.8666789767818128,
    "z": 0.3145165885581189
  },
  "S4": {
    "x": 0.028470178296584506,
    "y": 0.7725037090531377,
    "z": -0.6343717115752452
  },
  "S5": {
    "x": 0.34302529844936613,
    "y": 0.6868856692843743,
    "z": 0.6407196906256906
  },
  "S8": {
    "x": -0.6706630721982183,
    "y": 0.681128920460651,
    "z": -0.29372510499062826
  },
  "S10": {
    "x": 0.7333869878306796,
    "y": 0.5627980111543477,
    "z": -0.3813160430946397
  },
  "S11": {
    "x": -0.330932403744449,
    "y": 0.4000923275269219,
    "z": 0.8546402012578226
  },
  "S12": {
    "x": -0.37700391171426423,
    "y": 0.26533506937193796,
    "z": -0.887392445039697
  },
  "S13": {
    "x": 0.869170911313132,
    "y": 0.38759768797650646,
    "z": 0.3070992660400976
  },
  "S18": {
    "x": -0.9006840493691437,
    "y": 0.27872295146220194,
    "z": 0.3332893030689718
  },
  "S22": {
    "x": 0.44624460340777,
    "y": 0.1431222048090985,
    "z": -0.8833922053199386
  },
  "S26": {
    "x": 0.2790148927362777,
    "y": 0.020909241387757387,
    "z": 0.9600591092510669
  },
  "S28": {
    "x": -0.888141943528732,
    "y": -0.004427916209857892,
    "z": -0.4595479101280354
  },
  "S29": {
    "x": 0.961659906810645,
    "y": -0.14486252647253925,
    "z": -0.23286277516368803
  },
  "S37": {
    "x": -0.52980208335756,
    "y": -0.2812734584480296,
    "z": 0.800121861995205
  },
  "S38": {
    "x": -0.094853495258903,
    "y": -0.37958035086552044,
    "z": -0.9202834192106133
  },
  "S39": {
    "x": 0.7897073812842191,
    "y": -0.2801506575450724,
    "z": 0.545781880445187
  },
  "S40": {
    "x": -0.8965520643227697,
    "y": -0.4190735960328939,
    "z": 0.1434284388349792
  },
  "S41": {
    "x": 0.5480036337358597,
    "y": -0.5606546660576408,
    "z": -0.6207723921374798
  },
  "S42": {
    "x": 0.1339305413232942,
    "y": -0.6609925826204137,
    "z": 0.7383436976243819
  },
  "S45": {
    "x": -0.5624374585434049,
    "y": -0.6680161955909828,
    "z": -0.48725605963947294
  },
  "S51": {
    "x": 0.591089860965422,
    "y": -0.7976181479475015,
    "z": 0.1200752527737322
  },
  "S52": {
    "x": -0.367479413089638,
    "y": -0.8787511569178259,
    "z": 0.30455752358278315
  },
  "S53": {
    "x": 0.039398930790786234,
    "y": -0.965681404898617,
    "z": -0.2567238759554252
  }
}