{
  "S1": {
    "x": 0.15425365418536272,
    "y": 0.9877809906611597,
    "z": -0.022237910399143974
  },
  "S3": {
    "x": -0.4452531506848342,
    "y": 0.8236449792808568,
    "z": 0.35122440107524605
  },
  "S8": {
    "x": 0.05619969954715,
    "y": 0.7351740534943395,
    "z": -0.67554474673371
  },
  "S10": {
    "x": 0.42290016965218125,
    "y": 0.68622385448925,
    "z": 0.5918211453117173
  },
  "S11": {
    "x": -0.7155907123583103,
    "y": 0.6346419404337851,
    "z": -0.2918210750253759
  },
  "S12": {
    "x": 0.7623081112863958,
    "y": 0.5737762630876527,
    "z": -0.29944472508985187
  },
  "S13": {
    "x": -0.22274883203170212,
    "y": 0.4012964866267334,
    "z": 0.8884503855869232
  },
  "S18": {
    "x": -0.43332555437921194,
    "y": 0.24092312947915984,
    "z": -0.8684382589475874
  },
  "S22": {
    "x": 0.9021573007390709,
    "y": 0.19158251353431252,
    "z": 0.3865337569101416
  },
  "S23": {
    "x": -0.9349299664835456,
    "y": 0.17093204713438612,
    "z": 0.3109472512075385
  },
  "S25": {
    "x": 0.48319576379384654,
    "y": 0.09617888575113256,
    "z": -0.8702134656435465
  },
  "S26": {
    "x": 0.36017532299291866,
    "y": -0.09145581387602278,
    "z": 0.9283908502431619
  },
  "S27": {
    "x": -0.8900304568259972,
    "y": -0.1718086992145641,
    "z": -0.4222884758033377
  },
  "S28": {
    "x": 0.9458960084941306,
    "y": -0.19137386307593116,
    "z": -0.2620243989522089
  },
  "S29": {
    "x": -0.5394476942633918,
    "y": -0.24682133847831442,
    "z": 0.8050313112082556
  },
  "S35": {
    "x": -0.09354150683019909,
    "y": -0.39060548624028585,
    "z": -0.9157932848732434
  },
  "S36": {
    "x": 0.712963671599796,
    "y": -0.5784027172526853,
    "z": 0.3964001761523935
  },
  "S37": {
    "x": -0.7414941990370552,
    "y": -0.6423083869196495,
    "z": 0.19397496974371145
  },
  "S38": {
    "x": 0.5007656948899702,
    "y": -0.6902163187553197,
    "z": -0.5223362443342602
  },
  "S39": {
    "x": -0.024205008553447382,
    "y": -0.7335725461756596,
    "z": 0.6791799739820716
  },
  "S51": {
    "x": -0.3930246358719806,
    "y": -0.8141554973871566,
    "z": -0.4274136891490125
  },
  "S52": {
    "x": 0.13094709831570545,
    "y": -0.9905942266363539,
    "z": 0.03969805533550486
  }
}