{
  "S1": {
    "x": 0.1511276736911325,
    "y": 0.9739312934089004,
    "z": -0.16916932926382627
  },
  "S3": {
    "x": -0.01884601239418299,
    "y": 0.9931291435324374,
    "z": 0.1154960262665595
  },
  "S8": {
    "x": -0.18527841604637987,
    "y": 0.9666982075066597,
    "z": -0.1765403187681379
  },
  "S10": {
    "x": 0.2604143605292454,
    "y": 0.9094824012440985,
    "z": 0.3240773405491545
  },
  "S11": {
    "x": -0.5275436998987807,
    "y": 0.8373866444149487,
    "z": -0.14311272638230882
  },
  "S12": {
    "x": 0.4090854256103132,
    "y": 0.8299949141740466,
    "z": -0.37915373794602863
  },
  "S13": {
    "x": -0.11472120105698994,
    "y": 0.8802166511404096,
    "z": 0.4604972237518966
  },
  "S18": {
    "x": -0.30858870013181544,
    "y": 0.8168990367695477,
    "z": -0.4872873668339266
  },
  "S21": {
    "x": 0.4466180982784839,
    "y": 0.8946153241368221,
    "z": 0.013989142564124772
  },
  "S22": {
    "x": -0.3686205980017602,
    "y": 0.9131100216041028,
    "z": 0.17420948072645076
  },
  "S23": {
    "x": 0.049409803067975995,
    "y": 0.8659462639328369,
    "z": -0.49769040511300333
  },
  "S25": {
    "x": 0.03640218516405079,
    "y": -0.8542344740898242,
    "z": 0.5186119398854632
  },
  "S26": {
    "x": -0.2563573993130613,
    "y": -0.947930576710846,
    "z": -0.18896694301937136
  },
  "S27": {
    "x": 0.47349891028565044,
    "y": -0.8799800662525082,
    "z": 0.03786640934301712
  },
  "S28": {
    "x": -0.3268757042079684,
    "y": -0.8228295393827526,
    "z": 0.4648696840166195
  },
  "S29": {
    "x": -0.03315445769191643,
    "y": -0.8727164515389301,
    "z": -0.4871003768715985
  },
  "S35": {
    "x": 0.4027155806520886,
    "y": -0.8172629631093314,
    "z": 0.4121909875649961
  },
  "S37": {
    "x": -0.5108882183896994,
    "y": -0.8563959503872257,
    "z": 0.07469407252894578
  },
  "S38": {
    "x": 0.3718125685211459,
    "y": -0.8707846289948844,
    "z": -0.3216979076648611
  },
  "S39": {
    "x": -0.16205062307441778,
    "y": -0.9736903767383864,
    "z": 0.1602081327781215
  },
  "S51": {
    "x": 0.10253523474463444,
    "y": -0.9876768156256642,
    "z": -0.1182414204558207
  },
  "S52": {
    "x": 0.1546049920603872,
    "y": -0.9680083585178169,
    "z": 0.1976287283510399
  }
}