{
  "S1": {
    "x": 0.3888473567648793,
    "y": 0.9204154362444963,
    "z": 0.04041234786324909
  },
  "S3": {
    "x": -0.32839029898471706,
    "y": 0.9044861325199197,
    "z": 0.2721482089080989
  },
  "S4": {
    "x": -0.004908220946160835,
    "y": 0.8486200010693702,
    "z": -0.5289801538358179
  },
  "S5": {
    "x": 0.2477491140066582,
    "y": 0.6906962926212793,
    "z": 0.6793813420076652
  },
  "S8": {
    "x": -0.6726665462683681,
    "y": 0.6761618448157228,
    "z": -0.30054097415624337
  },
  "S10": {
    "x": 0.7426162660404958,
    "y": 0.5299248943501762,
    "z": -0.40951274431942397
  },
  "S11": {
    "x": -0.3608877039087987,
    "y": 0.3625593024662746,
    "z": 0.8592501483052556
  },
  "S12": {
    "x": -0.36502829143321014,
    "y": 0.30044990010030315,
    "z": -0.8811834110916236
  },
  "S13": {
    "x": 0.8456482008439071,
    "y": 0.3738154282094472,
    "z": 0.38097394404611284
  },
  "S18": {
    "x": -0.8706651698505584,
    "y": 0.3722103412464868,
    "z": 0.3215612288169582
  },
  "S22": {
    "x": 0.34440628561660247,
    "y": 0.26468714000833937,
    "z": -0.9007358260566641
  },
  "S23": {
    "x": 0.34253006081040904,
    "y": 0.057068062637231604,
    "z": 0.9377720371540466
  },
  "S26": {
    "x": -0.8689838822523774,
    "y": 0.012205532115013604,
    "z": -0.49468983956755713
  },
  "S28": {
    "x": 0.9812101727475633,
    "y": -0.06482155666503178,
    "z": -0.1817271655207859
  },
  "S29": {
    "x": -0.6204685861689265,
    "y": -0.26866302801095865,
    "z": 0.736776024961125
  },
  "S37": {
    "x": -0.1424577936067413,
    "y": -0.3733251900194891,
    "z": -0.9166973762030801
  },
  "S38": {
    "x": 0.7656436261875431,
    "y": -0.3562865671022956,
    "z": 0.5355835320291795
  },
  "S39": {
    "x": -0.9421133767879615,
    "y": -0.31423218662310737,
    "z": 0.11696374723496608
  },
  "S40": {
    "x": 0.5621885399793742,
    "y": -0.3758983370002677,
    "z": -0.7366440699254238
  },
  "S41": {
    "x": -0.0003699797129319065,
    "y": -0.5210022005287799,
    "z": 0.8535552531378278
  },
  "S42": {
    "x": -0.602109954023765,
    "y": -0.6578969164767984,
    "z": -0.4523662791984169
  },
  "S45": {
    "x": 0.7045790238091624,
    "y": -0.6991584468647603,
    "z": -0.12143255488452717
  },
  "S51": {
    "x": -0.4479896648137764,
    "y": -0.8602707039860288,
    "z": 0.24339181597461904
  },
  "S52": {
    "x": 0.0601193936790841,
    "y": -0.9130903097876798,
    "z": -0.4033010596012592
  },
  "S53": {
    "x": 0.24511261192774536,
    "y": -0.9070734750100491,
    "z": 0.34225358786600363
  }
}