{
  "S1": {
    "x": 0.3574513207185615,
    "y": 0.9338111023968904,
    "z": 0.015012606597808242
  },
  "S3": {
    "x": -0.3126899374437717,
    "y": 0.9027214193176442,
    "z": 0.2954979562138257
  },
  "S4": {
    "x": -0.012514018854040729,
    "y": 0.8186520401692153,
    "z": -0.5741534955557634
  },
  "S5": {
    "x": 0.3021085956659652,
    "y": 0.6688364959037074,
    "z": 0.6792555764747084
  },
  "S8": {
    "x": -0.6483986807338621,
    "y": 0.7064307804604333,
    "z": -0.2837863690184051
  },
  "S10": {
    "x": 0.7302441395114639,
    "y": 0.5441686078255509,
    "z": -0.4130666083894506
  },
  "S11": {
    "x": -0.35304446388488375,
    "y": 0.3772650553503102,
    "z": 0.8561721115124938
  },
  "S12": {
    "x": -0.4097877367576008,
    "y": 0.25691589411915605,
    "z": -0.8752532400123051
  },
  "S13": {
    "x": 0.8621362890260597,
    "y": 0.3793546058410548,
    "z": 0.3358736401856394
  },
  "S18": {
    "x": -0.8675364479740811,
    "y": 0.3736312384047057,
    "z": 0.3282989630271175
  },
  "S22": {
    "x": 0.34655385941285977,
    "y": 0.2488121761830844,
    "z": -0.9044296122469064
  },
  "S23": {
    "x": 0.29330963930897264,
    "y": 0.03689432145629472,
    "z": 0.9553053252927672
  },
  "S26": {
    "x": -0.9015351442916222,
    "y": 0.05894341510607818,
    "z": -0.4286724360426226
  },
  "S28": {
    "x": 0.9708995487031602,
    "y": -0.06080598829494401,
    "z": -0.2316391549705597
  },
  "S29": {
    "x": -0.6152931512009552,
    "y": -0.259466253657574,
    "z": 0.7443732943208684
  },
  "S37": {
    "x": -0.08567517081664766,
    "y": -0.3562217750274548,
    "z": -0.9304653739402814
  },
  "S38": {
    "x": 0.7636729042951408,
    "y": -0.3079912545833972,
    "z": 0.5674020464763674
  },
  "S39": {
    "x": -0.9308650581967342,
    "y": -0.34395035931329276,
    "z": 0.12324120153847712
  },
  "S40": {
    "x": 0.5705091883021205,
    "y": -0.42026683125423986,
    "z": -0.7056167916159422
  },
  "S41": {
    "x": -0.023105837238015098,
    "y": -0.5565760856896792,
    "z": 0.8304752742399292
  },
  "S42": {
    "x": -0.6096461164043174,
    "y": -0.6044921071934832,
    "z": -0.5127581350831169
  },
  "S45": {
    "x": 0.7296064521998098,
    "y": -0.6818191872239128,
    "z": -0.05288686832976194
  },
  "S51": {
    "x": -0.43661350193558496,
    "y": -0.8834694489469239,
    "z": 0.16985400408869936
  },
  "S52": {
    "x": 0.06278701116193261,
    "y": -0.9129468175514938,
    "z": -0.4032194186196283
  },
  "S53": {
    "x": 0.25114367161012685,
    "y": -0.906215055234292,
    "z": 0.3401486878952996
  }
}