{
  "S1": {
    "x": 0.28318693103405007,
    "y": 0.9590169107709005,
    "z": -0.00957741859558551
  },
  "S3": {
    "x": -0.3719020958599562,
    "y": 0.8790100291173081,
    "z": 0.2983792885006619
  },
  "S4": {
    "x": 0.054587786120823885,
    "y": 0.7560898926048688,
    "z": -0.6521872797802676
  },
  "S5": {
    "x": 0.26004664422549373,
    "y": 0.6778497939707397,
    "z": 0.6876739050166767
  },
  "S8": {
    "x": -0.6099587697095955,
    "y": 0.7152355087827671,
    "z": -0.34115753872751026
  },
  "S10": {
    "x": 0.7579016534822427,
    "y": 0.5169041874648445,
    "z": -0.39798887500807306
  },
  "S11": {
    "x": -0.4080252803515729,
    "y": 0.3574133551319543,
    "z": 0.8401018177383858
  },
  "S12": {
    "x": -0.3856621325564711,
    "y": 0.21457924980035978,
    "z": -0.8973407742140718
  },
  "S13": {
    "x": 0.8253997989373348,
    "y": 0.4536446306027945,
    "z": 0.33603827317652546
  },
  "S18": {
    "x": -0.9001080855018041,
    "y": 0.3208327280574958,
    "z": 0.2947402161590132
  },
  "S22": {
    "x": 0.418061504683427,
    "y": 0.13134668350838255,
    "z": -0.8988729760278577
  },
  "S26": {
    "x": 0.2608328732160123,
    "y": 0.011876549657875629,
    "z": 0.9653109135496726
  },
  "S28": {
    "x": -0.906356640231725,
    "y": 0.036272456055435366,
    "z": -0.42095361934489406
  },
  "S29": {
    "x": 0.9736319606009096,
    "y": -0.1428786686426835,
    "z": -0.177838385460853
  },
  "S37": {
    "x": -0.4779467181663854,
    "y": -0.34040344475493006,
    "z": 0.8097483741218372
  },
  "S38": {
    "x": -0.1069151088916219,
    "y": -0.4279116109395876,
    "z": -0.897474686391644
  },
  "S39": {
    "x": 0.8039364832153336,
    "y": -0.240505152103201,
    "z": 0.5439148855907309
  },
  "S40": {
    "x": -0.8909153513587222,
    "y": -0.3975913976546893,
    "z": 0.21952429757171613
  },
  "S41": {
    "x": 0.5893609317887666,
    "y": -0.523149875559272,
    "z": -0.6156036872724162
  },
  "S42": {
    "x": 0.1866930021931185,
    "y": -0.6766363085580086,
    "z": 0.7122562943724062
  },
  "S45": {
    "x": -0.6358869825980064,
    "y": -0.6317191990796674,
    "z": -0.44337185169623256
  },
  "S51": {
    "x": 0.5772144644119944,
    "y": -0.8093183084124926,
    "z": 0.1087535642722381
  },
  "S52": {
    "x": -0.33719433710776314,
    "y": -0.9017888554768126,
    "z": 0.27032728156861413
  },
  "S53": {
    "x": 0.032394693024725925,
    "y": -0.9406955227083984,
    "z": -0.33770181731848414
  }
}