{
  "S1": {
    "x": 0.35815176802970344,
    "y": 0.9336076295876526,
    "z": 0.010203187390314004
  },
  "S3": {
    "x": -0.3113061131157042,
    "y": 0.9006243665624303,
    "z": 0.30325608698064693
  },
  "S4": {
    "x": -0.008389123915396198,
    "y": 0.8162883583780545,
    "z": -0.577583706986609
  },
  "S5": {
    "x": 0.29498214399985506,
    "y": 0.6717297511154204,
    "z": 0.6795326895651629
  },
  "S8": {
    "x": -0.6393453255013695,
    "y": 0.7151828314232985,
    "z": -0.28240232363934586
  },
  "S10": {
    "x": 0.7314569606377888,
    "y": 0.5351629824857951,
    "z": -0.4225769715820268
  },
  "S11": {
    "x": -0.3570298149620851,
    "y": 0.3628269929220404,
    "z": 0.8607475149167082
  },
  "S12": {
    "x": -0.41313605783139506,
    "y": 0.2504892430590148,
    "z": -0.8755419674871423
  },
  "S13": {
    "x": 0.8573148559256976,
    "y": 0.3922791121888735,
    "z": 0.33335916958951334
  },
  "S18": {
    "x": -0.8660016794451975,
    "y": 0.37516878059151654,
    "z": 0.3305895903799333
  },
  "S22": {
    "x": 0.33566703061138775,
    "y": 0.24477095774708016,
    "z": -0.909623451107166
  },
  "S23": {
    "x": 0.29795418331578233,
    "y": 0.041876273939938785,
    "z": 0.9536611989200003
  },
  "S26": {
    "x": -0.9041499721565939,
    "y": 0.07193797936042073,
    "z": -0.4211148952183599
  },
  "S28": {
    "x": 0.974396202709513,
    "y": -0.06358856600568583,
    "z": -0.2156583743299159
  },
  "S29": {
    "x": -0.6188575063655515,
    "y": -0.27636210688128504,
    "z": 0.7352818321535958
  },
  "S37": {
    "x": -0.08780603351485855,
    "y": -0.37078050468392326,
    "z": -0.9245603916590428
  },
  "S38": {
    "x": 0.7666241801196721,
    "y": -0.30373057320058505,
    "z": 0.5657164531451108
  },
  "S39": {
    "x": -0.9307925258383101,
    "y": -0.34453974122917974,
    "z": 0.12213779332077644
  },
  "S40": {
    "x": 0.5791562124183451,
    "y": -0.40966538700970934,
    "z": -0.7048066063136909
  },
  "S41": {
    "x": -0.016624001162165728,
    "y": -0.5512401461916039,
    "z": 0.8341810018287515
  },
  "S42": {
    "x": -0.615660418412246,
    "y": -0.5966593877901452,
    "z": -0.5147424833471076
  },
  "S45": {
    "x": 0.7253371815097502,
    "y": -0.6864446569745689,
    "z": -0.051765877086728015
  },
  "S51": {
    "x": -0.4404674003121916,
    "y": -0.8838079793394877,
    "z": 0.15770835398948077
  },
  "S52": {
    "x": 0.06777555516026265,
    "y": -0.9122444563647942,
    "z": -0.4040006509331626
  },
  "S53": {
    "x": 0.24430533627450032,
    "y": -0.9069071491903795,
    "z": 0.3432700473609403
  }
}