{
  "S1": {
    "x": 0.4455116039275173,
    "y": 0.8951095828211566,
    "z": -0.01726978597626955
  },
  "S3": {
    "x": -0.3389627319873467,
    "y": 0.9229739013772683,
    "z": 0.18227299223993337
  },
  "S8": {
    "x": -0.07457011294302318,
    "y": 0.8726601964783692,
    "z": -0.48260074568736305
  },
  "S10": {
    "x": 0.2908045490113688,
    "y": 0.7251596588318983,
    "z": 0.6241603828160671
  },
  "S11": {
    "x": -0.7967103171894415,
    "y": 0.5317669791893627,
    "z": -0.2871873087859549
  },
  "S12": {
    "x": 0.7912646959318045,
    "y": 0.46845273333762294,
    "z": -0.39300409361794053
  },
  "S13": {
    "x": -0.3098269685085534,
    "y": 0.4812999098188483,
    "z": 0.8199741742232911
  },
  "S18": {
    "x": -0.3863926026679554,
    "y": 0.3540034772632788,
    "z": -0.8516937798815903
  },
  "S21": {
    "x": 0.8403083661812654,
    "y": 0.31659951453705043,
    "z": 0.44005294808770035
  },
  "S22": {
    "x": -0.8427365062841408,
    "y": 0.3792606894264051,
    "z": 0.38204255055138625
  },
  "S25": {
    "x": 0.3170916783950771,
    "y": 0.3574767842093983,
    "z": -0.8784436329349199
  },
  "S26": {
    "x": 0.2937427955023345,
    "y": 0.06754524278948225,
    "z": 0.9534950499436186
  },
  "S27": {
    "x": -0.7958175026536891,
    "y": -0.1645843462934611,
    "z": -0.5827405043629622
  },
  "S28": {
    "x": 0.987643328871042,
    "y": -0.1052966467718562,
    "z": -0.1160744205892478
  },
  "S29": {
    "x": -0.575426947475076,
    "y": -0.20998069300562006,
    "z": 0.7904378132936175
  },
  "S35": {
    "x": -0.14125099192116705,
    "y": -0.3155530713728306,
    "z": -0.9383359826994059
  },
  "S37": {
    "x": 0.7123441936600049,
    "y": -0.42636579568055116,
    "z": 0.5574746254607181
  },
  "S38": {
    "x": -0.966428961762059,
    "y": -0.24183259275440744,
    "z": 0.08678743543387767
  },
  "S39": {
    "x": 0.6020705413066937,
    "y": -0.28398034200548977,
    "z": -0.7462347007779188
  },
  "S40": {
    "x": 0.0503883816032671,
    "y": -0.57061363819011,
    "z": 0.819671328588996
  },
  "S41": {
    "x": -0.5258818102778129,
    "y": -0.7786773069398113,
    "z": -0.3422133446782768
  },
  "S42": {
    "x": 0.68655357068938,
    "y": -0.7200071518706057,
    "z": -0.10116271956032571
  },
  "S45": {
    "x": -0.5356337720431843,
    "y": -0.7637639649372591,
    "z": 0.36022363624574594
  },
  "S51": {
    "x": 0.1328847174350401,
    "y": -0.8262134709365634,
    "z": -0.547460457307344
  },
  "S52": {
    "x": 0.12067639325614599,
    "y": -0.9698991150664044,
    "z": 0.2115015713986391
  }
}