{
  "S1": {
    "x": 0.048942369266190104,
    "y": 0.9887719533735103,
    "z": 0.14119018631811667
  },
  "S3": {
    "x": -0.13964345544362156,
    "y": 0.9130444103811993,
    "z": 0.3832096162981995
  },
  "S4": {
    "x": -0.2585453533371005,
    "y": 0.9653111660535015,
    "z": 0.0364506921775589
  },
  "S5": {
    "x": 0.20058188132883156,
    "y": 0.8505871374634136,
    "z": 0.4860745112268099
  },
  "S8": {
    "x": -0.4558145950058879,
    "y": 0.8554817965655629,
    "z": 0.24573146059179146
  },
  "S10": {
    "x": 0.03547941848970072,
    "y": 0.9756027036621934,
    "z": -0.21665773808163638
  },
  "S11": {
    "x": -0.3689234150921589,
    "y": 0.7571825297563884,
    "z": 0.5390455736099262
  },
  "S12": {
    "x": -0.3478230012611736,
    "y": 0.8914110355490389,
    "z": -0.2905262905402191
  },
  "S13": {
    "x": 0.385944854991917,
    "y": 0.9175825811902486,
    "z": 0.09533507015526359
  },
  "S18": {
    "x": -0.720309539825393,
    "y": 0.6357170273035431,
    "z": 0.27752122086946224
  },
  "S22": {
    "x": 0.5366492519076511,
    "y": -0.6643776777477847,
    "z": -0.5202017702174986
  },
  "S23": {
    "x": -0.0711021311631591,
    "y": 0.7034687653167885,
    "z": 0.7071606487692383
  },
  "S26": {
    "x": -0.6172658483453798,
    "y": 0.784473520400764,
    "z": -0.05986792343560011
  },
  "S28": {
    "x": 0.7204736016193468,
    "y": -0.6646534098784421,
    "z": -0.19787277252468607
  },
  "S29": {
    "x": -0.5654157408623811,
    "y": 0.50851405823664,
    "z": 0.6493985621794582
  },
  "S37": {
    "x": 0.24003612110613184,
    "y": -0.6330545058263133,
    "z": -0.7359515291222138
  },
  "S38": {
    "x": 0.5559918439701577,
    "y": -0.823209209922195,
    "z": 0.1148897999734487
  },
  "S39": {
    "x": -0.30354625913977096,
    "y": -0.9104953029899155,
    "z": -0.2808166159534596
  },
  "S40": {
    "x": 0.23469339490769692,
    "y": -0.8562537460664403,
    "z": -0.4601614203014934
  },
  "S41": {
    "x": 0.22090386636758794,
    "y": -0.935889805970395,
    "z": 0.27442986882726006
  },
  "S42": {
    "x": -0.08513646337816351,
    "y": -0.8086997235386719,
    "z": -0.5820279544419958
  },
  "S45": {
    "x": 0.4481265993043457,
    "y": -0.8623118160972207,
    "z": -0.23579839442845069
  },
  "S51": {
    "x": -0.12183634621013097,
    "y": -0.9884873076198051,
    "z": 0.0897148115793251
  },
  "S52": {
    "x": 0.02512518331052136,
    "y": -0.9664864875461531,
    "z": -0.25548501825804226
  },
  "S53": {
    "x": 0.24172095251910347,
    "y": -0.9692701506572718,
    "z": -0.04567664784205191
  }
}