{
  "S1": {
    "x": 0.24967592752098072,
    "y": 0.964878154370854,
    "z": -0.08168279154407107
  },
  "S3": {
    "x": -0.4478860888331018,
    "y": 0.8696697547239471,
    "z": 0.20753931952325697
  },
  "S8": {
    "x": -0.1697380200052183,
    "y": 0.7420370763243272,
    "z": -0.6485136713476074
  },
  "S10": {
    "x": 0.48150614466024894,
    "y": 0.6502729150161326,
    "z": 0.5876197483499385
  },
  "S11": {
    "x": -0.8088240867423264,
    "y": 0.49224463430798837,
    "z": -0.3217123197834307
  },
  "S12": {
    "x": 0.828482899902717,
    "y": 0.5380275707598154,
    "z": -0.15537830502060548
  },
  "S13": {
    "x": -0.19405010906411832,
    "y": 0.5443784616744438,
    "z": 0.8160861753743717
  },
  "S18": {
    "x": -0.43759492304961484,
    "y": 0.06563900415527961,
    "z": -0.8967732179624373
  },
  "S22": {
    "x": 0.9065257952264468,
    "y": 0.03198775642538923,
    "z": 0.4209367720073032
  },
  "S23": {
    "x": -0.894919330784871,
    "y": 0.20647553538986424,
    "z": 0.3955846871063485
  },
  "S25": {
    "x": 0.44651544989537445,
    "y": 0.3762951167623767,
    "z": -0.8118041254548544
  },
  "S26": {
    "x": 0.32455864002258417,
    "y": -0.06683332210471968,
    "z": 0.943501455347652
  },
  "S27": {
    "x": -0.9190701241998321,
    "y": -0.23677932380520247,
    "z": -0.3150327897563302
  },
  "S28": {
    "x": 0.907987035984097,
    "y": -0.15715820733921634,
    "z": -0.38840808481639283
  },
  "S29": {
    "x": -0.47532381951429825,
    "y": -0.21891072684030882,
    "z": 0.8521416315827942
  },
  "S35": {
    "x": 0.22372826894811043,
    "y": -0.31800472725020457,
    "z": -0.9213135487552568
  },
  "S36": {
    "x": 0.675744944032796,
    "y": -0.656518914871152,
    "z": 0.3351890288039254
  },
  "S37": {
    "x": -0.7225989710512873,
    "y": -0.6450703470888717,
    "z": 0.2484652376938547
  },
  "S38": {
    "x": 0.5058647157499749,
    "y": -0.7680275449747005,
    "z": -0.392727105659046
  },
  "S39": {
    "x": 0.027618407002520787,
    "y": -0.7257689196136251,
    "z": 0.6873839530549973
  },
  "S51": {
    "x": -0.36291152801332954,
    "y": -0.6968020809568488,
    "z": -0.6186776889538167
  },
  "S52": {
    "x": -0.08337734993400026,
    "y": -0.996458388396145,
    "z": 0.010904022787048662
  }
}