{
  "S1": {
    "x": 0.04155337567383362,
    "y": 0.9842653102850285,
    "z": 0.17174142173519505
  },
  "S3": {
    "x": -0.15900192220334736,
    "y": 0.8949986407760915,
    "z": 0.41676830702992473
  },
  "S4": {
    "x": -0.2695338392298853,
    "y": 0.9581894186441273,
    "z": 0.09604450795557115
  },
  "S5": {
    "x": 0.2895597393044501,
    "y": 0.8754640052292658,
    "z": 0.3869340162377443
  },
  "S8": {
    "x": -0.4607572052954018,
    "y": 0.8164545874759425,
    "z": 0.3480010120069478
  },
  "S10": {
    "x": -0.039831919566416046,
    "y": 0.9810539131265116,
    "z": -0.18959598551344306
  },
  "S11": {
    "x": -0.2879775950839803,
    "y": 0.6729666230989849,
    "z": 0.6813111102311454
  },
  "S12": {
    "x": -0.37072241911948217,
    "y": 0.8791486615354326,
    "z": -0.29943700319542393
  },
  "S13": {
    "x": 0.3312040420684004,
    "y": 0.9418744331780724,
    "z": -0.05635986730855781
  },
  "S18": {
    "x": -0.7539525779740386,
    "y": 0.6337024034776373,
    "z": 0.17313802006771056
  },
  "S22": {
    "x": 0.561431666883955,
    "y": -0.6670949277644223,
    "z": -0.4896721768396527
  },
  "S25": {
    "x": 0.05858719206666931,
    "y": 0.761960509698026,
    "z": 0.6449680012112753
  },
  "S26": {
    "x": -0.5504762928771514,
    "y": 0.8347766455790828,
    "z": -0.011126678568332748
  },
  "S28": {
    "x": 0.7170214539267892,
    "y": -0.6827295437300064,
    "z": -0.1405724180873715
  },
  "S29": {
    "x": -0.6197221782278569,
    "y": 0.553467250291641,
    "z": 0.5564336660080252
  },
  "S37": {
    "x": 0.26708266665713276,
    "y": -0.6437475983697595,
    "z": -0.7171163634756091
  },
  "S38": {
    "x": 0.5153708276993293,
    "y": -0.8438725223529139,
    "z": 0.14923831938962295
  },
  "S39": {
    "x": -0.30021436572456045,
    "y": -0.9029940143917417,
    "z": -0.30736483953973437
  },
  "S40": {
    "x": 0.2494004923752406,
    "y": -0.8566129193179431,
    "z": -0.4516787584783884
  },
  "S41": {
    "x": 0.1641264222732949,
    "y": -0.9469788240563577,
    "z": 0.2762130053067849
  },
  "S42": {
    "x": -0.07064460673354317,
    "y": -0.8000126579180417,
    "z": -0.5958096060910514
  },
  "S45": {
    "x": 0.4483421393240926,
    "y": -0.8674598139373998,
    "z": -0.21564507253815782
  },
  "S51": {
    "x": -0.1465156911893744,
    "y": -0.9877432882042088,
    "z": 0.053817737251181795
  },
  "S52": {
    "x": 0.024909217928323686,
    "y": -0.9623735936679022,
    "z": -0.2705856557043015
  },
  "S53": {
    "x": 0.22385405192765254,
    "y": -0.9736518742397324,
    "z": -0.0434901279031002
  }
}