{
  "S1": {
    "x": 0.05937927036963927,
    "y": 0.9750929787820285,
    "z": -0.21370022222814836
  },
  "S3": {
    "x": -0.22719244981766265,
    "y": 0.970727078106552,
    "z": -0.0779264433717141
  },
  "S4": {
    "x": -0.06748079469526269,
    "y": 0.8795428741661346,
    "z": -0.4710102704303492
  },
  "S5": {
    "x": 0.04702454083973846,
    "y": 0.9860854560385798,
    "z": 0.15944957180249134
  },
  "S8": {
    "x": -0.33801968360707524,
    "y": 0.8762175331748243,
    "z": -0.34349021536456953
  },
  "S10": {
    "x": 0.36022456077526743,
    "y": 0.8609972137878263,
    "z": -0.3590571871775662
  },
  "S11": {
    "x": -0.28712104974572955,
    "y": 0.9200901121400743,
    "z": 0.2664501610714011
  },
  "S12": {
    "x": -0.4471852436662015,
    "y": 0.6615763680991492,
    "z": -0.6019485584499218
  },
  "S13": {
    "x": 0.352910954651956,
    "y": 0.9356356509907386,
    "z": -0.006307668490165136
  },
  "S18": {
    "x": -0.5454262329183833,
    "y": 0.8380168647125186,
    "z": 0.015425916564728576
  },
  "S22": {
    "x": 0.1980377717956214,
    "y": 0.7484216550246514,
    "z": -0.6329660869528374
  },
  "S25": {
    "x": 0.179145890540301,
    "y": -0.6672644630590788,
    "z": 0.7229556599411903
  },
  "S26": {
    "x": -0.6308108149059739,
    "y": 0.7169236016529535,
    "z": -0.2968135192180747
  },
  "S28": {
    "x": 0.6401937533843656,
    "y": -0.7475721004606364,
    "z": 0.17688389621588002
  },
  "S29": {
    "x": -0.24771135211934833,
    "y": -0.6822566169001829,
    "z": 0.6878698966571524
  },
  "S36": {
    "x": -0.1325335426800695,
    "y": 0.6659304205053214,
    "z": -0.7341468076006842
  },
  "S37": {
    "x": 0.5288640043623182,
    "y": -0.6537167318601956,
    "z": 0.5412552996284461
  },
  "S38": {
    "x": -0.36463886113813243,
    "y": -0.8708096651722403,
    "z": 0.3297408497449117
  },
  "S39": {
    "x": 0.44203647737381074,
    "y": -0.8774463042395779,
    "z": -0.18625717663289867
  },
  "S40": {
    "x": -0.03646238982644255,
    "y": -0.862054935229832,
    "z": 0.5055015160946946
  },
  "S41": {
    "x": -0.25377794446849233,
    "y": -0.9672108522471422,
    "z": 0.009996109078230904
  },
  "S42": {
    "x": 0.35829507405475525,
    "y": -0.9188296013997093,
    "z": 0.16545937114515166
  },
  "S45": {
    "x": 0.006066066362269667,
    "y": -0.9719813017433954,
    "z": 0.23497989679992506
  },
  "S51": {
    "x": -0.04146831104043271,
    "y": -0.944573156614291,
    "z": -0.32567150778532655
  },
  "S52": {
    "x": 0.2738569469457124,
    "y": -0.8551721606278291,
    "z": 0.4400942493338261
  },
  "S53": {
    "x": 0.13317195541716104,
    "y": -0.9902373572943215,
    "z": -0.041172885606036026
  }
}