{
  "S1": {
    "x": 0.31930177993660885,
    "y": 0.9453115746770594,
    "z": -0.06657627288225013
  },
  "S3": {
    "x": -0.38993446458268427,
    "y": 0.8584697492968772,
    "z": 0.3331378136338949
  },
  "S4": {
    "x": 0.01392994131166646,
    "y": 0.76844538871581,
    "z": -0.6397637386539354
  },
  "S5": {
    "x": 0.21169715224336907,
    "y": 0.7529064040957464,
    "z": 0.62315027273015
  },
  "S8": {
    "x": -0.5818712029028363,
    "y": 0.7589781655020388,
    "z": -0.2921952215960525
  },
  "S10": {
    "x": 0.7741675778505993,
    "y": 0.443548686627264,
    "z": -0.4515851237542768
  },
  "S11": {
    "x": -0.30445734300266397,
    "y": 0.27870692881841647,
    "z": 0.9108392690921732
  },
  "S12": {
    "x": -0.468126697248548,
    "y": 0.214046059199095,
    "z": -0.857345717820124
  },
  "S13": {
    "x": 0.833148010484149,
    "y": 0.4851734007753763,
    "z": 0.2654640536991033
  },
  "S18": {
    "x": -0.8474270948244678,
    "y": 0.307853524285531,
    "z": 0.4325430921218609
  },
  "S22": {
    "x": 0.3128489899972904,
    "y": 0.22140749285905015,
    "z": -0.9236364174086819
  },
  "S25": {
    "x": 0.49640044674505446,
    "y": 0.18884696179210664,
    "z": 0.8473036182462583
  },
  "S26": {
    "x": -0.9390945817343384,
    "y": 0.1754369918969061,
    "z": -0.2955050396040193
  },
  "S28": {
    "x": 0.9883648597208715,
    "y": -0.14198233880251918,
    "z": -0.05455198930477753
  },
  "S29": {
    "x": -0.5772400471070861,
    "y": -0.41368074067306004,
    "z": 0.7040327924266011
  },
  "S37": {
    "x": -0.024093792450485128,
    "y": -0.38088879915157137,
    "z": -0.9243068818559271
  },
  "S38": {
    "x": 0.725729241698725,
    "y": -0.3964530904562747,
    "z": 0.5622650752190311
  },
  "S39": {
    "x": -0.9149079098550015,
    "y": -0.3886740690992205,
    "z": 0.10897699066595148
  },
  "S40": {
    "x": 0.6707024582977081,
    "y": -0.36792715737487486,
    "z": -0.6440402311187206
  },
  "S41": {
    "x": 0.07110999142555868,
    "y": -0.36425454113615596,
    "z": 0.9285806364452929
  },
  "S42": {
    "x": -0.6542465161796747,
    "y": -0.4732171219841366,
    "z": -0.5899381760216994
  },
  "S45": {
    "x": 0.6028258048797768,
    "y": -0.7978665160626093,
    "z": -0.0031735653708703025
  },
  "S51": {
    "x": -0.43263182392431526,
    "y": -0.9008665540159361,
    "z": -0.035625226783458815
  },
  "S52": {
    "x": 0.09627030061937356,
    "y": -0.8830813292506129,
    "z": -0.4592378415893294
  },
  "S53": {
    "x": 0.053548052103525506,
    "y": -0.8863196761393702,
    "z": 0.45996743124282186
  }
}