{
  "S1": {
    "x": 0.2729465557288604,
    "y": 0.9618093824153832,
    "z": -0.020564280038241803
  },
  "S3": {
    "x": -0.15013448881193378,
    "y": 0.9755634320701171,
    "z": 0.1604232691250032
  },
  "S8": {
    "x": -0.020533494878849024,
    "y": 0.9931976807995405,
    "z": -0.11461562913701769
  },
  "S10": {
    "x": 0.13651150876950424,
    "y": 0.956152994437507,
    "z": 0.25910627009330095
  },
  "S11": {
    "x": -0.3881573500120451,
    "y": 0.9145715565320149,
    "z": -0.11354620035137247
  },
  "S12": {
    "x": 0.5452741252146973,
    "y": 0.8248133886699262,
    "z": -0.14952926884787543
  },
  "S13": {
    "x": -0.11494852846637071,
    "y": 0.8482829998509429,
    "z": 0.5169166160681055
  },
  "S18": {
    "x": -0.1450271899136028,
    "y": 0.8996030178547476,
    "z": -0.41192417318287394
  },
  "S21": {
    "x": 0.4916879798784501,
    "y": 0.8383202522751019,
    "z": 0.23550389607914876
  },
  "S22": {
    "x": -0.4278438217378528,
    "y": 0.8621068667595857,
    "z": 0.27151687698321486
  },
  "S25": {
    "x": 0.22913600410679114,
    "y": 0.9005861277811941,
    "z": -0.36937963949038555
  },
  "S26": {
    "x": 0.26385607282149104,
    "y": 0.8095547904917823,
    "z": 0.5244053909210189
  },
  "S27": {
    "x": -0.19756427875789215,
    "y": -0.9685423779501342,
    "z": -0.15130769271115577
  },
  "S28": {
    "x": 0.48666359236133266,
    "y": -0.8732249505982224,
    "z": -0.025233579268400714
  },
  "S29": {
    "x": -0.4837023030455012,
    "y": -0.7956066925224536,
    "z": 0.36474932877520133
  },
  "S35": {
    "x": -0.39597299801065106,
    "y": -0.8237793692297812,
    "z": -0.4057005492698288
  },
  "S37": {
    "x": 0.309445790044262,
    "y": -0.8907367642933371,
    "z": 0.3329133817678681
  },
  "S38": {
    "x": -0.5665373884802553,
    "y": -0.8207187866765008,
    "z": -0.07386515179856291
  },
  "S39": {
    "x": 0.35045438899088127,
    "y": -0.8311331861186231,
    "z": -0.43173990801098566
  },
  "S40": {
    "x": -0.07226953362821072,
    "y": -0.8870462982325206,
    "z": 0.45598901225922434
  },
  "S41": {
    "x": -0.009148538217572976,
    "y": -0.9202685078660185,
    "z": -0.39118049245653014
  },
  "S42": {
    "x": 0.17696366296371593,
    "y": -0.9751364386059664,
    "z": -0.13338961014013306
  },
  "S45": {
    "x": -0.28319655055536547,
    "y": -0.9491914519614517,
    "z": 0.13724176214568712
  },
  "S51": {
    "x": -0.07567188232398603,
    "y": -0.7342439026786577,
    "z": -0.6746552138720625
  },
  "S52": {
    "x": 0.03736640336509595,
    "y": -0.9905972737996863,
    "z": 0.13160848392176783
  }
}