{
  "S1": {
    "x": -0.00013897777118157453,
    "y": 0.9897624678085635,
    "z": -0.14272434271238213
  },
  "S3": {
    "x": -0.30937184699701775,
    "y": 0.9427997690615965,
    "z": -0.12416785309835325
  },
  "S4": {
    "x": -0.008011757830580604,
    "y": 0.9018621825702724,
    "z": -0.4319495518993493
  },
  "S5": {
    "x": -0.03683639807170324,
    "y": 0.9801029099998226,
    "z": 0.19504195852939635
  },
  "S8": {
    "x": -0.30657243404158435,
    "y": 0.8542906016220608,
    "z": -0.4197629219762458
  },
  "S10": {
    "x": 0.328010750377491,
    "y": 0.8875644838407821,
    "z": -0.32347833723642333
  },
  "S11": {
    "x": -0.37302021471049407,
    "y": 0.9023942741522324,
    "z": 0.21573245790701567
  },
  "S12": {
    "x": -0.13807514954601646,
    "y": 0.7000476767696947,
    "z": -0.7006200848728206
  },
  "S13": {
    "x": 0.30410909460408403,
    "y": 0.9516953227200885,
    "z": 0.04235175665531322
  },
  "S15": {
    "x": -0.6129691491078451,
    "y": 0.7896009139078564,
    "z": -0.028270461578871014
  },
  "S18": {
    "x": 0.2121523451029689,
    "y": 0.7343851998873668,
    "z": -0.6447245618507979
  },
  "S22": {
    "x": 0.16006911104081395,
    "y": -0.703229639407207,
    "z": 0.6927091409457604
  },
  "S23": {
    "x": -0.5962894290707679,
    "y": 0.7216304630285986,
    "z": -0.3516936047294405
  },
  "S26": {
    "x": 0.608767859770721,
    "y": -0.7272264532187659,
    "z": 0.31708575913943204
  },
  "S28": {
    "x": -0.16739323851142668,
    "y": -0.732640785047965,
    "z": 0.6597097723885541
  },
  "S29": {
    "x": -0.4712441677818643,
    "y": 0.5889037706013418,
    "z": -0.6565982662961426
  },
  "S37": {
    "x": 0.4899553174731127,
    "y": -0.5874243112575458,
    "z": 0.6441090477732938
  },
  "S38": {
    "x": -0.37336406176515047,
    "y": -0.8446669483164487,
    "z": 0.383584441556232
  },
  "S39": {
    "x": 0.613332191151142,
    "y": -0.7876202706326798,
    "z": -0.05897399923901474
  },
  "S40": {
    "x": 0.29304613290460974,
    "y": -0.8513602416053732,
    "z": 0.4350973488810226
  },
  "S41": {
    "x": -0.25267639348006565,
    "y": -0.9634040700221341,
    "z": 0.08948317184082127
  },
  "S42": {
    "x": 0.2794207424870322,
    "y": -0.941330303268747,
    "z": -0.18926518120342284
  },
  "S45": {
    "x": -0.010080536616945834,
    "y": -0.917860224349158,
    "z": 0.3967757443937668
  },
  "S51": {
    "x": -0.09770778795784263,
    "y": -0.9658267291554917,
    "z": -0.24006648541849723
  },
  "S52": {
    "x": 0.36329579094451975,
    "y": -0.9195240632855363,
    "z": 0.1499722151628527
  },
  "S53": {
    "x": 0.07311940575256703,
    "y": -0.9916989936103666,
    "z": 0.10576700135003207
  }
}