{
  "S1": {
    "x": 0.10446092358398652,
    "y": 0.9916302685721019,
    "z": -0.07587704458926711
  },
  "S3": {
    "x": -0.5005262263147862,
    "y": 0.7810003711196278,
    "z": 0.373512940983419
  },
  "S4": {
    "x": 0.09054761941906281,
    "y": 0.6544657333383156,
    "z": -0.750650206490001
  },
  "S5": {
    "x": 0.20709595167674494,
    "y": 0.7614624026074615,
    "z": 0.6142363357978553
  },
  "S8": {
    "x": -0.5534066983583537,
    "y": 0.7518752937715041,
    "z": -0.3583637381601559
  },
  "S10": {
    "x": 0.705260583003948,
    "y": 0.6373506210624229,
    "z": -0.31047012077215314
  },
  "S11": {
    "x": -0.2477087863900139,
    "y": 0.26487217778504235,
    "z": 0.9319243996057811
  },
  "S12": {
    "x": -0.40116238101268265,
    "y": 0.15685868664283378,
    "z": -0.9024766459498663
  },
  "S13": {
    "x": 0.8035293737568454,
    "y": 0.47565683028609396,
    "z": 0.3578982052373522
  },
  "S18": {
    "x": -0.8916045204095397,
    "y": 0.21435696613229838,
    "z": 0.39886397462773077
  },
  "S22": {
    "x": 0.5244081792859103,
    "y": 0.09133471876920408,
    "z": -0.8465542101043423
  },
  "S26": {
    "x": 0.47299801153852683,
    "y": 0.08494700134695445,
    "z": 0.8769588861758344
  },
  "S28": {
    "x": -0.9264858761688171,
    "y": 0.16095345513648035,
    "z": -0.3401733477792287
  },
  "S29": {
    "x": 0.9580084613005627,
    "y": -0.04776168696611865,
    "z": -0.2827341672572996
  },
  "S37": {
    "x": -0.5415178646789964,
    "y": -0.3457549160519767,
    "z": 0.7662975533429495
  },
  "S38": {
    "x": 0.052528424842161685,
    "y": -0.4141603975822322,
    "z": -0.9086869260961823
  },
  "S39": {
    "x": 0.84945976087014,
    "y": -0.36618489452064984,
    "z": 0.3799035899900728
  },
  "S40": {
    "x": -0.8751374293910957,
    "y": -0.47428565620072155,
    "z": 0.09585194834219915
  },
  "S41": {
    "x": 0.6287444227410308,
    "y": -0.6448439102562149,
    "z": -0.4345765551401992
  },
  "S42": {
    "x": 0.1845527309037415,
    "y": -0.5442567738593982,
    "z": 0.8183671875290034
  },
  "S45": {
    "x": -0.6439966450775103,
    "y": -0.49247005273861605,
    "z": -0.5854413448711457
  },
  "S51": {
    "x": 0.35270173906251023,
    "y": -0.9172597193151841,
    "z": 0.18502997212373606
  },
  "S52": {
    "x": -0.3384699249296503,
    "y": -0.885341725506156,
    "z": 0.3187603159050689
  },
  "S53": {
    "x": -0.1101216860798381,
    "y": -0.9150746247743637,
    "z": -0.3879583036216533
  }
}