{
  "S1": {
    "x": -0.1047936860503613,
    "y": 0.9933805762871073,
    "z": 0.047045871439193754
  },
  "S3": {
    "x": -0.3901443926960139,
    "y": 0.7770928311763953,
    "z": 0.49387658841264465
  },
  "S8": {
    "x": -0.021599650907226438,
    "y": 0.951348400616822,
    "z": -0.30735919658357447
  },
  "S10": {
    "x": -0.10066126099468446,
    "y": 0.9202430740264688,
    "z": 0.3781798451018712
  },
  "S11": {
    "x": -0.4036096527823535,
    "y": 0.9020685930368116,
    "z": 0.15287740721733606
  },
  "S12": {
    "x": 0.256508049471812,
    "y": 0.9644822062787884,
    "z": 0.06306896485409516
  },
  "S13": {
    "x": -0.3376349427780523,
    "y": 0.5251629905067161,
    "z": 0.7811571409244779
  },
  "S15": {
    "x": -0.4072056058528675,
    "y": 0.885720313937738,
    "z": -0.22289710639672744
  },
  "S18": {
    "x": 0.27522433093234355,
    "y": 0.8539515126502278,
    "z": 0.4416088560086079
  },
  "S22": {
    "x": -0.6594878396200307,
    "y": 0.7133119514339133,
    "z": 0.2371958037884458
  },
  "S23": {
    "x": 0.4373725088958919,
    "y": -0.6623678791752519,
    "z": -0.6082549474513068
  },
  "S26": {
    "x": -0.013307219013829313,
    "y": 0.7312086182681112,
    "z": 0.6820241011082802
  },
  "S28": {
    "x": -0.7243713023602615,
    "y": 0.677266051915488,
    "z": -0.12882899999497835
  },
  "S29": {
    "x": 0.6903505946601228,
    "y": -0.6404311015023422,
    "z": -0.3365472636657615
  },
  "S37": {
    "x": -0.7161742498215408,
    "y": 0.4820236157106831,
    "z": 0.5047253488678306
  },
  "S38": {
    "x": 0.024573559601388625,
    "y": -0.7309956001376394,
    "z": -0.6819395667857449
  },
  "S39": {
    "x": 0.6220589158698714,
    "y": -0.7796876858917446,
    "z": 0.07162274537866228
  },
  "S40": {
    "x": -0.09253784875361395,
    "y": -0.9953031902727586,
    "z": 0.0284307224832997
  },
  "S41": {
    "x": 0.22611186586432633,
    "y": -0.8650760510675809,
    "z": -0.4477910785005359
  },
  "S42": {
    "x": 0.2956074193353291,
    "y": -0.9425311662670199,
    "z": 0.1557281421235033
  },
  "S45": {
    "x": -0.13197978569822574,
    "y": -0.9215927010914575,
    "z": -0.36503181979383903
  },
  "S51": {
    "x": 0.4615263939985718,
    "y": -0.8575988892464588,
    "z": -0.22697474045786506
  },
  "S53": {
    "x": 0.1686200758072886,
    "y": -0.9728527663722034,
    "z": -0.15850793354496537
  }
}