{
  "S1": {
    "x": 0.14497397438918194,
    "y": 0.9891587821211149,
    "z": -0.02339766019236923
  },
  "S3": {
    "x": -0.4495611683687043,
    "y": 0.818982204117002,
    "z": 0.3565990819318284
  },
  "S8": {
    "x": 0.05771657242192635,
    "y": 0.733801788810857,
    "z": -0.6769074766951912
  },
  "S10": {
    "x": 0.4265249131397851,
    "y": 0.6891153178229333,
    "z": 0.5858298193271628
  },
  "S11": {
    "x": -0.7157649106603513,
    "y": 0.6347649130621842,
    "z": -0.29112557052333465
  },
  "S12": {
    "x": 0.7617674523230329,
    "y": 0.5757337216453059,
    "z": -0.2970539182399739
  },
  "S13": {
    "x": -0.21293313890460294,
    "y": 0.4018028495903122,
    "z": 0.8906255938481321
  },
  "S18": {
    "x": -0.43539469533033226,
    "y": 0.24240110319151112,
    "z": -0.8669908675699793
  },
  "S21": {
    "x": 0.9031431290053565,
    "y": 0.18901250620411594,
    "z": 0.38549547471903334
  },
  "S22": {
    "x": -0.9363975620037157,
    "y": 0.16873954060815316,
    "z": 0.3077118348534009
  },
  "S23": {
    "x": 0.4874553048687103,
    "y": 0.09828297934908198,
    "z": -0.8675988599148923
  },
  "S25": {
    "x": 0.36238179325759484,
    "y": -0.09273453502172668,
    "z": 0.9274048425200905
  },
  "S26": {
    "x": -0.8879971603117666,
    "y": -0.17562906699402514,
    "z": -0.4249887929169978
  },
  "S27": {
    "x": 0.9458000198218667,
    "y": -0.19506580284603864,
    "z": -0.25963754556109
  },
  "S28": {
    "x": -0.5397994265137052,
    "y": -0.23900915690699184,
    "z": 0.8071500492783754
  },
  "S29": {
    "x": -0.08790033480161047,
    "y": -0.3855436816172333,
    "z": -0.9184931141313986
  },
  "S35": {
    "x": 0.7110572715922283,
    "y": -0.5799204000149838,
    "z": 0.39760518880200396
  },
  "S37": {
    "x": -0.7417285195879812,
    "y": -0.6412501801213893,
    "z": 0.19656299174592196
  },
  "S38": {
    "x": 0.4987414770577974,
    "y": -0.6904524043740644,
    "z": -0.52395841090327
  },
  "S39": {
    "x": -0.028425471751315986,
    "y": -0.733773209910816,
    "z": 0.6787995793847347
  },
  "S51": {
    "x": -0.39304601127044153,
    "y": -0.8153174180159561,
    "z": -0.4251733069045972
  },
  "S52": {
    "x": 0.1312320879467368,
    "y": -0.9905681431611377,
    "z": 0.03940676144312493
  }
}