{
  "S1": {
    "x": 0.08797958293063475,
    "y": 0.9951631937509976,
    "z": -0.04370138202238184
  },
  "S3": {
    "x": -0.46754021758784264,
    "y": 0.7645795996843108,
    "z": 0.4436487131554558
  },
  "S4": {
    "x": 0.034521436919290036,
    "y": 0.6741445618839399,
    "z": -0.737792233677841
  },
  "S5": {
    "x": 0.22883699097280794,
    "y": 0.7292714081597174,
    "z": 0.6448231112508717
  },
  "S8": {
    "x": -0.576955801120565,
    "y": 0.7580117795538746,
    "z": -0.3042041183332258
  },
  "S10": {
    "x": 0.6684543393143024,
    "y": 0.6585768969801877,
    "z": -0.3456085459241809
  },
  "S11": {
    "x": -0.20574433790166619,
    "y": 0.21246381501374503,
    "z": 0.955263521093112
  },
  "S12": {
    "x": -0.38117146500893534,
    "y": 0.13731635899294975,
    "z": -0.9142497097707286
  },
  "S13": {
    "x": 0.8061858587496888,
    "y": 0.500920976444899,
    "z": 0.31486907836355643
  },
  "S18": {
    "x": -0.8977416858710975,
    "y": 0.2504660370684766,
    "z": 0.3623901622899447
  },
  "S22": {
    "x": 0.5088623080131035,
    "y": 0.11133022647451875,
    "z": -0.8536186104793577
  },
  "S26": {
    "x": 0.5396649437589771,
    "y": 0.05933918705001766,
    "z": 0.8397860497518778
  },
  "S28": {
    "x": -0.910942470279486,
    "y": 0.15358254106517463,
    "z": -0.382878856717202
  },
  "S29": {
    "x": 0.9551517664472934,
    "y": -0.02179568580227008,
    "z": -0.29531347942995084
  },
  "S37": {
    "x": -0.6026413328373125,
    "y": -0.31357841606102543,
    "z": 0.7338201420898218
  },
  "S38": {
    "x": 0.09277301616214831,
    "y": -0.43409226589259425,
    "z": -0.8960787198479891
  },
  "S39": {
    "x": 0.8528392193568586,
    "y": -0.3836970873282658,
    "z": 0.35417765471947715
  },
  "S40": {
    "x": -0.8860378975275683,
    "y": -0.46001715384213515,
    "z": 0.05762865880712312
  },
  "S41": {
    "x": 0.646721932042066,
    "y": -0.6471596042190544,
    "z": -0.403652312371445
  },
  "S42": {
    "x": 0.1457213102306572,
    "y": -0.5286321567355451,
    "z": 0.8362495695722579
  },
  "S45": {
    "x": -0.6118723748434326,
    "y": -0.5115262605477742,
    "z": -0.6032852407223871
  },
  "S51": {
    "x": 0.3288962719473261,
    "y": -0.9170998258952833,
    "z": 0.22528904021720955
  },
  "S52": {
    "x": -0.3668663949038406,
    "y": -0.8718801401384781,
    "z": 0.32439801097165627
  },
  "S53": {
    "x": -0.08977833983235232,
    "y": -0.9254150708934034,
    "z": -0.36816680494078213
  }
}