{
  "S1": {
    "x": 0.25597636877196434,
    "y": 0.9615774272966651,
    "z": -0.09922172112922578
  },
  "S3": {
    "x": -0.43176764401342094,
    "y": 0.8762127949915,
    "z": 0.21407437837416107
  },
  "S8": {
    "x": -0.17493033522832047,
    "y": 0.7350711426966714,
    "z": -0.6550341922308464
  },
  "S10": {
    "x": 0.46442902106999895,
    "y": 0.6635738759084553,
    "z": 0.5864941564924518
  },
  "S11": {
    "x": -0.8063146149636855,
    "y": 0.5013124720029847,
    "z": -0.3139148723941255
  },
  "S12": {
    "x": 0.8337744405263713,
    "y": 0.5313430048041827,
    "z": -0.14998264423125304
  },
  "S13": {
    "x": -0.20784281075317942,
    "y": 0.5249061444040836,
    "z": 0.8253937881914654
  },
  "S18": {
    "x": -0.44179167047572526,
    "y": 0.06025783199924707,
    "z": -0.8950916788692757
  },
  "S22": {
    "x": 0.9030802935995877,
    "y": 0.04328430201507334,
    "z": 0.4272849781014426
  },
  "S23": {
    "x": -0.893551691666695,
    "y": 0.21118579789257538,
    "z": 0.39618926422615725
  },
  "S25": {
    "x": 0.4497408091210989,
    "y": 0.3786910671439097,
    "z": -0.8089043702913874
  },
  "S26": {
    "x": 0.32594143826810473,
    "y": -0.0626538859684203,
    "z": 0.9433115441850457
  },
  "S27": {
    "x": -0.9205903472265736,
    "y": -0.23037137236091318,
    "z": -0.3153449593537308
  },
  "S28": {
    "x": 0.9062924585564448,
    "y": -0.16385116453575693,
    "z": -0.3895982231016857
  },
  "S29": {
    "x": -0.47831353898749557,
    "y": -0.23693676047071494,
    "z": 0.8456223329352772
  },
  "S35": {
    "x": 0.22829820930395633,
    "y": -0.3141220336304176,
    "z": -0.9215244302873894
  },
  "S36": {
    "x": 0.6858442762934124,
    "y": -0.6493111285774031,
    "z": 0.32865283656330185
  },
  "S37": {
    "x": -0.7256600975279073,
    "y": -0.6430450895007518,
    "z": 0.24476608368962835
  },
  "S38": {
    "x": 0.49439320265518044,
    "y": -0.776804254105919,
    "z": -0.39006475356189324
  },
  "S39": {
    "x": 0.043948722503218206,
    "y": -0.7248804440257068,
    "z": 0.6874713460642774
  },
  "S51": {
    "x": -0.361609191659688,
    "y": -0.6956573540142931,
    "z": -0.6207250907713168
  },
  "S52": {
    "x": -0.09114532633847218,
    "y": -0.9956862155135306,
    "z": 0.017363459419033604
  }
}