{
  "S1": {
    "x": -0.0862247738606752,
    "y": 0.9877090286446579,
    "z": 0.13036933345883847
  },
  "S3": {
    "x": -0.42218398409299307,
    "y": 0.9024502685616129,
    "z": 0.08569828672989951
  },
  "S8": {
    "x": -0.21822498768752693,
    "y": 0.9598557029922365,
    "z": -0.17622396029501186
  },
  "S10": {
    "x": 0.17021100977532103,
    "y": 0.8997151980167327,
    "z": 0.4019213537608786
  },
  "S11": {
    "x": -0.5523379403421712,
    "y": 0.7800054672402758,
    "z": -0.29413308337187655
  },
  "S12": {
    "x": 0.1193062697007306,
    "y": 0.9345410045628761,
    "z": -0.33525978703194736
  },
  "S13": {
    "x": -0.20389299981080314,
    "y": 0.8583766227817955,
    "z": 0.4707623796459005
  },
  "S18": {
    "x": -0.2321396385265325,
    "y": 0.8218528577026384,
    "z": -0.5202586553924672
  },
  "S22": {
    "x": 0.24903150029805177,
    "y": 0.9684658784510629,
    "z": 0.0075600354041705465
  },
  "S23": {
    "x": -0.5418636254672017,
    "y": 0.7410820824777294,
    "z": 0.3964607905279058
  },
  "S25": {
    "x": 0.3226416284213624,
    "y": -0.8380564858207606,
    "z": -0.439958755093439
  },
  "S26": {
    "x": 0.36084084422231405,
    "y": -0.8607105693427838,
    "z": 0.35912560610815336
  },
  "S27": {
    "x": -0.7157036253547393,
    "y": 0.6975732833361343,
    "z": 0.034056350798762236
  },
  "S28": {
    "x": 0.6340160300965402,
    "y": -0.7272513415263343,
    "z": -0.2629242473199651
  },
  "S29": {
    "x": -0.25274962144148194,
    "y": -0.9665944241921537,
    "z": -0.04257755255796728
  },
  "S35": {
    "x": 0.1360674184299155,
    "y": -0.9751500061049273,
    "z": -0.17483741943696887
  },
  "S37": {
    "x": 0.6695113078550748,
    "y": -0.722438212239139,
    "z": 0.17273574659260346
  },
  "S38": {
    "x": -0.08400721660111575,
    "y": -0.8978783068024786,
    "z": -0.43215429389564936
  },
  "S39": {
    "x": 0.4153847342632061,
    "y": -0.9094951988988821,
    "z": -0.01655311816452424
  },
  "S51": {
    "x": -0.03819804648135984,
    "y": -0.8943613722321097,
    "z": 0.4457113921632537
  },
  "S52": {
    "x": 0.08769424011991578,
    "y": -0.9864280169943865,
    "z": 0.13881457970369188
  }
}