{
  "S1": {
    "x": 0.2256203181579018,
    "y": 0.9709970077979949,
    "z": -0.07912194943040544
  },
  "S3": {
    "x": -0.44122745885898984,
    "y": 0.8168410574931144,
    "z": 0.37160330507460376
  },
  "S4": {
    "x": 0.25128244336277755,
    "y": 0.6723396296734165,
    "z": -0.6962876963068109
  },
  "S5": {
    "x": 0.1916193578513749,
    "y": 0.7827819068761772,
    "z": 0.5920595476503377
  },
  "S8": {
    "x": -0.47687084474735625,
    "y": 0.8245559794038165,
    "z": -0.30446943074692384
  },
  "S10": {
    "x": 0.8016421880891632,
    "y": 0.47928119952327525,
    "z": -0.3572944640757103
  },
  "S11": {
    "x": -0.3083032184207455,
    "y": 0.31553690652271243,
    "z": 0.8974327752726033
  },
  "S12": {
    "x": -0.3676121948854007,
    "y": 0.40279244673304127,
    "z": -0.8382240267531995
  },
  "S13": {
    "x": 0.7734972562906294,
    "y": 0.5322440367591874,
    "z": 0.34411957201698523
  },
  "S15": {
    "x": -0.8938955128226312,
    "y": 0.3459182108697818,
    "z": 0.28511647364579623
  },
  "S18": {
    "x": 0.20700907446187952,
    "y": 0.016928920503594992,
    "z": -0.9781925448197911
  },
  "S22": {
    "x": 0.4112116785830227,
    "y": 0.19710183417950233,
    "z": 0.8899751807550641
  },
  "S23": {
    "x": -0.8935267962735828,
    "y": 0.19604915161968842,
    "z": -0.4039487523068585
  },
  "S26": {
    "x": 0.9936603989887508,
    "y": -0.09358679251833202,
    "z": 0.06229384999859545
  },
  "S28": {
    "x": -0.6743100922526208,
    "y": -0.219291694513633,
    "z": 0.7051361940813998
  },
  "S29": {
    "x": -0.5261572858565201,
    "y": -0.2661181126114887,
    "z": -0.8076754674250043
  },
  "S37": {
    "x": 0.700626724477978,
    "y": -0.33026092083163217,
    "z": 0.6324949937499125
  },
  "S38": {
    "x": -0.9385976704716427,
    "y": -0.33956201959548465,
    "z": 0.06109048889509175
  },
  "S39": {
    "x": 0.756077387682671,
    "y": -0.1692655486870149,
    "z": -0.632215278099661
  },
  "S40": {
    "x": -0.015021639760726983,
    "y": -0.40204792634715586,
    "z": 0.9154953933575258
  },
  "S41": {
    "x": -0.5735606767871216,
    "y": -0.7407612509461335,
    "z": -0.3497154831290979
  },
  "S42": {
    "x": 0.693304163272224,
    "y": -0.69940749317693,
    "z": -0.1736620156435016
  },
  "S45": {
    "x": -0.4263882034521914,
    "y": -0.8137438209636694,
    "z": 0.394986194442616
  },
  "S51": {
    "x": 0.12047932653588944,
    "y": -0.6469444870393531,
    "z": -0.7529592037865311
  },
  "S52": {
    "x": 0.3116917336134568,
    "y": -0.8392551270925456,
    "z": 0.4455323723882621
  },
  "S53": {
    "x": 0.03538967612310299,
    "y": -0.9870684271013273,
    "z": -0.15634414297828184
  }
}