{
  "S1": {
    "x": 0.47465472589141167,
    "y": 0.8776932885093189,
    "z": -0.06601047261341497
  },
  "S3": {
    "x": -0.15004184116675073,
    "y": 0.9395695313541447,
    "z": 0.30772803195393933
  },
  "S4": {
    "x": -0.07127493697443059,
    "y": 0.8878598169344923,
    "z": -0.454560038754333
  },
  "S5": {
    "x": 0.4042877379660121,
    "y": 0.573038781579161,
    "z": 0.7128660321102385
  },
  "S8": {
    "x": -0.6753737362914068,
    "y": 0.6349423859721581,
    "z": -0.37512462305714883
  },
  "S10": {
    "x": 0.7586639823935315,
    "y": 0.3666784582550687,
    "z": -0.5384940761702707
  },
  "S11": {
    "x": -0.29443468377782916,
    "y": 0.42238887302003836,
    "z": 0.8572606703550045
  },
  "S12": {
    "x": -0.5867466338392227,
    "y": 0.10800661075484164,
    "z": -0.8025353323758357
  },
  "S13": {
    "x": 0.8901937064599114,
    "y": 0.41037895177117484,
    "z": 0.19784913677435334
  },
  "S18": {
    "x": -0.7578906638975752,
    "y": 0.5820122307563688,
    "z": 0.29472615226153254
  },
  "S22": {
    "x": 0.1501924248288418,
    "y": 0.4274492177489677,
    "z": -0.8914759681392587
  },
  "S23": {
    "x": 0.1194402972805278,
    "y": -0.10817961923196952,
    "z": 0.9869301826210228
  },
  "S26": {
    "x": -0.9869017075759242,
    "y": -0.004306476822466497,
    "z": -0.1612652282455905
  },
  "S28": {
    "x": 0.9672643539469953,
    "y": -0.24269617367912946,
    "z": -0.07415009686447992
  },
  "S29": {
    "x": -0.7879905831831236,
    "y": -0.043267849043703954,
    "z": 0.614165070688534
  },
  "S37": {
    "x": -0.006013116835235338,
    "y": -0.23083336878488525,
    "z": -0.9729747161572838
  },
  "S38": {
    "x": 0.7559273113930678,
    "y": -0.13862898245875135,
    "z": 0.6398092724496098
  },
  "S39": {
    "x": -0.7799492801846142,
    "y": -0.613316794532732,
    "z": 0.12458583339849191
  },
  "S40": {
    "x": 0.6373982603274732,
    "y": -0.32316086947191763,
    "z": -0.6994930379736921
  },
  "S41": {
    "x": -0.3493247139941158,
    "y": -0.5894864395343223,
    "z": 0.7283391941932529
  },
  "S42": {
    "x": -0.5910873653419575,
    "y": -0.5869667805678008,
    "z": -0.5532501468982852
  },
  "S45": {
    "x": 0.5870430327682199,
    "y": -0.8084952675142222,
    "z": -0.041423182946227814
  },
  "S51": {
    "x": -0.15456252281995622,
    "y": -0.9845620927368608,
    "z": 0.08214567599784971
  },
  "S52": {
    "x": 0.09072912963526146,
    "y": -0.8221117745725766,
    "z": -0.5620502247528749
  },
  "S53": {
    "x": 0.34852395672844094,
    "y": -0.720446926789096,
    "z": 0.5995725788146908
  }
}