{
  "S1": {
    "x": 0.3060031013990653,
    "y": 0.950447543553393,
    "z": -0.05487776314204629
  },
  "S3": {
    "x": -0.4001791201488425,
    "y": 0.8476486514268721,
    "z": 0.3483510234391499
  },
  "S4": {
    "x": 0.011496573000975239,
    "y": 0.7719266693780453,
    "z": -0.6356076194572807
  },
  "S5": {
    "x": 0.2048433617237826,
    "y": 0.7471395228451361,
    "z": 0.6323145819609426
  },
  "S8": {
    "x": -0.580983518286041,
    "y": 0.7631383783418367,
    "z": -0.2829805063635393
  },
  "S10": {
    "x": 0.7669127448096086,
    "y": 0.45945181129470003,
    "z": -0.44805008084656267
  },
  "S11": {
    "x": -0.3047357519674933,
    "y": 0.2592283933323386,
    "z": 0.9164806389461486
  },
  "S12": {
    "x": -0.4706864241632032,
    "y": 0.2195564168236783,
    "z": -0.8545462362798193
  },
  "S13": {
    "x": 0.8277994926031379,
    "y": 0.4913504589773033,
    "z": 0.27078169529859475
  },
  "S18": {
    "x": -0.8486144307845598,
    "y": 0.2936786793170035,
    "z": 0.4400072512798148
  },
  "S22": {
    "x": 0.31025664890974664,
    "y": 0.2271435006401281,
    "z": -0.9231178916716121
  },
  "S25": {
    "x": 0.4930309817161899,
    "y": 0.18300141015120253,
    "z": 0.8505474325107575
  },
  "S26": {
    "x": -0.9393584746181965,
    "y": 0.18002879731460955,
    "z": -0.29188231926656727
  },
  "S28": {
    "x": 0.9898971296537694,
    "y": -0.12715115575601635,
    "z": -0.06273959111388665
  },
  "S29": {
    "x": -0.5702069114207529,
    "y": -0.43238029319118704,
    "z": 0.6985065212493787
  },
  "S37": {
    "x": -0.025824798495342846,
    "y": -0.37635528810425706,
    "z": -0.9261154230972707
  },
  "S38": {
    "x": 0.7347316821114223,
    "y": -0.3912117908126992,
    "z": 0.5541865119531878
  },
  "S39": {
    "x": -0.9144258229191289,
    "y": -0.3908003297614273,
    "z": 0.10535898935085389
  },
  "S40": {
    "x": 0.6707661807019213,
    "y": -0.35750383744527947,
    "z": -0.649818233845786
  },
  "S41": {
    "x": 0.07918632348961516,
    "y": -0.3806530451997504,
    "z": 0.9213212172485528
  },
  "S42": {
    "x": -0.6549011863180463,
    "y": -0.46914571142951045,
    "z": -0.5924582159161219
  },
  "S45": {
    "x": 0.6145525402908644,
    "y": -0.7887477746216486,
    "z": -0.014217005712970944
  },
  "S51": {
    "x": -0.4306276762779828,
    "y": -0.9014924398931451,
    "z": -0.04325719869488667
  },
  "S52": {
    "x": 0.10088351188585178,
    "y": -0.8801768251714268,
    "z": -0.46380089851220097
  },
  "S53": {
    "x": 0.06669391288287783,
    "y": -0.8934525863991241,
    "z": 0.44417834013050084
  }
}