{
  "S1": {
    "x": 0.3581517680297035,
    "y": 0.9336076295876526,
    "z": 0.010203187390314287
  },
  "S3": {
    "x": -0.3113061131157039,
    "y": 0.9006243665624304,
    "z": 0.3032560869806466
  },
  "S4": {
    "x": -0.00838912391539607,
    "y": 0.8162883583780544,
    "z": -0.577583706986609
  },
  "S5": {
    "x": 0.29498214399985595,
    "y": 0.6717297511154199,
    "z": 0.6795326895651631
  },
  "S8": {
    "x": -0.6393453255013692,
    "y": 0.7151828314232985,
    "z": -0.282402323639346
  },
  "S10": {
    "x": 0.7314569606377881,
    "y": 0.5351629824857954,
    "z": -0.4225769715820272
  },
  "S11": {
    "x": -0.35702981496208497,
    "y": 0.36282699292204135,
    "z": 0.860747514916708
  },
  "S12": {
    "x": -0.41313605783139484,
    "y": 0.2504892430590147,
    "z": -0.8755419674871423
  },
  "S13": {
    "x": 0.8573148559256978,
    "y": 0.3922791121888734,
    "z": 0.33335916958951256
  },
  "S18": {
    "x": -0.8660016794451975,
    "y": 0.3751687805915167,
    "z": 0.3305895903799328
  },
  "S22": {
    "x": 0.33566703061138753,
    "y": 0.24477095774707933,
    "z": -0.9096234511071661
  },
  "S23": {
    "x": 0.29795418331578183,
    "y": 0.04187627393993813,
    "z": 0.9536611989200006
  },
  "S26": {
    "x": -0.9041499721565938,
    "y": 0.07193797936042066,
    "z": -0.42111489521836004
  },
  "S28": {
    "x": 0.9743962027095128,
    "y": -0.0635885660056856,
    "z": -0.21565837432991689
  },
  "S29": {
    "x": -0.6188575063655521,
    "y": -0.27636210688128376,
    "z": 0.7352818321535958
  },
  "S37": {
    "x": -0.08780603351485915,
    "y": -0.37078050468392376,
    "z": -0.9245603916590426
  },
  "S38": {
    "x": 0.7666241801196723,
    "y": -0.3037305732005844,
    "z": 0.565716453145111
  },
  "S39": {
    "x": -0.9307925258383101,
    "y": -0.3445397412291797,
    "z": 0.12213779332077644
  },
  "S40": {
    "x": 0.5791562124183445,
    "y": -0.40966538700971017,
    "z": -0.7048066063136907
  },
  "S41": {
    "x": -0.016624001162166793,
    "y": -0.551240146191604,
    "z": 0.8341810018287514
  },
  "S42": {
    "x": -0.6156604184122462,
    "y": -0.5966593877901459,
    "z": -0.5147424833471069
  },
  "S45": {
    "x": 0.7253371815097508,
    "y": -0.6864446569745684,
    "z": -0.05176587708672772
  },
  "S51": {
    "x": -0.44046740031219134,
    "y": -0.8838079793394876,
    "z": 0.15770835398948146
  },
  "S52": {
    "x": 0.06777555516026267,
    "y": -0.9122444563647947,
    "z": -0.4040006509331618
  },
  "S53": {
    "x": 0.24430533627450113,
    "y": -0.9069071491903791,
    "z": 0.3432700473609409
  }
}