{
  "S1": {
    "x": 0.13898532046315917,
    "y": 0.9830728785504664,
    "z": 0.11937669853976145
  },
  "S3": {
    "x": -0.16810696724068802,
    "y": 0.9137771214514816,
    "z": 0.36979916154175113
  },
  "S8": {
    "x": -0.22378833938114667,
    "y": 0.9742462127210212,
    "z": 0.027624195115427234
  },
  "S10": {
    "x": 0.13273262357572926,
    "y": 0.8539889937352767,
    "z": 0.5030753911867618
  },
  "S11": {
    "x": -0.5055333592781321,
    "y": 0.820391383151341,
    "z": 0.267196558937417
  },
  "S12": {
    "x": 0.4292649248047496,
    "y": 0.8491128640183837,
    "z": 0.30779695984669847
  },
  "S13": {
    "x": -0.13591779145607102,
    "y": 0.7478932410726287,
    "z": 0.6497553800651309
  },
  "S15": {
    "x": -0.24216000637501556,
    "y": -0.5654725284178491,
    "z": -0.7884157221397715
  },
  "S18": {
    "x": 0.3987059544868039,
    "y": 0.6500996995384044,
    "z": 0.6468415126728052
  },
  "S22": {
    "x": -0.47260436258658733,
    "y": 0.6618043381007068,
    "z": 0.5819451301756987
  },
  "S23": {
    "x": 0.4495604405551136,
    "y": -0.5615401159992797,
    "z": -0.6946712232498246
  },
  "S26": {
    "x": 0.10504785319998422,
    "y": 0.5519206804534967,
    "z": 0.827253595353821
  },
  "S28": {
    "x": -0.48868679862247894,
    "y": -0.7230788935391984,
    "z": -0.4882029563309109
  },
  "S29": {
    "x": 0.4923675921435016,
    "y": -0.7735157260380623,
    "z": -0.399058361369136
  },
  "S37": {
    "x": -0.2734049191019016,
    "y": 0.46203686277283446,
    "z": 0.8436656254997709
  },
  "S38": {
    "x": 0.10568208823897071,
    "y": -0.4610735456879655,
    "z": -0.881046242652551
  },
  "S39": {
    "x": 0.38754362551349997,
    "y": -0.9193753606867975,
    "z": -0.06751951189006787
  },
  "S40": {
    "x": -0.27189277725678285,
    "y": -0.9291213263207012,
    "z": -0.25061500085121546
  },
  "S41": {
    "x": 0.16388960766774197,
    "y": -0.7514273026881861,
    "z": -0.6391378609292918
  },
  "S45": {
    "x": -0.0034962885849852848,
    "y": -0.9994351915705368,
    "z": -0.033422654240728426
  },
  "S51": {
    "x": -0.14200949432003881,
    "y": -0.8138003579598949,
    "z": -0.5635266461377969
  },
  "S53": {
    "x": 0.1290219791048307,
    "y": -0.9241918488390513,
    "z": -0.3594756673925634
  }
}