{
  "S1": {
    "x": 0.2198105928745678,
    "y": 0.9723280046362178,
    "z": -0.07912998584785867
  },
  "S3": {
    "x": -0.4435889906435976,
    "y": 0.8149051035882181,
    "z": 0.37303951469739755
  },
  "S4": {
    "x": 0.2460737564541193,
    "y": 0.6753427307484682,
    "z": -0.6952408952368674
  },
  "S5": {
    "x": 0.18984231951345273,
    "y": 0.7829919436782168,
    "z": 0.5923542097906963
  },
  "S8": {
    "x": -0.48278533843500776,
    "y": 0.8211779030129122,
    "z": -0.3042781106085538
  },
  "S10": {
    "x": 0.7989773343699386,
    "y": 0.4794355429186848,
    "z": -0.3630107151991156
  },
  "S11": {
    "x": -0.3046371119063885,
    "y": 0.3153701216455467,
    "z": 0.8987424082698044
  },
  "S12": {
    "x": -0.368918292776553,
    "y": 0.40023560681577286,
    "z": -0.8388746940345999
  },
  "S13": {
    "x": 0.7714739584941848,
    "y": 0.5390773886185687,
    "z": 0.33796967385476734
  },
  "S15": {
    "x": -0.895303477674389,
    "y": 0.3447047557032969,
    "z": 0.28215299796329535
  },
  "S18": {
    "x": 0.21091640810815002,
    "y": 0.019161376203500398,
    "z": -0.977316279641726
  },
  "S22": {
    "x": 0.4180536008322819,
    "y": 0.19897050379488257,
    "z": 0.8863644427947083
  },
  "S23": {
    "x": -0.8939836430610799,
    "y": 0.1883036683676873,
    "z": -0.4066140361799035
  },
  "S26": {
    "x": 0.994049531742693,
    "y": -0.08794044620851395,
    "z": 0.06428068421213787
  },
  "S28": {
    "x": -0.6737481257722047,
    "y": -0.21642032150762533,
    "z": 0.7065590615489817
  },
  "S29": {
    "x": -0.5208053820674755,
    "y": -0.26967187451139807,
    "z": -0.8099622423959401
  },
  "S37": {
    "x": 0.7008248998508217,
    "y": -0.3320652512803938,
    "z": 0.6313296513242307
  },
  "S38": {
    "x": -0.9375853713352649,
    "y": -0.3418862460030415,
    "z": 0.06361970018839691
  },
  "S39": {
    "x": 0.7576804534095326,
    "y": -0.17238681359182972,
    "z": -0.6294466752797897
  },
  "S40": {
    "x": -0.01344567387598183,
    "y": -0.3989109874400819,
    "z": 0.9168910720219713
  },
  "S41": {
    "x": -0.5730727542263293,
    "y": -0.7413300775214644,
    "z": -0.3493097973511037
  },
  "S42": {
    "x": 0.6952014460687239,
    "y": -0.6988237036117704,
    "z": -0.16834601466706509
  },
  "S45": {
    "x": -0.426539965502343,
    "y": -0.812785813230159,
    "z": 0.3967907252457513
  },
  "S51": {
    "x": 0.12439454819764983,
    "y": -0.6472102758726673,
    "z": -0.7520936478813847
  },
  "S52": {
    "x": 0.30845636333216064,
    "y": -0.8395373120237591,
    "z": 0.4472491180984253
  },
  "S53": {
    "x": 0.036045823445787294,
    "y": -0.9870368606137931,
    "z": -0.15639352416830568
  }
}