{
  "S1": {
    "x": 0.38742854126999315,
    "y": 0.9207890775732169,
    "z": 0.04523936373635077
  },
  "S3": {
    "x": -0.3258189381813896,
    "y": 0.9058816997665914,
    "z": 0.27059261917196314
  },
  "S4": {
    "x": -0.0030236923181363082,
    "y": 0.8485749192698696,
    "z": -0.5290665966311798
  },
  "S5": {
    "x": 0.25460615934313174,
    "y": 0.6865667004955845,
    "z": 0.6810300062369836
  },
  "S8": {
    "x": -0.6743874920306488,
    "y": 0.6746335264096484,
    "z": -0.3001185026563573
  },
  "S10": {
    "x": 0.7413962985251824,
    "y": 0.5347247742847181,
    "z": -0.40546386312384947
  },
  "S11": {
    "x": -0.3589205805872659,
    "y": 0.36903988509401875,
    "z": 0.8573130000418129
  },
  "S12": {
    "x": -0.36480820572388545,
    "y": 0.30188809190017046,
    "z": -0.8807829204777947
  },
  "S13": {
    "x": 0.8485355026726171,
    "y": 0.3660984205531191,
    "z": 0.3820463940055454
  },
  "S18": {
    "x": -0.8688617955786897,
    "y": 0.37513545237549034,
    "z": 0.32303648796198153
  },
  "S22": {
    "x": 0.3469490566497181,
    "y": 0.265993247074336,
    "z": -0.8993741960945522
  },
  "S23": {
    "x": 0.33811395577525166,
    "y": 0.05161407108046508,
    "z": 0.9396887466477993
  },
  "S26": {
    "x": -0.869784967987283,
    "y": 0.011357097698926455,
    "z": -0.4933002389977307
  },
  "S28": {
    "x": 0.9802211702508385,
    "y": -0.06177155568298231,
    "z": -0.18801790420218242
  },
  "S29": {
    "x": -0.6160491679524218,
    "y": -0.264210882406565,
    "z": 0.7420754896121236
  },
  "S37": {
    "x": -0.14732811595276116,
    "y": -0.37155364255807694,
    "z": -0.9166473241937897
  },
  "S38": {
    "x": 0.762935531575101,
    "y": -0.36143954525602406,
    "z": 0.5359951770168614
  },
  "S39": {
    "x": -0.9427691155093734,
    "y": -0.3103347591538171,
    "z": 0.12197840834597068
  },
  "S40": {
    "x": 0.5583375052932054,
    "y": -0.3764519558183933,
    "z": -0.7392855707664434
  },
  "S41": {
    "x": 0.0024951712003765964,
    "y": -0.5298301002533354,
    "z": 0.8481001349995302
  },
  "S42": {
    "x": -0.6046177248742405,
    "y": -0.6579201803384519,
    "z": -0.44897488022306536
  },
  "S45": {
    "x": 0.7078974650499272,
    "y": -0.6957499784694395,
    "z": -0.12170927013034655
  },
  "S51": {
    "x": -0.45257450798011734,
    "y": -0.8574748573174024,
    "z": 0.2447716972916907
  },
  "S52": {
    "x": 0.06041210619706871,
    "y": -0.911041561615622,
    "z": -0.40786474526955957
  },
  "S53": {
    "x": 0.24095901282998744,
    "y": -0.9122392288629296,
    "z": 0.33129796778665194
  }
}