{
  "S1": {
    "x": 0.5733593720497888,
    "y": 0.7954392584206217,
    "z": -0.19630439792812393
  },
  "S2": {
    "x": -0.33791532773388794,
    "y": 0.9094556699250596,
    "z": 0.24228829052114811
  },
  "S3": {
    "x": 0.21175678877755744,
    "y": 0.9772862700964934,
    "z": 0.008402897565750005
  },
  "S4": {
    "x": 0.14576040727436593,
    "y": 0.9054116628469462,
    "z": 0.3987275065153381
  },
  "S5": {
    "x": -0.5505781259813773,
    "y": 0.8191381655696081,
    "z": -0.160861408977082
  },
  "S6": {
    "x": 0.8652662834071794,
    "y": 0.4915979849953181,
    "z": -0.09821242257102546
  },
  "S7": {
    "x": -0.5891642728837854,
    "y": 0.44682544747775466,
    "z": 0.6732254295877607
  },
  "S8": {
    "x": -0.3272127212770222,
    "y": 0.7544124918092,
    "z": -0.5690286699602398
  },
  "S9": {
    "x": 0.608927932403143,
    "y": 0.7356515637790532,
    "z": 0.2966876300904153
  },
  "S10": {
    "x": -0.7658141355961204,
    "y": 0.6038160680487785,
    "z": 0.22121226387178358
  },
  "S11": {
    "x": 0.11166018266972269,
    "y": 0.8911635965589819,
    "z": -0.4397265602328613
  },
  "S12": {
    "x": 0.38564791174054414,
    "y": 0.5708644397309507,
    "z": 0.7248375539531774
  },
  "S13": {
    "x": -0.16512824036326168,
    "y": 0.980298436715676,
    "z": -0.10838652687181524
  },
  "S14": {
    "x": 0.8206471991299329,
    "y": 0.18227950611631646,
    "z": -0.5415831941725927
  },
  "S15": {
    "x": -0.9024480636374328,
    "y": 0.09146972465217605,
    "z": 0.4209759873307542
  },
  "S16": {
    "x": -0.4883118512844085,
    "y": 0.25618165821316663,
    "z": -0.8342196916222645
  },
  "S17": {
    "x": 0.7804577842885219,
    "y": 0.2627392969266273,
    "z": 0.5673215215325016
  },
  "S18": {
    "x": -0.9769044073616338,
    "y": 0.1727021292789508,
    "z": -0.12582429582529572
  },
  "S19": {
    "x": 0.4721195722148224,
    "y": 0.6380568161359915,
    "z": -0.6082652455254162
  },
  "S20": {
    "x": -0.19683323904152533,
    "y": 0.7343807420563755,
    "z": 0.6495703208315087
  },
  "S21": {
    "x": -0.7602269038290999,
    "y": 0.47482504740322046,
    "z": -0.4433917331806605
  },
  "S22": {
    "x": 0.9897406177746959,
    "y": 0.07291223647266615,
    "z": 0.12287113289750973
  },
  "S23": {
    "x": -0.06341002197536656,
    "y": 0.34502225199766307,
    "z": 0.9364501133213369
  },
  "S24": {
    "x": -0.00388651161542297,
    "y": 0.5424306420168783,
    "z": -0.8400915983561675
  },
  "S25": {
    "x": 0.37884753226472695,
    "y": 0.09698009252744993,
    "z": 0.920363737307318
  },
  "S26": {
    "x": -0.4511915234637992,
    "y": -0.3174568928299697,
    "z": -0.8340547526086984
  },
  "S27": {
    "x": 0.40981360674577666,
    "y": 0.17342184523185633,
    "z": -0.8955320604659534
  },
  "S28": {
    "x": -0.3978117323068463,
    "y": 0.018389682858393836,
    "z": 0.917282750957083
  },
  "S29": {
    "x": -0.04326553482001862,
    "y": -0.029993864542617443,
    "z": -0.9986132692822266
  },
  "S30": {
    "x": 0.8604662931933094,
    "y": -0.3694869539591538,
    "z": 0.35082352990093457
  },
  "S31": {
    "x": -0.948663206180867,
    "y": -0.31154324780856035,
    "z": 0.05457953813959834
  },
  "S32": {
    "x": 0.2634211973895737,
    "y": -0.41041944019348237,
    "z": -0.8730207075878051
  },
  "S33": {
    "x": 0.04607472464601486,
    "y": -0.2749625030683682,
    "z": 0.9603503223590708
  },
  "S34": {
    "x": -0.8482209037736815,
    "y": -0.17657950877273504,
    "z": -0.49934054059623334
  },
  "S35": {
    "x": 0.9273543976845904,
    "y": -0.3112371943650917,
    "z": -0.20771429883086212
  },
  "S36": {
    "x": -0.6822809984111073,
    "y": -0.2593283602867169,
    "z": 0.6835506131649254
  },
  "S37": {
    "x": 0.28213529192933223,
    "y": -0.8074811667383265,
    "z": -0.5180481082012185
  },
  "S38": {
    "x": 0.6359185039806159,
    "y": -0.2815169353734807,
    "z": 0.7185790641209767
  },
  "S39": {
    "x": -0.7171529600725842,
    "y": -0.6868854276929897,
    "z": -0.11781358615265551
  },
  "S40": {
    "x": 0.6611843724430275,
    "y": -0.38075183740250906,
    "z": -0.6464234401317245
  },
  "S41": {
    "x": -0.25319181417712544,
    "y": -0.6197647554004505,
    "z": 0.74282269297398
  },
  "S42": {
    "x": -0.09876973687129241,
    "y": -0.6546943645932939,
    "z": -0.7494129889774789
  },
  "S43": {
    "x": 0.5952644771205263,
    "y": -0.7671499734962719,
    "z": 0.23904208927110696
  },
  "S44": {
    "x": -0.6672253126076076,
    "y": -0.654749710547505,
    "z": 0.35512420186976684
  },
  "S45": {
    "x": 0.2920458120505196,
    "y": -0.9480152894936773,
    "z": -0.1263972094231985
  },
  "S46": {
    "x": 0.29809845778700494,
    "y": -0.6686884761286525,
    "z": 0.6811703394583105
  },
  "S47": {
    "x": -0.5531578912483526,
    "y": -0.6672988142103592,
    "z": -0.4987270194235762
  },
  "S48": {
    "x": 0.6336700199488325,
    "y": -0.7237061956057764,
    "z": -0.2733343159207417
  },
  "S49": {
    "x": -0.23424587928754742,
    "y": -0.9038915042691108,
    "z": 0.3579231992298455
  },
  "S50": {
    "x": -0.11963893485191948,
    "y": -0.9086529839392977,
    "z": -0.40004534748664244
  },
  "S51": {
    "x": -0.04789566841193101,
    "y": -0.9974047750988937,
    "z": -0.05375611181344367
  },
  "S52": {
    "x": -0.4008624558311534,
    "y": -0.9147965164593999,
    "z": -0.04956435189492315
  },
  "S53": {
    "x": 0.1715660857929743,
    "y": -0.9398670115676456,
    "z": 0.2953219916846376
  }
}