{
  "S1": {
    "x": 0.426358874957647,
    "y": 0.8870137788794966,
    "z": -0.17727003644938186
  },
  "S3": {
    "x": -0.34283391910851874,
    "y": 0.9115340715277653,
    "z": 0.22709148014117145
  },
  "S4": {
    "x": -0.21657946504985287,
    "y": 0.8693771342244123,
    "z": -0.44415845574126783
  },
  "S5": {
    "x": 0.2209433840016789,
    "y": 0.7718655461893327,
    "z": 0.5961607163104004
  },
  "S8": {
    "x": -0.8480201153263245,
    "y": 0.4472525729401264,
    "z": -0.28430093211307667
  },
  "S10": {
    "x": 0.8909431324692944,
    "y": 0.2693845477241517,
    "z": -0.36558487407612383
  },
  "S11": {
    "x": -0.2011624624450957,
    "y": 0.3194614277864065,
    "z": 0.9260011122345891
  },
  "S12": {
    "x": -0.3937450047917775,
    "y": 0.3437819682315093,
    "z": -0.8525132430176041
  },
  "S13": {
    "x": 0.7973614982494751,
    "y": 0.5184770380480666,
    "z": 0.3088627561332964
  },
  "S18": {
    "x": -0.7799089298985855,
    "y": 0.4466239595461604,
    "z": 0.4384850052439112
  },
  "S22": {
    "x": 0.34178918659751995,
    "y": 0.47575461831712973,
    "z": -0.810455239402478
  },
  "S25": {
    "x": 0.538844334675911,
    "y": 0.09402228503876746,
    "z": 0.8371419192130828
  },
  "S26": {
    "x": -0.7136097661519162,
    "y": -0.25718837036186315,
    "z": -0.6516250791699292
  },
  "S28": {
    "x": 0.9626113304707111,
    "y": -0.187737974468363,
    "z": 0.19527897836665215
  },
  "S29": {
    "x": -0.7004479820064832,
    "y": -0.19154575294203643,
    "z": 0.687519344479058
  },
  "S35": {
    "x": -0.026658986869689268,
    "y": -0.22004702871918103,
    "z": -0.9751249169060042
  },
  "S37": {
    "x": 0.5366131714384261,
    "y": -0.6276076740766728,
    "z": 0.5640522242477757
  },
  "S38": {
    "x": -0.977585667569695,
    "y": -0.20881187706322818,
    "z": 0.02690469400764749
  },
  "S39": {
    "x": 0.6229942480319606,
    "y": -0.25109425926368645,
    "z": -0.7408305068528918
  },
  "S40": {
    "x": -0.006697942783279214,
    "y": -0.3909542427917438,
    "z": 0.9203857439169765
  },
  "S41": {
    "x": -0.5733584230856993,
    "y": -0.790743706463126,
    "z": -0.21443999012693024
  },
  "S42": {
    "x": 0.6858392199498922,
    "y": -0.6937775894920606,
    "z": -0.2197662865343755
  },
  "S45": {
    "x": -0.4261806869896139,
    "y": -0.7741602862477527,
    "z": 0.46802336825617824
  },
  "S51": {
    "x": 0.007938061464888077,
    "y": -0.7948091089043239,
    "z": -0.6068076034320057
  },
  "S52": {
    "x": 0.12653959252004857,
    "y": -0.9853174437139542,
    "z": 0.11461791586771472
  }
}