{
  "S1": {
    "x": 0.17977086309753887,
    "y": 0.9837008070930342,
    "z": -0.003893443935524859
  },
  "S3": {
    "x": -0.4532951500079674,
    "y": 0.8246983059106208,
    "z": 0.33822508955931446
  },
  "S8": {
    "x": 0.04419795626562776,
    "y": 0.7363114340261381,
    "z": -0.6751977582785016
  },
  "S10": {
    "x": 0.40799776687178957,
    "y": 0.659595028516753,
    "z": 0.6312465608489416
  },
  "S11": {
    "x": -0.7272043578916435,
    "y": 0.6099888414941457,
    "z": -0.31478156730665224
  },
  "S12": {
    "x": 0.7546696135768183,
    "y": 0.5593656623804772,
    "z": -0.3429049869766637
  },
  "S13": {
    "x": -0.2708424454783957,
    "y": 0.3617379543988097,
    "z": 0.8920706373794886
  },
  "S18": {
    "x": -0.37789179910757253,
    "y": 0.18429881185725128,
    "z": -0.9073211868546042
  },
  "S22": {
    "x": 0.9041955927043945,
    "y": 0.18437202463686392,
    "z": 0.38527559832573405
  },
  "S23": {
    "x": -0.934037525455139,
    "y": 0.13990610655661267,
    "z": 0.32863381200024194
  },
  "S25": {
    "x": 0.42197149667779876,
    "y": 0.0019919009596792003,
    "z": -0.9066069094828614
  },
  "S26": {
    "x": 0.342051506910045,
    "y": -0.14324609364241372,
    "z": 0.9286987257861163
  },
  "S27": {
    "x": -0.87428876285158,
    "y": -0.18750188051862424,
    "z": -0.44773005701363583
  },
  "S28": {
    "x": 0.937212525448934,
    "y": -0.18192731483451188,
    "z": -0.29754854101261474
  },
  "S29": {
    "x": -0.516120230316507,
    "y": -0.35201511877859204,
    "z": 0.7808362594099544
  },
  "S35": {
    "x": -0.21706680450389776,
    "y": -0.5604882409512656,
    "z": -0.7992089427288852
  },
  "S37": {
    "x": 0.7093233879202693,
    "y": -0.6093211812516863,
    "z": 0.35438401406858167
  },
  "S38": {
    "x": -0.7432734291237886,
    "y": -0.6627046905540493,
    "z": 0.09147186822311094
  },
  "S39": {
    "x": 0.48957068357170747,
    "y": -0.7358455954683799,
    "z": -0.467815995255524
  },
  "S51": {
    "x": 0.028705433450633873,
    "y": -0.8258916718830387,
    "z": 0.5630976331016232
  },
  "S52": {
    "x": -0.10919749155131123,
    "y": -0.9845575581285112,
    "z": -0.1368295383713789
  }
}