{
  "S1": {
    "x": 0.2628088582723089,
    "y": 0.9647612227751193,
    "z": 0.012933949244610238
  },
  "S3": {
    "x": -0.36422428564809345,
    "y": 0.8844577527367092,
    "z": 0.2916764532286868
  },
  "S8": {
    "x": -0.0023759611614689916,
    "y": 0.8135089732226483,
    "z": -0.5815475090607746
  },
  "S10": {
    "x": 0.3499011294969046,
    "y": 0.6935255340762982,
    "z": 0.6297551374629474
  },
  "S11": {
    "x": -0.6951694321857814,
    "y": 0.6637457109959747,
    "z": -0.2760092239200459
  },
  "S12": {
    "x": 0.7293712527389288,
    "y": 0.5851241420210539,
    "z": -0.3544676488795154
  },
  "S13": {
    "x": -0.30960682059475214,
    "y": 0.43045731313720065,
    "z": 0.8478502923322672
  },
  "S18": {
    "x": -0.36631723337112776,
    "y": 0.31728327356328667,
    "z": -0.8747245331258793
  },
  "S21": {
    "x": 0.8695967378089369,
    "y": 0.33942081692773424,
    "z": 0.3586014816313012
  },
  "S22": {
    "x": -0.8764860492456544,
    "y": 0.3278285912864604,
    "z": 0.3525629308547328
  },
  "S25": {
    "x": 0.407427625117659,
    "y": 0.23236947229103233,
    "z": -0.8831801394042845
  },
  "S26": {
    "x": 0.292306976962194,
    "y": 0.05858384789920075,
    "z": 0.9545284511131906
  },
  "S27": {
    "x": -0.8632923761410279,
    "y": -0.004353673974835279,
    "z": -0.5046853661636116
  },
  "S28": {
    "x": 0.9740643869121995,
    "y": -0.059640551665183686,
    "z": -0.21826950026614636
  },
  "S29": {
    "x": -0.562221416326557,
    "y": -0.2299666574566794,
    "z": 0.7943691934371339
  },
  "S35": {
    "x": -0.13649937463055992,
    "y": -0.3275623565897688,
    "z": -0.9349175489158513
  },
  "S37": {
    "x": 0.7405107040516645,
    "y": -0.34323721564128307,
    "z": 0.5777820618396936
  },
  "S38": {
    "x": -0.9429676484698853,
    "y": -0.3126620556882949,
    "z": 0.11425608461672464
  },
  "S39": {
    "x": 0.5836537421815832,
    "y": -0.4207653353931494,
    "z": -0.6944817072961134
  },
  "S40": {
    "x": 0.05555383427167949,
    "y": -0.5880675023962404,
    "z": 0.8069017189987654
  },
  "S41": {
    "x": -0.5810505368551719,
    "y": -0.6739708053530583,
    "z": -0.45622760454850425
  },
  "S42": {
    "x": 0.7189480195747288,
    "y": -0.6950018627400487,
    "z": -0.009282022270915336
  },
  "S45": {
    "x": -0.5080233044987854,
    "y": -0.8093499190898303,
    "z": 0.2947287406335176
  },
  "S51": {
    "x": 0.08169472087185943,
    "y": -0.87936775603962,
    "z": -0.46908242582675375
  },
  "S52": {
    "x": 0.1368371533636861,
    "y": -0.9672851955694216,
    "z": 0.21362336925427608
  }
}