{
  "S1": {
    "x": 0.3760998273062596,
    "y": 0.9253503289582873,
    "z": 0.047704177982551624
  },
  "S3": {
    "x": -0.3301082097429744,
    "y": 0.9027805059016626,
    "z": 0.2757098620365738
  },
  "S4": {
    "x": -0.0028919011905540184,
    "y": 0.8457798862888802,
    "z": -0.5335241520837392
  },
  "S5": {
    "x": 0.2650283944392174,
    "y": 0.6825958457143914,
    "z": 0.681045418128942
  },
  "S8": {
    "x": -0.6712144401639443,
    "y": 0.6771908040853915,
    "z": -0.3014693851414826
  },
  "S10": {
    "x": 0.7356987566166829,
    "y": 0.5439632931062115,
    "z": -0.40354835554826984
  },
  "S11": {
    "x": -0.3584755308988066,
    "y": 0.3742515976359739,
    "z": 0.8552374146479677
  },
  "S12": {
    "x": -0.3661630778181663,
    "y": 0.3000850826584183,
    "z": -0.8808368427856648
  },
  "S13": {
    "x": 0.8518037025955633,
    "y": 0.3651053264947089,
    "z": 0.37567080377596707
  },
  "S18": {
    "x": -0.8717106251402935,
    "y": 0.37097858232832875,
    "z": 0.32014914879034495
  },
  "S22": {
    "x": 0.3504525838907058,
    "y": 0.25958267152971,
    "z": -0.8998887837315378
  },
  "S23": {
    "x": 0.33140986612870327,
    "y": 0.0501477220575004,
    "z": 0.9421532288354154
  },
  "S26": {
    "x": -0.8720790381912956,
    "y": 0.010676784830176408,
    "z": -0.4892485640377854
  },
  "S28": {
    "x": 0.9783365916698145,
    "y": -0.0565367546816564,
    "z": -0.19915096979416586
  },
  "S29": {
    "x": -0.6080346073136567,
    "y": -0.26143631007024803,
    "z": 0.7496298900696131
  },
  "S37": {
    "x": -0.15127489086116097,
    "y": -0.3691728696093497,
    "z": -0.9169663569288362
  },
  "S38": {
    "x": 0.7637574629557091,
    "y": -0.3546380495573917,
    "z": 0.5393573876249286
  },
  "S39": {
    "x": -0.9407495261429454,
    "y": -0.3135934632616577,
    "z": 0.12903282086889115
  },
  "S40": {
    "x": 0.5541762656267536,
    "y": -0.38504511854634504,
    "z": -0.7379897853626546
  },
  "S41": {
    "x": 0.009849131066584716,
    "y": -0.5374714127700676,
    "z": 0.8432244511825906
  },
  "S42": {
    "x": -0.6058733159633329,
    "y": -0.6580550992557822,
    "z": -0.4470805423489799
  },
  "S45": {
    "x": 0.7152326719539779,
    "y": -0.6894444843644079,
    "z": -0.11449247987998788
  },
  "S51": {
    "x": -0.4521351565308236,
    "y": -0.8567030265089545,
    "z": 0.2482614037647518
  },
  "S52": {
    "x": 0.06045028199886162,
    "y": -0.9097778465375836,
    "z": -0.4106702245789135
  },
  "S53": {
    "x": 0.24230433496947165,
    "y": -0.9156455865149367,
    "z": 0.32075188097768
  }
}