{
  "S1": {
    "x": 0.21687982661354638,
    "y": 0.9761445939038417,
    "z": 0.010240732414318289
  },
  "S3": {
    "x": -0.09688914027886074,
    "y": 0.9919917309096653,
    "z": 0.0810240723666093
  },
  "S4": {
    "x": -0.01102452584151801,
    "y": 0.9758646001541604,
    "z": -0.21809801006870774
  },
  "S5": {
    "x": 0.054788171708793285,
    "y": 0.9179036975541384,
    "z": 0.39300261863917463
  },
  "S8": {
    "x": -0.30385184593068887,
    "y": 0.8787961385437568,
    "z": -0.367955707395734
  },
  "S10": {
    "x": 0.5362008016149942,
    "y": 0.8424428761338921,
    "z": -0.05271338348743468
  },
  "S11": {
    "x": -0.30777708920334296,
    "y": 0.8922543726883219,
    "z": 0.3303867397158771
  },
  "S12": {
    "x": 0.04664086673097327,
    "y": 0.8442989675607689,
    "z": -0.5338388173656945
  },
  "S13": {
    "x": 0.3830942346891752,
    "y": 0.8736819601579022,
    "z": 0.29986436907802344
  },
  "S18": {
    "x": -0.40924710435698236,
    "y": 0.91166164784914,
    "z": -0.03728065740321322
  },
  "S22": {
    "x": 0.32812630811365767,
    "y": 0.8854829374314201,
    "z": -0.32901837857713223
  },
  "S26": {
    "x": -0.09790028954527305,
    "y": -0.8472850036716737,
    "z": 0.5220379831583554
  },
  "S28": {
    "x": -0.5929545727990126,
    "y": -0.8047367822438768,
    "z": -0.02834759073557235
  },
  "S29": {
    "x": -0.004347735793692808,
    "y": -0.8507624156170002,
    "z": -0.5255325007713555
  },
  "S37": {
    "x": -0.5139242896359955,
    "y": -0.7409978141967286,
    "z": 0.43220835701986143
  },
  "S38": {
    "x": -0.39318624559357035,
    "y": -0.8261389118507437,
    "z": -0.4036075750058488
  },
  "S39": {
    "x": 0.28134553133122847,
    "y": -0.8398628613353046,
    "z": 0.4641929191075877
  },
  "S40": {
    "x": -0.31569708579223194,
    "y": -0.9265379922165067,
    "z": 0.20460376096664676
  },
  "S41": {
    "x": 0.37898828408692764,
    "y": -0.8750747392213485,
    "z": -0.30101840691481857
  },
  "S42": {
    "x": 0.28543972936572104,
    "y": -0.954238516947567,
    "z": 0.08917967074020766
  },
  "S45": {
    "x": -0.2387776507438127,
    "y": -0.9641180853016192,
    "z": -0.11602392468626983
  },
  "S51": {
    "x": 0.6008964151172976,
    "y": -0.7936839578666698,
    "z": 0.09481177840478851
  },
  "S52": {
    "x": -0.005458800660753066,
    "y": -0.9817555976929473,
    "z": 0.19006879779150987
  },
  "S53": {
    "x": 0.06668604347378719,
    "y": -0.9821239730378069,
    "z": -0.17602691041498633
  }
}