{
  "S1": {
    "x": 0.41325498776485414,
    "y": 0.9104175874588813,
    "z": -0.018977131843889373
  },
  "S3": {
    "x": -0.2796339748860366,
    "y": 0.9181737162319322,
    "z": 0.28064544697942034
  },
  "S4": {
    "x": -0.030145198595999987,
    "y": 0.8381907400882009,
    "z": -0.5445434328242347
  },
  "S5": {
    "x": 0.30043751255801726,
    "y": 0.667122493296321,
    "z": 0.6816779884858035
  },
  "S8": {
    "x": -0.6510234951524456,
    "y": 0.7001491372627499,
    "z": -0.29318866681664335
  },
  "S10": {
    "x": 0.7648302674458596,
    "y": 0.4627695637895463,
    "z": -0.44819526194363996
  },
  "S11": {
    "x": -0.320488119937471,
    "y": 0.3828347228632965,
    "z": 0.8664438469682432
  },
  "S12": {
    "x": -0.48219290174242296,
    "y": 0.2081357136686672,
    "z": -0.8509815099077397
  },
  "S13": {
    "x": 0.8501022664263871,
    "y": 0.402630176317561,
    "z": 0.3394334658445002
  },
  "S18": {
    "x": -0.8511812839418997,
    "y": 0.407399226002221,
    "z": 0.33093245915112385
  },
  "S22": {
    "x": 0.25763186243882474,
    "y": 0.32399838391814584,
    "z": -0.9103026258748969
  },
  "S23": {
    "x": 0.30362749625642355,
    "y": -0.0025930086671878414,
    "z": 0.9527872899147573
  },
  "S26": {
    "x": -0.941299189473019,
    "y": 0.05321391939194065,
    "z": -0.3333528381165901
  },
  "S28": {
    "x": 0.983530330228615,
    "y": -0.12423660988331103,
    "z": -0.1312758709172926
  },
  "S29": {
    "x": -0.683334193678344,
    "y": -0.1820231893079428,
    "z": 0.7070515810774575
  },
  "S37": {
    "x": -0.030997399963147952,
    "y": -0.3367929414901827,
    "z": -0.9410683693323855
  },
  "S38": {
    "x": 0.7714799048005233,
    "y": -0.3092869579527516,
    "z": 0.5560218827791837
  },
  "S39": {
    "x": -0.8841529766747375,
    "y": -0.45240929020338566,
    "z": 0.11661624232871601
  },
  "S40": {
    "x": 0.6237287314763185,
    "y": -0.310711360029048,
    "z": -0.7172314272812103
  },
  "S41": {
    "x": -0.14237856060308313,
    "y": -0.5387472724725468,
    "z": 0.8303491566106307
  },
  "S42": {
    "x": -0.6033193042781987,
    "y": -0.5772835595367785,
    "z": -0.5502267795862148
  },
  "S45": {
    "x": 0.6527978897857568,
    "y": -0.746853381436278,
    "z": -0.12674755117342654
  },
  "S51": {
    "x": -0.3475534643785066,
    "y": -0.9265144061367483,
    "z": 0.14414452684568663
  },
  "S52": {
    "x": 0.05372897246053457,
    "y": -0.893107073446905,
    "z": -0.44662395018341744
  },
  "S53": {
    "x": 0.299832628739391,
    "y": -0.8495600553249203,
    "z": 0.4339909067475317
  }
}