{
  "S1": {
    "x": 0.4573424868269065,
    "y": 0.8819993664142461,
    "z": -0.1136440380655718
  },
  "S3": {
    "x": -0.2665036013337813,
    "y": 0.9496695783607307,
    "z": 0.16463147454929983
  },
  "S8": {
    "x": -0.09043853770172088,
    "y": 0.8039168063266446,
    "z": -0.5878253477045223
  },
  "S10": {
    "x": 0.3362402834210381,
    "y": 0.6966062724252335,
    "z": 0.6337840113341148
  },
  "S11": {
    "x": -0.738830846360301,
    "y": 0.6248908917771188,
    "z": -0.25227039826447817
  },
  "S12": {
    "x": 0.8249049717183944,
    "y": 0.3568671272347819,
    "z": -0.43838070342279983
  },
  "S13": {
    "x": -0.3417664325317026,
    "y": 0.5462969378525304,
    "z": 0.7646929849864597
  },
  "S18": {
    "x": -0.4961952374847095,
    "y": 0.19244400019311048,
    "z": -0.8466141937666571
  },
  "S21": {
    "x": 0.8658978281798985,
    "y": 0.3764745458597535,
    "z": 0.32937496485468876
  },
  "S22": {
    "x": -0.8833466114641004,
    "y": 0.2770195200470786,
    "z": 0.37809912658954664
  },
  "S23": {
    "x": 0.3001212711314773,
    "y": 0.3026370798086094,
    "z": -0.90462037371449
  },
  "S25": {
    "x": 0.170079606964354,
    "y": 0.05613317572374089,
    "z": 0.983830266803181
  },
  "S26": {
    "x": -0.9463952658517086,
    "y": -0.05740690577250828,
    "z": -0.31786860169431685
  },
  "S27": {
    "x": 0.9648509632130696,
    "y": -0.2607653565295488,
    "z": -0.032619742807526095
  },
  "S28": {
    "x": -0.50885102128739,
    "y": -0.24846827028601645,
    "z": 0.8242172995004746
  },
  "S29": {
    "x": -0.01579310410515624,
    "y": -0.3429720658232846,
    "z": -0.9392128299419852
  },
  "S35": {
    "x": 0.7050913195045865,
    "y": -0.2659110279728112,
    "z": 0.6573717033472947
  },
  "S37": {
    "x": -0.8279081293762198,
    "y": -0.5093352994782256,
    "z": 0.2348311776962219
  },
  "S38": {
    "x": 0.6587851897368511,
    "y": -0.3811338785522336,
    "z": -0.6486440012850749
  },
  "S39": {
    "x": 0.08617352318121715,
    "y": -0.6788302848986475,
    "z": 0.7292212066355157
  },
  "S40": {
    "x": -0.5832274057463604,
    "y": -0.6354686205887189,
    "z": -0.5059895507156659
  },
  "S45": {
    "x": 0.5412348423022054,
    "y": -0.8304134137050748,
    "z": 0.13220592958256924
  },
  "S51": {
    "x": -0.2441706425146967,
    "y": -0.9557751271598638,
    "z": 0.16393475420576994
  },
  "S52": {
    "x": 0.12173577231531446,
    "y": -0.883232443762721,
    "z": -0.45285853422865485
  }
}