{
  "S1": {
    "x": 0.25698958533036037,
    "y": 0.9663583719301626,
    "z": 0.01038508701045053
  },
  "S3": {
    "x": -0.36109581629944343,
    "y": 0.8811677262572013,
    "z": 0.30521017291982994
  },
  "S4": {
    "x": 0.0010038056064766003,
    "y": 0.8087106389531495,
    "z": -0.588205826916304
  },
  "S5": {
    "x": 0.35064746362910443,
    "y": 0.6939580915349912,
    "z": 0.6288628812734844
  },
  "S8": {
    "x": -0.6830320283584441,
    "y": 0.6767645639655744,
    "z": -0.2746943268380977
  },
  "S10": {
    "x": 0.7273249371449511,
    "y": 0.5874338799305253,
    "z": -0.35485190223086344
  },
  "S11": {
    "x": -0.312454606358164,
    "y": 0.41759271081115,
    "z": 0.8532223900267503
  },
  "S12": {
    "x": -0.37218108622245827,
    "y": 0.310073726902564,
    "z": -0.8748345689003294
  },
  "S13": {
    "x": 0.8714357763986197,
    "y": 0.3416525780672863,
    "z": 0.35195625227080674
  },
  "S18": {
    "x": -0.8782793221916272,
    "y": 0.3300915003912224,
    "z": 0.34592634126369654
  },
  "S22": {
    "x": 0.40857261533476974,
    "y": 0.22882126707453404,
    "z": -0.8835775267246849
  },
  "S25": {
    "x": 0.2959891726648707,
    "y": 0.0614290656658571,
    "z": 0.9532139736473575
  },
  "S26": {
    "x": -0.8704947868591278,
    "y": 0.009429651897417622,
    "z": -0.4920872968449552
  },
  "S28": {
    "x": 0.9724139481794112,
    "y": -0.05877971534046485,
    "z": -0.22573448662227807
  },
  "S29": {
    "x": -0.5697353464871977,
    "y": -0.23399062239545276,
    "z": 0.7878134446644721
  },
  "S37": {
    "x": -0.12762099610840166,
    "y": -0.3291935540802856,
    "z": -0.9355984637141562
  },
  "S38": {
    "x": 0.7407730028648137,
    "y": -0.33997337047111575,
    "z": 0.5793733387006655
  },
  "S39": {
    "x": -0.9395989659685001,
    "y": -0.3212471528252445,
    "z": 0.11812726168247265
  },
  "S40": {
    "x": 0.5790718353155475,
    "y": -0.43016481641637305,
    "z": -0.6925561639764328
  },
  "S41": {
    "x": 0.04467997246788225,
    "y": -0.581286143107542,
    "z": 0.8124716117449442
  },
  "S42": {
    "x": -0.5854426890324448,
    "y": -0.6589687979395541,
    "z": -0.47224673762828634
  },
  "S45": {
    "x": 0.7234691492887221,
    "y": -0.6902832051746253,
    "z": -0.010074059822080976
  },
  "S51": {
    "x": -0.5002025216836593,
    "y": -0.8222242450080787,
    "z": 0.27155980597688484
  },
  "S52": {
    "x": 0.07300177608383744,
    "y": -0.8879029491604143,
    "z": -0.45420160013021105
  },
  "S53": {
    "x": 0.15247111255881954,
    "y": -0.9609847723231602,
    "z": 0.23078307389858477
  }
}