{
  "S1": {
    "x": 0.31009986274444845,
    "y": 0.9506199930272976,
    "z": -0.012637404110620266
  },
  "S3": {
    "x": -0.3380062612775017,
    "y": 0.8750497257513502,
    "z": 0.34646752344150855
  },
  "S4": {
    "x": 0.0021575027660838565,
    "y": 0.7868872420914496,
    "z": -0.6170930346516049
  },
  "S5": {
    "x": 0.28740205922809386,
    "y": 0.6919991554282673,
    "z": 0.6622214321796119
  },
  "S8": {
    "x": -0.6014957401950075,
    "y": 0.7484176315302248,
    "z": -0.2794171135452314
  },
  "S10": {
    "x": 0.7393741716622453,
    "y": 0.5397540265055529,
    "z": -0.40248158361571246
  },
  "S11": {
    "x": -0.33470631447523,
    "y": 0.3180287268727413,
    "z": 0.8870340534241693
  },
  "S12": {
    "x": -0.4298393828150614,
    "y": 0.22317526779452537,
    "z": -0.8748890814417615
  },
  "S13": {
    "x": 0.8504473143279938,
    "y": 0.4089973399284375,
    "z": 0.330848215173914
  },
  "S18": {
    "x": -0.8660307436574484,
    "y": 0.36310926820089656,
    "z": 0.3437185045742179
  },
  "S22": {
    "x": 0.34676760309862237,
    "y": 0.2379112702975895,
    "z": -0.9072763949903159
  },
  "S25": {
    "x": 0.3594612875827165,
    "y": 0.06370700127986717,
    "z": 0.9309828144049184
  },
  "S26": {
    "x": -0.9161401889801939,
    "y": 0.12514128107863814,
    "z": -0.3808238620482332
  },
  "S28": {
    "x": 0.976627402100013,
    "y": -0.07499640079160409,
    "z": -0.201431023766659
  },
  "S29": {
    "x": -0.6457837805527573,
    "y": -0.2970025011144537,
    "z": 0.7033866810700548
  },
  "S37": {
    "x": -0.0678321012679761,
    "y": -0.38263349566509003,
    "z": -0.9214067581870042
  },
  "S38": {
    "x": 0.776023221650403,
    "y": -0.3250443999706882,
    "z": 0.5404943084871707
  },
  "S39": {
    "x": -0.9199599959745947,
    "y": -0.3812215645204312,
    "z": 0.09134399022934458
  },
  "S40": {
    "x": 0.5941016394279744,
    "y": -0.40086144347346003,
    "z": -0.6973903821858795
  },
  "S41": {
    "x": -0.030262649274612245,
    "y": -0.4995156618620706,
    "z": 0.8657761117132879
  },
  "S42": {
    "x": -0.6253387380643781,
    "y": -0.5602236966294196,
    "z": -0.5432318772043104
  },
  "S45": {
    "x": 0.69425839741859,
    "y": -0.7172981950877544,
    "z": -0.05906417643226023
  },
  "S51": {
    "x": -0.4215457182520673,
    "y": -0.8978030298698386,
    "z": 0.12747127903918695
  },
  "S52": {
    "x": 0.06287671360878269,
    "y": -0.912539897947223,
    "z": -0.4041255418062942
  },
  "S53": {
    "x": 0.2237984227004014,
    "y": -0.890424816520943,
    "z": 0.39630532688882397
  }
}