{
  "S1": {
    "x": 0.31328519533028343,
    "y": 0.9477223206424499,
    "z": -0.06062004076999316
  },
  "S3": {
    "x": -0.3872914741200089,
    "y": 0.8566881507236922,
    "z": 0.3407208923496927
  },
  "S4": {
    "x": 0.011011753891011626,
    "y": 0.7692899655675438,
    "z": -0.6388048920862546
  },
  "S5": {
    "x": 0.21589450463716064,
    "y": 0.7480522622149215,
    "z": 0.6275407364168586
  },
  "S8": {
    "x": -0.5823928040855504,
    "y": 0.7605098289982183,
    "z": -0.2871296253375302
  },
  "S10": {
    "x": 0.7680292105673157,
    "y": 0.46010646875465566,
    "z": -0.4454583809128154
  },
  "S11": {
    "x": -0.3108565024950256,
    "y": 0.27024365501106257,
    "z": 0.9112280734167609
  },
  "S12": {
    "x": -0.4631690243473235,
    "y": 0.21273916429398965,
    "z": -0.8603583572329866
  },
  "S13": {
    "x": 0.8313043966402003,
    "y": 0.4807135612919887,
    "z": 0.27901159853426544
  },
  "S18": {
    "x": -0.8493919961874109,
    "y": 0.3132506154920893,
    "z": 0.4247437918399661
  },
  "S22": {
    "x": 0.3150943606324193,
    "y": 0.22202408627068923,
    "z": -0.9227246875494947
  },
  "S25": {
    "x": 0.4750677436498611,
    "y": 0.1778454627838375,
    "z": 0.861789783131961
  },
  "S26": {
    "x": -0.9358912006507174,
    "y": 0.17388281474337222,
    "z": -0.3063860755345789
  },
  "S28": {
    "x": 0.9887836376589743,
    "y": -0.12923150970393205,
    "z": -0.07487412635569658
  },
  "S29": {
    "x": -0.5812285871792052,
    "y": -0.4134541545280699,
    "z": 0.7008773013510595
  },
  "S37": {
    "x": -0.026843135301848432,
    "y": -0.3863256715809029,
    "z": -0.921971757465884
  },
  "S38": {
    "x": 0.7374867185054753,
    "y": -0.38138812775055664,
    "z": 0.5573656215079567
  },
  "S39": {
    "x": -0.9179447680270122,
    "y": -0.38170257815705566,
    "z": 0.10807656859880327
  },
  "S40": {
    "x": 0.6638204095929024,
    "y": -0.3667236361818102,
    "z": -0.6518099711369124
  },
  "S41": {
    "x": 0.06807533507551927,
    "y": -0.38647684422243034,
    "z": 0.9197833427684081
  },
  "S42": {
    "x": -0.6516940503618391,
    "y": -0.47941566908057076,
    "z": -0.5877546094783175
  },
  "S45": {
    "x": 0.6192779032327272,
    "y": -0.7851149179906745,
    "z": -0.009457489951024644
  },
  "S51": {
    "x": -0.4385574418304418,
    "y": -0.8983510568889359,
    "z": -0.02515449863683927
  },
  "S52": {
    "x": 0.09511586071577079,
    "y": -0.8885058698618195,
    "z": -0.4488989777905377
  },
  "S53": {
    "x": 0.0727991780566302,
    "y": -0.8919186169648433,
    "z": 0.44629750210571456
  }
}