{
  "S1": {
    "x": -0.23838278181614714,
    "y": 0.9061294583754612,
    "z": -0.3494324741602997
  },
  "S2": {
    "x": -0.36075674255860923,
    "y": 0.9207511905881333,
    "z": 0.1485658700006038
  },
  "S3": {
    "x": 0.16703079224705608,
    "y": 0.9467118939542288,
    "z": -0.2753857372612422
  },
  "S4": {
    "x": 0.1073715712164012,
    "y": 0.9693319845521313,
    "z": 0.22105847511178553
  },
  "S5": {
    "x": -0.6918437316513479,
    "y": 0.7107025097047367,
    "z": -0.1274919357219369
  },
  "S6": {
    "x": 0.563923318602295,
    "y": 0.8232298757136641,
    "z": -0.06544511035241245
  },
  "S7": {
    "x": -0.2603362023017566,
    "y": 0.7235991801958178,
    "z": 0.6392411815512509
  },
  "S8": {
    "x": -0.09257826918308201,
    "y": 0.6575723247505763,
    "z": -0.7476816848079051
  },
  "S9": {
    "x": 0.7781001204366067,
    "y": 0.5654659167421031,
    "z": 0.27351142495250713
  },
  "S10": {
    "x": -0.7014230075893821,
    "y": 0.6046984460796231,
    "z": 0.3772870972259122
  },
  "S11": {
    "x": 0.3791783085058443,
    "y": 0.6816850078824136,
    "z": -0.625723070045368
  },
  "S12": {
    "x": 0.3410096609633811,
    "y": 0.7217502383196378,
    "z": 0.6023196863918576
  },
  "S13": {
    "x": -0.5217409220128284,
    "y": 0.6805745069288122,
    "z": -0.5143974638504818
  },
  "S14": {
    "x": 0.8219773418684274,
    "y": 0.4595915228728143,
    "z": -0.33634637140656337
  },
  "S15": {
    "x": -0.4068465855365381,
    "y": 0.24896355083509758,
    "z": 0.8789158129154578
  },
  "S16": {
    "x": -0.4564897737693961,
    "y": 0.3393936512034901,
    "z": -0.8224530600385224
  },
  "S17": {
    "x": 0.6685129193971994,
    "y": 0.3279707621958427,
    "z": 0.6674770825606762
  },
  "S18": {
    "x": -0.9476183706755399,
    "y": 0.31918010785644707,
    "z": -0.011978410035637727
  },
  "S19": {
    "x": 0.5599868266720902,
    "y": 0.265772977122056,
    "z": -0.7847161770891447
  },
  "S20": {
    "x": 0.06473930578757259,
    "y": 0.41067635192822066,
    "z": 0.9094799372460458
  },
  "S21": {
    "x": -0.8200810701451087,
    "y": 0.306646980521004,
    "z": -0.4831507712164024
  },
  "S22": {
    "x": 0.981081509346981,
    "y": 0.12372344060960962,
    "z": 0.1489012500322604
  },
  "S23": {
    "x": -0.8103719531573141,
    "y": 0.1463086116776992,
    "z": 0.5673544638803366
  },
  "S24": {
    "x": 0.10065334643945316,
    "y": 0.2764413200015287,
    "z": -0.9557453114958774
  },
  "S25": {
    "x": 0.3579127946419345,
    "y": 0.04070115596514886,
    "z": 0.9328675400798878
  },
  "S26": {
    "x": -0.923953074382454,
    "y": -0.16870356736283404,
    "z": -0.3432926196385019
  },
  "S27": {
    "x": 0.940345776898873,
    "y": -0.042364000043820384,
    "z": -0.33757237945178825
  },
  "S28": {
    "x": -0.08770496468422755,
    "y": -0.1379992168517513,
    "z": 0.9865414615301485
  },
  "S29": {
    "x": -0.2131402496961738,
    "y": -0.045257443980538097,
    "z": -0.9759728468168575
  },
  "S30": {
    "x": 0.8918801377069789,
    "y": -0.2967041526583112,
    "z": 0.34134508310373224
  },
  "S31": {
    "x": -0.9733810377912996,
    "y": -0.12318398781213673,
    "z": 0.19327457260341233
  },
  "S32": {
    "x": 0.6541043243984962,
    "y": -0.19717373713751363,
    "z": -0.7302534150460466
  },
  "S33": {
    "x": 0.2967597728790003,
    "y": -0.41525541919488324,
    "z": 0.8599398665197969
  },
  "S34": {
    "x": -0.6529300460106936,
    "y": -0.12340646879621503,
    "z": -0.7472972624569973
  },
  "S35": {
    "x": 0.8725144610243809,
    "y": -0.4847372853296165,
    "z": -0.06122319425355104
  },
  "S36": {
    "x": -0.5783017183789728,
    "y": -0.23202903442571426,
    "z": 0.7821314785273623
  },
  "S37": {
    "x": 0.26552950084778454,
    "y": -0.2285913185213511,
    "z": -0.9366109615396334
  },
  "S38": {
    "x": 0.7282117087954607,
    "y": -0.09764718948941375,
    "z": 0.6783603272288362
  },
  "S39": {
    "x": -0.8387356107684449,
    "y": -0.5440423070470267,
    "z": -0.023249588637911534
  },
  "S40": {
    "x": 0.6535632244542824,
    "y": -0.5901402284570915,
    "z": -0.47390887562645745
  },
  "S41": {
    "x": -0.19000588609147076,
    "y": -0.5777503766504175,
    "z": 0.7937898119344288
  },
  "S42": {
    "x": -0.24485882348980953,
    "y": -0.48972931542640535,
    "z": -0.8367851302282866
  },
  "S43": {
    "x": 0.5922910194727253,
    "y": -0.7736079709059661,
    "z": 0.22521557584393118
  },
  "S44": {
    "x": -0.7029627575651818,
    "y": -0.5549562688588654,
    "z": 0.4448223253509225
  },
  "S45": {
    "x": 0.19367697961495517,
    "y": -0.6826303484545889,
    "z": -0.7046311339530739
  },
  "S46": {
    "x": 0.2240292897973498,
    "y": -0.7869230495486027,
    "z": 0.5749460769515891
  },
  "S47": {
    "x": -0.6205603416278824,
    "y": -0.6013226048062269,
    "z": -0.5033050639003548
  },
  "S48": {
    "x": 0.38442101737764217,
    "y": -0.8957951884283577,
    "z": -0.22309518548579554
  },
  "S49": {
    "x": -0.2819291742651626,
    "y": -0.8636806879834316,
    "z": 0.41781767543107834
  },
  "S50": {
    "x": -0.14673407064278188,
    "y": -0.9089009349385795,
    "z": -0.39034369852781653
  },
  "S51": {
    "x": 0.6103239512187445,
    "y": -0.5316151448483372,
    "z": 0.5872733710433508
  },
  "S52": {
    "x": -0.48663289558726364,
    "y": -0.8729168004495553,
    "z": -0.0347085641487319
  },
  "S53": {
    "x": 0.10379083346704597,
    "y": -0.9850783052384261,
    "z": 0.13728873018862914
  }
}