{
  "S1": {
    "x": 0.09552633650832289,
    "y": 0.9910168802366208,
    "z": -0.0935962719309571
  },
  "S3": {
    "x": -0.4922675623432139,
    "y": 0.792274052913798,
    "z": 0.3605197250417988
  },
  "S8": {
    "x": -0.1065722940506551,
    "y": 0.6821171624121244,
    "z": -0.7234352236956759
  },
  "S10": {
    "x": 0.5001598173552015,
    "y": 0.6939524338576729,
    "z": 0.5179480443502258
  },
  "S11": {
    "x": -0.7487393585542129,
    "y": 0.5772617927302603,
    "z": -0.32581926831553654
  },
  "S12": {
    "x": 0.7814404808571673,
    "y": 0.602133022396156,
    "z": -0.1636661181118108
  },
  "S13": {
    "x": -0.05740036473175485,
    "y": 0.4875453902135654,
    "z": 0.871208752601903
  },
  "S18": {
    "x": -0.4717762685576201,
    "y": 0.0484250682005859,
    "z": -0.8803875085413336
  },
  "S21": {
    "x": 0.9135171652110302,
    "y": 0.04460950778188437,
    "z": 0.4043468568942529
  },
  "S22": {
    "x": -0.9319068600061642,
    "y": 0.17030554666723735,
    "z": 0.3202274582977306
  },
  "S23": {
    "x": 0.5266403809205787,
    "y": 0.3428062027675784,
    "z": -0.7779034750712337
  },
  "S25": {
    "x": 0.37723505153650594,
    "y": -0.12100604221441198,
    "z": 0.9181782254224141
  },
  "S26": {
    "x": -0.9130047256941943,
    "y": -0.2277988664052152,
    "z": -0.33842288238913165
  },
  "S27": {
    "x": 0.9294887245973945,
    "y": -0.175290569618289,
    "z": -0.3245364803056889
  },
  "S28": {
    "x": -0.5083556001550268,
    "y": -0.12373035257011468,
    "z": 0.8522120532143965
  },
  "S29": {
    "x": 0.2296883943545213,
    "y": -0.2717011031592443,
    "z": -0.9345703569239138
  },
  "S35": {
    "x": 0.6560391521981424,
    "y": -0.6763285067226424,
    "z": 0.33495131254775423
  },
  "S37": {
    "x": -0.7246086489904684,
    "y": -0.6385715175717257,
    "z": 0.2591692936178035
  },
  "S38": {
    "x": 0.48999161897583393,
    "y": -0.7561030328182514,
    "z": -0.43383916039989245
  },
  "S39": {
    "x": -0.0380427601051322,
    "y": -0.7080941845777865,
    "z": 0.7050924578881147
  },
  "S51": {
    "x": -0.3666179189244223,
    "y": -0.7236190770390581,
    "z": -0.5847792171996774
  },
  "S52": {
    "x": -0.061021438111503845,
    "y": -0.997716332569447,
    "z": 0.028956930344505034
  }
}