{
  "S1": {
    "x": 0.25463378093918304,
    "y": 0.9670345416447973,
    "z": -0.002415133630465346
  },
  "S3": {
    "x": -0.4217768094852976,
    "y": 0.8247460880423082,
    "z": 0.37669379240878426
  },
  "S4": {
    "x": 0.05098831938350433,
    "y": 0.7979963051813151,
    "z": -0.6005015305587614
  },
  "S5": {
    "x": 0.22826332720312323,
    "y": 0.7320066554100311,
    "z": 0.6419206414266331
  },
  "S8": {
    "x": -0.5774142114523142,
    "y": 0.7642463541244792,
    "z": -0.2872635351386312
  },
  "S10": {
    "x": 0.756417636953276,
    "y": 0.5252211033497155,
    "z": -0.38983990445069794
  },
  "S11": {
    "x": -0.2983258249481556,
    "y": 0.3252686566805275,
    "z": 0.8973304871396309
  },
  "S12": {
    "x": -0.43169032939635804,
    "y": 0.3141659514255767,
    "z": -0.8455431476101773
  },
  "S13": {
    "x": 0.8105576127637177,
    "y": 0.4923855000549403,
    "z": 0.3171007343517664
  },
  "S18": {
    "x": -0.9144420255205912,
    "y": 0.3383461654089183,
    "z": 0.22207578507095113
  },
  "S22": {
    "x": 0.34925301109892976,
    "y": 0.26633203630706026,
    "z": -0.8983816453350245
  },
  "S25": {
    "x": 0.4688600828325494,
    "y": 0.13649796933965855,
    "z": 0.8726617483838767
  },
  "S26": {
    "x": -0.9003720905850685,
    "y": 0.06944027260110283,
    "z": -0.4295441153555214
  },
  "S28": {
    "x": 0.9905363957651275,
    "y": -0.08124609132396483,
    "z": -0.11061971483062365
  },
  "S29": {
    "x": -0.7269316086682106,
    "y": -0.14156212870915713,
    "z": 0.6719602667080692
  },
  "S36": {
    "x": -0.12152685088180011,
    "y": -0.2583311759984802,
    "z": -0.9583820887422693
  },
  "S37": {
    "x": 0.7898566832999843,
    "y": -0.33229743120986416,
    "z": 0.5154656507059168
  },
  "S38": {
    "x": -0.8866746773749996,
    "y": -0.45987045765578455,
    "z": 0.04824084034715322
  },
  "S39": {
    "x": 0.6548646861893609,
    "y": -0.29937754471583955,
    "z": -0.6939202609104488
  },
  "S40": {
    "x": -0.0035310335783343997,
    "y": -0.3430970419819395,
    "z": 0.9392933256364125
  },
  "S41": {
    "x": -0.59206933595513,
    "y": -0.5882607867259894,
    "z": -0.5508204319214851
  },
  "S42": {
    "x": 0.6495631685872214,
    "y": -0.7523010588070232,
    "z": -0.11004911145829775
  },
  "S45": {
    "x": -0.42532940958120286,
    "y": -0.7421881083962176,
    "z": 0.5179302125774762
  },
  "S51": {
    "x": 0.12202282349724997,
    "y": -0.7831517740165309,
    "z": -0.6097407066946731
  },
  "S52": {
    "x": 0.2989119293339246,
    "y": -0.8159649469249945,
    "z": 0.4948260945944157
  },
  "S53": {
    "x": -0.1715514059460171,
    "y": -0.9838367293697357,
    "z": -0.05133619640182053
  }
}