{
  "S1": {
    "x": 0.24967592752098067,
    "y": 0.964878154370854,
    "z": -0.08168279154407246
  },
  "S3": {
    "x": -0.4478860888331011,
    "y": 0.8696697547239475,
    "z": 0.20753931952325697
  },
  "S8": {
    "x": -0.1697380200052182,
    "y": 0.7420370763243265,
    "z": -0.6485136713476085
  },
  "S10": {
    "x": 0.4815061446602487,
    "y": 0.6502729150161335,
    "z": 0.5876197483499376
  },
  "S11": {
    "x": -0.8088240867423263,
    "y": 0.4922446343079887,
    "z": -0.3217123197834304
  },
  "S12": {
    "x": 0.8284828999027171,
    "y": 0.5380275707598153,
    "z": -0.15537830502060565
  },
  "S13": {
    "x": -0.1940501090641181,
    "y": 0.5443784616744438,
    "z": 0.8160861753743717
  },
  "S18": {
    "x": -0.43759492304961567,
    "y": 0.06563900415527897,
    "z": -0.8967732179624369
  },
  "S22": {
    "x": 0.9065257952264467,
    "y": 0.0319877564253896,
    "z": 0.4209367720073033
  },
  "S23": {
    "x": -0.8949193307848707,
    "y": 0.2064755353898646,
    "z": 0.39558468710634853
  },
  "S25": {
    "x": 0.44651544989537495,
    "y": 0.3762951167623758,
    "z": -0.8118041254548545
  },
  "S26": {
    "x": 0.32455864002258433,
    "y": -0.06683332210471928,
    "z": 0.943501455347652
  },
  "S27": {
    "x": -0.9190701241998325,
    "y": -0.2367793238052024,
    "z": -0.3150327897563298
  },
  "S28": {
    "x": 0.9079870359840969,
    "y": -0.15715820733921657,
    "z": -0.3884080848163928
  },
  "S29": {
    "x": -0.47532381951429803,
    "y": -0.21891072684030843,
    "z": 0.8521416315827942
  },
  "S35": {
    "x": 0.22372826894810977,
    "y": -0.3180047272502049,
    "z": -0.9213135487552571
  },
  "S36": {
    "x": 0.675744944032796,
    "y": -0.6565189148711518,
    "z": 0.3351890288039256
  },
  "S37": {
    "x": -0.7225989710512873,
    "y": -0.6450703470888713,
    "z": 0.24846523769385517
  },
  "S38": {
    "x": 0.5058647157499749,
    "y": -0.7680275449747005,
    "z": -0.392727105659046
  },
  "S39": {
    "x": 0.027618407002520818,
    "y": -0.7257689196136246,
    "z": 0.6873839530549978
  },
  "S51": {
    "x": -0.36291152801332965,
    "y": -0.6968020809568491,
    "z": -0.618677688953816
  },
  "S52": {
    "x": -0.08337734993400003,
    "y": -0.996458388396145,
    "z": 0.010904022787049099
  }
}