{
  "S1": {
    "x": 0.06471301531235456,
    "y": 0.9851663821839072,
    "z": 0.1589321398077011
  },
  "S3": {
    "x": -0.13752499222527362,
    "y": 0.911830368199042,
    "z": 0.38684913873942905
  },
  "S4": {
    "x": -0.24199616938496765,
    "y": 0.9694673114102511,
    "z": 0.039635667144396085
  },
  "S5": {
    "x": 0.21708047363009433,
    "y": 0.8463075099897842,
    "z": 0.4864562328755027
  },
  "S8": {
    "x": -0.45250079988630276,
    "y": 0.8587213992477112,
    "z": 0.24050069558383622
  },
  "S10": {
    "x": 0.04568067801661878,
    "y": 0.9768626556670837,
    "z": -0.20893211246477789
  },
  "S11": {
    "x": -0.3739943837603451,
    "y": 0.7572929987957991,
    "z": 0.535383521310271
  },
  "S12": {
    "x": -0.32800621519403056,
    "y": 0.8977728958332976,
    "z": -0.2939655597194721
  },
  "S13": {
    "x": 0.3921990673784334,
    "y": 0.917616607945418,
    "z": 0.06449536704471404
  },
  "S18": {
    "x": -0.7271044954417731,
    "y": 0.6363642533868005,
    "z": 0.2576035514503334
  },
  "S22": {
    "x": 0.5266928365814886,
    "y": -0.6643181123440164,
    "z": -0.530354694054298
  },
  "S25": {
    "x": -0.07219825492744184,
    "y": 0.7088860626922912,
    "z": 0.701618102749675
  },
  "S26": {
    "x": -0.6007891436643453,
    "y": 0.7964468878280521,
    "z": -0.06873688765192171
  },
  "S28": {
    "x": 0.7179927821740987,
    "y": -0.6658393677742267,
    "z": -0.2028405804268843
  },
  "S29": {
    "x": -0.5731166530334173,
    "y": 0.5100021647055782,
    "z": 0.6414320650009616
  },
  "S37": {
    "x": 0.2082482042030531,
    "y": -0.6537304604025016,
    "z": -0.7275088800751073
  },
  "S38": {
    "x": 0.5502702506557181,
    "y": -0.826857738816898,
    "z": 0.11622792694485867
  },
  "S39": {
    "x": -0.3022690307969778,
    "y": -0.9167738819161249,
    "z": -0.26107294470606274
  },
  "S40": {
    "x": 0.23285297236152852,
    "y": -0.8595860543610937,
    "z": -0.4548530624392103
  },
  "S41": {
    "x": 0.21185097110418669,
    "y": -0.936412243557182,
    "z": 0.2797342956421644
  },
  "S42": {
    "x": -0.10341740231004094,
    "y": -0.8165583928687628,
    "z": -0.5679236145248994
  },
  "S45": {
    "x": 0.4485370786859844,
    "y": -0.8624461709172824,
    "z": -0.23452311466881245
  },
  "S51": {
    "x": -0.12098203029152195,
    "y": -0.9891676613342957,
    "z": 0.0831305366094884
  },
  "S52": {
    "x": 0.02730368546523511,
    "y": -0.9669569584503585,
    "z": -0.25347336993153163
  },
  "S53": {
    "x": 0.2410646621199237,
    "y": -0.9696219549524858,
    "z": -0.04148605972042375
  }
}