{
  "S1": {
    "x": 0.1986402537570825,
    "y": 0.979977984006457,
    "z": -0.013608837200961068
  },
  "S3": {
    "x": -0.4066212426954885,
    "y": 0.8508828245253341,
    "z": 0.33265234692778917
  },
  "S8": {
    "x": 0.05184431894422712,
    "y": 0.7540743215038948,
    "z": -0.6547397072437643
  },
  "S10": {
    "x": 0.36680779514089074,
    "y": 0.6864527933123344,
    "z": 0.6278810428557084
  },
  "S11": {
    "x": -0.7117182876086404,
    "y": 0.6519285205561718,
    "z": -0.2616224057088116
  },
  "S12": {
    "x": 0.752381281667363,
    "y": 0.5643010137303951,
    "z": -0.3398334487648692
  },
  "S13": {
    "x": -0.3262678058928957,
    "y": 0.385566094578779,
    "z": 0.8630690039325382
  },
  "S15": {
    "x": -0.44319493329961884,
    "y": 0.3053294069914441,
    "z": -0.8428239462211545
  },
  "S18": {
    "x": 0.8918829454365587,
    "y": 0.3076605342442604,
    "z": 0.33149631567778354
  },
  "S22": {
    "x": -0.9256388247226813,
    "y": 0.19893593639106077,
    "z": 0.32189634881157814
  },
  "S23": {
    "x": 0.4854385368111973,
    "y": 0.11549974424826616,
    "z": -0.8666078906040431
  },
  "S26": {
    "x": 0.2968471447192393,
    "y": -0.0015370641389864472,
    "z": 0.9549237718822732
  },
  "S28": {
    "x": -0.8921668041654666,
    "y": -0.12043124422300037,
    "z": -0.4353558417663396
  },
  "S29": {
    "x": 0.9431433019713953,
    "y": -0.2005636102688925,
    "z": -0.265056503754202
  },
  "S37": {
    "x": -0.5467066017785371,
    "y": -0.30417511104072004,
    "z": 0.7801213965756417
  },
  "S38": {
    "x": -0.12509236459072642,
    "y": -0.29551632381948745,
    "z": -0.9471124551378872
  },
  "S39": {
    "x": 0.7616987364905787,
    "y": -0.38010287322591885,
    "z": 0.5247254907035269
  },
  "S40": {
    "x": -0.8091155619097725,
    "y": -0.5682638030305655,
    "z": 0.14969387977025586
  },
  "S41": {
    "x": 0.4284887399674971,
    "y": -0.6536992160722417,
    "z": -0.6237585547530418
  },
  "S42": {
    "x": 0.056217602166828355,
    "y": -0.6871891465811831,
    "z": 0.7243001159931135
  },
  "S45": {
    "x": -0.41097913888644944,
    "y": -0.7567120111478778,
    "z": -0.5084123125817139
  },
  "S51": {
    "x": 0.5282475779567427,
    "y": -0.8482215711212419,
    "z": 0.038401336792452626
  },
  "S53": {
    "x": -0.16673046492598392,
    "y": -0.9805072367929462,
    "z": 0.10395436817289955
  }
}