{
  "S1": {
    "x": 0.2268751684809216,
    "y": 0.9738763525990133,
    "z": -0.00961809623552551
  },
  "S3": {
    "x": -0.4353125589865067,
    "y": 0.8141335396947534,
    "z": 0.38430398844236624
  },
  "S4": {
    "x": 0.15288075706618307,
    "y": 0.7671947300305298,
    "z": -0.622928342855142
  },
  "S5": {
    "x": 0.21927588703182588,
    "y": 0.7476976332387807,
    "z": 0.6267905029717118
  },
  "S8": {
    "x": -0.5433906157635763,
    "y": 0.7883411834922486,
    "z": -0.2885217792647938
  },
  "S10": {
    "x": 0.7694143610086465,
    "y": 0.49389000536896005,
    "z": -0.40506074071712383
  },
  "S11": {
    "x": -0.29236876166203646,
    "y": 0.3287996540127428,
    "z": 0.898004061641877
  },
  "S12": {
    "x": -0.3932514814302679,
    "y": 0.3928412454009676,
    "z": -0.8312815577556839
  },
  "S13": {
    "x": 0.7914277910840647,
    "y": 0.5154916991344966,
    "z": 0.3284971227015967
  },
  "S15": {
    "x": -0.911629295861365,
    "y": 0.3526877984532851,
    "z": 0.21105294063217114
  },
  "S18": {
    "x": 0.2831923499661878,
    "y": 0.1458274167957508,
    "z": -0.9479116295474523
  },
  "S22": {
    "x": 0.42966229282536966,
    "y": 0.15255535248071947,
    "z": 0.8900096508204447
  },
  "S23": {
    "x": -0.8827809288857766,
    "y": 0.06731193432337736,
    "z": -0.46493756042420425
  },
  "S26": {
    "x": 0.9968594387884833,
    "y": -0.07648625256816502,
    "z": -0.020521024983882287
  },
  "S28": {
    "x": -0.6896390253573828,
    "y": -0.14866752338778744,
    "z": 0.708728426263446
  },
  "S29": {
    "x": -0.3432148433658146,
    "y": -0.2699150118271762,
    "z": -0.8996385150068412
  },
  "S37": {
    "x": 0.7469249148119899,
    "y": -0.3205487284025254,
    "z": 0.5825389981388592
  },
  "S38": {
    "x": -0.9264354138011931,
    "y": -0.364647983887234,
    "z": 0.09353754274080281
  },
  "S39": {
    "x": 0.7200028465350181,
    "y": -0.23816334705875739,
    "z": -0.6518236886606998
  },
  "S40": {
    "x": -0.01861468692092609,
    "y": -0.39455499697022467,
    "z": 0.9186837583176607
  },
  "S41": {
    "x": -0.599237772237237,
    "y": -0.6837383883332557,
    "z": -0.4164323578248877
  },
  "S42": {
    "x": 0.670798433988089,
    "y": -0.7292418523153263,
    "z": -0.13503992665444928
  },
  "S45": {
    "x": -0.4466126079878419,
    "y": -0.780145166567329,
    "z": 0.43807613204548457
  },
  "S51": {
    "x": 0.14749371213258827,
    "y": -0.7082597304358753,
    "z": -0.690372188840375
  },
  "S52": {
    "x": 0.3106089404155894,
    "y": -0.8268310441226693,
    "z": 0.46890565214008817
  },
  "S53": {
    "x": -0.06191773389768921,
    "y": -0.9938008595256946,
    "z": -0.09233658990327492
  }
}