{
  "S1": {
    "x": -0.027357520845371873,
    "y": 0.9948617868227756,
    "z": -0.09747610565153621
  },
  "S3": {
    "x": -0.3241021999617175,
    "y": 0.933812665984265,
    "z": -0.15149808192625502
  },
  "S4": {
    "x": 0.04458045644046297,
    "y": 0.9231183761387595,
    "z": -0.38192282798819366
  },
  "S5": {
    "x": 0.10939293948589446,
    "y": 0.9694299024059119,
    "z": 0.21963344260813153
  },
  "S8": {
    "x": -0.24990870735975362,
    "y": 0.8602855834650469,
    "z": -0.4443583608620197
  },
  "S10": {
    "x": 0.38717535557009375,
    "y": 0.8270273471998484,
    "z": -0.40757945363174675
  },
  "S11": {
    "x": -0.2539179782273582,
    "y": 0.9454770547954937,
    "z": 0.20395783679027849
  },
  "S12": {
    "x": -0.5024327574934441,
    "y": 0.6340253254765159,
    "z": -0.5878547531932798
  },
  "S13": {
    "x": 0.32645616980177444,
    "y": 0.9416035014533449,
    "z": -0.08251796925007132
  },
  "S18": {
    "x": -0.576868451130164,
    "y": 0.8132847162545663,
    "z": 0.0760970459177956
  },
  "S22": {
    "x": 0.1427987362783467,
    "y": 0.7446355684151834,
    "z": -0.6520171709152328
  },
  "S25": {
    "x": 0.17537916143353316,
    "y": -0.6681270086286596,
    "z": 0.7230826025260114
  },
  "S26": {
    "x": -0.5821841473707642,
    "y": 0.7630558665860917,
    "z": -0.28072649148009726
  },
  "S28": {
    "x": 0.6440087204482453,
    "y": -0.7417763242715008,
    "z": 0.1871380579595587
  },
  "S29": {
    "x": -0.2508340539866274,
    "y": -0.6806495234509345,
    "z": 0.688330228587013
  },
  "S36": {
    "x": -0.17285967555385331,
    "y": 0.6722954752138156,
    "z": -0.7198182594061132
  },
  "S37": {
    "x": 0.5246767536926158,
    "y": -0.6506100704366922,
    "z": 0.5490180692663406
  },
  "S38": {
    "x": -0.3662281554611564,
    "y": -0.8721218912344402,
    "z": 0.3244693282533534
  },
  "S39": {
    "x": 0.4494390155453723,
    "y": -0.8748340506759621,
    "z": -0.18074831972523273
  },
  "S40": {
    "x": -0.03947144718641599,
    "y": -0.8616292861464308,
    "z": 0.5060009665127154
  },
  "S41": {
    "x": -0.25117890845449525,
    "y": -0.9679406768839074,
    "z": 4.450990039192306e-05
  },
  "S42": {
    "x": 0.36490270222780447,
    "y": -0.9158823418015019,
    "z": 0.16734859988372508
  },
  "S45": {
    "x": 0.0038173978279246188,
    "y": -0.9719284282054516,
    "z": 0.23524573942986465
  },
  "S51": {
    "x": -0.021544962898639084,
    "y": -0.9439159494999769,
    "z": -0.3294821616616796
  },
  "S52": {
    "x": 0.27156983605725377,
    "y": -0.8560198218867847,
    "z": 0.439863488687972
  },
  "S53": {
    "x": 0.13753668478886594,
    "y": -0.9898598839737323,
    "z": -0.03551155356778463
  }
}