{
  "S1": {
    "x": 0.19444299170440868,
    "y": 0.9808208730158278,
    "z": -0.013503260106679384
  },
  "S3": {
    "x": -0.396535166660624,
    "y": 0.8501046631192891,
    "z": 0.34652838750132897
  },
  "S4": {
    "x": 0.01158781307753856,
    "y": 0.7971054361936383,
    "z": -0.6037289509197231
  },
  "S5": {
    "x": 0.3289409042351562,
    "y": 0.7410676963559624,
    "z": 0.5853345632530382
  },
  "S8": {
    "x": -0.6451011149487956,
    "y": 0.7138515824042007,
    "z": -0.2725077426254889
  },
  "S10": {
    "x": 0.7227343107084925,
    "y": 0.5989081618130411,
    "z": -0.34491177109290516
  },
  "S11": {
    "x": -0.26751175965712837,
    "y": 0.41528223770476064,
    "z": 0.869470023342998
  },
  "S12": {
    "x": -0.4048508420903037,
    "y": 0.31860541522847174,
    "z": -0.8570801508878064
  },
  "S13": {
    "x": 0.8533217553150627,
    "y": 0.39395382902099524,
    "z": 0.34152944603023105
  },
  "S15": {
    "x": -0.904319989090725,
    "y": 0.3206964999485139,
    "z": 0.2817074941348276
  },
  "S18": {
    "x": 0.3920427167473192,
    "y": 0.2701309103182048,
    "z": -0.8793928584745495
  },
  "S22": {
    "x": 0.38815423917338066,
    "y": 0.12196753465946297,
    "z": 0.9134879348414114
  },
  "S23": {
    "x": -0.8852189562361016,
    "y": 0.04803051677911677,
    "z": -0.46268830650687287
  },
  "S26": {
    "x": 0.9848452218116868,
    "y": -0.04873050475834396,
    "z": -0.16644887197180563
  },
  "S28": {
    "x": -0.6477822438984946,
    "y": -0.12130678704934912,
    "z": 0.7521055962466942
  },
  "S29": {
    "x": -0.11374984668356515,
    "y": -0.2710027400012798,
    "z": -0.9558339224422118
  },
  "S37": {
    "x": 0.7726008351394861,
    "y": -0.31948666059306485,
    "z": 0.5486494538818576
  },
  "S38": {
    "x": -0.9195436552775766,
    "y": -0.3875301085300972,
    "z": 0.06526776402945547
  },
  "S39": {
    "x": 0.6470245902239355,
    "y": -0.31546965602562405,
    "z": -0.6941455724648992
  },
  "S40": {
    "x": -0.007810806398044732,
    "y": -0.4197050601826462,
    "z": 0.9076269353432024
  },
  "S41": {
    "x": -0.5831429790686513,
    "y": -0.6036778381503259,
    "z": -0.5436150602118076
  },
  "S42": {
    "x": 0.7001262335307734,
    "y": -0.7110495432376759,
    "z": -0.06505231881728436
  },
  "S45": {
    "x": -0.49310968711456893,
    "y": -0.740393210506826,
    "z": 0.4567939692127806
  },
  "S51": {
    "x": 0.17211884482790107,
    "y": -0.7978999548348013,
    "z": -0.5776943528629401
  },
  "S52": {
    "x": 0.27431948794165534,
    "y": -0.8520362173460373,
    "z": 0.44585098728844863
  },
  "S53": {
    "x": -0.18133281016162364,
    "y": -0.980958068278134,
    "z": -0.06956781036456607
  }
}