{
  "S1": {
    "x": 0.21655056624288277,
    "y": 0.9748112452891254,
    "z": -0.05337497838642771
  },
  "S3": {
    "x": -0.0623956976285388,
    "y": 0.9920380792665057,
    "z": 0.10939481798819427
  },
  "S4": {
    "x": -0.06819062894973368,
    "y": 0.9771751065533812,
    "z": -0.201193561665944
  },
  "S5": {
    "x": 0.19386486505812972,
    "y": 0.9158001438427578,
    "z": 0.35174779407066264
  },
  "S8": {
    "x": -0.3950062895277536,
    "y": 0.8865224853930388,
    "z": -0.24093134732961968
  },
  "S10": {
    "x": 0.4979496359395319,
    "y": 0.8386477503206967,
    "z": -0.22071726472961267
  },
  "S11": {
    "x": -0.16312962455801572,
    "y": 0.8928989290884108,
    "z": 0.41966680595959677
  },
  "S12": {
    "x": -0.12110573452113346,
    "y": 0.8471043582194382,
    "z": -0.5174433373343699
  },
  "S13": {
    "x": 0.47254628386091924,
    "y": 0.8671538687458547,
    "z": 0.15730282110735488
  },
  "S18": {
    "x": -0.3939918924583374,
    "y": 0.9126341284184867,
    "z": 0.10894648375660122
  },
  "S22": {
    "x": 0.21371169101723164,
    "y": 0.8855481614608631,
    "z": -0.41247032239403675
  },
  "S26": {
    "x": -0.14152856098868796,
    "y": -0.8584629490808127,
    "z": 0.4929614908691603
  },
  "S28": {
    "x": -0.5707682542903109,
    "y": -0.7983989708462315,
    "z": -0.19178812071155366
  },
  "S29": {
    "x": 0.13827941818789735,
    "y": -0.8588718169664813,
    "z": -0.49317137439870906
  },
  "S37": {
    "x": -0.5221169594070091,
    "y": -0.7444719310754204,
    "z": 0.41611948349051653
  },
  "S38": {
    "x": -0.25194933978198086,
    "y": -0.844960360841958,
    "z": -0.471766381580176
  },
  "S39": {
    "x": 0.2244029442616532,
    "y": -0.8081195565247339,
    "z": 0.544597191480978
  },
  "S40": {
    "x": -0.4142019457910139,
    "y": -0.9021166488043166,
    "z": 0.12092270280227432
  },
  "S41": {
    "x": 0.4336937266362487,
    "y": -0.8816579717392948,
    "z": -0.1859811074945936
  },
  "S42": {
    "x": 0.21648159073377668,
    "y": -0.9558403423233995,
    "z": 0.19875854915062083
  },
  "S45": {
    "x": -0.20232800593032066,
    "y": -0.9678895988895425,
    "z": -0.14917473773297077
  },
  "S51": {
    "x": 0.5491457383571116,
    "y": -0.811447812050524,
    "z": 0.199978514752561
  },
  "S52": {
    "x": -0.09621663464015791,
    "y": -0.979470100324737,
    "z": 0.17714593359253814
  },
  "S53": {
    "x": 0.11234343027235369,
    "y": -0.9853432857008627,
    "z": -0.1283649601677532
  }
}