{
  "S1": {
    "x": 0.3599458893125954,
    "y": 0.9037977333753626,
    "z": 0.23149214654610206
  },
  "S3": {
    "x": -0.4114239424239257,
    "y": 0.9106871583237558,
    "z": -0.03713811067564802
  },
  "S8": {
    "x": 0.05553871987587814,
    "y": 0.7905976064263057,
    "z": -0.6098121639550533
  },
  "S10": {
    "x": 0.27532173592891157,
    "y": 0.4052078836922974,
    "z": 0.8717823769259736
  },
  "S11": {
    "x": -0.8490659439202134,
    "y": 0.40901782967532274,
    "z": -0.33435226615437436
  },
  "S12": {
    "x": 0.7511122695307773,
    "y": 0.5683610877278205,
    "z": -0.33585120591889184
  },
  "S13": {
    "x": -0.39491371843337064,
    "y": 0.6517156846541766,
    "z": 0.647541366531024
  },
  "S18": {
    "x": -0.37754872668323136,
    "y": 0.20610342434362133,
    "z": -0.9027615064089207
  },
  "S22": {
    "x": 0.8805179658738572,
    "y": 0.26569018632218555,
    "z": 0.39255169935366085
  },
  "S23": {
    "x": -0.9137530970725534,
    "y": 0.15327981426859494,
    "z": 0.3762453669191179
  },
  "S25": {
    "x": 0.3928168670095683,
    "y": 0.07055871724739272,
    "z": -0.9169058710757553
  },
  "S26": {
    "x": 0.3422817532466377,
    "y": -0.33423501133930666,
    "z": 0.8781401702401622
  },
  "S27": {
    "x": -0.8396996921635398,
    "y": -0.33933522223343965,
    "z": -0.42397645445500715
  },
  "S28": {
    "x": 0.8958013144414196,
    "y": -0.16282936285159816,
    "z": -0.4135536284913571
  },
  "S29": {
    "x": -0.4038884450126247,
    "y": -0.2264356308679083,
    "z": 0.8863413727558567
  },
  "S35": {
    "x": -0.12556702453398294,
    "y": -0.5286656131386056,
    "z": -0.8394912696594672
  },
  "S37": {
    "x": 0.8166237425165341,
    "y": -0.4983558698274049,
    "z": 0.291147883672301
  },
  "S38": {
    "x": -0.7333004479974988,
    "y": -0.5989554554782163,
    "z": 0.32174961588096757
  },
  "S39": {
    "x": 0.45603242586999587,
    "y": -0.7976151137889977,
    "z": -0.39477152482225836
  },
  "S51": {
    "x": 0.1114220150361284,
    "y": -0.9141632881295677,
    "z": 0.38973146806670045
  },
  "S52": {
    "x": -0.3115672955667204,
    "y": -0.9271056616229952,
    "z": -0.20832885666615675
  }
}