{
  "S1": {
    "x": 0.06585018954913623,
    "y": 0.9860478326186093,
    "z": -0.15288369541741706
  },
  "S3": {
    "x": -0.18582050943946618,
    "y": 0.9815027720267662,
    "z": 0.04607653172094573
  },
  "S8": {
    "x": -0.12517153970172512,
    "y": 0.9146076074783104,
    "z": -0.3844801815328075
  },
  "S10": {
    "x": 0.1371683042788161,
    "y": 0.9637605989065434,
    "z": 0.22880201986996268
  },
  "S11": {
    "x": -0.3687956393373699,
    "y": 0.9083032466207505,
    "z": -0.19742084131100385
  },
  "S12": {
    "x": 0.26446062006820376,
    "y": 0.8597456935341266,
    "z": -0.4369186684986863
  },
  "S13": {
    "x": -0.2108773866122697,
    "y": 0.8976643286974918,
    "z": 0.38694893823301896
  },
  "S18": {
    "x": -0.4131150195166798,
    "y": 0.7312592840313712,
    "z": -0.5427668377560105
  },
  "S21": {
    "x": 0.3845608038536874,
    "y": 0.9208638297689249,
    "z": -0.06420899596407142
  },
  "S22": {
    "x": -0.5163439552334279,
    "y": 0.8459279663450429,
    "z": 0.13339713508632603
  },
  "S23": {
    "x": -0.033054497942410534,
    "y": 0.7518743320358328,
    "z": -0.6584773261027637
  },
  "S25": {
    "x": 0.11436282697910614,
    "y": -0.7301360693733173,
    "z": 0.6736634649477655
  },
  "S26": {
    "x": -0.6467975585265451,
    "y": 0.7297041665452455,
    "z": -0.22177634592221293
  },
  "S27": {
    "x": 0.6369435293776939,
    "y": -0.7518709404874768,
    "z": 0.17027339555656887
  },
  "S28": {
    "x": -0.225461372465177,
    "y": -0.8368977689148837,
    "z": 0.4987677755342748
  },
  "S29": {
    "x": 0.20414219580737167,
    "y": -0.8831550998599978,
    "z": -0.4223304789879862
  },
  "S35": {
    "x": 0.4577031433655132,
    "y": -0.7406250593056956,
    "z": 0.4919170195081315
  },
  "S37": {
    "x": -0.40481130230095075,
    "y": -0.904974500589939,
    "z": 0.13095404847273262
  },
  "S38": {
    "x": 0.5084757859999182,
    "y": -0.8441502154720971,
    "z": -0.16989051995381485
  },
  "S39": {
    "x": 0.1450607562183858,
    "y": -0.9082980282593538,
    "z": 0.39236726273418926
  },
  "S40": {
    "x": -0.17637969645021576,
    "y": -0.9644887026359321,
    "z": -0.19660047092463018
  },
  "S45": {
    "x": 0.3426402354272855,
    "y": -0.926296084332665,
    "z": 0.1567585187997986
  },
  "S51": {
    "x": -0.06471756794433935,
    "y": -0.9829836785046626,
    "z": 0.17191487484453438
  },
  "S52": {
    "x": 0.14918458324179826,
    "y": -0.9857531650008893,
    "z": -0.07768306001761487
  }
}