{
  "S1": {
    "x": 0.47259729298319536,
    "y": 0.8797645444362935,
    "z": -0.0516347268585476
  },
  "S3": {
    "x": -0.16109312268389128,
    "y": 0.9378736406796561,
    "z": 0.30731423647829953
  },
  "S4": {
    "x": -0.06701869949261854,
    "y": 0.8910469851114692,
    "z": -0.4489362585513441
  },
  "S5": {
    "x": 0.40912841965253194,
    "y": 0.5719005291953269,
    "z": 0.7110159779770964
  },
  "S8": {
    "x": -0.6738512438682196,
    "y": 0.6376815559688485,
    "z": -0.37321138020484024
  },
  "S10": {
    "x": 0.7512684799450607,
    "y": 0.3756807847199058,
    "z": -0.542641335536903
  },
  "S11": {
    "x": -0.2863604521197587,
    "y": 0.42871481647802206,
    "z": 0.8568554706565066
  },
  "S12": {
    "x": -0.5956528065372904,
    "y": 0.10425711749465572,
    "z": -0.7964472283308889
  },
  "S13": {
    "x": 0.8947474249368503,
    "y": 0.40576596437507095,
    "z": 0.18649672309090068
  },
  "S18": {
    "x": -0.7654618834096075,
    "y": 0.5699040697888307,
    "z": 0.2987933337361198
  },
  "S22": {
    "x": 0.13800131699112383,
    "y": 0.432332032125752,
    "z": -0.8910918305689561
  },
  "S23": {
    "x": 0.11376673689318455,
    "y": -0.11389483639090404,
    "z": 0.9869574944343683
  },
  "S26": {
    "x": -0.9882243900184088,
    "y": -0.004336619174609616,
    "z": -0.15295015105215867
  },
  "S28": {
    "x": 0.9661218173369737,
    "y": -0.24736475682146902,
    "z": -0.07361597074112712
  },
  "S29": {
    "x": -0.7736674044095783,
    "y": -0.051325888892949076,
    "z": 0.6315096202620311
  },
  "S37": {
    "x": -0.009435876004805404,
    "y": -0.22422353287623353,
    "z": -0.9744920582275274
  },
  "S38": {
    "x": 0.7545404968509543,
    "y": -0.130603577397354,
    "z": 0.64312622725475
  },
  "S39": {
    "x": -0.7812305331000837,
    "y": -0.610676826570686,
    "z": 0.129432096644207
  },
  "S40": {
    "x": 0.638775294332686,
    "y": -0.31279333637663126,
    "z": -0.7029412863593703
  },
  "S41": {
    "x": -0.3366536134386002,
    "y": -0.6064493187162123,
    "z": 0.7203357331046235
  },
  "S42": {
    "x": -0.5930321709141608,
    "y": -0.5886860328337479,
    "z": -0.549328316225644
  },
  "S45": {
    "x": 0.5836997715136257,
    "y": -0.8102174695775899,
    "z": -0.05331255692825365
  },
  "S51": {
    "x": -0.1531998581429179,
    "y": -0.9855522668965796,
    "z": 0.07222556804901506
  },
  "S52": {
    "x": 0.09082604103997399,
    "y": -0.814889482148038,
    "z": -0.5724559041127164
  },
  "S53": {
    "x": 0.36313874451758066,
    "y": -0.7195447079787972,
    "z": 0.5919338353649862
  }
}