{
  "S1": {
    "x": 0.4332269813611032,
    "y": 0.9000799116214578,
    "z": 0.046589004241934746
  },
  "S3": {
    "x": -0.32294424231951135,
    "y": 0.9264420949825879,
    "z": 0.19342197650978118
  },
  "S4": {
    "x": -0.013299608606450896,
    "y": 0.8701805964733312,
    "z": -0.4925533980516556
  },
  "S8": {
    "x": 0.24692899808046256,
    "y": 0.6817661144865147,
    "z": 0.6886370851507629
  },
  "S10": {
    "x": -0.754349996557903,
    "y": 0.5766972444601006,
    "z": -0.3136500771962578
  },
  "S11": {
    "x": 0.7498998975341358,
    "y": 0.5071185956962799,
    "z": -0.42483040566480873
  },
  "S12": {
    "x": -0.39158529926815544,
    "y": 0.4581212898769552,
    "z": 0.7979886196923762
  },
  "S13": {
    "x": -0.336084927477798,
    "y": 0.38609160602709847,
    "z": -0.8590577357067796
  },
  "S15": {
    "x": 0.8319571086912947,
    "y": 0.3862196410333151,
    "z": 0.3983487896029293
  },
  "S18": {
    "x": -0.869496464910957,
    "y": 0.3682620322157291,
    "z": 0.3291792416536778
  },
  "S22": {
    "x": 0.34814999350058046,
    "y": 0.2588244347266133,
    "z": -0.9010002741475691
  },
  "S23": {
    "x": 0.2449546481728789,
    "y": 0.030321157681356445,
    "z": 0.9690602910734519
  },
  "S26": {
    "x": -0.815924849378308,
    "y": -0.10748936247864549,
    "z": -0.5680780554826244
  },
  "S28": {
    "x": 0.9846813319792144,
    "y": -0.08143109722207309,
    "z": -0.15418057872783328
  },
  "S29": {
    "x": -0.4805764301933087,
    "y": -0.21408033706816382,
    "z": 0.8504210157465756
  },
  "S37": {
    "x": -0.13717344171347048,
    "y": -0.3118962129483332,
    "z": -0.9401617941806449
  },
  "S38": {
    "x": 0.7776965485860808,
    "y": -0.28933352571926063,
    "z": 0.5580987271192792
  },
  "S39": {
    "x": -0.9549466807230924,
    "y": -0.26192795712864136,
    "z": 0.13953702824112724
  },
  "S40": {
    "x": 0.6124900361979511,
    "y": -0.36970894243891994,
    "z": -0.6986925314034265
  },
  "S41": {
    "x": 0.17085948835943646,
    "y": -0.6464062523524633,
    "z": 0.7436168315451143
  },
  "S42": {
    "x": -0.588852421012113,
    "y": -0.734371547181703,
    "z": -0.33756667038990207
  },
  "S45": {
    "x": 0.6899845366675877,
    "y": -0.7236422989230695,
    "z": -0.016222280016971694
  },
  "S51": {
    "x": -0.49509637886565094,
    "y": -0.7642860164384816,
    "z": 0.41321478762347896
  },
  "S52": {
    "x": 0.0835154108916776,
    "y": -0.8331517471574102,
    "z": -0.5467022428636533
  },
  "S53": {
    "x": 0.08239628733826812,
    "y": -0.9894427925401245,
    "z": 0.1192216931739769
  }
}