{
  "S1": {
    "x": 0.31009986274444823,
    "y": 0.9506199930272976,
    "z": -0.012637404110620719
  },
  "S3": {
    "x": -0.3380062612775016,
    "y": 0.8750497257513499,
    "z": 0.3464675234415089
  },
  "S4": {
    "x": 0.002157502766084257,
    "y": 0.7868872420914491,
    "z": -0.6170930346516056
  },
  "S5": {
    "x": 0.28740205922809425,
    "y": 0.6919991554282675,
    "z": 0.6622214321796114
  },
  "S8": {
    "x": -0.6014957401950073,
    "y": 0.7484176315302249,
    "z": -0.2794171135452314
  },
  "S10": {
    "x": 0.7393741716622456,
    "y": 0.5397540265055528,
    "z": -0.4024815836157122
  },
  "S11": {
    "x": -0.3347063144752298,
    "y": 0.31802872687274114,
    "z": 0.8870340534241692
  },
  "S12": {
    "x": -0.42983938281506096,
    "y": 0.22317526779452534,
    "z": -0.8748890814417616
  },
  "S13": {
    "x": 0.850447314327994,
    "y": 0.40899733992843734,
    "z": 0.3308482151739136
  },
  "S18": {
    "x": -0.8660307436574484,
    "y": 0.3631092682008967,
    "z": 0.3437185045742179
  },
  "S22": {
    "x": 0.3467676030986229,
    "y": 0.23791127029758877,
    "z": -0.9072763949903158
  },
  "S25": {
    "x": 0.3594612875827169,
    "y": 0.06370700127986755,
    "z": 0.9309828144049181
  },
  "S26": {
    "x": -0.9161401889801937,
    "y": 0.12514128107863873,
    "z": -0.3808238620482336
  },
  "S28": {
    "x": 0.976627402100013,
    "y": -0.07499640079160451,
    "z": -0.2014310237666594
  },
  "S29": {
    "x": -0.6457837805527579,
    "y": -0.29700250111445353,
    "z": 0.7033866810700544
  },
  "S37": {
    "x": -0.0678321012679763,
    "y": -0.38263349566509036,
    "z": -0.9214067581870041
  },
  "S38": {
    "x": 0.776023221650403,
    "y": -0.3250443999706882,
    "z": 0.5404943084871707
  },
  "S39": {
    "x": -0.9199599959745947,
    "y": -0.381221564520431,
    "z": 0.09134399022934411
  },
  "S40": {
    "x": 0.5941016394279742,
    "y": -0.400861443473461,
    "z": -0.6973903821858791
  },
  "S41": {
    "x": -0.03026264927461262,
    "y": -0.49951566186206975,
    "z": 0.8657761117132882
  },
  "S42": {
    "x": -0.6253387380643783,
    "y": -0.5602236966294196,
    "z": -0.5432318772043103
  },
  "S45": {
    "x": 0.6942583974185894,
    "y": -0.7172981950877549,
    "z": -0.05906417643225996
  },
  "S51": {
    "x": -0.42154571825206744,
    "y": -0.8978030298698386,
    "z": 0.12747127903918737
  },
  "S52": {
    "x": 0.06287671360878219,
    "y": -0.9125398979472233,
    "z": -0.4041255418062936
  },
  "S53": {
    "x": 0.2237984227004012,
    "y": -0.8904248165209424,
    "z": 0.3963053268888249
  }
}