{
  "S1": {
    "x": 0.10060314100395766,
    "y": 0.9933210807911294,
    "z": -0.056499898018320144
  },
  "S3": {
    "x": -0.483551468374387,
    "y": 0.7741468076716972,
    "z": 0.40850299583319377
  },
  "S4": {
    "x": 0.0673231157836033,
    "y": 0.6606722153565401,
    "z": -0.7476495314899013
  },
  "S5": {
    "x": 0.21171847382788828,
    "y": 0.7400313641631522,
    "z": 0.638379877420031
  },
  "S8": {
    "x": -0.5569355197328605,
    "y": 0.7609035893082031,
    "z": -0.3329392656893779
  },
  "S10": {
    "x": 0.6862570984993047,
    "y": 0.6467642379039883,
    "z": -0.3327870420070306
  },
  "S11": {
    "x": -0.21812797430162054,
    "y": 0.22831886040394236,
    "z": 0.9488364900291919
  },
  "S12": {
    "x": -0.3885644244271064,
    "y": 0.1461841330746387,
    "z": -0.9097515525168659
  },
  "S13": {
    "x": 0.8008604680770086,
    "y": 0.49810387079716784,
    "z": 0.3324380311702512
  },
  "S18": {
    "x": -0.8920867034077098,
    "y": 0.23553317549979996,
    "z": 0.38562343917628417
  },
  "S22": {
    "x": 0.5233964410789493,
    "y": 0.0947055255506636,
    "z": -0.8468099130832506
  },
  "S26": {
    "x": 0.5227101972741575,
    "y": 0.06683530407918183,
    "z": 0.8498865170093327
  },
  "S28": {
    "x": -0.9161735266541786,
    "y": 0.16845883194061487,
    "z": -0.3636587562526836
  },
  "S29": {
    "x": 0.9591231080494173,
    "y": -0.03218516121941716,
    "z": -0.28115294592606704
  },
  "S37": {
    "x": -0.5813641416854322,
    "y": -0.33109515414181623,
    "z": 0.7432306059805177
  },
  "S38": {
    "x": 0.0778882278624501,
    "y": -0.42671170729648805,
    "z": -0.9010274928194829
  },
  "S39": {
    "x": 0.846558055708287,
    "y": -0.38700803914796555,
    "z": 0.36546441133200885
  },
  "S40": {
    "x": -0.8887803917319107,
    "y": -0.4537771013645942,
    "z": 0.06446516539975768
  },
  "S41": {
    "x": 0.6395807777394993,
    "y": -0.6487133812078417,
    "z": -0.41244075670091884
  },
  "S42": {
    "x": 0.152063459327784,
    "y": -0.5324150733072339,
    "z": 0.8327129721894094
  },
  "S45": {
    "x": -0.6259699099380499,
    "y": -0.5002411924958302,
    "z": -0.5982645077075018
  },
  "S51": {
    "x": 0.32723770573157185,
    "y": -0.9209484750538978,
    "z": 0.21158778377646814
  },
  "S52": {
    "x": -0.3665578160729558,
    "y": -0.875926753813462,
    "z": 0.31366811988092747
  },
  "S53": {
    "x": -0.09830718853924147,
    "y": -0.9194031364551208,
    "z": -0.3808327314688123
  }
}