{
  "S1": {
    "x": 0.2803324623587434,
    "y": 0.9482938470014621,
    "z": -0.14883712670920354
  },
  "S2": {
    "x": -0.07657767981088004,
    "y": 0.9944515655635934,
    "z": 0.07212449447240786
  },
  "S3": {
    "x": 0.05965183773240393,
    "y": 0.9921365565057113,
    "z": -0.11003050258967303
  },
  "S4": {
    "x": 0.183440237143712,
    "y": 0.9787926351820091,
    "z": 0.09118473945851342
  },
  "S5": {
    "x": -0.3924614690228319,
    "y": 0.888196072192396,
    "z": -0.2389178366603062
  },
  "S6": {
    "x": 0.48875249204957616,
    "y": 0.8448730169301756,
    "z": -0.21750996937757208
  },
  "S7": {
    "x": -0.23145201235469587,
    "y": 0.9385479578610543,
    "z": 0.2560423730006542
  },
  "S8": {
    "x": -0.16145456625568083,
    "y": 0.9689471483903703,
    "z": -0.18728012884809642
  },
  "S9": {
    "x": 0.43762012155888097,
    "y": 0.8975359230372753,
    "z": 0.05401755329905573
  },
  "S10": {
    "x": -0.32018425097385095,
    "y": 0.9473132808417122,
    "z": 0.00892151159980719
  },
  "S11": {
    "x": 0.04844727405039294,
    "y": 0.9425759130515111,
    "z": -0.33045954332141186
  },
  "S12": {
    "x": 0.30592476974386124,
    "y": 0.9045404434629732,
    "z": 0.2970128303575001
  },
  "S13": {
    "x": -0.6388453616651529,
    "y": 0.7373908219333389,
    "z": -0.2193886496776775
  },
  "S14": {
    "x": 0.6234308243021841,
    "y": 0.6788733465638672,
    "z": -0.38789816528964755
  },
  "S15": {
    "x": -0.4483962290976245,
    "y": 0.813801253908666,
    "z": 0.36968681457108216
  },
  "S16": {
    "x": -0.18872723021833762,
    "y": 0.8827665707541574,
    "z": -0.4302385549123415
  },
  "S17": {
    "x": 0.5577558917519407,
    "y": 0.7696054441494653,
    "z": 0.31083086325444187
  },
  "S18": {
    "x": -0.5525872829603636,
    "y": 0.8300808781467416,
    "z": 0.07492016047511686
  },
  "S19": {
    "x": 0.2826706557636192,
    "y": 0.8756280901716472,
    "z": -0.39162832899640826
  },
  "S20": {
    "x": 0.035491630478698764,
    "y": 0.9506951522344027,
    "z": 0.3080893891129151
  },
  "S21": {
    "x": -0.4441645037539567,
    "y": 0.7444337225535674,
    "z": -0.49853417769500974
  },
  "S22": {
    "x": 0.6809611962057013,
    "y": 0.7321385305770206,
    "z": -0.016279475010615028
  },
  "S23": {
    "x": -0.12932474889944895,
    "y": 0.8395895372574871,
    "z": 0.5276026139528243
  },
  "S24": {
    "x": 0.05914903809832413,
    "y": 0.8352751093908987,
    "z": -0.5466414573777454
  },
  "S25": {
    "x": 0.20582858979781826,
    "y": 0.813610423375774,
    "z": 0.543757915433086
  },
  "S26": {
    "x": -0.1921464256225186,
    "y": 0.7117952121237769,
    "z": -0.6755940549754397
  },
  "S27": {
    "x": 0.3839495680432592,
    "y": 0.7174642521047075,
    "z": -0.5812295382645547
  },
  "S28": {
    "x": -0.23336494700497906,
    "y": -0.7311753644103987,
    "z": 0.6410330631010259
  },
  "S29": {
    "x": 0.1302619962774155,
    "y": 0.6513555721472893,
    "z": -0.7475076795314548
  },
  "S30": {
    "x": 0.3545054415144757,
    "y": -0.7839861623121056,
    "z": 0.5095994399916108
  },
  "S31": {
    "x": -0.6144121079069562,
    "y": -0.7544177854913295,
    "z": 0.23097958046478712
  },
  "S32": {
    "x": 0.10318505148532543,
    "y": -0.8839956394700811,
    "z": -0.45596551903389926
  },
  "S33": {
    "x": -0.05797328812361593,
    "y": -0.8708328124226096,
    "z": 0.488148861180956
  },
  "S34": {
    "x": -0.4280189897081165,
    "y": -0.851004864635062,
    "z": -0.3042868134124502
  },
  "S35": {
    "x": 0.5263906191424089,
    "y": -0.8496264603086989,
    "z": -0.032369646618121035
  },
  "S36": {
    "x": -0.4536861747081486,
    "y": -0.7601249351599293,
    "z": 0.46516549509481103
  },
  "S37": {
    "x": -0.20318181877931016,
    "y": -0.8399679576609508,
    "z": -0.5031609867829806
  },
  "S38": {
    "x": 0.09056059349496852,
    "y": -0.7363155891527721,
    "z": 0.6705506185788254
  },
  "S39": {
    "x": -0.6043241203514916,
    "y": -0.7929396087810303,
    "z": -0.07771186773963583
  },
  "S40": {
    "x": 0.37372039743114194,
    "y": -0.8752286073614708,
    "z": -0.30709599378697483
  },
  "S41": {
    "x": -0.27007256863234336,
    "y": -0.8977138205407049,
    "z": 0.34809582600562605
  },
  "S42": {
    "x": -0.13504641832668116,
    "y": -0.956937280314488,
    "z": -0.25696985512204723
  },
  "S43": {
    "x": 0.362479767604824,
    "y": -0.9064552876324489,
    "z": 0.216673093854145
  },
  "S44": {
    "x": -0.4196159205344246,
    "y": -0.8973542513110712,
    "z": 0.1366668463380729
  },
  "S45": {
    "x": 0.11602910808663647,
    "y": -0.9713239238312268,
    "z": -0.20752609732206892
  },
  "S46": {
    "x": 0.16981581782930216,
    "y": -0.9083979731573056,
    "z": 0.3820676777465798
  },
  "S47": {
    "x": -0.31575041399944376,
    "y": -0.9446538710384988,
    "z": -0.08905470224058408
  },
  "S48": {
    "x": 0.2864325550369536,
    "y": -0.9573058443667195,
    "z": -0.03901168743241978
  },
  "S49": {
    "x": -0.03854236129217496,
    "y": -0.9627698458431024,
    "z": 0.26756066661838057
  },
  "S50": {
    "x": -0.03460327621381081,
    "y": -0.998879327841186,
    "z": -0.03229089170046159
  },
  "S51": {
    "x": 0.6066629432334161,
    "y": -0.7428162029569778,
    "z": 0.2831680807081669
  },
  "S52": {
    "x": -0.19592284903442359,
    "y": -0.9739239147096883,
    "z": 0.11439600335147286
  },
  "S53": {
    "x": 0.13120174768255208,
    "y": -0.983169128394302,
    "z": 0.1271399479999595
  }
}