{
  "S1": {
    "x": 0.3229023879329128,
    "y": 0.9458056972229706,
    "z": -0.03443299243157971
  },
  "S3": {
    "x": -0.34817617040014787,
    "y": 0.8697791082213263,
    "z": 0.34965362470193473
  },
  "S4": {
    "x": -0.005185995148312956,
    "y": 0.7864777299935138,
    "z": -0.6175968633976141
  },
  "S5": {
    "x": 0.25900648576205815,
    "y": 0.7122365345387692,
    "z": 0.6524068969603197
  },
  "S8": {
    "x": -0.596737466570943,
    "y": 0.7550079480096262,
    "z": -0.2717855670060245
  },
  "S10": {
    "x": 0.7537009162395804,
    "y": 0.49726521784554445,
    "z": -0.4297234366201597
  },
  "S11": {
    "x": -0.3293724220489249,
    "y": 0.29095350780624335,
    "z": 0.8982537859028857
  },
  "S12": {
    "x": -0.45066028182902884,
    "y": 0.2071208515044496,
    "z": -0.8683353403229953
  },
  "S13": {
    "x": 0.8395419076899833,
    "y": 0.4427001717544159,
    "z": 0.31493799891546026
  },
  "S18": {
    "x": -0.8593876375734316,
    "y": 0.3473044309912057,
    "z": 0.37527659212883363
  },
  "S22": {
    "x": 0.31282205634670324,
    "y": 0.2465025572801794,
    "z": -0.917267055070306
  },
  "S25": {
    "x": 0.40549949165805077,
    "y": 0.10187578345502452,
    "z": 0.90840051024341
  },
  "S26": {
    "x": -0.9240819348330798,
    "y": 0.14988315614770942,
    "z": -0.3515787496683396
  },
  "S28": {
    "x": 0.986671399078419,
    "y": -0.10104121432032391,
    "z": -0.12755478528581207
  },
  "S29": {
    "x": -0.644158729133714,
    "y": -0.3409662920051683,
    "z": 0.6846908202956168
  },
  "S37": {
    "x": -0.03136125979773063,
    "y": -0.3877949788817568,
    "z": -0.9212119874046347
  },
  "S38": {
    "x": 0.7621449928289494,
    "y": -0.3489898005382825,
    "z": 0.5452899495002733
  },
  "S39": {
    "x": -0.918395866388199,
    "y": -0.3892140214096185,
    "z": 0.07114406608581067
  },
  "S40": {
    "x": 0.6383470830186602,
    "y": -0.3564610997015982,
    "z": -0.6822378514866314
  },
  "S41": {
    "x": -0.015635020861863563,
    "y": -0.4492760980912545,
    "z": 0.8932561412084142
  },
  "S42": {
    "x": -0.6248069403847544,
    "y": -0.5332958940797801,
    "z": -0.5702734226708184
  },
  "S45": {
    "x": 0.6584668438385388,
    "y": -0.7502389641413952,
    "z": -0.05969013527677439
  },
  "S51": {
    "x": -0.4159044991297543,
    "y": -0.9057508393746885,
    "z": 0.08147922787849446
  },
  "S52": {
    "x": 0.07000529943512146,
    "y": -0.9026920691524257,
    "z": -0.42455422073077
  },
  "S53": {
    "x": 0.18221646812839326,
    "y": -0.884591242716701,
    "z": 0.4292965083153329
  }
}