{
  "S1": {
    "x": 0.35774023985451386,
    "y": 0.9337372208606914,
    "z": 0.012518912420294912
  },
  "S3": {
    "x": -0.3109971233055615,
    "y": 0.9027982107670651,
    "z": 0.2970457539360748
  },
  "S4": {
    "x": -0.014289230809274548,
    "y": 0.817494474128638,
    "z": -0.5757591533375922
  },
  "S5": {
    "x": 0.30590527405966844,
    "y": 0.6674897184660825,
    "z": 0.6788810197998978
  },
  "S8": {
    "x": -0.6460971303723512,
    "y": 0.7088275888385835,
    "z": -0.28305820501425705
  },
  "S10": {
    "x": 0.730873345163746,
    "y": 0.5426874663339164,
    "z": -0.41390151873752534
  },
  "S11": {
    "x": -0.347898002376552,
    "y": 0.379343863298538,
    "z": 0.8573594423111842
  },
  "S12": {
    "x": -0.4156633173668306,
    "y": 0.25058632482633403,
    "z": -0.874317162364798
  },
  "S13": {
    "x": 0.8628192759452433,
    "y": 0.37785477916596333,
    "z": 0.3358104568335644
  },
  "S18": {
    "x": -0.8674467396500329,
    "y": 0.37432222798100506,
    "z": 0.3277484149616357
  },
  "S22": {
    "x": 0.34103375902503924,
    "y": 0.25275250904353896,
    "z": -0.9054347819569598
  },
  "S23": {
    "x": 0.29610024181271205,
    "y": 0.032663028509523594,
    "z": 0.9545982261491165
  },
  "S26": {
    "x": -0.905230790438914,
    "y": 0.06308388840759452,
    "z": -0.4202114218637055
  },
  "S28": {
    "x": 0.9714336139320255,
    "y": -0.0613694480073586,
    "z": -0.2292390118942163
  },
  "S29": {
    "x": -0.6234696986805119,
    "y": -0.24953416529459793,
    "z": 0.7409576473577689
  },
  "S37": {
    "x": -0.0816121091604145,
    "y": -0.3596655306334319,
    "z": -0.9295053360323224
  },
  "S38": {
    "x": 0.7626730449414786,
    "y": -0.3132039954891788,
    "z": 0.5658914063045203
  },
  "S39": {
    "x": -0.9269033122968631,
    "y": -0.35555879028683124,
    "z": 0.12011742714056485
  },
  "S40": {
    "x": 0.5733558619836869,
    "y": -0.41310858156258523,
    "z": -0.7075339959099436
  },
  "S41": {
    "x": -0.0388535132307395,
    "y": -0.5537324008408621,
    "z": 0.8317877329996181
  },
  "S42": {
    "x": -0.6093447935375802,
    "y": -0.601105666482741,
    "z": -0.5170792011974408
  },
  "S45": {
    "x": 0.7267188841384065,
    "y": -0.6844428444268573,
    "z": -0.05846072313529897
  },
  "S51": {
    "x": -0.4282135660508187,
    "y": -0.8887227300458572,
    "z": 0.16372248150415858
  },
  "S52": {
    "x": 0.06607149105828934,
    "y": -0.9131787465540782,
    "z": -0.40216804312532983
  },
  "S53": {
    "x": 0.2562764567027594,
    "y": -0.9006513051534203,
    "z": 0.3509267790655471
  }
}