{
  "S1": {
    "x": 0.18563412953059386,
    "y": 0.9820915286742763,
    "z": 0.03219004907797051
  },
  "S10": {
    "x": -0.24055249538641052,
    "y": 0.9513642934883341,
    "z": 0.1924590295070982
  },
  "S11": {
    "x": -0.15510146636715716,
    "y": 0.6479711942372092,
    "z": -0.7457056165602903
  },
  "S12": {
    "x": 0.30129505453432326,
    "y": 0.833176281159956,
    "z": 0.46372251899775707
  },
  "S13": {
    "x": -0.11694239995618946,
    "y": 0.9470977524008408,
    "z": -0.29888178681505917
  },
  "S14": {
    "x": 0.28965261709635876,
    "y": 0.8398649544935836,
    "z": -0.4590514346156878
  },
  "S15": {
    "x": -0.14911424917833563,
    "y": 0.7395939946108505,
    "z": 0.6563274059701809
  },
  "S16": {
    "x": -0.5434133471346171,
    "y": 0.6770967534727681,
    "z": -0.49622769027190505
  },
  "S17": {
    "x": 0.6168136194091319,
    "y": 0.7865770856144259,
    "z": 0.028938681685979867
  },
  "S18": {
    "x": -0.5877899596322842,
    "y": 0.6734981516125018,
    "z": 0.44822226978366575
  },
  "S19": {
    "x": 0.2957920307496495,
    "y": 0.4833666389766283,
    "z": -0.8239318945576972
  },
  "S2": {
    "x": 0.19526876180115496,
    "y": 0.46813053051884496,
    "z": 0.8618143170432879
  },
  "S20": {
    "x": -0.6170381510818372,
    "y": 0.784951285798892,
    "z": -0.05581575971151864
  },
  "S21": {
    "x": 0.7036333721193835,
    "y": 0.575797683956886,
    "z": -0.4163617475102526
  },
  "S22": {
    "x": -0.37297170229502713,
    "y": 0.34584397288236846,
    "z": 0.8609785454400645
  },
  "S23": {
    "x": -0.2315050470945501,
    "y": 0.170292421502275,
    "z": -0.957813084243811
  },
  "S24": {
    "x": 0.657215279685782,
    "y": 0.5255528064743649,
    "z": 0.5402428377632211
  },
  "S25": {
    "x": -0.90263821196041,
    "y": 0.3914623963682154,
    "z": 0.17888949253259143
  },
  "S26": {
    "x": 0.6824223252059258,
    "y": 0.15091952899919858,
    "z": -0.7152084072682574
  },
  "S27": {
    "x": -0.02182762296213199,
    "y": 0.012682767825821277,
    "z": 0.9996813003533171
  },
  "S28": {
    "x": -0.6478489289545714,
    "y": 0.2309799435301215,
    "z": -0.7259063513561765
  },
  "S29": {
    "x": 0.9082012526491477,
    "y": 0.3990494754252114,
    "z": 0.12621410717262405
  },
  "S3": {
    "x": -0.7831689617313538,
    "y": 0.18594957224156558,
    "z": 0.5933541387433073
  },
  "S30": {
    "x": 0.17961838126646298,
    "y": -0.00785761033592953,
    "z": -0.9837049837583544
  },
  "S31": {
    "x": 0.5525776798675508,
    "y": 0.117798445443408,
    "z": 0.8250948030155753
  },
  "S32": {
    "x": -0.8973282808585623,
    "y": 0.339328623383239,
    "z": -0.2822375625678715
  },
  "S33": {
    "x": 0.9530960180131729,
    "y": 0.1389396052102063,
    "z": -0.26889359708156974
  },
  "S34": {
    "x": -0.48499271372501723,
    "y": -0.1366254492369369,
    "z": 0.8637798065794597
  },
  "S35": {
    "x": -0.5201282995825934,
    "y": -0.22585441729120104,
    "z": -0.823684608429326
  },
  "S36": {
    "x": 0.8925095439404813,
    "y": 0.025719340807813483,
    "z": 0.45029460299182533
  },
  "S37": {
    "x": -0.9890420878740893,
    "y": -0.0997619612313948,
    "z": 0.10882692454042696
  },
  "S38": {
    "x": 0.8389115511745282,
    "y": -0.3136374397523312,
    "z": -0.44481340547644216
  },
  "S39": {
    "x": 0.31951727501942406,
    "y": -0.2851214270992592,
    "z": 0.903667241175115
  },
  "S4": {
    "x": -0.887204648018387,
    "y": -0.1264361968663454,
    "z": -0.443713647138044
  },
  "S40": {
    "x": 0.9627556338521135,
    "y": -0.26448819598704854,
    "z": 0.05610333028913403
  },
  "S41": {
    "x": -0.8104006743422116,
    "y": -0.31652376132361015,
    "z": 0.4930146605763799
  },
  "S42": {
    "x": -0.07587660560834009,
    "y": -0.46785924322871536,
    "z": -0.8805398737404287
  },
  "S43": {
    "x": 0.6668998443261258,
    "y": -0.42254339183130546,
    "z": 0.6137602786572987
  },
  "S44": {
    "x": -0.8645110557872668,
    "y": -0.48533652167019253,
    "z": -0.13064874723725461
  },
  "S45": {
    "x": 0.6651294511942374,
    "y": -0.6934633614290466,
    "z": -0.2769681922343795
  },
  "S46": {
    "x": -0.34208864127252736,
    "y": -0.5585814277782054,
    "z": 0.7556203742975552
  },
  "S47": {
    "x": -0.5112700286806379,
    "y": -0.6192712511166222,
    "z": -0.5959077741675747
  },
  "S48": {
    "x": 0.7178299059644052,
    "y": -0.6646164622347485,
    "z": 0.20737691344433765
  },
  "S49": {
    "x": -0.6411164460089199,
    "y": -0.7116240856002088,
    "z": 0.28733406246137655
  },
  "S5": {
    "x": 0.5031868442956319,
    "y": -0.30117112894353804,
    "z": -0.80999935235695
  },
  "S50": {
    "x": 0.14116945300615505,
    "y": -0.6605130221245876,
    "z": 0.7374237134387441
  },
  "S51": {
    "x": -0.06494994773939324,
    "y": -0.8557161461472129,
    "z": -0.5133530768502431
  },
  "S52": {
    "x": 0.29361634544203974,
    "y": -0.9391194060213118,
    "z": -0.17844938476621042
  },
  "S53": {
    "x": -0.18360532369560587,
    "y": -0.8971743920531259,
    "z": 0.401705358882273
  },
  "S6": {
    "x": 0.31559361097431265,
    "y": -0.6927433705631563,
    "z": -0.6484653385131637
  },
  "S7": {
    "x": 0.3132781327732324,
    "y": -0.8911148329037909,
    "z": 0.32828519020048086
  },
  "S8": {
    "x": -0.5248168272292545,
    "y": -0.8273400999970679,
    "z": -0.20018905263240594
  },
  "S9": {
    "x": -0.14096985046177973,
    "y": -0.988795867985573,
    "z": -0.04909412098653631
  }
}