{
  "S1": {
    "x": 0.22687516848092204,
    "y": 0.9738763525990131,
    "z": -0.009618096235525335
  },
  "S3": {
    "x": -0.4353125589865063,
    "y": 0.8141335396947542,
    "z": 0.38430398844236563
  },
  "S4": {
    "x": 0.1528807570661844,
    "y": 0.7671947300305296,
    "z": -0.6229283428551416
  },
  "S5": {
    "x": 0.21927588703182596,
    "y": 0.7476976332387807,
    "z": 0.6267905029717121
  },
  "S8": {
    "x": -0.5433906157635757,
    "y": 0.7883411834922489,
    "z": -0.28852177926479405
  },
  "S10": {
    "x": 0.7694143610086468,
    "y": 0.49389000536895944,
    "z": -0.4050607407171235
  },
  "S11": {
    "x": -0.29236876166203746,
    "y": 0.3287996540127428,
    "z": 0.8980040616418765
  },
  "S12": {
    "x": -0.39325148143026695,
    "y": 0.3928412454009684,
    "z": -0.8312815577556839
  },
  "S13": {
    "x": 0.7914277910840645,
    "y": 0.5154916991344964,
    "z": 0.32849712270159714
  },
  "S15": {
    "x": -0.9116292958613647,
    "y": 0.3526877984532858,
    "z": 0.21105294063217167
  },
  "S18": {
    "x": 0.2831923499661875,
    "y": 0.14582741679574965,
    "z": -0.9479116295474527
  },
  "S22": {
    "x": 0.4296622928253688,
    "y": 0.15255535248071914,
    "z": 0.8900096508204453
  },
  "S23": {
    "x": -0.8827809288857766,
    "y": 0.0673119343233782,
    "z": -0.46493756042420414
  },
  "S26": {
    "x": 0.9968594387884833,
    "y": -0.07648625256816534,
    "z": -0.020521024983881097
  },
  "S28": {
    "x": -0.6896390253573831,
    "y": -0.14866752338778838,
    "z": 0.7087284262634453
  },
  "S29": {
    "x": -0.3432148433658167,
    "y": -0.26991501182717587,
    "z": -0.8996385150068406
  },
  "S37": {
    "x": 0.7469249148119892,
    "y": -0.3205487284025255,
    "z": 0.5825389981388598
  },
  "S38": {
    "x": -0.9264354138011934,
    "y": -0.3646479838872335,
    "z": 0.09353754274080213
  },
  "S39": {
    "x": 0.720002846535019,
    "y": -0.23816334705875694,
    "z": -0.6518236886606992
  },
  "S40": {
    "x": -0.018614686920927288,
    "y": -0.39455499697022495,
    "z": 0.9186837583176605
  },
  "S41": {
    "x": -0.5992377722372362,
    "y": -0.6837383883332568,
    "z": -0.4164323578248869
  },
  "S42": {
    "x": 0.6707984339880888,
    "y": -0.7292418523153265,
    "z": -0.13503992665444922
  },
  "S45": {
    "x": -0.44661260798784225,
    "y": -0.7801451665673296,
    "z": 0.43807613204548296
  },
  "S51": {
    "x": 0.14749371213258836,
    "y": -0.7082597304358739,
    "z": -0.6903721888403764
  },
  "S52": {
    "x": 0.31060894041558873,
    "y": -0.8268310441226692,
    "z": 0.46890565214008884
  },
  "S53": {
    "x": -0.061917733897687316,
    "y": -0.9938008595256946,
    "z": -0.09233658990327612
  }
}