{
  "S1": {
    "x": 0.3233034693421412,
    "y": 0.9448274888313953,
    "z": -0.05268664973116806
  },
  "S3": {
    "x": -0.3735023171686172,
    "y": 0.8635288474048801,
    "z": 0.33884207054212284
  },
  "S4": {
    "x": -0.007458570971660202,
    "y": 0.7835815945788316,
    "z": -0.6212441181664068
  },
  "S5": {
    "x": 0.2240223159737947,
    "y": 0.7391580537279618,
    "z": 0.6351845192972109
  },
  "S8": {
    "x": -0.601919622045575,
    "y": 0.7490371597688852,
    "z": -0.2768322630797814
  },
  "S10": {
    "x": 0.7641228995283978,
    "y": 0.4703132167560339,
    "z": -0.44149934604810653
  },
  "S11": {
    "x": -0.3184345370182964,
    "y": 0.2733552488760553,
    "z": 0.9076763484556889
  },
  "S12": {
    "x": -0.462407636406182,
    "y": 0.21033384711988948,
    "z": -0.8613587234996782
  },
  "S13": {
    "x": 0.8335417149457446,
    "y": 0.46848862008457137,
    "z": 0.29279108985172597
  },
  "S18": {
    "x": -0.8518915243581194,
    "y": 0.32112008887655763,
    "z": 0.41371816402801476
  },
  "S22": {
    "x": 0.3059801195791447,
    "y": 0.24561784654597682,
    "z": -0.9198086974368362
  },
  "S25": {
    "x": 0.458557220872198,
    "y": 0.15977758880374435,
    "z": 0.8741832744350738
  },
  "S26": {
    "x": -0.9347992855669411,
    "y": 0.1539407973772413,
    "z": -0.32008206230027253
  },
  "S28": {
    "x": 0.988683912686927,
    "y": -0.12172311595936601,
    "z": -0.08767898171860458
  },
  "S29": {
    "x": -0.5910372872697727,
    "y": -0.4029101264647861,
    "z": 0.6988121028208644
  },
  "S37": {
    "x": -0.02253694470754363,
    "y": -0.3796431153002559,
    "z": -0.9248584708637132
  },
  "S38": {
    "x": 0.7435246963126262,
    "y": -0.37777062560536023,
    "z": 0.5517792859495103
  },
  "S39": {
    "x": -0.9169785302924156,
    "y": -0.3853374755109171,
    "z": 0.10327344745691004
  },
  "S40": {
    "x": 0.6581273965293725,
    "y": -0.35152033084533924,
    "z": -0.6658091220010833
  },
  "S41": {
    "x": 0.05329394320905084,
    "y": -0.4019816613210632,
    "z": 0.9140954543037549
  },
  "S42": {
    "x": -0.63936720877117,
    "y": -0.4996139128070911,
    "z": -0.5844617271282623
  },
  "S45": {
    "x": 0.6322102225176794,
    "y": -0.7740875838119606,
    "z": -0.03314584638091487
  },
  "S51": {
    "x": -0.4307332699129108,
    "y": -0.9024747591122005,
    "z": 0.002856458560362334
  },
  "S52": {
    "x": 0.08834042761205345,
    "y": -0.8892169922927072,
    "z": -0.44887538300427127
  },
  "S53": {
    "x": 0.1061670981286112,
    "y": -0.8924165089527195,
    "z": 0.43854454941726323
  }
}