{
  "S1": {
    "x": 0.2720042676278021,
    "y": 0.9622104757324216,
    "z": -0.012832723134640251
  },
  "S3": {
    "x": -0.15613898614054064,
    "y": 0.9766685029526176,
    "z": 0.14744236957976734
  },
  "S8": {
    "x": -0.0181662337072387,
    "y": 0.9923488499918239,
    "z": -0.1221218566547288
  },
  "S10": {
    "x": 0.1255957633906679,
    "y": 0.9573845415527595,
    "z": 0.26007795718616317
  },
  "S11": {
    "x": -0.3859410644724676,
    "y": 0.9130693467420613,
    "z": -0.13173406087221337
  },
  "S12": {
    "x": 0.5506140669395099,
    "y": 0.8243444815224916,
    "z": -0.13145465024770886
  },
  "S13": {
    "x": -0.1333415795781816,
    "y": 0.850917406544034,
    "z": 0.5080940763244249
  },
  "S18": {
    "x": -0.12771103523139243,
    "y": 0.8961569335047479,
    "z": -0.4249619300731454
  },
  "S21": {
    "x": 0.4827689694814971,
    "y": 0.8393062438184866,
    "z": 0.24999830238038842
  },
  "S22": {
    "x": -0.43390611773006965,
    "y": 0.8637365384832728,
    "z": 0.25629021262106877
  },
  "S25": {
    "x": 0.24329165986144385,
    "y": 0.9008070360180351,
    "z": -0.35966074584567276
  },
  "S26": {
    "x": 0.24354137525155045,
    "y": 0.8125283522596443,
    "z": 0.5296086057786554
  },
  "S27": {
    "x": -0.4207245624253254,
    "y": -0.8851666151883061,
    "z": -0.19867286157926978
  },
  "S28": {
    "x": 0.4826181864428987,
    "y": -0.875538510160107,
    "z": -0.022627490828356363
  },
  "S29": {
    "x": -0.39346206182040655,
    "y": -0.8346207666323394,
    "z": 0.38548123406215323
  },
  "S35": {
    "x": -0.34560902241444613,
    "y": -0.7871562972209776,
    "z": -0.5108222463549242
  },
  "S37": {
    "x": 0.3247045172840958,
    "y": -0.8865015255773965,
    "z": 0.32966956426739036
  },
  "S38": {
    "x": -0.6132080509523911,
    "y": -0.7879957042654621,
    "z": 0.05512400843868657
  },
  "S39": {
    "x": 0.37272821766809067,
    "y": -0.8234448347825493,
    "z": -0.42779934528223446
  },
  "S40": {
    "x": -0.0372763221851248,
    "y": -0.9079372211428605,
    "z": 0.4174451799550826
  },
  "S41": {
    "x": -0.1100686517812628,
    "y": -0.9600580596540402,
    "z": -0.2572419366829099
  },
  "S42": {
    "x": 0.181764676436264,
    "y": -0.9645897380895162,
    "z": -0.19112362379470238
  },
  "S45": {
    "x": -0.23931629789164308,
    "y": -0.9679648898704364,
    "z": 0.07597158377677862
  },
  "S51": {
    "x": 0.02358968192492146,
    "y": -0.8051176417401399,
    "z": -0.5926458553516398
  },
  "S52": {
    "x": 0.07133803354301954,
    "y": -0.9930599431873929,
    "z": 0.09350312404870233
  }
}