{
  "S1": {
    "x": 0.25161168961036556,
    "y": 0.967453253231376,
    "z": -0.02693994178620561
  },
  "S3": {
    "x": -0.429267280144098,
    "y": 0.8250422583149064,
    "z": 0.3674709161176265
  },
  "S4": {
    "x": 0.018374379192796927,
    "y": 0.7913599313086344,
    "z": -0.6110743337012879
  },
  "S5": {
    "x": 0.19933915519639786,
    "y": 0.7477280771843506,
    "z": 0.6333771576207814
  },
  "S8": {
    "x": -0.5879276792210869,
    "y": 0.7524867376319705,
    "z": -0.29682444928560203
  },
  "S10": {
    "x": 0.7654467788352007,
    "y": 0.5107556340585216,
    "z": -0.3914331501652522
  },
  "S11": {
    "x": -0.28856689631359267,
    "y": 0.3049967358494317,
    "z": 0.9075825788726513
  },
  "S12": {
    "x": -0.4380883648279479,
    "y": 0.2601394362895595,
    "z": -0.8604685109225816
  },
  "S13": {
    "x": 0.7944310537385176,
    "y": 0.5239094057348862,
    "z": 0.307242958321955
  },
  "S18": {
    "x": -0.9072419024659647,
    "y": 0.33238001855539806,
    "z": 0.2577511467967703
  },
  "S22": {
    "x": 0.3504043783586317,
    "y": 0.28978267958866993,
    "z": -0.8906417743613372
  },
  "S25": {
    "x": 0.4919721896106213,
    "y": 0.17270133559120987,
    "z": 0.8533097991554669
  },
  "S26": {
    "x": -0.9149947308959433,
    "y": 0.09482387508869558,
    "z": -0.39216460210710485
  },
  "S28": {
    "x": 0.9964651803952388,
    "y": -0.07421282127549163,
    "z": -0.03936497705088071
  },
  "S29": {
    "x": -0.7223943399490153,
    "y": -0.15662691593729666,
    "z": 0.6735090398900356
  },
  "S36": {
    "x": -0.025849789772861488,
    "y": -0.2823472034599734,
    "z": -0.9589639435698464
  },
  "S37": {
    "x": 0.7459168591731357,
    "y": -0.37487733660168715,
    "z": 0.5505224988169963
  },
  "S38": {
    "x": -0.8809732872444971,
    "y": -0.471692192507732,
    "z": 0.03731678829793887
  },
  "S39": {
    "x": 0.686789623448844,
    "y": -0.2767264230646093,
    "z": -0.6721179211275815
  },
  "S40": {
    "x": 0.051491657469497576,
    "y": -0.34628669134624335,
    "z": 0.9367145438219242
  },
  "S41": {
    "x": -0.5934619489486994,
    "y": -0.5174287945476055,
    "z": -0.616498465304678
  },
  "S42": {
    "x": 0.6718469894198014,
    "y": -0.7302851931191721,
    "z": -0.12371402312770774
  },
  "S45": {
    "x": -0.39783725657121927,
    "y": -0.7282105736961356,
    "z": 0.5580635068171282
  },
  "S51": {
    "x": 0.1271350394040786,
    "y": -0.8120395176209849,
    "z": -0.5695862564858826
  },
  "S52": {
    "x": 0.27007009057258313,
    "y": -0.8708234237539907,
    "z": 0.4107660049462396
  },
  "S53": {
    "x": -0.28541396510942113,
    "y": -0.9552519703599434,
    "z": -0.07766943828793912
  }
}