{
  "S1": {
    "x": 0.45797563401844393,
    "y": 0.8818361065237955,
    "z": -0.11235390458883725
  },
  "S3": {
    "x": -0.2647397625927494,
    "y": 0.9499635874261645,
    "z": 0.1657770812469171
  },
  "S8": {
    "x": -0.08855342967790139,
    "y": 0.8042316140186017,
    "z": -0.5876817175183484
  },
  "S10": {
    "x": 0.3352029979496856,
    "y": 0.6951407344860612,
    "z": 0.6359389195698927
  },
  "S11": {
    "x": -0.7374453029088316,
    "y": 0.6269126530754402,
    "z": -0.2513064874443448
  },
  "S12": {
    "x": 0.8244169387756091,
    "y": 0.3564696100873322,
    "z": -0.4396204364494888
  },
  "S13": {
    "x": -0.34507375785724026,
    "y": 0.5449909990811287,
    "z": 0.7641393279754913
  },
  "S18": {
    "x": -0.49587659255667055,
    "y": 0.19377413495789123,
    "z": -0.846497483502288
  },
  "S21": {
    "x": 0.8657418488284482,
    "y": 0.3777710462575096,
    "z": 0.3282987782441576
  },
  "S22": {
    "x": -0.8842410139917712,
    "y": 0.2755429801655953,
    "z": 0.3770860581568439
  },
  "S23": {
    "x": 0.3001870344893916,
    "y": 0.30132313475718203,
    "z": -0.9050370781269518
  },
  "S25": {
    "x": 0.16824610139166218,
    "y": 0.05578719188436762,
    "z": 0.9841651480255554
  },
  "S26": {
    "x": -0.9458361360771953,
    "y": -0.055410429818569834,
    "z": -0.3198807402109144
  },
  "S27": {
    "x": 0.9650517228154767,
    "y": -0.2597399800337297,
    "z": -0.03478958267869933
  },
  "S28": {
    "x": -0.509513298500718,
    "y": -0.25135885778751116,
    "z": 0.8229306916519007
  },
  "S29": {
    "x": -0.017642713516586247,
    "y": -0.343657828143241,
    "z": -0.9389291942503663
  },
  "S35": {
    "x": 0.7066586961627651,
    "y": -0.2629643850207273,
    "z": 0.6568738230042446
  },
  "S37": {
    "x": -0.8288471841441429,
    "y": -0.5093754192527165,
    "z": 0.23140662824872726
  },
  "S38": {
    "x": 0.6559536020496872,
    "y": -0.3839981603007494,
    "z": -0.6498232720083827
  },
  "S39": {
    "x": 0.08972589768417455,
    "y": -0.6775953151142532,
    "z": 0.7299409922863527
  },
  "S40": {
    "x": -0.5833444991475537,
    "y": -0.6357937021624668,
    "z": -0.5054459057157691
  },
  "S45": {
    "x": 0.5428477672365584,
    "y": -0.8293362801625046,
    "z": 0.13235420662942005
  },
  "S51": {
    "x": -0.24346234783636642,
    "y": -0.9553576128662464,
    "z": 0.16738553319959054
  },
  "S52": {
    "x": 0.12005981593074323,
    "y": -0.8846276062818839,
    "z": -0.4505770065179317
  }
}