{
  "S1": {
    "x": 0.36083018832175856,
    "y": 0.9050005735844041,
    "z": 0.2253342783679033
  },
  "S3": {
    "x": -0.4096198305964449,
    "y": 0.9119556520872134,
    "z": -0.0234197140957214
  },
  "S8": {
    "x": 0.047992265497347,
    "y": 0.7914383765781648,
    "z": -0.6093619930154415
  },
  "S10": {
    "x": 0.2820921919711623,
    "y": 0.4128496841006268,
    "z": 0.8660133564598861
  },
  "S11": {
    "x": -0.8440225943647492,
    "y": 0.416262594268354,
    "z": -0.33815870950602145
  },
  "S12": {
    "x": 0.7500147546332622,
    "y": 0.5667088228339339,
    "z": -0.34105568160431576
  },
  "S13": {
    "x": -0.4004235060891284,
    "y": 0.6377954945554223,
    "z": 0.6579345886150796
  },
  "S18": {
    "x": -0.3795177282916197,
    "y": 0.2003335978035709,
    "z": -0.9032346004795462
  },
  "S22": {
    "x": 0.8831900688008769,
    "y": 0.2659058224617389,
    "z": 0.3863539775289606
  },
  "S23": {
    "x": -0.9178468956241346,
    "y": 0.15045120418092453,
    "z": 0.36731663636928924
  },
  "S25": {
    "x": 0.39390258010367213,
    "y": 0.07571161782740285,
    "z": -0.916028661294846
  },
  "S26": {
    "x": 0.3403878913760809,
    "y": -0.32934032917806044,
    "z": 0.8807218806078523
  },
  "S27": {
    "x": -0.8406234919773019,
    "y": -0.3377495414398038,
    "z": -0.423411610602602
  },
  "S28": {
    "x": 0.8956088203773614,
    "y": -0.1675114375668508,
    "z": -0.4120979970183771
  },
  "S29": {
    "x": -0.403087039198357,
    "y": -0.22671274396561575,
    "z": 0.886635308655077
  },
  "S35": {
    "x": -0.11624873373839911,
    "y": -0.5281850358463949,
    "z": -0.8411342341220938
  },
  "S37": {
    "x": 0.8125555199312158,
    "y": -0.4993538391672114,
    "z": 0.3006647141556157
  },
  "S38": {
    "x": -0.7299282725517409,
    "y": -0.5993876620708627,
    "z": 0.3285409373074485
  },
  "S39": {
    "x": 0.45671171508174296,
    "y": -0.799834718885135,
    "z": -0.3894596664264859
  },
  "S51": {
    "x": 0.10901328875854749,
    "y": -0.9158330942113405,
    "z": 0.3864787787464238
  },
  "S52": {
    "x": -0.31742317780875245,
    "y": -0.9238392002042903,
    "z": -0.21392442206463957
  }
}