{
  "S1": {
    "x": 0.4626022536997909,
    "y": 0.8865255909308548,
    "z": -0.008457629489002206
  },
  "S3": {
    "x": -0.1818935877029739,
    "y": 0.9358123370316304,
    "z": 0.30194369112789715
  },
  "S4": {
    "x": -0.028411856212306772,
    "y": 0.8828004865723078,
    "z": -0.46888811814148984
  },
  "S5": {
    "x": 0.40100466229065124,
    "y": 0.5629001716305495,
    "z": 0.7227300032511855
  },
  "S8": {
    "x": -0.6522597668796803,
    "y": 0.6617467402580158,
    "z": -0.3696599089270501
  },
  "S10": {
    "x": 0.7407085250030723,
    "y": 0.40696110688091947,
    "z": -0.5345404928291493
  },
  "S11": {
    "x": -0.29588016953353463,
    "y": 0.424286082380141,
    "z": 0.8558248918881238
  },
  "S12": {
    "x": -0.6044826896591822,
    "y": 0.1164733931987101,
    "z": -0.7880575020765803
  },
  "S13": {
    "x": 0.8929539818287389,
    "y": 0.4043345361914958,
    "z": 0.19785542494207262
  },
  "S18": {
    "x": -0.7780668703775576,
    "y": 0.5559229011892204,
    "z": 0.2925092702022166
  },
  "S22": {
    "x": 0.13317194165742557,
    "y": 0.4028742090311643,
    "z": -0.9055151051488346
  },
  "S23": {
    "x": 0.12502499427927666,
    "y": -0.11097044168302525,
    "z": 0.985928147421576
  },
  "S26": {
    "x": -0.9867207210206307,
    "y": -0.005370293611996806,
    "z": -0.16233723742582243
  },
  "S28": {
    "x": 0.9682159674362814,
    "y": -0.22490781758681289,
    "z": -0.10942720863552442
  },
  "S29": {
    "x": -0.7762984943170509,
    "y": -0.057508245856476944,
    "z": 0.6277367675862155
  },
  "S37": {
    "x": -0.03637748923564305,
    "y": -0.24899554772046717,
    "z": -0.9678212104992817
  },
  "S38": {
    "x": 0.7651279971473338,
    "y": -0.1473205801355628,
    "z": 0.6267980493347364
  },
  "S39": {
    "x": -0.7773979504839156,
    "y": -0.6153512632882288,
    "z": 0.13036582893146678
  },
  "S40": {
    "x": 0.6273390097107973,
    "y": -0.2931331524970121,
    "z": -0.7214698342981773
  },
  "S41": {
    "x": -0.3365234837497834,
    "y": -0.6001353980597868,
    "z": 0.7256648323300022
  },
  "S42": {
    "x": -0.5902403065687221,
    "y": -0.596105641782388,
    "z": -0.5443109812752892
  },
  "S45": {
    "x": 0.6048575092482064,
    "y": -0.7950038185080511,
    "z": -0.04600350055891254
  },
  "S51": {
    "x": -0.1431851320328217,
    "y": -0.9866502144052127,
    "z": 0.07758461431811851
  },
  "S52": {
    "x": 0.10909020198450485,
    "y": -0.822235939720776,
    "z": -0.5585941167453093
  },
  "S53": {
    "x": 0.35690322497146854,
    "y": -0.7215927844984009,
    "z": 0.5932317771030222
  }
}