{
  "S1": {
    "x": 0.4487816042073122,
    "y": 0.8931401514429883,
    "z": -0.0299289426059005
  },
  "S3": {
    "x": -0.3389517642081527,
    "y": 0.9217433652717716,
    "z": 0.18841674585251267
  },
  "S8": {
    "x": -0.08533600450145486,
    "y": 0.8743245713396619,
    "z": -0.47778060894875596
  },
  "S10": {
    "x": 0.2916680078902096,
    "y": 0.7324892796529809,
    "z": 0.615133504506797
  },
  "S11": {
    "x": -0.8022655499686194,
    "y": 0.527125333076779,
    "z": -0.2801943442724059
  },
  "S12": {
    "x": 0.7933757948050053,
    "y": 0.4597122355093594,
    "z": -0.39902319323632496
  },
  "S13": {
    "x": -0.298157325824024,
    "y": 0.4731506352306334,
    "z": 0.8289937788899956
  },
  "S18": {
    "x": -0.3938514584983692,
    "y": 0.354880057575842,
    "z": -0.847903988299191
  },
  "S21": {
    "x": 0.8419005890844433,
    "y": 0.3196861534893386,
    "z": 0.4347460883854604
  },
  "S22": {
    "x": -0.836793297121931,
    "y": 0.38265345472871515,
    "z": 0.39160351310475616
  },
  "S25": {
    "x": 0.3093744891072634,
    "y": 0.36493645285922516,
    "z": -0.8781280150776117
  },
  "S26": {
    "x": 0.30941544499050244,
    "y": 0.0709169444031478,
    "z": 0.9482788985303059
  },
  "S27": {
    "x": -0.7958883753661592,
    "y": -0.1694191358347747,
    "z": -0.5812562691016878
  },
  "S28": {
    "x": 0.9873581202683958,
    "y": -0.11033130620002908,
    "z": -0.11380221971585533
  },
  "S29": {
    "x": -0.577200114191561,
    "y": -0.2115048246505337,
    "z": 0.7887367985118965
  },
  "S35": {
    "x": -0.14198962849495078,
    "y": -0.3120802939525874,
    "z": -0.939385349857199
  },
  "S37": {
    "x": 0.712622905119464,
    "y": -0.43162057477196325,
    "z": 0.5530572072874698
  },
  "S38": {
    "x": -0.9669886337752752,
    "y": -0.23866582891859628,
    "z": 0.08928384095694888
  },
  "S39": {
    "x": 0.5991135956361019,
    "y": -0.28000596793887766,
    "z": -0.7501063640861831
  },
  "S40": {
    "x": 0.049786053568078525,
    "y": -0.5636131721428596,
    "z": 0.8245371677839511
  },
  "S41": {
    "x": -0.5258201211816145,
    "y": -0.7802057102921185,
    "z": -0.3388100497153574
  },
  "S42": {
    "x": 0.6829647959812275,
    "y": -0.7221577481422568,
    "z": -0.10976007584010308
  },
  "S45": {
    "x": -0.5336462998687809,
    "y": -0.7648165005653927,
    "z": 0.36093953385472427
  },
  "S51": {
    "x": 0.1289224069177936,
    "y": -0.8252263683815058,
    "z": -0.5498913110082705
  },
  "S52": {
    "x": 0.12312559599271054,
    "y": -0.9685889685913227,
    "z": 0.21604512846772864
  }
}