{
  "S1": {
    "x": 0.053154247201847325,
    "y": 0.9958756728293775,
    "z": 0.07352734369633826
  },
  "S3": {
    "x": -0.3825514140788237,
    "y": 0.8857168006025163,
    "z": 0.2629832023470979
  },
  "S8": {
    "x": 0.02808645846311705,
    "y": 0.9528540477661132,
    "z": -0.3021263221017551
  },
  "S10": {
    "x": -0.08333215069756245,
    "y": 0.9275986539696798,
    "z": 0.3641654703754283
  },
  "S11": {
    "x": -0.25179742604937105,
    "y": 0.9675243422406365,
    "z": -0.022241929024593536
  },
  "S12": {
    "x": 0.36872574732175417,
    "y": 0.9274452844566875,
    "z": -0.062342341960081815
  },
  "S13": {
    "x": -0.31507842049965346,
    "y": 0.7238113259365747,
    "z": 0.6138589034797663
  },
  "S18": {
    "x": -0.35857751134567595,
    "y": 0.8651389186928038,
    "z": -0.3506519923231406
  },
  "S21": {
    "x": 0.30670233026296484,
    "y": 0.8911567435242056,
    "z": 0.33432519959255347
  },
  "S22": {
    "x": -0.6389738991845998,
    "y": 0.684556135566533,
    "z": 0.3508493315071913
  },
  "S25": {
    "x": 0.19907671011687098,
    "y": -0.7406126548074555,
    "z": -0.6417642550252359
  },
  "S26": {
    "x": 0.08502836065353436,
    "y": 0.7756445205570617,
    "z": 0.6254164657365351
  },
  "S27": {
    "x": -0.5930223135024955,
    "y": 0.8042737928906999,
    "z": -0.03831712094293574
  },
  "S28": {
    "x": 0.5252416349884287,
    "y": -0.7291827705486689,
    "z": -0.4386498740563478
  },
  "S29": {
    "x": -0.2906426528326589,
    "y": -0.9495765895643834,
    "z": 0.11760590506292141
  },
  "S35": {
    "x": -0.09111528493047776,
    "y": -0.8662667730609328,
    "z": -0.4912024864988332
  },
  "S37": {
    "x": 0.41320223129847744,
    "y": -0.8635019758778789,
    "z": 0.28918550050954933
  },
  "S38": {
    "x": -0.3440208001605272,
    "y": -0.9010667501064322,
    "z": -0.26406135822861865
  },
  "S39": {
    "x": 0.23234964992034204,
    "y": -0.9123274473802666,
    "z": -0.33715318319497056
  },
  "S40": {
    "x": 0.06118645635518796,
    "y": -0.9704280007046466,
    "z": 0.2335074153149678
  },
  "S45": {
    "x": -0.008897727656900287,
    "y": -0.991959813270332,
    "z": -0.12624008594432945
  },
  "S51": {
    "x": 0.6345855484998283,
    "y": -0.7689542287710801,
    "z": -0.07752790265604732
  },
  "S52": {
    "x": 0.31959764215297015,
    "y": -0.946754910440408,
    "z": -0.03889070180951861
  }
}