{
  "S1": {
    "x": 0.39280495630036794,
    "y": 0.9196026840225119,
    "z": -0.005930416887397422
  },
  "S3": {
    "x": -0.30201778353641995,
    "y": 0.9080544127951491,
    "z": 0.2902110298231362
  },
  "S4": {
    "x": -0.02634127374293018,
    "y": 0.8328053841712587,
    "z": -0.5529388116174903
  },
  "S5": {
    "x": 0.2809535144385946,
    "y": 0.6783006733071587,
    "z": 0.678950159669808
  },
  "S8": {
    "x": -0.6516074646283362,
    "y": 0.704003543255426,
    "z": -0.2824654370439636
  },
  "S10": {
    "x": 0.7559813805978809,
    "y": 0.49077249198564366,
    "z": -0.43316799662431565
  },
  "S11": {
    "x": -0.33940452493364703,
    "y": 0.3647209754314327,
    "z": 0.8670543111794725
  },
  "S12": {
    "x": -0.44365482999029376,
    "y": 0.22821388032911574,
    "z": -0.8666538043829333
  },
  "S13": {
    "x": 0.8479146498312018,
    "y": 0.39853362923120095,
    "z": 0.34958789019849934
  },
  "S18": {
    "x": -0.8635563224689071,
    "y": 0.37928178912500937,
    "z": 0.332288733426382
  },
  "S22": {
    "x": 0.29005680671914313,
    "y": 0.3018063486403572,
    "z": -0.9081739793653354
  },
  "S23": {
    "x": 0.3265727860945605,
    "y": 0.02874248308664659,
    "z": 0.9447349284579514
  },
  "S26": {
    "x": -0.9171582549756313,
    "y": 0.06232980002679333,
    "z": -0.39361876398194584
  },
  "S28": {
    "x": 0.983583027286301,
    "y": -0.09741310303874218,
    "z": -0.1519049564388176
  },
  "S29": {
    "x": -0.6541862724530996,
    "y": -0.23667357635816422,
    "z": 0.7183494547835022
  },
  "S37": {
    "x": -0.04415587059185415,
    "y": -0.3545729224735003,
    "z": -0.9339851721204553
  },
  "S38": {
    "x": 0.7695981042705233,
    "y": -0.3279234106216291,
    "z": 0.5478914077346853
  },
  "S39": {
    "x": -0.9144453128201436,
    "y": -0.391320068881399,
    "z": 0.10323939922300251
  },
  "S40": {
    "x": 0.6120926661548162,
    "y": -0.3349017072183245,
    "z": -0.7163682115656307
  },
  "S41": {
    "x": -0.07558650409673612,
    "y": -0.526461928629578,
    "z": 0.8468320483437429
  },
  "S42": {
    "x": -0.60048402834381,
    "y": -0.5942900932531257,
    "z": -0.5350123519744023
  },
  "S45": {
    "x": 0.6755514647124923,
    "y": -0.7281886529987458,
    "z": -0.11563522027772767
  },
  "S51": {
    "x": -0.3959196500201833,
    "y": -0.9029951456520918,
    "z": 0.1668753955999898
  },
  "S52": {
    "x": 0.05574702354044725,
    "y": -0.9064766855220008,
    "z": -0.41855977825327206
  },
  "S53": {
    "x": 0.2734338628963737,
    "y": -0.876001613103837,
    "z": 0.3973098242694769
  }
}