{
  "S1": {
    "x": -0.2423504129211333,
    "y": 0.9584128952851287,
    "z": -0.15070169046209383
  },
  "S3": {
    "x": -0.37318238734638637,
    "y": 0.914730977253795,
    "z": 0.15492625673774227
  },
  "S8": {
    "x": -0.23004820729676945,
    "y": 0.8514065058659148,
    "z": -0.4713648099813314
  },
  "S10": {
    "x": -0.0212114651690636,
    "y": 0.9717423499648135,
    "z": 0.23508908743334658
  },
  "S11": {
    "x": -0.5477907688559185,
    "y": 0.8301380902447222,
    "z": -0.10390392043174868
  },
  "S12": {
    "x": 0.09339978658742121,
    "y": 0.9853492238333214,
    "z": -0.1427003397210233
  },
  "S13": {
    "x": -0.3053471662725745,
    "y": 0.8227187889709877,
    "z": 0.4794756535252029
  },
  "S18": {
    "x": -0.5923954811108283,
    "y": 0.688348868470828,
    "z": -0.4186208657417843
  },
  "S22": {
    "x": 0.770624669046101,
    "y": -0.5809776452583685,
    "z": 0.26192097122534597
  },
  "S23": {
    "x": -0.6453181730368875,
    "y": 0.7072730065026832,
    "z": 0.28866823486658405
  },
  "S25": {
    "x": 0.5625087196844009,
    "y": -0.7539302707305274,
    "z": -0.3393716062890497
  },
  "S26": {
    "x": 0.4846165935688664,
    "y": -0.7832429654029616,
    "z": 0.38945758996902746
  },
  "S27": {
    "x": -0.7951700088662114,
    "y": 0.6046860183080006,
    "z": -0.045381452847232016
  },
  "S28": {
    "x": 0.8220487917954901,
    "y": -0.5394947567950517,
    "z": -0.18215705118996361
  },
  "S29": {
    "x": -0.14178744309246546,
    "y": -0.9828344847487169,
    "z": 0.118036844120914
  },
  "S35": {
    "x": 0.2479564744542676,
    "y": -0.8285538982988656,
    "z": -0.5020119763411657
  },
  "S37": {
    "x": 0.5855452845450456,
    "y": -0.8100340604794659,
    "z": 0.03132954851590202
  },
  "S38": {
    "x": -0.04044751588468781,
    "y": -0.9648764860902148,
    "z": -0.25957150276746
  },
  "S39": {
    "x": 0.30746006385431174,
    "y": -0.9421856911680279,
    "z": -0.13324575975590397
  },
  "S51": {
    "x": 0.13485152814702234,
    "y": -0.8344579977397645,
    "z": 0.5343172422489808
  },
  "S52": {
    "x": 0.23412470171285663,
    "y": -0.9552091198072686,
    "z": 0.18100044609030372
  }
}