{
  "S1": {
    "x": 0.09921509801003403,
    "y": 0.9928733964959319,
    "z": -0.06602107888766487
  },
  "S3": {
    "x": -0.47507823817375405,
    "y": 0.7808950279693562,
    "z": 0.4055904620506505
  },
  "S4": {
    "x": 0.06524081347426983,
    "y": 0.6633527338285412,
    "z": -0.7454574345859167
  },
  "S5": {
    "x": 0.22097226944510348,
    "y": 0.7454326547861946,
    "z": 0.6288890310020414
  },
  "S8": {
    "x": -0.5696253305214031,
    "y": 0.7519026656786922,
    "z": -0.33191770692998424
  },
  "S10": {
    "x": 0.6915202032245016,
    "y": 0.6425692925725708,
    "z": -0.3300068374672407
  },
  "S11": {
    "x": -0.23111675445357607,
    "y": 0.23942299662107286,
    "z": 0.9430067202834935
  },
  "S12": {
    "x": -0.3975360450794636,
    "y": 0.15185285306809354,
    "z": -0.9049341433925778
  },
  "S13": {
    "x": 0.8077981791035864,
    "y": 0.4870514340444462,
    "z": 0.33202861688742813
  },
  "S18": {
    "x": -0.8943125510338391,
    "y": 0.2478618886952298,
    "z": 0.3725178454729118
  },
  "S22": {
    "x": 0.5193420801636806,
    "y": 0.09854002473272337,
    "z": -0.8488661068136336
  },
  "S26": {
    "x": 0.5017456342986022,
    "y": 0.07456892280179934,
    "z": 0.861795099901637
  },
  "S28": {
    "x": -0.9207601268315586,
    "y": 0.14560904873944192,
    "z": -0.36193755505933184
  },
  "S29": {
    "x": 0.9578963860320933,
    "y": -0.04323054804426599,
    "z": -0.28384085918424
  },
  "S37": {
    "x": -0.5903284933685591,
    "y": -0.3189483255135675,
    "z": 0.7414743660904931
  },
  "S38": {
    "x": 0.062360813266116026,
    "y": -0.4202183530790472,
    "z": -0.9052776727083917
  },
  "S39": {
    "x": 0.8479102795491643,
    "y": -0.3730380944328876,
    "z": 0.3766838700246374
  },
  "S40": {
    "x": -0.8760131295945583,
    "y": -0.47560861100869756,
    "z": 0.07998403535909647
  },
  "S41": {
    "x": 0.6322843252498328,
    "y": -0.6433250068059678,
    "z": -0.4316821372971846
  },
  "S42": {
    "x": 0.15653056607608598,
    "y": -0.5352176076141879,
    "z": 0.8300845103865301
  },
  "S45": {
    "x": -0.6268187825574548,
    "y": -0.5092682578439833,
    "z": -0.5896982748709243
  },
  "S51": {
    "x": 0.35416774074100094,
    "y": -0.9149061110388189,
    "z": 0.19368019878717452
  },
  "S52": {
    "x": -0.338294409737346,
    "y": -0.8792093147689148,
    "z": 0.3354815541338092
  },
  "S53": {
    "x": -0.10076343994395884,
    "y": -0.9221077304420444,
    "z": -0.3735827386666604
  }
}