{
  "S1": {
    "x": 0.45627198323488743,
    "y": 0.8893291094614431,
    "z": -0.030159780825119525
  },
  "S3": {
    "x": -0.1772436120437172,
    "y": 0.9369941738118546,
    "z": 0.3010425555172162
  },
  "S4": {
    "x": -0.03884216867525943,
    "y": 0.8729123012346139,
    "z": -0.48632849010303036
  },
  "S5": {
    "x": 0.39134612847022954,
    "y": 0.5711280717008381,
    "z": 0.7215683844561409
  },
  "S8": {
    "x": -0.6576735271033343,
    "y": 0.6646765103402359,
    "z": -0.35450059005506057
  },
  "S10": {
    "x": 0.7558201986738562,
    "y": 0.39414017840283583,
    "z": -0.5228664715251813
  },
  "S11": {
    "x": -0.3008735382843879,
    "y": 0.413080274927498,
    "z": 0.8595579098734741
  },
  "S12": {
    "x": -0.5890978640663042,
    "y": 0.1386491536450408,
    "z": -0.7960779602187414
  },
  "S13": {
    "x": 0.8842882979410525,
    "y": 0.4163041698406397,
    "z": 0.2114829645569879
  },
  "S18": {
    "x": -0.7739311416852347,
    "y": 0.5562538248271248,
    "z": 0.30267518942751764
  },
  "S22": {
    "x": 0.1639014538029123,
    "y": 0.3924364112644958,
    "z": -0.9050579962384374
  },
  "S23": {
    "x": 0.1325812553624197,
    "y": -0.10964198324595681,
    "z": 0.9850892580047852
  },
  "S26": {
    "x": -0.9850571824792628,
    "y": -0.0019100675130434967,
    "z": -0.17221701103001472
  },
  "S28": {
    "x": 0.9697847039122333,
    "y": -0.22289854026600847,
    "z": -0.099165865120739
  },
  "S29": {
    "x": -0.7849157403342005,
    "y": -0.06334112562466461,
    "z": 0.6163563761171083
  },
  "S37": {
    "x": -0.03541010166308486,
    "y": -0.25245596336295806,
    "z": -0.9669602428552534
  },
  "S38": {
    "x": 0.7656065535166232,
    "y": -0.14786402394265763,
    "z": 0.6260853261624038
  },
  "S39": {
    "x": -0.7771291038616853,
    "y": -0.6174357160092926,
    "z": 0.12183387265956033
  },
  "S40": {
    "x": 0.6280682634279067,
    "y": -0.3085264392788503,
    "z": -0.7143820355668019
  },
  "S41": {
    "x": -0.3386591625294211,
    "y": -0.5932494372232687,
    "z": 0.7303184763301186
  },
  "S42": {
    "x": -0.5963591843372658,
    "y": -0.5818867683237222,
    "z": -0.552958870176043
  },
  "S45": {
    "x": 0.6025744172738926,
    "y": -0.7966107781673566,
    "z": -0.0481179774577785
  },
  "S51": {
    "x": -0.14725810123253705,
    "y": -0.9853477100226443,
    "z": 0.08605197251962897
  },
  "S52": {
    "x": 0.0952803386379991,
    "y": -0.827762569740453,
    "z": -0.5529292768570948
  },
  "S53": {
    "x": 0.35565161659145056,
    "y": -0.7224541584385251,
    "z": 0.5929350019781009
  }
}