{
  "S1": {
    "x": 0.2976286713179382,
    "y": 0.9514926498347772,
    "z": -0.07796737343217731
  },
  "S3": {
    "x": -0.48133066617436654,
    "y": 0.8281822721831571,
    "z": 0.28711480951299584
  },
  "S4": {
    "x": 0.3102333642830213,
    "y": 0.6094735432237838,
    "z": -0.7295870474425139
  },
  "S5": {
    "x": 0.12845698661281527,
    "y": 0.8034297993117478,
    "z": 0.5813771238776423
  },
  "S8": {
    "x": -0.3435235711536411,
    "y": 0.8632730034040524,
    "z": -0.3697989692462598
  },
  "S10": {
    "x": 0.8329745953172012,
    "y": 0.48331509851236304,
    "z": -0.2693693358683017
  },
  "S11": {
    "x": -0.37938070291820075,
    "y": 0.30703992168739813,
    "z": 0.8728096978972497
  },
  "S12": {
    "x": -0.37294416127848434,
    "y": 0.37097103666327375,
    "z": -0.850466426453898
  },
  "S13": {
    "x": 0.7530486457219301,
    "y": 0.5034249865316525,
    "z": 0.4236520035500508
  },
  "S15": {
    "x": -0.8884187648866378,
    "y": 0.30050604844727946,
    "z": 0.3469988660556432
  },
  "S18": {
    "x": 0.13561610702773916,
    "y": -0.05028181957594477,
    "z": -0.9894847195054468
  },
  "S22": {
    "x": 0.297729441021519,
    "y": 0.2195128586244469,
    "z": 0.9290701183697264
  },
  "S23": {
    "x": -0.8760016079384758,
    "y": 0.33727675724954215,
    "z": -0.34476886737122653
  },
  "S26": {
    "x": 0.9882486537904759,
    "y": -0.14241171467929845,
    "z": 0.055529287798552825
  },
  "S28": {
    "x": -0.6636985620212416,
    "y": -0.30506623735980026,
    "z": 0.6829632564011553
  },
  "S29": {
    "x": -0.6397604270720687,
    "y": -0.25375825184293,
    "z": -0.725474565766564
  },
  "S37": {
    "x": 0.6995271596312016,
    "y": -0.2434201005849819,
    "z": 0.6718693381674006
  },
  "S38": {
    "x": -0.9457197731136193,
    "y": -0.3244107490914761,
    "z": 0.019281509687560625
  },
  "S39": {
    "x": 0.7358589698302163,
    "y": -0.08271577991026927,
    "z": -0.6720637442045574
  },
  "S40": {
    "x": 0.002181464669998264,
    "y": -0.43925240863800097,
    "z": 0.8983610425199927
  },
  "S41": {
    "x": -0.548222430182629,
    "y": -0.778397108483511,
    "z": -0.3058596222929103
  },
  "S42": {
    "x": 0.6875233957804151,
    "y": -0.6626098258055294,
    "z": -0.2970855078938261
  },
  "S45": {
    "x": -0.3578163518372417,
    "y": -0.8465904726019658,
    "z": 0.39402034218738946
  },
  "S51": {
    "x": 0.04196760788075157,
    "y": -0.6582975877003199,
    "z": -0.7515869915829486
  },
  "S52": {
    "x": 0.44245972277609047,
    "y": -0.7965382476906272,
    "z": 0.4120148221688755
  },
  "S53": {
    "x": 0.09417532018909906,
    "y": -0.986891588628606,
    "z": -0.13105724459711124
  }
}