{
  "S1": {
    "x": 0.2120173019054636,
    "y": 0.9772653664280676,
    "z": -0.001033089029178879
  },
  "S3": {
    "x": -0.4530923421459526,
    "y": 0.7958374811536334,
    "z": 0.40168399654421805
  },
  "S4": {
    "x": 0.13077156252147837,
    "y": 0.779782516032069,
    "z": -0.6122401702978882
  },
  "S5": {
    "x": 0.2162804993541352,
    "y": 0.7499016593120797,
    "z": 0.6251961667829669
  },
  "S8": {
    "x": -0.5499163918679318,
    "y": 0.7860768863788595,
    "z": -0.28226776411038
  },
  "S10": {
    "x": 0.7653327252155352,
    "y": 0.5047606065601922,
    "z": -0.3993526634181233
  },
  "S11": {
    "x": -0.2666604609267572,
    "y": 0.31626722561375026,
    "z": 0.9104214631591846
  },
  "S12": {
    "x": -0.4019283449046513,
    "y": 0.38091670580210274,
    "z": -0.8326800518825235
  },
  "S13": {
    "x": 0.7937697299641263,
    "y": 0.5153651924476768,
    "z": 0.32299896935756184
  },
  "S15": {
    "x": -0.9218504175832968,
    "y": 0.3389784976396879,
    "z": 0.1878440463241826
  },
  "S18": {
    "x": 0.30781943591205874,
    "y": 0.1859371201738351,
    "z": -0.9330994492637119
  },
  "S22": {
    "x": 0.4560619162087763,
    "y": 0.15464927087382224,
    "z": 0.8764080850848961
  },
  "S23": {
    "x": -0.878219366547663,
    "y": 0.05554224399334,
    "z": -0.47502189776136194
  },
  "S26": {
    "x": 0.9963487378995162,
    "y": -0.07527543485160584,
    "z": -0.04028400915925208
  },
  "S28": {
    "x": -0.7004553852103435,
    "y": -0.11648605475939035,
    "z": 0.704125878218108
  },
  "S29": {
    "x": -0.26890730966843934,
    "y": -0.26680654174206203,
    "z": -0.9254745421082763
  },
  "S37": {
    "x": 0.7526956242881065,
    "y": -0.3322754037275174,
    "z": 0.5683681494025268
  },
  "S38": {
    "x": -0.9151140696798444,
    "y": -0.39292338116507247,
    "z": 0.09042928733435844
  },
  "S39": {
    "x": 0.7026505263030434,
    "y": -0.2548129307133002,
    "z": -0.664343742521411
  },
  "S40": {
    "x": 0.0018939784799121245,
    "y": -0.3871686527921217,
    "z": 0.9220069669696923
  },
  "S41": {
    "x": -0.6022734881006094,
    "y": -0.6511541208820256,
    "z": -0.46180618920655603
  },
  "S42": {
    "x": 0.6676407543458088,
    "y": -0.732856002799895,
    "z": -0.13106449670570475
  },
  "S45": {
    "x": -0.4457972924873072,
    "y": -0.753396053818086,
    "z": 0.4833830366307053
  },
  "S51": {
    "x": 0.14664400196791524,
    "y": -0.7468444759586523,
    "z": -0.6486284494353297
  },
  "S52": {
    "x": 0.30511306772918867,
    "y": -0.8368724118313795,
    "z": 0.4544783627593435
  },
  "S53": {
    "x": -0.13065109850926623,
    "y": -0.9891444057598449,
    "z": -0.06725797359663364
  }
}