{
  "S1": {
    "x": 0.44728507954100777,
    "y": 0.8942475716093341,
    "z": -0.01604176707233967
  },
  "S3": {
    "x": -0.33843735621257165,
    "y": 0.9227477590822349,
    "z": 0.1843820192658672
  },
  "S8": {
    "x": -0.07338824413933971,
    "y": 0.8732022938393544,
    "z": -0.4818007053293242
  },
  "S10": {
    "x": 0.2869187217228905,
    "y": 0.7262060304532554,
    "z": 0.6247419054763559
  },
  "S11": {
    "x": -0.7961088171589995,
    "y": 0.5338661737415248,
    "z": -0.2849520306582893
  },
  "S12": {
    "x": 0.7870806954956443,
    "y": 0.46972279262278444,
    "z": -0.3998305601986238
  },
  "S13": {
    "x": -0.31031507736039887,
    "y": 0.47527759252900015,
    "z": 0.82329567155588
  },
  "S18": {
    "x": -0.3892217073504321,
    "y": 0.3544347192629879,
    "z": -0.8502249657050666
  },
  "S21": {
    "x": 0.8400473241638515,
    "y": 0.31969654600693614,
    "z": 0.43830880853159654
  },
  "S22": {
    "x": -0.842416894037886,
    "y": 0.3792070715853139,
    "z": 0.3827999131390336
  },
  "S25": {
    "x": 0.3118931266318599,
    "y": 0.35414618878015164,
    "z": -0.8816479765372888
  },
  "S26": {
    "x": 0.2981995570849222,
    "y": 0.0684814521719028,
    "z": 0.9520437568004863
  },
  "S27": {
    "x": -0.7985437932970115,
    "y": -0.16226519283057955,
    "z": -0.5796531871580406
  },
  "S28": {
    "x": 0.9880217411466399,
    "y": -0.0998179304392657,
    "z": -0.11768355783364083
  },
  "S29": {
    "x": -0.57762446253408,
    "y": -0.21427313733694242,
    "z": 0.7876782356381311
  },
  "S35": {
    "x": -0.14496322159233938,
    "y": -0.3178085368788653,
    "z": -0.937007683144853
  },
  "S37": {
    "x": 0.7142450392095542,
    "y": -0.42525073728502527,
    "z": 0.5558919269094351
  },
  "S38": {
    "x": -0.9656142700769037,
    "y": -0.2441724879018642,
    "z": 0.08926856992056335
  },
  "S39": {
    "x": 0.6000543464389256,
    "y": -0.2849102608832784,
    "z": -0.7475031267915713
  },
  "S40": {
    "x": 0.05052452612827285,
    "y": -0.5675379339341058,
    "z": 0.8217955742186253
  },
  "S41": {
    "x": -0.526365086187148,
    "y": -0.7777976512910024,
    "z": -0.34346849883125624
  },
  "S42": {
    "x": 0.6900699677537316,
    "y": -0.7162280101520769,
    "z": -0.10402344484759192
  },
  "S45": {
    "x": -0.5302468313272917,
    "y": -0.7687328695625159,
    "z": 0.3576144196219536
  },
  "S51": {
    "x": 0.1329307505457981,
    "y": -0.8278677055532927,
    "z": -0.5449444720898243
  },
  "S52": {
    "x": 0.12785678803851275,
    "y": -0.9683460521315197,
    "z": 0.21437948846327334
  }
}