{
  "S1": {
    "x": 0.05318888092359669,
    "y": 0.9813365871617904,
    "z": 0.18479568621519663
  },
  "S3": {
    "x": -0.16642190916136937,
    "y": 0.8931282202138955,
    "z": 0.41788243610930126
  },
  "S4": {
    "x": -0.25379960006131763,
    "y": 0.9625819216296095,
    "z": 0.09498319409539593
  },
  "S5": {
    "x": 0.28101404414735703,
    "y": 0.8648363816959831,
    "z": 0.4160398296881524
  },
  "S8": {
    "x": -0.46640652588699977,
    "y": 0.8190865775530212,
    "z": 0.33400917814110703
  },
  "S10": {
    "x": -0.016724315706547442,
    "y": 0.9832212308546238,
    "z": -0.18164886033462016
  },
  "S11": {
    "x": -0.320715229022404,
    "y": 0.6686527661981316,
    "z": 0.6708540974971337
  },
  "S12": {
    "x": -0.34529470253166833,
    "y": 0.8863863929252209,
    "z": -0.3083678498815699
  },
  "S13": {
    "x": 0.35028151085195897,
    "y": 0.936051021874803,
    "z": -0.03333688051401264
  },
  "S18": {
    "x": -0.7534794288742597,
    "y": 0.6449488177090072,
    "z": 0.127709720847996
  },
  "S22": {
    "x": 0.540748330817179,
    "y": -0.6680920935884853,
    "z": -0.5111205309934136
  },
  "S25": {
    "x": 0.029643891794085376,
    "y": 0.7519916611084255,
    "z": 0.6585057185041688
  },
  "S26": {
    "x": -0.5295060744812627,
    "y": 0.8479865187708644,
    "z": -0.023284781946878386
  },
  "S28": {
    "x": 0.7203431163796911,
    "y": -0.6718487095681901,
    "z": -0.172409704297504
  },
  "S29": {
    "x": -0.6482429412958,
    "y": 0.5555686867355734,
    "z": 0.5206961910548994
  },
  "S37": {
    "x": 0.2300226921032324,
    "y": -0.6542824049795903,
    "z": -0.7204193887255567
  },
  "S38": {
    "x": 0.5371256156873909,
    "y": -0.8326008909683925,
    "z": 0.13517333069463117
  },
  "S39": {
    "x": -0.3036731732286204,
    "y": -0.9137243654815964,
    "z": -0.2699821990178509
  },
  "S40": {
    "x": 0.23859599386927258,
    "y": -0.8610464507283483,
    "z": -0.44907790125728536
  },
  "S41": {
    "x": 0.195177116809752,
    "y": -0.9392888357260322,
    "z": 0.2822098087492129
  },
  "S42": {
    "x": -0.09388346527340133,
    "y": -0.8132232766154941,
    "z": -0.574328997456177
  },
  "S45": {
    "x": 0.4509600819608999,
    "y": -0.864120121842286,
    "z": -0.223453394481021
  },
  "S51": {
    "x": -0.12731028097072994,
    "y": -0.9887133871592224,
    "z": 0.0789805698339245
  },
  "S52": {
    "x": 0.024658020495839823,
    "y": -0.9663738563051725,
    "z": -0.25595615225092067
  },
  "S53": {
    "x": 0.2353742510630954,
    "y": -0.9710776251189248,
    "z": -0.04008999787821917
  }
}