{
  "S1": {
    "x": 0.4971166193198253,
    "y": 0.8675790314091207,
    "z": 0.013479282445281236
  },
  "S3": {
    "x": -0.11222883114428654,
    "y": 0.9078357544140414,
    "z": 0.4040283807698107
  },
  "S4": {
    "x": -0.06543539238246031,
    "y": 0.9333885218098263,
    "z": -0.3528513522397511
  },
  "S5": {
    "x": 0.45725019368221403,
    "y": 0.505075922952358,
    "z": 0.7319976587608742
  },
  "S8": {
    "x": -0.6371082041491585,
    "y": 0.5902159738508013,
    "z": -0.49571992134388215
  },
  "S10": {
    "x": 0.6842919904911389,
    "y": 0.46404833989463345,
    "z": -0.5624976533201805
  },
  "S11": {
    "x": -0.29859454993848406,
    "y": 0.3886044297232987,
    "z": 0.8716810723805261
  },
  "S12": {
    "x": -0.6552997609751995,
    "y": -0.04710195541614936,
    "z": -0.7538989514927195
  },
  "S13": {
    "x": 0.918712846012575,
    "y": 0.3563690778734694,
    "z": 0.17019925648218234
  },
  "S18": {
    "x": -0.7219405387952356,
    "y": 0.6624684846712012,
    "z": 0.19984335180707744
  },
  "S22": {
    "x": 0.035715827403407716,
    "y": 0.4636083136752145,
    "z": -0.8853201179031875
  },
  "S23": {
    "x": 0.15963678744418625,
    "y": -0.11715082891705347,
    "z": 0.9801998670569931
  },
  "S26": {
    "x": -0.9907437283327526,
    "y": 0.015291547972407653,
    "z": -0.13488155296379328
  },
  "S28": {
    "x": 0.9530985743123983,
    "y": -0.23607879983514646,
    "z": -0.18939352658438705
  },
  "S29": {
    "x": -0.8181788033272851,
    "y": 0.04602521524731125,
    "z": 0.5731187707163068
  },
  "S37": {
    "x": -0.036006366447831006,
    "y": -0.22581357086536333,
    "z": -0.9735048909934957
  },
  "S38": {
    "x": 0.7820921941946899,
    "y": -0.21772761612376273,
    "z": 0.5838891033037001
  },
  "S39": {
    "x": -0.78669624901506,
    "y": -0.6030839500492027,
    "z": 0.13190436300094613
  },
  "S40": {
    "x": 0.6087897320655447,
    "y": -0.21236632730855,
    "z": -0.7643792286274137
  },
  "S41": {
    "x": -0.4138941386006232,
    "y": -0.522159814140231,
    "z": 0.7456814135601662
  },
  "S42": {
    "x": -0.5094130897608724,
    "y": -0.6904937511205413,
    "z": -0.5135335272830444
  },
  "S45": {
    "x": 0.6157126122257652,
    "y": -0.7874574831547472,
    "z": 0.02843749935763826
  },
  "S51": {
    "x": -0.14534090803468835,
    "y": -0.9864733416666456,
    "z": 0.07580479294011429
  },
  "S52": {
    "x": 0.2175875783581446,
    "y": -0.8032601180579593,
    "z": -0.554462648409928
  },
  "S53": {
    "x": 0.25516038787735684,
    "y": -0.7380932788314857,
    "z": 0.6245890554613197
  }
}