{
  "S1": {
    "x": 0.05361958556107912,
    "y": 0.9819303712066866,
    "z": 0.18148742696439504
  },
  "S3": {
    "x": -0.1603731698580339,
    "y": 0.8934904439034588,
    "z": 0.4194702290304837
  },
  "S4": {
    "x": -0.25391306562968213,
    "y": 0.962241279653048,
    "z": 0.09808096061010756
  },
  "S5": {
    "x": 0.28876147579453804,
    "y": 0.8671509934701421,
    "z": 0.405790542793577
  },
  "S8": {
    "x": -0.46146158668351805,
    "y": 0.8182096393486196,
    "z": 0.34290842814450045
  },
  "S10": {
    "x": -0.02949852243861178,
    "y": 0.9820621061404979,
    "z": -0.18623602459467437
  },
  "S11": {
    "x": -0.30695570272837885,
    "y": 0.6687009471409636,
    "z": 0.6772128467884415
  },
  "S12": {
    "x": -0.36184807182176704,
    "y": 0.8815214636345625,
    "z": -0.30329174415148186
  },
  "S13": {
    "x": 0.34015055910877634,
    "y": 0.9392213045501873,
    "z": -0.04648589266682321
  },
  "S18": {
    "x": -0.7538237020915337,
    "y": 0.641858542945927,
    "z": 0.14059671764428344
  },
  "S22": {
    "x": 0.5492272659189774,
    "y": -0.6675969817126525,
    "z": -0.5026566227349655
  },
  "S25": {
    "x": 0.04278249865863633,
    "y": 0.7547424278191991,
    "z": 0.6546247210869026
  },
  "S26": {
    "x": -0.5317745579189754,
    "y": 0.8468303032237788,
    "z": -0.00970860916923258
  },
  "S28": {
    "x": 0.7181003788618817,
    "y": -0.6777237303602962,
    "z": -0.15818467430489758
  },
  "S29": {
    "x": -0.63737573296207,
    "y": 0.5567135668732912,
    "z": 0.5327496405351033
  },
  "S37": {
    "x": 0.24481479650657229,
    "y": -0.6496811752712465,
    "z": -0.7197083339170234
  },
  "S38": {
    "x": 0.5249569044417344,
    "y": -0.8393395189399228,
    "z": 0.14117159921404432
  },
  "S39": {
    "x": -0.3026787987817281,
    "y": -0.9084266435185427,
    "z": -0.28835148363357677
  },
  "S40": {
    "x": 0.24204351868493945,
    "y": -0.8590564109783649,
    "z": -0.45103992929626935
  },
  "S41": {
    "x": 0.17782368820353872,
    "y": -0.9436936957791293,
    "z": 0.2789640558574147
  },
  "S42": {
    "x": -0.08484044163307623,
    "y": -0.8068309999157706,
    "z": -0.5846587355358872
  },
  "S45": {
    "x": 0.44885896432179256,
    "y": -0.8657704265082914,
    "z": -0.2212853332953151
  },
  "S51": {
    "x": -0.13887164868367943,
    "y": -0.9880897340027982,
    "z": 0.06628229590287303
  },
  "S52": {
    "x": 0.024107998740163453,
    "y": -0.9646219836494822,
    "z": -0.26253234668680814
  },
  "S53": {
    "x": 0.22982902427670068,
    "y": -0.9723309877841858,
    "z": -0.041845785864881135
  }
}