{
  "S1": {
    "x": -0.019996481006859548,
    "y": 0.9995612928883216,
    "z": -0.021848627114053453
  },
  "S3": {
    "x": -0.4946420122839292,
    "y": 0.669313224604658,
    "z": 0.5543907349992601
  },
  "S4": {
    "x": 0.27034519781004773,
    "y": 0.7514073258125441,
    "z": -0.6019140343406915
  },
  "S5": {
    "x": 0.17105351827364323,
    "y": 0.7736031235149184,
    "z": 0.6101466226852119
  },
  "S8": {
    "x": -0.5873712522645194,
    "y": 0.7617858738903003,
    "z": -0.2732714664109704
  },
  "S10": {
    "x": 0.8270658860022053,
    "y": 0.3532943690092891,
    "z": -0.43720145132160243
  },
  "S11": {
    "x": -0.0033675165359078204,
    "y": 0.2056159844140635,
    "z": 0.9786269599729082
  },
  "S12": {
    "x": -0.322345719888089,
    "y": 0.45460891297648864,
    "z": -0.8303155864562372
  },
  "S13": {
    "x": 0.6714539008001893,
    "y": 0.7341871556010435,
    "z": 0.10059264212982368
  },
  "S15": {
    "x": -0.9262003803456829,
    "y": 0.34549207302951546,
    "z": 0.15095722215674262
  },
  "S18": {
    "x": 0.2989841833342303,
    "y": 0.08878160805860667,
    "z": -0.9501190894758884
  },
  "S22": {
    "x": 0.6847917366630909,
    "y": 0.3007931045012024,
    "z": 0.6637648572216495
  },
  "S23": {
    "x": -0.8624518749639976,
    "y": 0.05985038487667107,
    "z": -0.502587997072353
  },
  "S26": {
    "x": 0.9881369607193295,
    "y": -0.06893675009630036,
    "z": 0.13723363780985603
  },
  "S28": {
    "x": -0.6660697471358983,
    "y": -0.04396686818340162,
    "z": 0.7445925103386846
  },
  "S29": {
    "x": -0.3679191820743111,
    "y": -0.2488737980965377,
    "z": -0.8959337632229147
  },
  "S37": {
    "x": 0.5854469978857283,
    "y": -0.3485310511525413,
    "z": 0.7319685232638712
  },
  "S38": {
    "x": -0.9319900935798084,
    "y": -0.336989953362434,
    "z": 0.1335373985139909
  },
  "S39": {
    "x": 0.7651086502888523,
    "y": -0.30372264103690305,
    "z": -0.5677687122189276
  },
  "S40": {
    "x": -0.11309667386984196,
    "y": -0.457711498932953,
    "z": 0.8818782943831468
  },
  "S41": {
    "x": -0.614191551311868,
    "y": -0.6781235062174578,
    "z": -0.4036300888343961
  },
  "S42": {
    "x": 0.6999146619356,
    "y": -0.7127892681171951,
    "z": -0.04528714237538182
  },
  "S45": {
    "x": -0.48801237263716435,
    "y": -0.7890993358042476,
    "z": 0.3730498122052081
  },
  "S51": {
    "x": 0.1662161008487522,
    "y": -0.6617269647565133,
    "z": -0.7310879782439113
  },
  "S52": {
    "x": 0.24858715861978312,
    "y": -0.8667137604451541,
    "z": 0.4324484732593734
  },
  "S53": {
    "x": -0.028598753888414364,
    "y": -0.9841119589002131,
    "z": -0.17523060128189663
  }
}