{
  "S1": {
    "x": 0.39019837867462126,
    "y": 0.9203424346713159,
    "z": 0.026740011648676724
  },
  "S3": {
    "x": -0.32026053441131574,
    "y": 0.9152882044322738,
    "z": 0.24429632196519602
  },
  "S4": {
    "x": 0.03687880838679214,
    "y": 0.8217492942007413,
    "z": -0.5686545972491155
  },
  "S8": {
    "x": 0.25170989232550617,
    "y": 0.6524690820049147,
    "z": 0.7147910373900515
  },
  "S10": {
    "x": -0.6758178601490707,
    "y": 0.6586352537271103,
    "z": -0.33086224089695754
  },
  "S11": {
    "x": 0.7633678833756575,
    "y": 0.4639268038950925,
    "z": -0.4494901503462041
  },
  "S12": {
    "x": -0.45227198005065555,
    "y": 0.39838645996719607,
    "z": 0.797958823859894
  },
  "S13": {
    "x": -0.3511096374852063,
    "y": 0.3095623799411168,
    "z": -0.8836815916325285
  },
  "S15": {
    "x": 0.8430383571070933,
    "y": 0.432825509972479,
    "z": 0.3192936052651799
  },
  "S18": {
    "x": -0.9066954025411008,
    "y": 0.3321108220009895,
    "z": 0.2600112476810537
  },
  "S22": {
    "x": 0.36649346882410416,
    "y": 0.15416268556475718,
    "z": -0.9175600272945292
  },
  "S23": {
    "x": 0.2066126268023722,
    "y": 0.0033207295158453986,
    "z": 0.9784171887294837
  },
  "S26": {
    "x": -0.876768269352823,
    "y": -0.05093503954011855,
    "z": -0.47820813836979187
  },
  "S28": {
    "x": 0.971114329752161,
    "y": -0.16987974539780215,
    "z": -0.16756440747840487
  },
  "S29": {
    "x": -0.46102209956212653,
    "y": -0.31831425117158585,
    "z": 0.8283324581449174
  },
  "S37": {
    "x": -0.1502257957745962,
    "y": -0.39657800082292377,
    "z": -0.9056258054777273
  },
  "S38": {
    "x": 0.7937876620677604,
    "y": -0.20018929917195608,
    "z": 0.5743042678285094
  },
  "S39": {
    "x": -0.8974657023623808,
    "y": -0.3670700075807265,
    "z": 0.24457089487075911
  },
  "S40": {
    "x": 0.5658469243524186,
    "y": -0.4962678658411156,
    "z": -0.6584340996139345
  },
  "S41": {
    "x": 0.2175919897095344,
    "y": -0.6780699198312713,
    "z": 0.7020505037632687
  },
  "S42": {
    "x": -0.6128528394899768,
    "y": -0.6953826497582649,
    "z": -0.3753056987899957
  },
  "S45": {
    "x": 0.6062552537356454,
    "y": -0.789312607774814,
    "z": 0.09716056054619585
  },
  "S51": {
    "x": -0.2992991243810682,
    "y": -0.9027667867249266,
    "z": 0.30892096550910375
  },
  "S53": {
    "x": 0.06729982205966864,
    "y": -0.9343219783143624,
    "z": -0.3500188206217963
  }
}