{
  "S1": {
    "x": 0.45201970669073965,
    "y": 0.886239317831904,
    "z": -0.101282063032202
  },
  "S3": {
    "x": -0.3612009123699465,
    "y": 0.9091443252977617,
    "z": 0.20734149773259583
  },
  "S8": {
    "x": -0.15149219462554717,
    "y": 0.8792072818622846,
    "z": -0.4517130399798842
  },
  "S10": {
    "x": 0.28650615668990953,
    "y": 0.772729194528963,
    "z": 0.5663954573453049
  },
  "S11": {
    "x": -0.8359177333307011,
    "y": 0.47310718767586907,
    "z": -0.2782285608500552
  },
  "S12": {
    "x": 0.834020348696653,
    "y": 0.4034352351646509,
    "z": -0.3763642769811664
  },
  "S13": {
    "x": -0.2563471550977563,
    "y": 0.44920255501612893,
    "z": 0.8558640082631519
  },
  "S18": {
    "x": -0.40952531868699843,
    "y": 0.3550508930461174,
    "z": -0.8403736530267157
  },
  "S21": {
    "x": 0.8373067886016667,
    "y": 0.3411984158866414,
    "z": 0.42720133749557737
  },
  "S22": {
    "x": -0.8221733911383671,
    "y": 0.39420835318003367,
    "z": 0.4106466719542768
  },
  "S25": {
    "x": 0.3116869520900913,
    "y": 0.4304986813885345,
    "z": -0.8470667796694202
  },
  "S26": {
    "x": 0.36262994721018593,
    "y": 0.09379732735885099,
    "z": 0.9272009398003618
  },
  "S27": {
    "x": -0.757616813190147,
    "y": -0.2266871936560921,
    "z": -0.6120699964905414
  },
  "S28": {
    "x": 0.9858404063159153,
    "y": -0.1607545681615016,
    "z": -0.047714380327950195
  },
  "S29": {
    "x": -0.6110138323246544,
    "y": -0.20319670350533658,
    "z": 0.7650968542560499
  },
  "S35": {
    "x": -0.09050482043417389,
    "y": -0.26280681630038993,
    "z": -0.9605943237310073
  },
  "S37": {
    "x": 0.6830684987471385,
    "y": -0.4716820422352974,
    "z": 0.557614093304742
  },
  "S38": {
    "x": -0.9702835890788938,
    "y": -0.23300072287257936,
    "z": 0.06527189215149182
  },
  "S39": {
    "x": 0.6218076172340588,
    "y": -0.24467518286821838,
    "z": -0.7439686431820268
  },
  "S40": {
    "x": 0.022537921422247954,
    "y": -0.5167995605270772,
    "z": 0.8558097080174917
  },
  "S41": {
    "x": -0.5071067117502848,
    "y": -0.8039440385184007,
    "z": -0.31067147572401543
  },
  "S42": {
    "x": 0.6516654779404623,
    "y": -0.7435810302969417,
    "z": -0.1497309461773601
  },
  "S45": {
    "x": -0.530776987140843,
    "y": -0.7604507275361372,
    "z": 0.3741530180440206
  },
  "S51": {
    "x": 0.10798905699479149,
    "y": -0.8033453994271827,
    "z": -0.5856402759276003
  },
  "S52": {
    "x": 0.12415300353811966,
    "y": -0.9632074365488006,
    "z": 0.23836414556210433
  }
}