{
  "S1": {
    "x": 0.3954458912950491,
    "y": 0.9182984357337688,
    "z": 0.018722446068220103
  },
  "S3": {
    "x": -0.3152895477768901,
    "y": 0.9171734336777205,
    "z": 0.2436911849420578
  },
  "S4": {
    "x": 0.03555982036917075,
    "y": 0.8185134673569927,
    "z": -0.5733857365949606
  },
  "S8": {
    "x": 0.25070546594920107,
    "y": 0.6562245472526727,
    "z": 0.7116994540718848
  },
  "S10": {
    "x": -0.6734733258947426,
    "y": 0.662128445589744,
    "z": -0.32866335489248427
  },
  "S11": {
    "x": 0.7674896443674892,
    "y": 0.4566259354837671,
    "z": -0.4499471089275265
  },
  "S12": {
    "x": -0.4522570873144877,
    "y": 0.3978984654519297,
    "z": 0.7982107103796688
  },
  "S13": {
    "x": -0.36255106859438074,
    "y": 0.3011237975090822,
    "z": -0.8819757259895433
  },
  "S15": {
    "x": 0.8418218749536026,
    "y": 0.43179970554302605,
    "z": 0.3238594527608497
  },
  "S18": {
    "x": -0.9055038166709968,
    "y": 0.33382616651438196,
    "z": 0.26195978421232896
  },
  "S22": {
    "x": 0.35932732157185443,
    "y": 0.16104506419087156,
    "z": -0.919210728435953
  },
  "S23": {
    "x": 0.20543611276977086,
    "y": 0.0073666840499941495,
    "z": 0.9786428028326543
  },
  "S26": {
    "x": -0.8815980598131379,
    "y": -0.04959708831759301,
    "z": -0.4693878883867031
  },
  "S28": {
    "x": 0.9724268044647595,
    "y": -0.1714861528515052,
    "z": -0.1580462253223606
  },
  "S29": {
    "x": -0.4606979294257994,
    "y": -0.32046211579942685,
    "z": 0.8276843904291877
  },
  "S37": {
    "x": -0.14709506698549868,
    "y": -0.39843058523270813,
    "z": -0.9053265212174298
  },
  "S38": {
    "x": 0.7897792284413031,
    "y": -0.20440227414664908,
    "z": 0.5783325000778861
  },
  "S39": {
    "x": -0.895854869740694,
    "y": -0.36978016381438555,
    "z": 0.24638726186897378
  },
  "S40": {
    "x": 0.5730668530978207,
    "y": -0.4863250540512446,
    "z": -0.6596077043839125
  },
  "S41": {
    "x": 0.21301136446319646,
    "y": -0.6778756669484091,
    "z": 0.703641058188603
  },
  "S42": {
    "x": -0.6123462070870922,
    "y": -0.6942130331286047,
    "z": -0.3782861183025816
  },
  "S45": {
    "x": 0.6033605064160279,
    "y": -0.7914642984832557,
    "z": 0.09767478448300879
  },
  "S51": {
    "x": -0.29738149125540253,
    "y": -0.9058011805083133,
    "z": 0.30180866463449835
  },
  "S53": {
    "x": 0.07260054930401813,
    "y": -0.9310276694056931,
    "z": -0.3576543569450233
  }
}