{
  "S1": {
    "x": 0.5024362529263122,
    "y": 0.8627352474134157,
    "z": 0.05697108578813728
  },
  "S3": {
    "x": -0.18855795774324283,
    "y": 0.9678996856928842,
    "z": 0.16618091047804937
  },
  "S8": {
    "x": 0.14389781205496088,
    "y": 0.9821116139875974,
    "z": 0.12145039051592943
  },
  "S10": {
    "x": 0.006514326936964209,
    "y": 0.9073158409961596,
    "z": 0.42039924859827005
  },
  "S11": {
    "x": -0.4742684842586718,
    "y": 0.8797124179543135,
    "z": -0.03428507745298571
  },
  "S12": {
    "x": 0.22615684162201943,
    "y": 0.9473463392563285,
    "z": -0.2266892068122922
  },
  "S13": {
    "x": -0.22997308762992505,
    "y": 0.7407375670848381,
    "z": 0.6312053831164574
  },
  "S18": {
    "x": -0.13590513286341158,
    "y": 0.9701994675797837,
    "z": -0.20060605167662
  },
  "S22": {
    "x": 0.3765505900634703,
    "y": 0.8380976778240626,
    "z": 0.39471753894242634
  },
  "S23": {
    "x": -0.4524125398870274,
    "y": 0.8190830030225739,
    "z": 0.3527405957817884
  },
  "S25": {
    "x": 0.22993867354168207,
    "y": -0.7657726550880762,
    "z": -0.6006000725351689
  },
  "S26": {
    "x": 0.16758995321096473,
    "y": 0.7187503991143221,
    "z": 0.674767716592717
  },
  "S27": {
    "x": -0.3959377426107705,
    "y": -0.8290082772250962,
    "z": -0.394941236475207
  },
  "S28": {
    "x": 0.5243057051378246,
    "y": -0.7715379579684205,
    "z": -0.360323059175857
  },
  "S29": {
    "x": -0.22548476705075834,
    "y": -0.9353973160684522,
    "z": 0.2723756246803325
  },
  "S35": {
    "x": -0.16250148835063472,
    "y": -0.7018002309069012,
    "z": -0.6935918844557285
  },
  "S36": {
    "x": 0.4399520758652803,
    "y": -0.8975669394774262,
    "z": 0.028561514297336096
  },
  "S37": {
    "x": -0.4830694705122686,
    "y": -0.8743035518413448,
    "z": -0.04729889952847978
  },
  "S38": {
    "x": 0.2075108076501152,
    "y": -0.9508260627704457,
    "z": -0.22993273595738706
  },
  "S39": {
    "x": 0.12312459095882691,
    "y": -0.9788074501043128,
    "z": 0.1636346867919961
  },
  "S51": {
    "x": -0.05172428983104599,
    "y": -0.9007004851635427,
    "z": -0.43135047683714517
  },
  "S52": {
    "x": -0.12406883860332954,
    "y": -0.9862102663244545,
    "z": -0.10952732026243223
  }
}