{
  "S1": {
    "x": 0.27128141663946514,
    "y": 0.9624582299253942,
    "z": -0.00897488913368489
  },
  "S3": {
    "x": -0.3775080043065311,
    "y": 0.875835108890974,
    "z": 0.3006668733306611
  },
  "S4": {
    "x": 0.04161939588584321,
    "y": 0.7614920555863961,
    "z": -0.6468366680738673
  },
  "S5": {
    "x": 0.2845681363809857,
    "y": 0.6805439231915055,
    "z": 0.6751895618000672
  },
  "S8": {
    "x": -0.6296493852581267,
    "y": 0.7041618923545344,
    "z": -0.32817324845231444
  },
  "S10": {
    "x": 0.7497401423381801,
    "y": 0.5304155856348449,
    "z": -0.39566276736934725
  },
  "S11": {
    "x": -0.38512640883043636,
    "y": 0.37344209986896104,
    "z": 0.8439304753750941
  },
  "S12": {
    "x": -0.3794656866591368,
    "y": 0.22547431869035306,
    "z": -0.897311052121521
  },
  "S13": {
    "x": 0.839605899044232,
    "y": 0.4371732424031479,
    "z": 0.32239958191170975
  },
  "S18": {
    "x": -0.9009446678592906,
    "y": 0.30396560753627144,
    "z": 0.3096830878349958
  },
  "S22": {
    "x": 0.4280914418919478,
    "y": 0.133865055015383,
    "z": -0.8937661128195684
  },
  "S26": {
    "x": 0.2656246695550686,
    "y": 0.01687737307615374,
    "z": 0.9639287780753353
  },
  "S28": {
    "x": -0.9023545041936096,
    "y": 0.02741670206130355,
    "z": -0.430121695813623
  },
  "S29": {
    "x": 0.9699347921963746,
    "y": -0.14553002363722065,
    "z": -0.1950577122472365
  },
  "S37": {
    "x": -0.49852650513632135,
    "y": -0.32074086532529217,
    "z": 0.8053549658299427
  },
  "S38": {
    "x": -0.09985490880543052,
    "y": -0.41769908512132514,
    "z": -0.9030816527182175
  },
  "S39": {
    "x": 0.8032117801598062,
    "y": -0.2491829597962821,
    "z": 0.5410717963077355
  },
  "S40": {
    "x": -0.8913035378951503,
    "y": -0.4093825244464267,
    "z": 0.1948947203324383
  },
  "S41": {
    "x": 0.5788847058251106,
    "y": -0.536858686135107,
    "z": -0.6137387461152033
  },
  "S42": {
    "x": 0.1718066257968104,
    "y": -0.6657045408036167,
    "z": 0.726167988612663
  },
  "S45": {
    "x": -0.6185421371896626,
    "y": -0.6386288533625455,
    "z": -0.4577759410166562
  },
  "S51": {
    "x": 0.5753352382109211,
    "y": -0.8090494589089167,
    "z": 0.1201180116051365
  },
  "S52": {
    "x": -0.3387454442967731,
    "y": -0.896808611119127,
    "z": 0.28458010997039856
  },
  "S53": {
    "x": 0.03166800289314393,
    "y": -0.946094784036328,
    "z": -0.32233801701321824
  }
}