{
  "S1": {
    "x": 0.33175242537894156,
    "y": 0.9425263224068305,
    "z": 0.03980527383959406
  },
  "S3": {
    "x": -0.3446745665670813,
    "y": 0.8912708337100297,
    "z": 0.2946790527669439
  },
  "S4": {
    "x": 0.00778920318370185,
    "y": 0.824957852196583,
    "z": -0.565140575797707
  },
  "S5": {
    "x": 0.2823415064278754,
    "y": 0.6823118775802315,
    "z": 0.6743395105293601
  },
  "S8": {
    "x": -0.6491128781075881,
    "y": 0.6949396794397444,
    "z": -0.30937245096334676
  },
  "S10": {
    "x": 0.7356957918867698,
    "y": 0.5644754188377217,
    "z": -0.3743249969319138
  },
  "S11": {
    "x": -0.35689399351138945,
    "y": 0.37497799830368767,
    "z": 0.8555806088169904
  },
  "S12": {
    "x": -0.3559863993734946,
    "y": 0.2818351109560421,
    "z": -0.8909784810496213
  },
  "S13": {
    "x": 0.8536033062617293,
    "y": 0.36537897101454514,
    "z": 0.37129449643025536
  },
  "S18": {
    "x": -0.8786118767996894,
    "y": 0.365087411493411,
    "z": 0.3078186997496549
  },
  "S22": {
    "x": 0.38487508991652547,
    "y": 0.24366536108123568,
    "z": -0.8902237679206827
  },
  "S25": {
    "x": 0.31893095590749626,
    "y": 0.05108023016612283,
    "z": 0.9464004730821443
  },
  "S26": {
    "x": -0.8751482737716237,
    "y": 0.035739358084614974,
    "z": -0.48253310476924455
  },
  "S28": {
    "x": 0.9757370076522022,
    "y": -0.05282000597384127,
    "z": -0.21247903159335477
  },
  "S29": {
    "x": -0.6128457145536511,
    "y": -0.2573958138987448,
    "z": 0.7471061003235266
  },
  "S37": {
    "x": -0.1375806032449565,
    "y": -0.375974793932412,
    "z": -0.9163593901620882
  },
  "S38": {
    "x": 0.7605047966539968,
    "y": -0.34516980078405773,
    "z": 0.549991148013272
  },
  "S39": {
    "x": -0.9382646714094005,
    "y": -0.32283503606416986,
    "z": 0.12424550645579151
  },
  "S40": {
    "x": 0.5546780892757602,
    "y": -0.41105096351548687,
    "z": -0.7234426878961331
  },
  "S41": {
    "x": 0.0018607120698681796,
    "y": -0.5409957767001762,
    "z": 0.8410232501799021
  },
  "S42": {
    "x": -0.6116041191057839,
    "y": -0.640415689874899,
    "z": -0.4645515532800369
  },
  "S45": {
    "x": 0.7224455915277226,
    "y": -0.685717164665224,
    "z": -0.08868109925821388
  },
  "S51": {
    "x": -0.4582021462957306,
    "y": -0.8575419427226842,
    "z": 0.23382174749451812
  },
  "S52": {
    "x": 0.05596445755100865,
    "y": -0.9144133168053306,
    "z": -0.40089433213765374
  },
  "S53": {
    "x": 0.2355475538128148,
    "y": -0.9157879699004158,
    "z": 0.3253455763929706
  }
}