{
  "S1": {
    "x": 0.3174565769777027,
    "y": 0.9367779453218874,
    "z": 0.14720191198521496
  },
  "S3": {
    "x": -0.02699074998230091,
    "y": 0.9865216423031649,
    "z": 0.16138943175703763
  },
  "S4": {
    "x": -0.2719175585590188,
    "y": 0.9615827656883513,
    "z": -0.03767527144485694
  },
  "S8": {
    "x": -0.12212616984786517,
    "y": 0.8954785202927213,
    "z": 0.42802268436690205
  },
  "S10": {
    "x": -0.41576423725897704,
    "y": 0.8836015031862475,
    "z": 0.2153798564942066
  },
  "S11": {
    "x": 0.06667139191895503,
    "y": 0.9786994321224257,
    "z": -0.194170922289694
  },
  "S12": {
    "x": -0.4034857725672326,
    "y": 0.7684769345554995,
    "z": 0.4966310827888303
  },
  "S13": {
    "x": -0.3441423474329705,
    "y": 0.870570102124046,
    "z": -0.3516727768694258
  },
  "S15": {
    "x": 0.208914461099095,
    "y": 0.8351066974930621,
    "z": 0.5088728247272652
  },
  "S18": {
    "x": -0.7000048458692736,
    "y": 0.6467517521654026,
    "z": 0.3028289729047014
  },
  "S22": {
    "x": 0.5101386938229358,
    "y": -0.6129671934719937,
    "z": -0.6033487654679475
  },
  "S23": {
    "x": -0.08989255095407836,
    "y": 0.6912999707386143,
    "z": 0.7169544474649414
  },
  "S26": {
    "x": -0.6252275770065979,
    "y": 0.7789162545157001,
    "z": -0.04878468408928849
  },
  "S28": {
    "x": 0.6529152783929514,
    "y": -0.6978543699583805,
    "z": -0.29445019539991246
  },
  "S29": {
    "x": -0.4909785511250301,
    "y": 0.5233405773092296,
    "z": 0.6964586868413724
  },
  "S37": {
    "x": 0.14901174195574335,
    "y": -0.6662116395069309,
    "z": -0.7307239917676182
  },
  "S38": {
    "x": 0.6538224519610566,
    "y": -0.7541756313760132,
    "z": 0.06111725083986937
  },
  "S39": {
    "x": -0.2598657728075202,
    "y": -0.9506575613125853,
    "z": -0.1694697059723613
  },
  "S40": {
    "x": 0.31844358792294475,
    "y": -0.8333321941791821,
    "z": -0.4518308704097938
  },
  "S41": {
    "x": 0.34834849600744877,
    "y": -0.9165771518742778,
    "z": 0.19631518023674413
  },
  "S42": {
    "x": -0.15716572407355767,
    "y": -0.8211388950333981,
    "z": -0.548661872413023
  },
  "S45": {
    "x": 0.398122200542448,
    "y": -0.9038739682424651,
    "z": -0.15655849695515656
  },
  "S51": {
    "x": -0.04142199844642169,
    "y": -0.9666565200491243,
    "z": 0.2527041556667037
  },
  "S52": {
    "x": 0.06126562015198171,
    "y": -0.9363685388082668,
    "z": -0.34563055900406786
  },
  "S53": {
    "x": 0.10474353146982351,
    "y": -0.9930539159181133,
    "z": -0.05359769300007948
  }
}