{
  "S1": {
    "x": 0.3955220172488693,
    "y": 0.9169930831390817,
    "z": 0.0518268207250496
  },
  "S3": {
    "x": -0.3395204664225879,
    "y": 0.9267295619376124,
    "z": 0.16092908969825612
  },
  "S8": {
    "x": 0.06567126306698155,
    "y": 0.8134426749638294,
    "z": -0.5779258600849051
  },
  "S10": {
    "x": 0.25514791069965354,
    "y": 0.6465208901954799,
    "z": 0.7189647294592731
  },
  "S11": {
    "x": -0.7916491519143951,
    "y": 0.5640508810309497,
    "z": -0.2348152973752531
  },
  "S12": {
    "x": 0.8015659078560886,
    "y": 0.4705161007033113,
    "z": -0.36892640775877805
  },
  "S13": {
    "x": -0.45055917753650343,
    "y": 0.4769366892883158,
    "z": 0.7546706711860015
  },
  "S15": {
    "x": -0.4225206747401817,
    "y": 0.3920852175191993,
    "z": -0.817156938182638
  },
  "S18": {
    "x": 0.856131408570794,
    "y": 0.35056509968306565,
    "z": 0.37966185236706407
  },
  "S22": {
    "x": -0.9373467426324643,
    "y": 0.14355078203726002,
    "z": 0.31744961340786043
  },
  "S23": {
    "x": 0.42644153541881463,
    "y": 0.14958169626942325,
    "z": -0.8920610590149117
  },
  "S26": {
    "x": 0.2413986522962032,
    "y": -0.01175519014560239,
    "z": 0.9703548351887661
  },
  "S28": {
    "x": -0.8622066739616168,
    "y": -0.19099322010659334,
    "z": -0.469170801786898
  },
  "S29": {
    "x": 0.9291106450862254,
    "y": -0.23718489099704518,
    "z": -0.28371946826077726
  },
  "S37": {
    "x": -0.5101692995587276,
    "y": -0.29125684587548456,
    "z": 0.8092569032874677
  },
  "S38": {
    "x": -0.21978699425677414,
    "y": -0.248732350673025,
    "z": -0.9433058331655986
  },
  "S39": {
    "x": 0.8079082199535621,
    "y": -0.3411648194947369,
    "z": 0.4805110550971645
  },
  "S40": {
    "x": -0.8037031038110912,
    "y": -0.5706762550491223,
    "z": 0.16849312403634625
  },
  "S41": {
    "x": 0.39763666933468983,
    "y": -0.6041743121011067,
    "z": -0.6905494043133837
  },
  "S42": {
    "x": 0.17180572809790634,
    "y": -0.6765098293410554,
    "z": 0.7161125907269642
  },
  "S45": {
    "x": -0.3357554320279207,
    "y": -0.8092521326037817,
    "z": -0.48205733656897654
  },
  "S51": {
    "x": 0.4973553763154361,
    "y": -0.866532862205225,
    "z": -0.041933618595960995
  },
  "S53": {
    "x": -0.20715290062159367,
    "y": -0.9569228476957053,
    "z": 0.20343632743932927
  }
}