{
  "S1": {
    "x": 0.02485552487271983,
    "y": 0.9834744484879032,
    "z": 0.1793326854054108
  },
  "S3": {
    "x": -0.16778323915677593,
    "y": 0.8894379312463653,
    "z": 0.4251457998360637
  },
  "S4": {
    "x": -0.28093193517826265,
    "y": 0.9551291715216015,
    "z": 0.09383769767772206
  },
  "S5": {
    "x": 0.25704000456171106,
    "y": 0.8728107532690479,
    "z": 0.4148877258160725
  },
  "S8": {
    "x": -0.4669167262913489,
    "y": 0.8178111658431074,
    "z": 0.3364129422773551
  },
  "S10": {
    "x": -0.017073969935883792,
    "y": 0.9840229979065441,
    "z": -0.17722082028262373
  },
  "S11": {
    "x": -0.3193143931279875,
    "y": 0.6679428803502245,
    "z": 0.6722281063231071
  },
  "S12": {
    "x": -0.3399571175941938,
    "y": 0.890438345504503,
    "z": -0.3025701754176228
  },
  "S13": {
    "x": 0.34150605848943744,
    "y": 0.9398589965751395,
    "z": -0.006219209900030577
  },
  "S18": {
    "x": -0.7462049179172511,
    "y": 0.6455021769216662,
    "z": 0.16280405420473487
  },
  "S22": {
    "x": 0.5474983644284863,
    "y": -0.6702786244344177,
    "z": -0.5009711634160567
  },
  "S23": {
    "x": 0.03195527581705054,
    "y": 0.7422961090885672,
    "z": 0.6693096045773064
  },
  "S26": {
    "x": -0.5547739119206064,
    "y": 0.8309116363371832,
    "z": -0.04256476537902736
  },
  "S28": {
    "x": 0.7201961397842283,
    "y": -0.671015828483254,
    "z": -0.17622507813823876
  },
  "S29": {
    "x": -0.6400616545202489,
    "y": 0.5501609272314577,
    "z": 0.5363245589758353
  },
  "S37": {
    "x": 0.2677977140318192,
    "y": -0.6265193234080347,
    "z": -0.7319548631955869
  },
  "S38": {
    "x": 0.547073385604355,
    "y": -0.8271033561531368,
    "z": 0.12888269474062683
  },
  "S39": {
    "x": -0.30408844179405925,
    "y": -0.9062374706725945,
    "z": -0.2937071097474481
  },
  "S40": {
    "x": 0.24012245390060152,
    "y": -0.8562936894149697,
    "z": -0.4572770763999138
  },
  "S41": {
    "x": 0.21140342598129402,
    "y": -0.9376228055933998,
    "z": 0.2759928729415543
  },
  "S42": {
    "x": -0.0722028553936783,
    "y": -0.8033561158808473,
    "z": -0.5911054886818751
  },
  "S45": {
    "x": 0.4454268255855894,
    "y": -0.8669284743026255,
    "z": -0.22367378812026015
  },
  "S51": {
    "x": -0.13045738761211037,
    "y": -0.98729516213363,
    "z": 0.09071456798636485
  },
  "S52": {
    "x": 0.020909965581703428,
    "y": -0.9652934048315359,
    "z": -0.2603294373061039
  },
  "S53": {
    "x": 0.23006456795645075,
    "y": -0.9721633459680572,
    "z": -0.044370297803859274
  }
}