{
  "S1": {
    "x": 0.22667951924070273,
    "y": 0.9739393168380143,
    "z": -0.007655238331100138
  },
  "S3": {
    "x": -0.3881865908644273,
    "y": 0.8663109074695218,
    "z": 0.31435104942148234
  },
  "S4": {
    "x": 0.029385342146099107,
    "y": 0.7715543092518774,
    "z": -0.635484421163741
  },
  "S5": {
    "x": 0.3419383831786814,
    "y": 0.6884561675826707,
    "z": 0.6396141394829628
  },
  "S8": {
    "x": -0.6696974560124105,
    "y": 0.6818095450464061,
    "z": -0.29434853778151854
  },
  "S10": {
    "x": 0.734239904407859,
    "y": 0.5623855778275532,
    "z": -0.3802817700425664
  },
  "S11": {
    "x": -0.33117212576710964,
    "y": 0.40010655814788687,
    "z": 0.8545406750073079
  },
  "S12": {
    "x": -0.3774486023674291,
    "y": 0.2644352158221406,
    "z": -0.8874720103777765
  },
  "S13": {
    "x": 0.8685293164834057,
    "y": 0.387348705542379,
    "z": 0.3092212908638591
  },
  "S18": {
    "x": -0.9011316060989992,
    "y": 0.27704506540545193,
    "z": 0.33347842542498424
  },
  "S22": {
    "x": 0.4463889637688217,
    "y": 0.143331270988153,
    "z": -0.8832853671279279
  },
  "S26": {
    "x": 0.28025970855946275,
    "y": 0.022412793129614843,
    "z": 0.9596625252985
  },
  "S28": {
    "x": -0.8889703103418573,
    "y": -0.003168384612111837,
    "z": -0.45795387177056546
  },
  "S29": {
    "x": 0.9618820526643723,
    "y": -0.14496484396967543,
    "z": -0.23187951779970037
  },
  "S37": {
    "x": -0.5275176629443519,
    "y": -0.28217780428568495,
    "z": 0.8013119255634719
  },
  "S38": {
    "x": -0.09398476905518431,
    "y": -0.37978728018636465,
    "z": -0.9202871752851323
  },
  "S39": {
    "x": 0.7900621304719373,
    "y": -0.2812947660754388,
    "z": 0.5446788820697086
  },
  "S40": {
    "x": -0.8958429323722783,
    "y": -0.42005541265439317,
    "z": 0.144978932325994
  },
  "S41": {
    "x": 0.5494850448983752,
    "y": -0.5600389570863841,
    "z": -0.620018186812795
  },
  "S42": {
    "x": 0.13394951523641938,
    "y": -0.6601230549677224,
    "z": 0.7391177711758862
  },
  "S45": {
    "x": -0.5642387570569972,
    "y": -0.6660062467814276,
    "z": -0.48792448625057855
  },
  "S51": {
    "x": 0.5886042014973075,
    "y": -0.7992746373375398,
    "z": 0.12126478503119156
  },
  "S52": {
    "x": -0.3662459218109258,
    "y": -0.8796306901591061,
    "z": 0.3035025101825023
  },
  "S53": {
    "x": 0.03835584398537594,
    "y": -0.9648703359665385,
    "z": -0.25991164653394977
  }
}