{
  "S1": {
    "x": 0.047873816661762825,
    "y": 0.986998988122603,
    "z": 0.1534310761325542
  },
  "S3": {
    "x": -0.14069517813271196,
    "y": 0.9090349707026288,
    "z": 0.3922502885784474
  },
  "S4": {
    "x": -0.25927984559392847,
    "y": 0.9648261231761267,
    "z": 0.04341098600255362
  },
  "S5": {
    "x": 0.213429598247322,
    "y": 0.8526075131026877,
    "z": 0.47697823345812845
  },
  "S8": {
    "x": -0.45248090280631625,
    "y": 0.853062416232236,
    "z": 0.25989526084097875
  },
  "S10": {
    "x": 0.03249963159581961,
    "y": 0.9775811191898944,
    "z": -0.20803588476407017
  },
  "S11": {
    "x": -0.3648701831095052,
    "y": 0.7460376056437287,
    "z": 0.5570436611640138
  },
  "S12": {
    "x": -0.3371614818796169,
    "y": 0.8946896368167935,
    "z": -0.2930061243547223
  },
  "S13": {
    "x": 0.38053133105340015,
    "y": 0.9224573916129257,
    "z": 0.06533197337755264
  },
  "S18": {
    "x": -0.7234810568916181,
    "y": 0.6418963089919689,
    "z": 0.25405568055344435
  },
  "S22": {
    "x": 0.5333705807391752,
    "y": -0.663409566096013,
    "z": -0.5247890730705572
  },
  "S23": {
    "x": -0.057420014693819035,
    "y": 0.7047156086250921,
    "z": 0.7071625363894272
  },
  "S26": {
    "x": -0.6025747174646203,
    "y": 0.7955424669434432,
    "z": -0.06337107512085909
  },
  "S28": {
    "x": 0.7213444301480059,
    "y": -0.6636746225442008,
    "z": -0.19798537442261122
  },
  "S29": {
    "x": -0.5933144368938188,
    "y": 0.5083786866763694,
    "z": 0.6241226561394648
  },
  "S37": {
    "x": 0.22660807590589405,
    "y": -0.643802300046765,
    "z": -0.7308675518783985
  },
  "S38": {
    "x": 0.5557449918657117,
    "y": -0.8229416274830303,
    "z": 0.11796008550251764
  },
  "S39": {
    "x": -0.3029716011251165,
    "y": -0.9125060508201961,
    "z": -0.274847077714523
  },
  "S40": {
    "x": 0.23463007855554827,
    "y": -0.85890176954186,
    "z": -0.45523233245770084
  },
  "S41": {
    "x": 0.21660714005047776,
    "y": -0.9367606860220632,
    "z": 0.2748831824659816
  },
  "S42": {
    "x": -0.0900706987093038,
    "y": -0.8131257998841004,
    "z": -0.5750771276940683
  },
  "S45": {
    "x": 0.45171005359513344,
    "y": -0.8605112922994386,
    "z": -0.23553841153033178
  },
  "S51": {
    "x": -0.12281625822782129,
    "y": -0.9885574417767673,
    "z": 0.08758054020551928
  },
  "S52": {
    "x": 0.026193638007273794,
    "y": -0.9675707677125073,
    "z": -0.25123833862723477
  },
  "S53": {
    "x": 0.24568768190992823,
    "y": -0.9683139517511442,
    "z": -0.0447845263657943
  }
}