{
  "S1": {
    "x": 0.39877150008330947,
    "y": 0.9167678438541769,
    "z": 0.02275985932009172
  },
  "S3": {
    "x": -0.3475341466101904,
    "y": 0.9181075520194756,
    "z": 0.1905217569327257
  },
  "S8": {
    "x": -0.059545880423978445,
    "y": 0.8617969196523474,
    "z": -0.5037463224702079
  },
  "S10": {
    "x": 0.3117429171904485,
    "y": 0.6900877703365552,
    "z": 0.6531425746447026
  },
  "S11": {
    "x": -0.7718424186919729,
    "y": 0.5608279943895863,
    "z": -0.2995517341239726
  },
  "S12": {
    "x": 0.7665671436017635,
    "y": 0.5262850123435815,
    "z": -0.3679658953391599
  },
  "S13": {
    "x": -0.3174528319040416,
    "y": 0.48113761005556194,
    "z": 0.8171476608949734
  },
  "S18": {
    "x": -0.3481933754153456,
    "y": 0.3356823538955044,
    "z": -0.8752592362266403
  },
  "S21": {
    "x": 0.8557318385899269,
    "y": 0.308165916063711,
    "z": 0.41564021533065987
  },
  "S22": {
    "x": -0.8492561136130498,
    "y": 0.371456574050065,
    "z": 0.37521202950578114
  },
  "S25": {
    "x": 0.3541035251259661,
    "y": 0.32730160960057886,
    "z": -0.8760618413366916
  },
  "S26": {
    "x": 0.2816872606335558,
    "y": 0.05275089186051691,
    "z": 0.9580551292095268
  },
  "S27": {
    "x": -0.8182503769824208,
    "y": -0.10725321577454944,
    "z": -0.564768154444055
  },
  "S28": {
    "x": 0.9796168912967365,
    "y": -0.07537632337163411,
    "z": -0.18619655249518693
  },
  "S29": {
    "x": -0.5767076945012649,
    "y": -0.22807319512157226,
    "z": 0.7844685161114324
  },
  "S35": {
    "x": -0.1662530457453018,
    "y": -0.3463687089664904,
    "z": -0.9232489600477746
  },
  "S37": {
    "x": 0.7274769705968268,
    "y": -0.40218432556385636,
    "z": 0.5559001938495881
  },
  "S38": {
    "x": -0.9623259540985089,
    "y": -0.25139223766419355,
    "z": 0.10358909648502723
  },
  "S39": {
    "x": 0.5660827720782642,
    "y": -0.3266435601377099,
    "z": -0.7568713759792678
  },
  "S40": {
    "x": 0.050741394350879765,
    "y": -0.5725923351708608,
    "z": 0.8182684942015727
  },
  "S41": {
    "x": -0.5582610853382726,
    "y": -0.7461491054108287,
    "z": -0.3627755133571643
  },
  "S42": {
    "x": 0.7111329692174891,
    "y": -0.6965378082216733,
    "z": -0.09552477066010075
  },
  "S45": {
    "x": -0.5145596185454223,
    "y": -0.7889179736927548,
    "z": 0.3359119374879484
  },
  "S51": {
    "x": 0.11435517034650086,
    "y": -0.8577225139169075,
    "z": -0.5012334627048389
  },
  "S52": {
    "x": 0.1562677920926108,
    "y": -0.9603031998807539,
    "z": 0.2310803787717286
  }
}