{
  "S1": {
    "x": 0.3056865173959581,
    "y": 0.9484402342891816,
    "z": -0.0837667897427921
  },
  "S3": {
    "x": -0.47511136009437316,
    "y": 0.8341656329481597,
    "z": 0.2800658713900554
  },
  "S4": {
    "x": 0.3189610673659887,
    "y": 0.6024921358669382,
    "z": -0.7316194801419957
  },
  "S5": {
    "x": 0.13558870952059707,
    "y": 0.8067536677427171,
    "z": 0.57512104937501
  },
  "S8": {
    "x": -0.33436547631893404,
    "y": 0.8635055947226342,
    "z": -0.37756829333078545
  },
  "S10": {
    "x": 0.8414981590433205,
    "y": 0.47799631705467793,
    "z": -0.2517942993970799
  },
  "S11": {
    "x": -0.38703628834385345,
    "y": 0.3156914581140616,
    "z": 0.866338164216971
  },
  "S12": {
    "x": -0.36551748240417237,
    "y": 0.36689463094184244,
    "z": -0.8554445042449949
  },
  "S13": {
    "x": 0.7552081298917015,
    "y": 0.4927406212368741,
    "z": 0.43228157574499815
  },
  "S15": {
    "x": -0.8876092918114299,
    "y": 0.3074504090900811,
    "z": 0.3429635418529988
  },
  "S18": {
    "x": 0.135147451546442,
    "y": -0.06567329101201645,
    "z": -0.9886466432392076
  },
  "S22": {
    "x": 0.2783093648969235,
    "y": 0.22152999356752906,
    "z": 0.9345952917496652
  },
  "S23": {
    "x": -0.8715701597192115,
    "y": 0.345935540543157,
    "z": -0.34741050426856945
  },
  "S26": {
    "x": 0.9843438874372502,
    "y": -0.16800099603869958,
    "z": 0.053317694951365784
  },
  "S28": {
    "x": -0.6596769233575159,
    "y": -0.30104822735709696,
    "z": 0.6886191411765372
  },
  "S29": {
    "x": -0.6497147130354182,
    "y": -0.2504364282229486,
    "z": -0.7177411699799842
  },
  "S37": {
    "x": 0.6947163632241238,
    "y": -0.23148744860607276,
    "z": 0.6810159585549357
  },
  "S38": {
    "x": -0.9480322102943946,
    "y": -0.31698780204238425,
    "z": 0.027452897855482203
  },
  "S39": {
    "x": 0.7372185422895059,
    "y": -0.06656141951949533,
    "z": -0.6723677552768913
  },
  "S40": {
    "x": 0.010070976486035355,
    "y": -0.44863984031293547,
    "z": 0.8936559008458466
  },
  "S41": {
    "x": -0.5579578826957773,
    "y": -0.7772772524389808,
    "z": -0.2907285228156226
  },
  "S42": {
    "x": 0.6693957141504917,
    "y": -0.6628271941569368,
    "z": -0.33551376806771316
  },
  "S45": {
    "x": -0.3518731257375817,
    "y": -0.8446857863321257,
    "z": 0.4033500040314153
  },
  "S51": {
    "x": 0.015238566594699,
    "y": -0.6655867715092828,
    "z": -0.7461648850488668
  },
  "S52": {
    "x": 0.470253306074684,
    "y": -0.78867557801805,
    "z": 0.39604628613802745
  },
  "S53": {
    "x": 0.08997829814688535,
    "y": -0.988916436899042,
    "z": -0.11810244152215234
  }
}