{
  "S1": {
    "x": 0.3943852863498633,
    "y": 0.9162700506360301,
    "z": 0.07006739768382388
  },
  "S3": {
    "x": -0.39247063675447996,
    "y": 0.90447184045532,
    "z": 0.1670254145598786
  },
  "S8": {
    "x": 0.02330031258270888,
    "y": 0.8457580340543202,
    "z": -0.5330576359701824
  },
  "S10": {
    "x": 0.25284473276915204,
    "y": 0.6606232421923032,
    "z": 0.7068567556345667
  },
  "S11": {
    "x": -0.7808943669447651,
    "y": 0.5405761642851163,
    "z": -0.31301980493368986
  },
  "S12": {
    "x": 0.8104684993389389,
    "y": 0.49225586462590176,
    "z": -0.3175294873247119
  },
  "S13": {
    "x": -0.43450336290199637,
    "y": 0.4644100237190409,
    "z": 0.7717060045743689
  },
  "S18": {
    "x": -0.34089614353286857,
    "y": 0.34424980457832116,
    "z": -0.8748039159561447
  },
  "S21": {
    "x": 0.8542221135942407,
    "y": 0.2907989190869553,
    "z": 0.43097629784530644
  },
  "S22": {
    "x": -0.9295513826715188,
    "y": 0.19439203424993576,
    "z": 0.3132825625432088
  },
  "S25": {
    "x": 0.42100385698041487,
    "y": 0.2198794616663005,
    "z": -0.8800049856364179
  },
  "S26": {
    "x": 0.25807833291634746,
    "y": 0.011266219060390258,
    "z": 0.9660583038239474
  },
  "S27": {
    "x": -0.8515534129395291,
    "y": -0.18200880750957615,
    "z": -0.4916600236952174
  },
  "S28": {
    "x": 0.9255969188025185,
    "y": -0.20455617963673506,
    "z": -0.31847623659498914
  },
  "S29": {
    "x": -0.502435813402482,
    "y": -0.33231603204395616,
    "z": 0.7982006691660603
  },
  "S35": {
    "x": -0.23861375751580444,
    "y": -0.34922877077716535,
    "z": -0.9061471957610744
  },
  "S37": {
    "x": 0.815673748698808,
    "y": -0.4225870542065725,
    "z": 0.3950905178571679
  },
  "S38": {
    "x": -0.8411733490745974,
    "y": -0.5226563125618566,
    "z": 0.13877238826894975
  },
  "S39": {
    "x": 0.4127689410739886,
    "y": -0.5395811651800032,
    "z": -0.7338078545965887
  },
  "S40": {
    "x": 0.22825614161527905,
    "y": -0.6404621912181685,
    "z": 0.733285289253049
  },
  "S45": {
    "x": -0.3279270189783486,
    "y": -0.8551205948076218,
    "z": -0.40153784200226117
  },
  "S51": {
    "x": 0.43516760377779157,
    "y": -0.8940100742966274,
    "z": -0.10665431861126667
  },
  "S52": {
    "x": -0.22817451112345605,
    "y": -0.9240788772418677,
    "z": 0.30661803780759717
  }
}