{
  "S1": {
    "x": 0.3310595817421427,
    "y": 0.9429772265744482,
    "z": 0.034547119976630056
  },
  "S3": {
    "x": -0.340113438652164,
    "y": 0.895784240529799,
    "z": 0.286170304655553
  },
  "S4": {
    "x": -0.009164688797288514,
    "y": 0.8306866469942538,
    "z": -0.5566648030769442
  },
  "S5": {
    "x": 0.3039202820538953,
    "y": 0.6805599491995332,
    "z": 0.666686296320698
  },
  "S8": {
    "x": -0.6768162599257458,
    "y": 0.6748159029155799,
    "z": -0.2941823371182507
  },
  "S10": {
    "x": 0.7318137633718965,
    "y": 0.5667944221338709,
    "z": -0.37840811140538866
  },
  "S11": {
    "x": -0.34534474320638864,
    "y": 0.3941489799166914,
    "z": 0.8516945402961941
  },
  "S12": {
    "x": -0.36313409066673186,
    "y": 0.29898669085647916,
    "z": -0.882462798584925
  },
  "S13": {
    "x": 0.8596338360959972,
    "y": 0.3560568091263425,
    "z": 0.3664058085151592
  },
  "S18": {
    "x": -0.8717314327843785,
    "y": 0.36022918109283303,
    "z": 0.3321434120750876
  },
  "S22": {
    "x": 0.37913431399443215,
    "y": 0.24868864718981612,
    "z": -0.8912974412118946
  },
  "S23": {
    "x": 0.30296448181308605,
    "y": 0.04833529220451316,
    "z": 0.9517753003136994
  },
  "S26": {
    "x": -0.8713078087867753,
    "y": 0.009950138044629844,
    "z": -0.4906360128446354
  },
  "S28": {
    "x": 0.9743613311185478,
    "y": -0.053368804249310835,
    "z": -0.21856753453770394
  },
  "S29": {
    "x": -0.5804081102722193,
    "y": -0.256274853265614,
    "z": 0.7729486561951703
  },
  "S37": {
    "x": -0.14030278695297516,
    "y": -0.3553127026463399,
    "z": -0.9241580012700111
  },
  "S38": {
    "x": 0.7552139528907483,
    "y": -0.34475309186509734,
    "z": 0.557491875284821
  },
  "S39": {
    "x": -0.9431803134343109,
    "y": -0.30381281220809914,
    "z": 0.1345684639436787
  },
  "S40": {
    "x": 0.5631341889766461,
    "y": -0.40637115468240764,
    "z": -0.7195431674664848
  },
  "S41": {
    "x": 0.03827077557893778,
    "y": -0.5694319878532001,
    "z": 0.8211470994566928
  },
  "S42": {
    "x": -0.60253636621703,
    "y": -0.6556314884027937,
    "z": -0.4550794203221176
  },
  "S45": {
    "x": 0.7264747640666965,
    "y": -0.6840762664202803,
    "z": -0.06537643990557412
  },
  "S51": {
    "x": -0.48355447724885425,
    "y": -0.8382209311357379,
    "z": 0.25211255053750004
  },
  "S52": {
    "x": 0.06424105660404893,
    "y": -0.8988972749805041,
    "z": -0.43342447517303345
  },
  "S53": {
    "x": 0.19984570644477442,
    "y": -0.9407907952166805,
    "z": 0.27381448692710675
  }
}