{
  "S1": {
    "x": -0.02593991520457447,
    "y": 0.9936163658203457,
    "z": -0.10978906308530115
  },
  "S3": {
    "x": -0.3252970850703176,
    "y": 0.929759505407941,
    "z": -0.172421195183005
  },
  "S4": {
    "x": -0.00526122055255038,
    "y": 0.9142657968051925,
    "z": -0.4050806985656857
  },
  "S5": {
    "x": -0.03469598688368175,
    "y": 0.9723658177629492,
    "z": 0.23086988746988757
  },
  "S8": {
    "x": -0.2877040083415621,
    "y": 0.8357918044487977,
    "z": -0.4676306910377258
  },
  "S10": {
    "x": 0.32299397993527823,
    "y": 0.8981942026203241,
    "z": -0.2981980269968416
  },
  "S11": {
    "x": -0.36298876803188945,
    "y": 0.9164941147167924,
    "z": 0.16815972161065798
  },
  "S12": {
    "x": -0.10125815393599098,
    "y": 0.6852868309459288,
    "z": -0.7211995185755194
  },
  "S13": {
    "x": 0.29567726826232865,
    "y": 0.9539644860105329,
    "z": 0.050266414867053494
  },
  "S15": {
    "x": -0.6236320186967873,
    "y": 0.7813495248597804,
    "z": -0.024000526193512613
  },
  "S18": {
    "x": 0.22550633546927432,
    "y": 0.7575093743645844,
    "z": -0.6126389151963783
  },
  "S22": {
    "x": 0.17591774522522663,
    "y": -0.6988116251989216,
    "z": 0.6933363248826029
  },
  "S23": {
    "x": -0.5858343778287053,
    "y": 0.7278370165166549,
    "z": -0.35644264495454026
  },
  "S26": {
    "x": 0.6079644650788498,
    "y": -0.7343104133705417,
    "z": 0.30193944097612085
  },
  "S28": {
    "x": -0.15246788292764749,
    "y": -0.7270744356726191,
    "z": 0.6694149009895909
  },
  "S29": {
    "x": -0.462022900959852,
    "y": 0.5846726856632601,
    "z": -0.6668528245632265
  },
  "S37": {
    "x": 0.506463979780563,
    "y": -0.5877697960825508,
    "z": 0.6308889791380968
  },
  "S38": {
    "x": -0.3717551717227909,
    "y": -0.8365967144726764,
    "z": 0.4023729981383957
  },
  "S39": {
    "x": 0.6003425965575695,
    "y": -0.7964473495439001,
    "z": -0.07252851965269876
  },
  "S40": {
    "x": 0.29490151482265803,
    "y": -0.8519868485817116,
    "z": 0.4326101089885733
  },
  "S41": {
    "x": -0.26352828523132144,
    "y": -0.9590781128582367,
    "z": 0.10354716953795781
  },
  "S42": {
    "x": 0.2612211717373016,
    "y": -0.9461840342979437,
    "z": -0.1910478282416699
  },
  "S45": {
    "x": -0.009469860405850263,
    "y": -0.9154747904606578,
    "z": 0.4022638807734401
  },
  "S51": {
    "x": -0.11740518545400566,
    "y": -0.9654812915548279,
    "z": -0.23251214610452517
  },
  "S52": {
    "x": 0.35434856294938466,
    "y": -0.9236806762012907,
    "z": 0.14577758520442083
  },
  "S53": {
    "x": 0.06238910720657843,
    "y": -0.9920950447653956,
    "z": 0.10888076714422026
  }
}