{
  "S1": {
    "x": 0.2538901336206872,
    "y": 0.9672325908826365,
    "z": -0.000956652775114907
  },
  "S3": {
    "x": -0.3759620972742683,
    "y": 0.8783260816555709,
    "z": 0.2952893423351152
  },
  "S8": {
    "x": 0.014176651559900976,
    "y": 0.7822178168241515,
    "z": -0.6228437280678094
  },
  "S10": {
    "x": 0.3502179292514888,
    "y": 0.6773908068762229,
    "z": 0.6469073324598962
  },
  "S11": {
    "x": -0.6847320913917018,
    "y": 0.6689710212736495,
    "z": -0.2891707725798662
  },
  "S12": {
    "x": 0.7325860794253258,
    "y": 0.5562559171746687,
    "z": -0.3922970696301442
  },
  "S13": {
    "x": -0.3305967388950668,
    "y": 0.42101227592065354,
    "z": 0.8446623347563561
  },
  "S18": {
    "x": -0.37827849127588076,
    "y": 0.26862686853292944,
    "z": -0.885858334351625
  },
  "S21": {
    "x": 0.8745155034402421,
    "y": 0.3790641188546588,
    "z": 0.3025442579848458
  },
  "S22": {
    "x": -0.8979043050296744,
    "y": 0.2791296084087805,
    "z": 0.34037408937628927
  },
  "S23": {
    "x": 0.4361311076585427,
    "y": 0.14915984555309902,
    "z": -0.8874350665863437
  },
  "S25": {
    "x": 0.2594002110954092,
    "y": 0.013076815338282513,
    "z": 0.9656813798475488
  },
  "S26": {
    "x": -0.8871145966297115,
    "y": -0.014358777304829182,
    "z": -0.461325826245198
  },
  "S27": {
    "x": 0.9629953709145566,
    "y": -0.14569044394871508,
    "z": -0.22674701792782614
  },
  "S28": {
    "x": -0.523922077914521,
    "y": -0.2775648286079491,
    "z": 0.8052722658787962
  },
  "S29": {
    "x": -0.09258630390029175,
    "y": -0.3793917884601055,
    "z": -0.9205920090784653
  },
  "S35": {
    "x": 0.7810514520121983,
    "y": -0.27435967526709204,
    "z": 0.5609682681729625
  },
  "S37": {
    "x": -0.8979102271470285,
    "y": -0.4153834516231641,
    "z": 0.14564962101700815
  },
  "S38": {
    "x": 0.5493772057905552,
    "y": -0.5547728601983725,
    "z": -0.6248293841882591
  },
  "S39": {
    "x": 0.1319569916095193,
    "y": -0.6729642027411578,
    "z": 0.7278094078770369
  },
  "S40": {
    "x": -0.558084417981619,
    "y": -0.6721460062755231,
    "z": -0.4865814717536847
  },
  "S45": {
    "x": 0.6060643036429368,
    "y": -0.7864085268623174,
    "z": 0.1193636826176278
  },
  "S51": {
    "x": -0.3716140688599777,
    "y": -0.879842653821562,
    "z": 0.29627670907711
  },
  "S52": {
    "x": 0.049589903525510175,
    "y": -0.9663023973358508,
    "z": -0.25258764493006836
  }
}