{
  "S1": {
    "x": 0.394411322835197,
    "y": 0.9179688954528274,
    "z": 0.042104814457566454
  },
  "S3": {
    "x": -0.32870768571972714,
    "y": 0.9088778710240216,
    "z": 0.2566949023872952
  },
  "S4": {
    "x": -0.012258313967342591,
    "y": 0.8528903612801726,
    "z": -0.5219461326363619
  },
  "S5": {
    "x": 0.25395123598711206,
    "y": 0.6915034163491356,
    "z": 0.6762631107180784
  },
  "S8": {
    "x": -0.6906151715257552,
    "y": 0.6567635623684492,
    "z": -0.30284040021693903
  },
  "S10": {
    "x": 0.7383914716043065,
    "y": 0.5338725242613502,
    "z": -0.4120171871425276
  },
  "S11": {
    "x": -0.36412611442196124,
    "y": 0.38479273041197276,
    "z": 0.8481431055064137
  },
  "S12": {
    "x": -0.36585943509367463,
    "y": 0.3088992860695717,
    "z": -0.8779112169340623
  },
  "S13": {
    "x": 0.8435422159632637,
    "y": 0.36431372806965606,
    "z": 0.3946036459889532
  },
  "S18": {
    "x": -0.8709718523397185,
    "y": 0.36923482569640625,
    "z": 0.32415069940517477
  },
  "S22": {
    "x": 0.33902249175665805,
    "y": 0.2682834320068259,
    "z": -0.9017137850747018
  },
  "S25": {
    "x": 0.3186060306193629,
    "y": 0.0575334647853483,
    "z": 0.9461395762163037
  },
  "S26": {
    "x": -0.8649439361952246,
    "y": -0.01682528681757119,
    "z": -0.5015863803599714
  },
  "S28": {
    "x": 0.9831086243596892,
    "y": -0.049852868091422815,
    "z": -0.17610259581465124
  },
  "S29": {
    "x": -0.5913839710281827,
    "y": -0.2621620115800399,
    "z": 0.7625851286874433
  },
  "S35": {
    "x": -0.1634526058981637,
    "y": -0.3677425903455133,
    "z": -0.9154499619701076
  },
  "S37": {
    "x": 0.7551904406029707,
    "y": -0.3653440673922308,
    "z": 0.5442528004918231
  },
  "S38": {
    "x": -0.9431385119186357,
    "y": -0.30309068649638476,
    "z": 0.13647630964768767
  },
  "S39": {
    "x": 0.5642729887313734,
    "y": -0.36464956981476637,
    "z": -0.7406933815163121
  },
  "S40": {
    "x": 0.035949305858444115,
    "y": -0.550382935561597,
    "z": 0.8341380411244262
  },
  "S41": {
    "x": -0.5975093860631608,
    "y": -0.6811734407578673,
    "z": -0.4230665162507107
  },
  "S42": {
    "x": 0.7206925908731246,
    "y": -0.6833901003299893,
    "z": -0.11653394454643044
  },
  "S45": {
    "x": -0.46169207126325196,
    "y": -0.8450345263686145,
    "z": 0.2697352045573949
  },
  "S51": {
    "x": 0.07421992434256917,
    "y": -0.8961646982909812,
    "z": -0.43747026912422027
  },
  "S52": {
    "x": 0.22744612404584374,
    "y": -0.9300999830661326,
    "z": 0.28841338761732704
  }
}