{
  "S1": {
    "x": 0.02258723336126553,
    "y": 0.9845059292542647,
    "z": 0.1738904602106747
  },
  "S3": {
    "x": -0.16708861901156813,
    "y": 0.8910041969367405,
    "z": 0.4221290258178429
  },
  "S4": {
    "x": -0.2839390196802349,
    "y": 0.95445422418983,
    "z": 0.09162841824028728
  },
  "S5": {
    "x": 0.25779459203009714,
    "y": 0.8760736972858627,
    "z": 0.4074761652464038
  },
  "S8": {
    "x": -0.4668002485764819,
    "y": 0.8176858336346161,
    "z": 0.3368789180138727
  },
  "S10": {
    "x": -0.022893968110621755,
    "y": 0.9829912323424306,
    "z": -0.1822199312974826
  },
  "S11": {
    "x": -0.31494404384743424,
    "y": 0.6702607632048614,
    "z": 0.6719827070342378
  },
  "S12": {
    "x": -0.3466507324829474,
    "y": 0.887450113796761,
    "z": -0.3037524735556107
  },
  "S13": {
    "x": 0.3375542670891531,
    "y": 0.9411922701141445,
    "z": -0.014636510762059728
  },
  "S18": {
    "x": -0.7470871825776786,
    "y": 0.6433394083179326,
    "z": 0.16725772727524085
  },
  "S22": {
    "x": 0.5509379796549397,
    "y": -0.6709784230990419,
    "z": -0.4962411695025478
  },
  "S23": {
    "x": 0.03593625481710172,
    "y": 0.746087927017072,
    "z": 0.6648769741456597
  },
  "S26": {
    "x": -0.5586775535819466,
    "y": 0.8283545675001404,
    "z": -0.041329186120059085
  },
  "S28": {
    "x": 0.7208713289849549,
    "y": -0.6718843489749458,
    "z": -0.17004690132424669
  },
  "S29": {
    "x": -0.6365958292521858,
    "y": 0.5503613910853813,
    "z": 0.5402296635517951
  },
  "S37": {
    "x": 0.27317275118897344,
    "y": -0.6270304686609582,
    "z": -0.7295268599432555
  },
  "S38": {
    "x": 0.545068821001821,
    "y": -0.8276688664151873,
    "z": 0.13365712827486537
  },
  "S39": {
    "x": -0.3025487824055707,
    "y": -0.9060598687900173,
    "z": -0.2958373682162602
  },
  "S40": {
    "x": 0.24301549054503369,
    "y": -0.8566648425668205,
    "z": -0.45504815005131183
  },
  "S41": {
    "x": 0.2080819404540349,
    "y": -0.9377411241828972,
    "z": 0.2781069759518442
  },
  "S42": {
    "x": -0.06816083670840062,
    "y": -0.8034845872074301,
    "z": -0.5914107020162186
  },
  "S45": {
    "x": 0.4462952235018101,
    "y": -0.867490701569998,
    "z": -0.21972814150459252
  },
  "S51": {
    "x": -0.1322602252084497,
    "y": -0.9871202694659752,
    "z": 0.09000448009532937
  },
  "S52": {
    "x": 0.022116520305265033,
    "y": -0.965397173676516,
    "z": -0.2598444853888212
  },
  "S53": {
    "x": 0.22938007058354462,
    "y": -0.9724265534187039,
    "z": -0.042087782375751746
  }
}