{
  "S1": {
    "x": 0.10697964709123435,
    "y": 0.9889350811353963,
    "z": -0.10277529084348015
  },
  "S3": {
    "x": -0.48253019755300725,
    "y": 0.8025050527051102,
    "z": 0.3509276974423992
  },
  "S8": {
    "x": -0.11527725943329586,
    "y": 0.6778181768034,
    "z": -0.7261361254286026
  },
  "S10": {
    "x": 0.49055924787303107,
    "y": 0.6949730783683877,
    "z": 0.5257033808807138
  },
  "S11": {
    "x": -0.750683027346571,
    "y": 0.5747345372364409,
    "z": -0.3258146776334688
  },
  "S12": {
    "x": 0.7870853712595056,
    "y": 0.5971656989313056,
    "z": -0.15456308216767542
  },
  "S13": {
    "x": -0.07320145257836447,
    "y": 0.4809089769607524,
    "z": 0.8737093928870056
  },
  "S18": {
    "x": -0.472303072905345,
    "y": 0.03962404386036147,
    "z": -0.8805451393723781
  },
  "S21": {
    "x": 0.9138969397215233,
    "y": 0.04582292476899669,
    "z": 0.4033517610389833
  },
  "S22": {
    "x": -0.9277446785568831,
    "y": 0.1792294564294964,
    "z": 0.3273631215597942
  },
  "S23": {
    "x": 0.52559414907086,
    "y": 0.3531211180269874,
    "z": -0.7739872521339412
  },
  "S25": {
    "x": 0.379614693571167,
    "y": -0.11569870597244046,
    "z": 0.9178815249590613
  },
  "S26": {
    "x": -0.9161901151934277,
    "y": -0.223966674440292,
    "z": -0.33231701966948657
  },
  "S27": {
    "x": 0.9270918677645067,
    "y": -0.17860230267703409,
    "z": -0.3295480028817948
  },
  "S28": {
    "x": -0.5098667167197636,
    "y": -0.136255107607117,
    "z": 0.8493941822454292
  },
  "S29": {
    "x": 0.23698692374238547,
    "y": -0.26777338444854243,
    "z": -0.9338814767175189
  },
  "S35": {
    "x": 0.6597331032738383,
    "y": -0.6743696094086993,
    "z": 0.33162910359410464
  },
  "S37": {
    "x": -0.7241022591564433,
    "y": -0.6404434636847525,
    "z": 0.25594547878017326
  },
  "S38": {
    "x": 0.4824505836729627,
    "y": -0.7601199569723954,
    "z": -0.43526898043152734
  },
  "S39": {
    "x": -0.029176830010655328,
    "y": -0.707995356116272,
    "z": 0.7056141213923675
  },
  "S51": {
    "x": -0.36807339889099183,
    "y": -0.7222724439778234,
    "z": -0.5855292389788357
  },
  "S52": {
    "x": -0.06279943699981233,
    "y": -0.9975376663954325,
    "z": 0.031222345121106564
  }
}