{
  "S1": {
    "x": 0.08601191790356266,
    "y": 0.9872342337858863,
    "z": -0.1340541592780498
  },
  "S3": {
    "x": -0.44670902046100797,
    "y": 0.8116953010363936,
    "z": 0.3763001319614503
  },
  "S8": {
    "x": 0.0007030046569019019,
    "y": 0.6344550006579056,
    "z": -0.7729594801311576
  },
  "S10": {
    "x": 0.42182246739533547,
    "y": 0.7281844998821572,
    "z": 0.5401973159243612
  },
  "S11": {
    "x": -0.6998188251518451,
    "y": 0.638998715251278,
    "z": -0.31927144230310894
  },
  "S12": {
    "x": 0.7599109136061121,
    "y": 0.6223599913886378,
    "z": -0.18762580979454396
  },
  "S13": {
    "x": -0.1317206126340779,
    "y": 0.41185027493667004,
    "z": 0.90168122484717
  },
  "S15": {
    "x": -0.5542067266339767,
    "y": 0.10180864852485973,
    "z": -0.826129471232684
  },
  "S18": {
    "x": 0.8957304962938878,
    "y": 0.14686791420886527,
    "z": 0.41963876582728016
  },
  "S22": {
    "x": -0.9261496673988182,
    "y": 0.20632099860095618,
    "z": 0.31571892422432124
  },
  "S23": {
    "x": 0.6143166806851522,
    "y": 0.18735897652951441,
    "z": -0.7664930722099121
  },
  "S26": {
    "x": 0.3930979587225278,
    "y": -0.11831485819836286,
    "z": 0.911852833069944
  },
  "S28": {
    "x": -0.9335786191982236,
    "y": -0.2154141869913161,
    "z": -0.28640476570547535
  },
  "S29": {
    "x": 0.9435930474636333,
    "y": -0.2146775899679344,
    "z": -0.2520827109181687
  },
  "S37": {
    "x": -0.5641586665735672,
    "y": -0.17112404084371938,
    "z": 0.8077385477834097
  },
  "S38": {
    "x": 0.0784223709346029,
    "y": -0.22417128139316603,
    "z": -0.9713892980342852
  },
  "S39": {
    "x": 0.6943501535936275,
    "y": -0.6341270376634239,
    "z": 0.3402363359618081
  },
  "S40": {
    "x": -0.6778979592596802,
    "y": -0.7002963091544009,
    "z": 0.22369496242938683
  },
  "S41": {
    "x": 0.45505575922060776,
    "y": -0.7294233018974176,
    "z": -0.5107503329898326
  },
  "S45": {
    "x": -0.024187622592230187,
    "y": -0.6962896791334957,
    "z": 0.7173532195825914
  },
  "S51": {
    "x": -0.38944005021674377,
    "y": -0.7094764553943717,
    "z": -0.5873496458909448
  },
  "S53": {
    "x": 0.02616668739886745,
    "y": -0.9991394227692016,
    "z": 0.0321825781906325
  }
}