{
  "S1": {
    "x": 0.4390214163622316,
    "y": 0.8980716961640673,
    "z": -0.026970808743811574
  },
  "S3": {
    "x": -0.1923712656436501,
    "y": 0.9362455854435145,
    "z": 0.2940025508259937
  },
  "S4": {
    "x": -0.028530873372489593,
    "y": 0.8550812966808033,
    "z": -0.5177083786566323
  },
  "S5": {
    "x": 0.3879490345053997,
    "y": 0.5752877838818384,
    "z": 0.7200968770538108
  },
  "S8": {
    "x": -0.6491945721543767,
    "y": 0.6831600229236509,
    "z": -0.33442307122005294
  },
  "S10": {
    "x": 0.7601860688559443,
    "y": 0.40419110435481487,
    "z": -0.5086714970172601
  },
  "S11": {
    "x": -0.29360387638470625,
    "y": 0.4147476775740694,
    "z": 0.8612671639617929
  },
  "S12": {
    "x": -0.5804628173741888,
    "y": 0.1659918775153723,
    "z": -0.7971885688122607
  },
  "S13": {
    "x": 0.8783194566505291,
    "y": 0.4247004661716213,
    "z": 0.21950955811245926
  },
  "S18": {
    "x": -0.7859404431007181,
    "y": 0.5344715502311139,
    "z": 0.31086618003925187
  },
  "S22": {
    "x": 0.19046816547820755,
    "y": 0.3612973535680086,
    "z": -0.9127902827287983
  },
  "S23": {
    "x": 0.15131453829321134,
    "y": -0.10809210549279795,
    "z": 0.9825578900152633
  },
  "S26": {
    "x": -0.9827330274579041,
    "y": 0.004953702749545641,
    "z": -0.18496285457488781
  },
  "S28": {
    "x": 0.9704661056233918,
    "y": -0.21341403393489716,
    "z": -0.11247216524901811
  },
  "S29": {
    "x": -0.7702949618597356,
    "y": -0.06929218101632674,
    "z": 0.6339118750926737
  },
  "S37": {
    "x": -0.05642453800776331,
    "y": -0.26706344835921886,
    "z": -0.9620256680884837
  },
  "S38": {
    "x": 0.7748302248979061,
    "y": -0.15671236840150465,
    "z": 0.6124372263135638
  },
  "S39": {
    "x": -0.7859976506206758,
    "y": -0.6037148382132431,
    "z": 0.13317690242656802
  },
  "S40": {
    "x": 0.6207908212396832,
    "y": -0.3132783626157319,
    "z": -0.7186622459691102
  },
  "S41": {
    "x": -0.32549413975409963,
    "y": -0.5953574726066946,
    "z": 0.7345767793751089
  },
  "S42": {
    "x": -0.6090894884759072,
    "y": -0.5753693338779601,
    "z": -0.5458572383517418
  },
  "S45": {
    "x": 0.6058928701876399,
    "y": -0.7936995980583444,
    "z": -0.0541735904090377
  },
  "S51": {
    "x": -0.15749193945312664,
    "y": -0.983998162105451,
    "z": 0.08333010248636115
  },
  "S52": {
    "x": 0.08780414009800984,
    "y": -0.8326208652147037,
    "z": -0.5468390327973739
  },
  "S53": {
    "x": 0.35708915691758797,
    "y": -0.7290394082082046,
    "z": 0.5839425273871713
  }
}