{
  "S1": {
    "x": 0.27501360477007963,
    "y": 0.9614219304212926,
    "z": -0.005948856727247
  },
  "S3": {
    "x": -0.3930827184607088,
    "y": 0.8551113035110358,
    "z": 0.3380393986729896
  },
  "S4": {
    "x": 0.011460503423692571,
    "y": 0.808646125213005,
    "z": -0.5881837306822318
  },
  "S5": {
    "x": 0.2525403912067263,
    "y": 0.7377922146840695,
    "z": 0.6260079861796728
  },
  "S8": {
    "x": -0.6091160902175391,
    "y": 0.7353927353734071,
    "z": -0.2969429463686869
  },
  "S10": {
    "x": 0.7473858070830609,
    "y": 0.5445140567309678,
    "z": -0.3806821474579369
  },
  "S11": {
    "x": -0.29491028502047867,
    "y": 0.3687682775238091,
    "z": 0.88149752199383
  },
  "S12": {
    "x": -0.42617505682613777,
    "y": 0.27926579687589875,
    "z": -0.8604565274518565
  },
  "S13": {
    "x": 0.8283260304815625,
    "y": 0.44895462343727194,
    "z": 0.3351353955059877
  },
  "S15": {
    "x": -0.9021935954833044,
    "y": 0.34618328242418783,
    "z": 0.2573010906290971
  },
  "S18": {
    "x": 0.3434966457763372,
    "y": 0.2877512813040124,
    "z": -0.8939850415126108
  },
  "S22": {
    "x": 0.44155889939175863,
    "y": 0.12937757277571454,
    "z": 0.8878553835116413
  },
  "S23": {
    "x": -0.9049080434978485,
    "y": 0.06767982805404996,
    "z": -0.42019147264963674
  },
  "S26": {
    "x": 0.9917475555038175,
    "y": -0.07428401970597365,
    "z": -0.10449244263833082
  },
  "S28": {
    "x": -0.6988394617486205,
    "y": -0.1280214310249688,
    "z": 0.7037285839734078
  },
  "S29": {
    "x": -0.07596006091492648,
    "y": -0.2933898335859726,
    "z": -0.9529703430297273
  },
  "S37": {
    "x": 0.7743029878107633,
    "y": -0.339356778025974,
    "z": 0.5341271948470278
  },
  "S38": {
    "x": -0.8981089788211246,
    "y": -0.43509593959164455,
    "z": 0.06396706583657749
  },
  "S39": {
    "x": 0.6741702407843784,
    "y": -0.26952697905306344,
    "z": -0.687640672156078
  },
  "S40": {
    "x": -0.0035262246852433366,
    "y": -0.3679952802011048,
    "z": 0.9298209717408935
  },
  "S41": {
    "x": -0.5923319904713638,
    "y": -0.5668579591772785,
    "z": -0.5725511917563382
  },
  "S42": {
    "x": 0.6728403787182008,
    "y": -0.7339861378969622,
    "z": -0.0924671516888545
  },
  "S45": {
    "x": -0.4384923721007393,
    "y": -0.7418301871714588,
    "z": 0.507358268889574
  },
  "S51": {
    "x": 0.18156186412041433,
    "y": -0.8011055992876,
    "z": -0.5703201805014229
  },
  "S52": {
    "x": 0.27361812307972283,
    "y": -0.8486760522779194,
    "z": 0.4526390184377568
  },
  "S53": {
    "x": -0.23683446725924154,
    "y": -0.9677237038880481,
    "z": -0.08614097777033163
  }
}