{
  "S1": {
    "x": 0.19743363952586662,
    "y": 0.9802172388478299,
    "z": -0.013932790427856463
  },
  "S3": {
    "x": -0.394740520264944,
    "y": 0.8500665530610251,
    "z": 0.3486642755257681
  },
  "S4": {
    "x": 0.010376453189891456,
    "y": 0.7969286540976404,
    "z": -0.6039843122940539
  },
  "S5": {
    "x": 0.32676942814986637,
    "y": 0.7399577154846563,
    "z": 0.5879492496137215
  },
  "S8": {
    "x": -0.6433028907403732,
    "y": 0.7160117705762922,
    "z": -0.27108768906256653
  },
  "S10": {
    "x": 0.7225897220818474,
    "y": 0.5980189738425135,
    "z": -0.3467526502653233
  },
  "S11": {
    "x": -0.26828754561064466,
    "y": 0.4109686180541538,
    "z": 0.8712787084767281
  },
  "S12": {
    "x": -0.407239654857019,
    "y": 0.3176491025454693,
    "z": -0.856303048671435
  },
  "S13": {
    "x": 0.8533514086292596,
    "y": 0.39703532087127996,
    "z": 0.3378673221415442
  },
  "S18": {
    "x": -0.9045136248514378,
    "y": 0.3217744796911309,
    "z": 0.27985047199819846
  },
  "S22": {
    "x": 0.3922731334286887,
    "y": 0.2701602630408269,
    "z": -0.8792810819435098
  },
  "S25": {
    "x": 0.39309815398637277,
    "y": 0.12063161390940619,
    "z": 0.9115491512025656
  },
  "S26": {
    "x": -0.8863661112663963,
    "y": 0.0497391648193156,
    "z": -0.4603054771361767
  },
  "S28": {
    "x": 0.9846060290039351,
    "y": -0.050439905612840945,
    "z": -0.16735227387421348
  },
  "S29": {
    "x": -0.6543530463401325,
    "y": -0.12344226915778003,
    "z": 0.7460456399782566
  },
  "S36": {
    "x": -0.11072709606619312,
    "y": -0.2687003305528136,
    "z": -0.9568383575910598
  },
  "S37": {
    "x": 0.7769551157932926,
    "y": -0.3194794575016856,
    "z": 0.5424699293758686
  },
  "S38": {
    "x": -0.9179310748107296,
    "y": -0.39200188589517254,
    "z": 0.061131525021437975
  },
  "S39": {
    "x": 0.6469233057707288,
    "y": -0.3177864978145655,
    "z": -0.6931824999647821
  },
  "S40": {
    "x": -0.012703392766164067,
    "y": -0.4126280306758357,
    "z": 0.9108110298589989
  },
  "S41": {
    "x": -0.5825053046257309,
    "y": -0.6039588115904982,
    "z": -0.5439865108484561
  },
  "S42": {
    "x": 0.6952205333131897,
    "y": -0.7158681614743848,
    "z": -0.06481655226104104
  },
  "S45": {
    "x": -0.49149168081695266,
    "y": -0.7422236000953699,
    "z": 0.4555656430737455
  },
  "S51": {
    "x": 0.16818632614746562,
    "y": -0.7950456354625383,
    "z": -0.5827656452031013
  },
  "S52": {
    "x": 0.2741194812103641,
    "y": -0.8467537394311497,
    "z": 0.45592391336748855
  },
  "S53": {
    "x": -0.17260833115488383,
    "y": -0.9826243651939887,
    "z": -0.068232843580176
  }
}