{
  "S1": {
    "x": 0.36842819848532715,
    "y": 0.9008254676514622,
    "z": 0.22972622704293227
  },
  "S3": {
    "x": -0.3928923391313152,
    "y": 0.9194941185461217,
    "z": -0.012890919711727435
  },
  "S8": {
    "x": 0.03228173518743623,
    "y": 0.7917507858391628,
    "z": -0.6099906414826024
  },
  "S10": {
    "x": 0.2794373415580564,
    "y": 0.3920723146237839,
    "z": 0.8764668118351743
  },
  "S11": {
    "x": -0.8456019049892444,
    "y": 0.427431341633776,
    "z": -0.31978096639373504
  },
  "S12": {
    "x": 0.7438983020214515,
    "y": 0.563020834644092,
    "z": -0.3600317430536801
  },
  "S13": {
    "x": -0.38385431239637013,
    "y": 0.6422100471385599,
    "z": 0.6634923678603986
  },
  "S18": {
    "x": -0.39140045802597506,
    "y": 0.19112358785714825,
    "z": -0.9001541288144315
  },
  "S22": {
    "x": 0.8816678145419193,
    "y": 0.28956561824466587,
    "z": 0.3725769954404861
  },
  "S23": {
    "x": -0.9095916173071478,
    "y": 0.16898268967679886,
    "z": 0.3795891730728921
  },
  "S25": {
    "x": 0.379095595886607,
    "y": 0.07844037696727975,
    "z": -0.9220269174165197
  },
  "S26": {
    "x": 0.3249808127268453,
    "y": -0.33914603580947983,
    "z": 0.8828178961451303
  },
  "S27": {
    "x": -0.8262178192500053,
    "y": -0.32871168460198974,
    "z": -0.4575070967317205
  },
  "S28": {
    "x": 0.8801443893443961,
    "y": -0.18893838479276803,
    "z": -0.4354860969738069
  },
  "S29": {
    "x": -0.4199806069829286,
    "y": -0.2673056203333793,
    "z": 0.867273887014038
  },
  "S35": {
    "x": -0.08790593142293278,
    "y": -0.5493652440768492,
    "z": -0.830945471027462
  },
  "S37": {
    "x": 0.8351721953580712,
    "y": -0.45394881165735984,
    "z": 0.31051228718949386
  },
  "S38": {
    "x": -0.7632051920355082,
    "y": -0.5814077731682968,
    "z": 0.28192700500222634
  },
  "S39": {
    "x": 0.46735377493497876,
    "y": -0.8141721595879499,
    "z": -0.3445346769280545
  },
  "S51": {
    "x": 0.13101814014279015,
    "y": -0.9147468722805039,
    "z": 0.3821942001215605
  },
  "S52": {
    "x": -0.32149664059061367,
    "y": -0.9261981580359313,
    "z": -0.1969692416084236
  }
}