{
  "S1": {
    "x": 0.3402501507566038,
    "y": 0.9395550409814815,
    "z": 0.03829046717389324
  },
  "S3": {
    "x": -0.3443642130996508,
    "y": 0.9002530805159973,
    "z": 0.2663788275327366
  },
  "S8": {
    "x": -0.016955833701708296,
    "y": 0.8379057371685101,
    "z": -0.5455515331511548
  },
  "S10": {
    "x": 0.29851686196344007,
    "y": 0.6834594961343285,
    "z": 0.6661612419432026
  },
  "S11": {
    "x": -0.6943275429488611,
    "y": 0.6551216343195673,
    "z": -0.2978672646482938
  },
  "S12": {
    "x": 0.7326202540866813,
    "y": 0.5660144168308062,
    "z": -0.37801487172021253
  },
  "S13": {
    "x": -0.34517803815621867,
    "y": 0.41087407771060314,
    "z": 0.8438214350442191
  },
  "S18": {
    "x": -0.3556542237602942,
    "y": 0.30859675584358903,
    "z": -0.8822007228540878
  },
  "S21": {
    "x": 0.8564274354170726,
    "y": 0.3503663596492089,
    "z": 0.37917734886342713
  },
  "S22": {
    "x": -0.8724914415962873,
    "y": 0.3560819927590031,
    "z": 0.33461066745399737
  },
  "S25": {
    "x": 0.3756128150498451,
    "y": 0.255837938214135,
    "z": -0.8907648188723392
  },
  "S26": {
    "x": 0.29871707327709357,
    "y": 0.04987777449920069,
    "z": 0.9530374167595804
  },
  "S27": {
    "x": -0.8617308234639474,
    "y": -0.014938038079600799,
    "z": -0.5071457807282631
  },
  "S28": {
    "x": 0.9767334340957421,
    "y": -0.049178280768048095,
    "z": -0.20874217451257315
  },
  "S29": {
    "x": -0.5734570263221772,
    "y": -0.2489685893164628,
    "z": 0.7804881040063943
  },
  "S35": {
    "x": -0.15665703659587768,
    "y": -0.35487529493118797,
    "z": -0.9216952305032832
  },
  "S37": {
    "x": 0.7514039265008836,
    "y": -0.35353110239059504,
    "z": 0.5571426198753291
  },
  "S38": {
    "x": -0.9447698587471628,
    "y": -0.29971595753870994,
    "z": 0.1325905682902084
  },
  "S39": {
    "x": 0.566081347983988,
    "y": -0.39128662949438986,
    "z": -0.7255664552910028
  },
  "S40": {
    "x": 0.049911247683256846,
    "y": -0.5742798351675196,
    "z": 0.817136180984949
  },
  "S41": {
    "x": -0.5920827971233816,
    "y": -0.680819093428411,
    "z": -0.43118826905873614
  },
  "S42": {
    "x": 0.7281210611220897,
    "y": -0.6819482626828626,
    "z": -0.06918299917080509
  },
  "S45": {
    "x": -0.4880973921235737,
    "y": -0.8267189279276014,
    "z": 0.27981556427118864
  },
  "S51": {
    "x": 0.08114219596555948,
    "y": -0.8886797141063929,
    "z": -0.45129182329138945
  },
  "S52": {
    "x": 0.18893497115439442,
    "y": -0.9483214213509199,
    "z": 0.25493147801293436
  }
}