{
  "S1": {
    "x": 0.2493530314313007,
    "y": 0.9679235377623238,
    "z": -0.030774839750813212
  },
  "S3": {
    "x": -0.4278982151738423,
    "y": 0.8242277065773559,
    "z": 0.3708797718415935
  },
  "S4": {
    "x": 0.01578446992571882,
    "y": 0.7891399745459198,
    "z": -0.6140105463938131
  },
  "S5": {
    "x": 0.20309982950555275,
    "y": 0.7489876882001272,
    "z": 0.63068843510837
  },
  "S8": {
    "x": -0.5880100292485639,
    "y": 0.7535834664942815,
    "z": -0.29386419402432307
  },
  "S10": {
    "x": 0.7630930825074941,
    "y": 0.5094938991168394,
    "z": -0.3976240865339153
  },
  "S11": {
    "x": -0.2803908709516452,
    "y": 0.30505637883243847,
    "z": 0.9101217309902107
  },
  "S12": {
    "x": -0.44262530602449485,
    "y": 0.258463942044423,
    "z": -0.8586496544747336
  },
  "S13": {
    "x": 0.7954358785563409,
    "y": 0.5266970176786311,
    "z": 0.29978661523446615
  },
  "S18": {
    "x": -0.9057241361130587,
    "y": 0.3327096512776308,
    "z": 0.2626177397072996
  },
  "S22": {
    "x": 0.3454168588949741,
    "y": 0.28641705478354673,
    "z": -0.8936735781706027
  },
  "S25": {
    "x": 0.4998589199884026,
    "y": 0.17453862334418607,
    "z": 0.848337980447147
  },
  "S26": {
    "x": -0.9169630244624944,
    "y": 0.0965907732420249,
    "z": -0.38710338966883584
  },
  "S28": {
    "x": 0.9963784009175276,
    "y": -0.07362186518752238,
    "z": -0.04254295654207472
  },
  "S29": {
    "x": -0.7176520224502,
    "y": -0.15448200013752172,
    "z": 0.6790514607205028
  },
  "S36": {
    "x": -0.03084980115324842,
    "y": -0.28569427487457705,
    "z": -0.957824133686709
  },
  "S37": {
    "x": 0.7475865011688705,
    "y": -0.37671233507045854,
    "z": 0.5469938206925641
  },
  "S38": {
    "x": -0.8818141066080476,
    "y": -0.4695604396416513,
    "z": 0.04378213003714901
  },
  "S39": {
    "x": 0.6836654258044385,
    "y": -0.27819911084595866,
    "z": -0.6746901809602343
  },
  "S40": {
    "x": 0.05932238291794326,
    "y": -0.3455279582172194,
    "z": 0.9365315184099126
  },
  "S41": {
    "x": -0.5981568571760608,
    "y": -0.5166337205494199,
    "z": -0.6126156813243694
  },
  "S42": {
    "x": 0.6717701314339045,
    "y": -0.729835584058576,
    "z": -0.1267474289883314
  },
  "S45": {
    "x": -0.3947003819504108,
    "y": -0.7263919563405558,
    "z": 0.5626422791187485
  },
  "S51": {
    "x": 0.12323232891748526,
    "y": -0.81418875512029,
    "z": -0.5673715397737581
  },
  "S52": {
    "x": 0.2703103313409895,
    "y": -0.8723922610905505,
    "z": 0.4072641250584704
  },
  "S53": {
    "x": -0.29041799028776916,
    "y": -0.9539582490593248,
    "z": -0.07497366183454296
  }
}