{
  "S1": {
    "x": 0.3689689022706588,
    "y": 0.9021335257883525,
    "z": 0.2236449212610498
  },
  "S3": {
    "x": -0.3926275731067783,
    "y": 0.9196940060993566,
    "z": 0.0025542085267813075
  },
  "S8": {
    "x": 0.02477216914634211,
    "y": 0.7936289273849888,
    "z": -0.60789757793031
  },
  "S10": {
    "x": 0.28779392262451503,
    "y": 0.40255196725220066,
    "z": 0.8689801906613165
  },
  "S11": {
    "x": -0.8379068852992566,
    "y": 0.43556733699451544,
    "z": -0.3289272662939403
  },
  "S12": {
    "x": 0.7428742180423265,
    "y": 0.5626492571146314,
    "z": -0.3627171206827097
  },
  "S13": {
    "x": -0.3923934891075918,
    "y": 0.6260093562648293,
    "z": 0.6738988318545035
  },
  "S18": {
    "x": -0.39057921743123225,
    "y": 0.18395373271671403,
    "z": -0.9020027157001212
  },
  "S22": {
    "x": 0.8856751528413961,
    "y": 0.28562513651645555,
    "z": 0.36605710624071464
  },
  "S23": {
    "x": -0.9171323933759289,
    "y": 0.16312574270182484,
    "z": 0.3636731569534909
  },
  "S25": {
    "x": 0.38193315786251364,
    "y": 0.08532195904943825,
    "z": -0.9202430256346061
  },
  "S26": {
    "x": 0.3245002290838939,
    "y": -0.3337979485625394,
    "z": 0.8850302429069533
  },
  "S27": {
    "x": -0.830744712576636,
    "y": -0.3281776320136825,
    "z": -0.4496250264073993
  },
  "S28": {
    "x": 0.8806706690448537,
    "y": -0.19220268258299897,
    "z": -0.43298649111951415
  },
  "S29": {
    "x": -0.41725157764995363,
    "y": -0.25752478289533004,
    "z": 0.871540077760821
  },
  "S35": {
    "x": -0.08067199748863978,
    "y": -0.5456455488253942,
    "z": -0.8341240698290796
  },
  "S37": {
    "x": 0.82849249711353,
    "y": -0.46034204336349127,
    "z": 0.31888145969703724
  },
  "S38": {
    "x": -0.7513969619374167,
    "y": -0.5885246817237018,
    "z": 0.2983978964289726
  },
  "S39": {
    "x": 0.46708023850280195,
    "y": -0.8153771422722123,
    "z": -0.3420470240481068
  },
  "S51": {
    "x": 0.12389945364629469,
    "y": -0.916760293067921,
    "z": 0.3797360799820971
  },
  "S52": {
    "x": -0.3262407545195593,
    "y": -0.9219105658955574,
    "z": -0.20892074712828768
  }
}