{
  "S1": {
    "x": -0.7012140950471454,
    "y": 0.438244528200803,
    "z": -0.5623526708474573
  },
  "S2": {
    "x": -0.12511650646376485,
    "y": 0.8434145342597228,
    "z": 0.5224918977455606
  },
  "S3": {
    "x": -0.40505554510050956,
    "y": 0.6683197884691269,
    "z": -0.6239220029169597
  },
  "S4": {
    "x": 0.04083933953435373,
    "y": 0.9985987929990693,
    "z": -0.03365410773144256
  },
  "S5": {
    "x": -0.36284117014937317,
    "y": 0.9024040974190023,
    "z": -0.23240725076044724
  },
  "S6": {
    "x": 0.5933568682691911,
    "y": 0.8005122010010947,
    "z": -0.08430802409119278
  },
  "S7": {
    "x": 0.34242937897334663,
    "y": 0.6089329941633832,
    "z": 0.7155017323774592
  },
  "S8": {
    "x": 0.1289081134004502,
    "y": 0.546088961373955,
    "z": -0.8277496871428293
  },
  "S9": {
    "x": 0.763400035890229,
    "y": 0.5642216341805429,
    "z": 0.31444289262986164
  },
  "S10": {
    "x": -0.5151367401597199,
    "y": 0.8318216891924092,
    "z": 0.2066562757980125
  },
  "S11": {
    "x": 0.11463493056152066,
    "y": 0.86304157444301,
    "z": -0.4919533244913444
  },
  "S12": {
    "x": 0.3247202898550938,
    "y": 0.8911353936574633,
    "z": 0.31691393709867305
  },
  "S13": {
    "x": -0.9218351236394919,
    "y": 0.25339850151318966,
    "z": -0.293273258677692
  },
  "S14": {
    "x": 0.9247899186627246,
    "y": 0.34356444962504723,
    "z": -0.16348417444397956
  },
  "S15": {
    "x": -0.1818125706341271,
    "y": 0.5039196325461696,
    "z": 0.8443987168950128
  },
  "S16": {
    "x": 0.5336803375151946,
    "y": 0.23620489916819376,
    "z": -0.81202989043422
  },
  "S17": {
    "x": 0.7458483204905377,
    "y": 0.21755116993527177,
    "z": 0.6295885730230807
  },
  "S18": {
    "x": -0.780350851064239,
    "y": 0.620252607120036,
    "z": -0.0796194235354432
  },
  "S19": {
    "x": 0.6262705381131215,
    "y": 0.599962598167386,
    "z": -0.49782536485372136
  },
  "S20": {
    "x": -0.0877120727619642,
    "y": 0.050968523980963645,
    "z": 0.9948410937707599
  },
  "S21": {
    "x": -0.6789616143359064,
    "y": -0.47377533029526414,
    "z": -0.5608458457205449
  },
  "S22": {
    "x": 0.9792153018377375,
    "y": 0.07601038198744217,
    "z": 0.18804205507532543
  },
  "S23": {
    "x": -0.650140917635601,
    "y": 0.4945547289580102,
    "z": 0.5768296172018282
  },
  "S24": {
    "x": 0.8545031327596964,
    "y": 0.04614348847737396,
    "z": -0.5173926696185434
  },
  "S25": {
    "x": 0.34903733405939213,
    "y": 0.19754158316983741,
    "z": 0.9160514518035909
  },
  "S26": {
    "x": -0.9520005220773047,
    "y": 0.20811974154718857,
    "z": 0.22445752191198823
  },
  "S27": {
    "x": 0.8330597239104267,
    "y": -0.3731105604369043,
    "z": -0.408411564587418
  },
  "S28": {
    "x": -0.5610122468503927,
    "y": 0.10151250806258497,
    "z": 0.8215597784645483
  },
  "S29": {
    "x": -0.7013669614332455,
    "y": 0.06513321619498956,
    "z": -0.709818321514733
  },
  "S30": {
    "x": 0.8027429192763423,
    "y": -0.283337258617607,
    "z": 0.524713067714875
  },
  "S31": {
    "x": -0.8737544989140206,
    "y": -0.44695035739733174,
    "z": 0.19180316381620563
  },
  "S32": {
    "x": 0.13822555189773653,
    "y": -0.030196201630829717,
    "z": -0.9899403447731769
  },
  "S33": {
    "x": -0.004263795910320714,
    "y": -0.41359139046602017,
    "z": 0.910452624674573
  },
  "S34": {
    "x": -0.35662920384000646,
    "y": -0.7867831114112048,
    "z": -0.503773705711748
  },
  "S35": {
    "x": 0.9233497160275083,
    "y": -0.3777892080694692,
    "z": 0.06856103979785338
  },
  "S36": {
    "x": -0.8501904457056844,
    "y": -0.12743122549145355,
    "z": 0.510820407580312
  },
  "S37": {
    "x": -0.28495886752694327,
    "y": 0.30681070060357535,
    "z": -0.9081110272499201
  },
  "S38": {
    "x": 0.46956310362847975,
    "y": -0.24695272128981832,
    "z": 0.847658448408522
  },
  "S39": {
    "x": -0.9473131644823164,
    "y": -0.19238646017672936,
    "z": -0.2560961115268401
  },
  "S40": {
    "x": 0.45312639960947937,
    "y": -0.3024696889474624,
    "z": -0.8385633865397272
  },
  "S41": {
    "x": -0.4649700354580572,
    "y": -0.39358242050868525,
    "z": 0.7930294725876571
  },
  "S42": {
    "x": -0.360140507496139,
    "y": -0.19007841809771656,
    "z": -0.9133285333514403
  },
  "S43": {
    "x": 0.59688971308567,
    "y": -0.7381631114442242,
    "z": 0.31438494129886096
  },
  "S44": {
    "x": -0.5255690170355286,
    "y": -0.7093502742645795,
    "z": 0.4696801004226964
  },
  "S45": {
    "x": -0.031116774689431408,
    "y": -0.5517468728834569,
    "z": -0.833430941707982
  },
  "S46": {
    "x": 0.3405250392469668,
    "y": -0.668712948714619,
    "z": 0.660958160451364
  },
  "S47": {
    "x": -0.6524010892414226,
    "y": -0.7526561866221408,
    "z": -0.08877771959237415
  },
  "S48": {
    "x": 0.6402950253009222,
    "y": -0.7529995586721165,
    "z": -0.151703477924829
  },
  "S49": {
    "x": -0.049808362943700425,
    "y": -0.8426910475262218,
    "z": 0.5360885425002362
  },
  "S50": {
    "x": 0.04009724766077839,
    "y": -0.9275456404067868,
    "z": -0.3715525476865878
  },
  "S51": {
    "x": 0.20831003159935943,
    "y": -0.977806795339181,
    "z": 0.02237859967904377
  },
  "S52": {
    "x": -0.26526341522440333,
    "y": -0.9585691411125189,
    "z": 0.10382929379656684
  },
  "S53": {
    "x": 0.4104279801092767,
    "y": -0.6999673967286084,
    "z": -0.5844608769288103
  }
}