{
  "S1": {
    "x": 0.145351575334235,
    "y": 0.9891204356445458,
    "z": -0.022664583344948086
  },
  "S3": {
    "x": -0.4478067343507016,
    "y": 0.81953845777236,
    "z": 0.3575274044073571
  },
  "S8": {
    "x": 0.06260794659715956,
    "y": 0.7327874954037845,
    "z": -0.6775712003935349
  },
  "S10": {
    "x": 0.42211884915166575,
    "y": 0.6885642050331627,
    "z": 0.5896566905733556
  },
  "S11": {
    "x": -0.7132960247460945,
    "y": 0.6377838158915674,
    "z": -0.29058662265873464
  },
  "S12": {
    "x": 0.7618635251594301,
    "y": 0.575034465912974,
    "z": -0.29815991018885657
  },
  "S13": {
    "x": -0.22119066495381598,
    "y": 0.39699718827015607,
    "z": 0.8907681641386151
  },
  "S15": {
    "x": -0.43432346373419123,
    "y": 0.24582948612026626,
    "z": -0.8665627459127127
  },
  "S18": {
    "x": 0.9027475706734313,
    "y": 0.19466137946864048,
    "z": 0.3836062707863158
  },
  "S22": {
    "x": -0.9371080186093398,
    "y": 0.16744809485585704,
    "z": 0.3062510358957521
  },
  "S23": {
    "x": 0.4880685927621156,
    "y": 0.09221148717990024,
    "z": -0.8679205553455219
  },
  "S26": {
    "x": 0.363875858973495,
    "y": -0.09111376274699763,
    "z": 0.9269803889481077
  },
  "S28": {
    "x": -0.8890317149859616,
    "y": -0.1722114420140916,
    "z": -0.4242237958773024
  },
  "S29": {
    "x": 0.944932494560148,
    "y": -0.19667746763220506,
    "z": -0.26157322961289214
  },
  "S37": {
    "x": -0.5434045026189749,
    "y": -0.24135147434291315,
    "z": 0.8040279922775864
  },
  "S38": {
    "x": -0.09557289893606245,
    "y": -0.383663622318745,
    "z": -0.9185140422977847
  },
  "S39": {
    "x": 0.7155831017713511,
    "y": -0.575191922239328,
    "z": 0.3963522133783524
  },
  "S40": {
    "x": -0.7381551581993935,
    "y": -0.6457520401328187,
    "z": 0.1952722844848467
  },
  "S41": {
    "x": 0.49391895730744373,
    "y": -0.6939123989439219,
    "z": -0.5239557674119245
  },
  "S45": {
    "x": -0.02488209610462619,
    "y": -0.7308777783422699,
    "z": 0.6820546564747637
  },
  "S51": {
    "x": -0.3939630124983138,
    "y": -0.8136352991483424,
    "z": -0.4275403428485325
  },
  "S53": {
    "x": 0.13222206525064115,
    "y": -0.9902914779124388,
    "z": 0.042896552715259655
  }
}