{
  "S1": {
    "x": 0.3943852863498635,
    "y": 0.9162700506360301,
    "z": 0.07006739768382374
  },
  "S3": {
    "x": -0.3924706367544799,
    "y": 0.90447184045532,
    "z": 0.16702541455987852
  },
  "S8": {
    "x": 0.023300312582709044,
    "y": 0.84575803405432,
    "z": -0.5330576359701824
  },
  "S10": {
    "x": 0.2528447327691525,
    "y": 0.6606232421923032,
    "z": 0.7068567556345666
  },
  "S11": {
    "x": -0.7808943669447651,
    "y": 0.5405761642851163,
    "z": -0.31301980493368986
  },
  "S12": {
    "x": 0.8104684993389389,
    "y": 0.4922558646259014,
    "z": -0.3175294873247121
  },
  "S13": {
    "x": -0.4345033629019962,
    "y": 0.4644100237190411,
    "z": 0.7717060045743689
  },
  "S18": {
    "x": -0.3408961435328686,
    "y": 0.3442498045783212,
    "z": -0.8748039159561446
  },
  "S21": {
    "x": 0.8542221135942412,
    "y": 0.29079891908695515,
    "z": 0.43097629784530617
  },
  "S22": {
    "x": -0.9295513826715185,
    "y": 0.1943920342499361,
    "z": 0.313282562543209
  },
  "S25": {
    "x": 0.4210038569804151,
    "y": 0.21987946166630043,
    "z": -0.8800049856364179
  },
  "S26": {
    "x": 0.2580783329163474,
    "y": 0.011266219060390213,
    "z": 0.9660583038239474
  },
  "S27": {
    "x": -0.851553412939529,
    "y": -0.18200880750957604,
    "z": -0.4916600236952176
  },
  "S28": {
    "x": 0.9255969188025188,
    "y": -0.2045561796367354,
    "z": -0.31847623659498886
  },
  "S29": {
    "x": -0.5024358134024821,
    "y": -0.33231603204395593,
    "z": 0.7982006691660604
  },
  "S35": {
    "x": -0.23861375751580402,
    "y": -0.3492287707771651,
    "z": -0.9061471957610747
  },
  "S37": {
    "x": 0.8156737486988076,
    "y": -0.4225870542065728,
    "z": 0.3950905178571683
  },
  "S38": {
    "x": -0.8411733490745978,
    "y": -0.5226563125618564,
    "z": 0.1387723882689497
  },
  "S39": {
    "x": 0.4127689410739887,
    "y": -0.5395811651800033,
    "z": -0.7338078545965887
  },
  "S40": {
    "x": 0.22825614161527863,
    "y": -0.6404621912181686,
    "z": 0.7332852892530491
  },
  "S45": {
    "x": -0.3279270189783487,
    "y": -0.8551205948076217,
    "z": -0.4015378420022613
  },
  "S51": {
    "x": 0.43516760377779135,
    "y": -0.8940100742966275,
    "z": -0.10665431861126652
  },
  "S52": {
    "x": -0.22817451112345655,
    "y": -0.9240788772418675,
    "z": 0.3066180378075973
  }
}