{
  "S1": {
    "x": 0.39251199368807427,
    "y": 0.9184228779680137,
    "z": 0.04933307243588167
  },
  "S3": {
    "x": -0.34515254271811135,
    "y": 0.9238840334207802,
    "z": 0.1652513692692836
  },
  "S8": {
    "x": 0.062375331646254556,
    "y": 0.8151434445335455,
    "z": -0.5758910338215087
  },
  "S10": {
    "x": 0.25168610325103347,
    "y": 0.6500207700576411,
    "z": 0.7170265712816933
  },
  "S11": {
    "x": -0.7908367714149181,
    "y": 0.5628767227781567,
    "z": -0.24030604639199316
  },
  "S12": {
    "x": 0.8030202118672966,
    "y": 0.4700442607417976,
    "z": -0.3663562914381289
  },
  "S13": {
    "x": -0.4479324155140638,
    "y": 0.4683342234857363,
    "z": 0.7615901826072526
  },
  "S15": {
    "x": -0.4172516190260487,
    "y": 0.3888247434791708,
    "z": -0.8214112278746245
  },
  "S18": {
    "x": 0.853684777800987,
    "y": 0.35351555340696317,
    "z": 0.38242522622108555
  },
  "S22": {
    "x": -0.9355101759901104,
    "y": 0.15026883056348,
    "z": 0.319749885347965
  },
  "S23": {
    "x": 0.42666595111345684,
    "y": 0.15353673665797696,
    "z": -0.8912814575973563
  },
  "S26": {
    "x": 0.24710037943149937,
    "y": -0.010652747274391387,
    "z": 0.9689313295896241
  },
  "S28": {
    "x": -0.8597046585232807,
    "y": -0.18915592345756416,
    "z": -0.4744764870194153
  },
  "S29": {
    "x": 0.9284999372174655,
    "y": -0.23940114715049837,
    "z": -0.2838572833840769
  },
  "S37": {
    "x": -0.5066169511325698,
    "y": -0.2996708510163115,
    "z": 0.8084161341019234
  },
  "S38": {
    "x": -0.21686319672678714,
    "y": -0.25529732547692147,
    "z": -0.9422280135454312
  },
  "S39": {
    "x": 0.8122245107742222,
    "y": -0.34203643007730855,
    "z": 0.47254885948179576
  },
  "S40": {
    "x": -0.8115445635803081,
    "y": -0.5612400397454596,
    "z": 0.16249627414116966
  },
  "S41": {
    "x": 0.40131902236237543,
    "y": -0.6015521103743314,
    "z": -0.6907084050410097
  },
  "S42": {
    "x": 0.18160744714708213,
    "y": -0.6754184152742714,
    "z": 0.7147228130185238
  },
  "S45": {
    "x": -0.33252138871693065,
    "y": -0.8132249958417656,
    "z": -0.4775925378226968
  },
  "S51": {
    "x": 0.4881426780237279,
    "y": -0.8716927883798349,
    "z": -0.0432250920000321
  },
  "S53": {
    "x": -0.21898512445935953,
    "y": -0.9519529335164516,
    "z": 0.21408205818083195
  }
}