{
  "S1": {
    "x": 0.39019837867462054,
    "y": 0.9203424346713163,
    "z": 0.0267400116486766
  },
  "S3": {
    "x": -0.32026053441131597,
    "y": 0.9152882044322737,
    "z": 0.2442963219651957
  },
  "S4": {
    "x": 0.036878808386792514,
    "y": 0.8217492942007408,
    "z": -0.5686545972491162
  },
  "S8": {
    "x": 0.25170989232550545,
    "y": 0.652469082004915,
    "z": 0.7147910373900515
  },
  "S10": {
    "x": -0.6758178601490704,
    "y": 0.6586352537271102,
    "z": -0.33086224089695826
  },
  "S11": {
    "x": 0.7633678833756578,
    "y": 0.4639268038950928,
    "z": -0.4494901503462032
  },
  "S12": {
    "x": -0.4522719800506561,
    "y": 0.39838645996719607,
    "z": 0.7979588238598937
  },
  "S13": {
    "x": -0.3511096374852059,
    "y": 0.309562379941116,
    "z": -0.8836815916325289
  },
  "S15": {
    "x": 0.8430383571070929,
    "y": 0.4328255099724793,
    "z": 0.31929360526518064
  },
  "S18": {
    "x": -0.906695402541101,
    "y": 0.3321108220009895,
    "z": 0.260011247681053
  },
  "S22": {
    "x": 0.36649346882410516,
    "y": 0.15416268556475715,
    "z": -0.9175600272945288
  },
  "S23": {
    "x": 0.20661262680237233,
    "y": 0.0033207295158458466,
    "z": 0.9784171887294837
  },
  "S26": {
    "x": -0.8767682693528228,
    "y": -0.05093503954011866,
    "z": -0.47820813836979215
  },
  "S28": {
    "x": 0.971114329752161,
    "y": -0.169879745397802,
    "z": -0.16756440747840445
  },
  "S29": {
    "x": -0.46102209956212653,
    "y": -0.3183142511715856,
    "z": 0.8283324581449174
  },
  "S37": {
    "x": -0.15022579577459552,
    "y": -0.3965780008229243,
    "z": -0.9056258054777273
  },
  "S38": {
    "x": 0.7937876620677603,
    "y": -0.20018929917195602,
    "z": 0.5743042678285094
  },
  "S39": {
    "x": -0.8974657023623809,
    "y": -0.36707000758072655,
    "z": 0.24457089487075911
  },
  "S40": {
    "x": 0.5658469243524188,
    "y": -0.4962678658411156,
    "z": -0.6584340996139345
  },
  "S41": {
    "x": 0.2175919897095341,
    "y": -0.6780699198312711,
    "z": 0.7020505037632688
  },
  "S42": {
    "x": -0.6128528394899767,
    "y": -0.6953826497582649,
    "z": -0.37530569878999587
  },
  "S45": {
    "x": 0.6062552537356456,
    "y": -0.7893126077748139,
    "z": 0.09716056054619616
  },
  "S51": {
    "x": -0.29929912438106837,
    "y": -0.9027667867249265,
    "z": 0.30892096550910375
  },
  "S53": {
    "x": 0.06729982205966875,
    "y": -0.9343219783143625,
    "z": -0.35001882062179585
  }
}