{
  "S1": {
    "x": 0.4213228078069522,
    "y": 0.8904107636106289,
    "z": -0.1722084889545313
  },
  "S3": {
    "x": -0.34955254800838437,
    "y": 0.908326156051947,
    "z": 0.22968807198620575
  },
  "S4": {
    "x": -0.2198399779707368,
    "y": 0.8699780913278157,
    "z": -0.4413711643225425
  },
  "S5": {
    "x": 0.21397760731448032,
    "y": 0.7712685806120997,
    "z": 0.5994650616412661
  },
  "S8": {
    "x": -0.8503516730674958,
    "y": 0.4456555674037001,
    "z": -0.27980912664421176
  },
  "S10": {
    "x": 0.8866286162337184,
    "y": 0.2812170522040426,
    "z": -0.3671602734844148
  },
  "S11": {
    "x": -0.19932531201833414,
    "y": 0.310211273863017,
    "z": 0.9295366510025723
  },
  "S12": {
    "x": -0.3961904469779317,
    "y": 0.3447271444933686,
    "z": -0.8509972535636499
  },
  "S13": {
    "x": 0.7935879090854939,
    "y": 0.5212694391990481,
    "z": 0.3138413648810874
  },
  "S18": {
    "x": -0.7807547653340097,
    "y": 0.4397301720688057,
    "z": 0.4439136990233282
  },
  "S22": {
    "x": 0.3363280679297727,
    "y": 0.4793642330314373,
    "z": -0.8106129549993684
  },
  "S25": {
    "x": 0.5371878480532731,
    "y": 0.09320322045815745,
    "z": 0.8382973074035974
  },
  "S26": {
    "x": -0.7160203169858189,
    "y": -0.25447901670735545,
    "z": -0.6500425645441882
  },
  "S28": {
    "x": 0.9660635325502647,
    "y": -0.17943047483040597,
    "z": 0.18581161368073537
  },
  "S29": {
    "x": -0.6961260114156492,
    "y": -0.19797197047899195,
    "z": 0.6900838174708958
  },
  "S35": {
    "x": -0.029964815980871067,
    "y": -0.22103372496288456,
    "z": -0.9748057253793007
  },
  "S37": {
    "x": 0.5489813528485838,
    "y": -0.6208380426113901,
    "z": 0.5596245161454209
  },
  "S38": {
    "x": -0.9764009566078765,
    "y": -0.21399240468278766,
    "z": 0.02912769598340255
  },
  "S39": {
    "x": 0.6232599354300485,
    "y": -0.24334619611395736,
    "z": -0.7431888600649227
  },
  "S40": {
    "x": -0.0029632118378222624,
    "y": -0.404309177321754,
    "z": 0.9146175750055379
  },
  "S41": {
    "x": -0.5669707390457474,
    "y": -0.7925349330560736,
    "z": -0.22457195050077816
  },
  "S42": {
    "x": 0.6885072206531411,
    "y": -0.6899438112383243,
    "z": -0.22346217676023486
  },
  "S45": {
    "x": -0.429747471758638,
    "y": -0.7781787654430292,
    "z": 0.4579900867165375
  },
  "S51": {
    "x": 0.01653899851292608,
    "y": -0.7949506349372393,
    "z": -0.60644863718296
  },
  "S52": {
    "x": 0.13313149521216328,
    "y": -0.9838414203482573,
    "z": 0.1197166011449424
  }
}