{
  "S1": {
    "x": 0.34576198425633775,
    "y": 0.9374804586335143,
    "z": -0.0397371353196981
  },
  "S3": {
    "x": -0.3360158536885706,
    "y": 0.8801766385635613,
    "z": 0.3352348892894223
  },
  "S4": {
    "x": -0.002344491424356376,
    "y": 0.7917931546867771,
    "z": -0.61078482590117
  },
  "S5": {
    "x": 0.2626583855550183,
    "y": 0.7150323498171417,
    "z": 0.6478729128560693
  },
  "S8": {
    "x": -0.5992314707122061,
    "y": 0.751440610280122,
    "z": -0.2761496944230151
  },
  "S10": {
    "x": 0.7616104534753116,
    "y": 0.47814600820734277,
    "z": -0.4374081754980283
  },
  "S11": {
    "x": -0.3237350020691523,
    "y": 0.3015180186501528,
    "z": 0.8968180043155757
  },
  "S12": {
    "x": -0.45463751834864086,
    "y": 0.20931186767514545,
    "z": -0.8657327930488319
  },
  "S13": {
    "x": 0.8449640144735099,
    "y": 0.4337900517805647,
    "z": 0.31282903513105176
  },
  "S18": {
    "x": -0.8529168085313845,
    "y": 0.3587189450715475,
    "z": 0.3792804189137554
  },
  "S22": {
    "x": 0.3033502052976932,
    "y": 0.25010338651639874,
    "z": -0.9194710158557888
  },
  "S25": {
    "x": 0.4112755255302262,
    "y": 0.10601667861916718,
    "z": 0.905324751652354
  },
  "S26": {
    "x": -0.9270435526333274,
    "y": 0.14788188656931897,
    "z": -0.344559427596573
  },
  "S28": {
    "x": 0.9858162808728402,
    "y": -0.11720902147183754,
    "z": -0.12011788231423302
  },
  "S29": {
    "x": -0.6420738252689278,
    "y": -0.3316963352169052,
    "z": 0.691172007613301
  },
  "S37": {
    "x": -0.03452439354502907,
    "y": -0.38667442679737474,
    "z": -0.9215698312723076
  },
  "S38": {
    "x": 0.7547373293402935,
    "y": -0.36113850703720435,
    "z": 0.5476774072711237
  },
  "S39": {
    "x": -0.9193438604318617,
    "y": -0.38487674625388,
    "z": 0.08171142196332379
  },
  "S40": {
    "x": 0.6365135312148004,
    "y": -0.3555919409099599,
    "z": -0.6844011222524059
  },
  "S41": {
    "x": -0.01414537452418523,
    "y": -0.44284166433136796,
    "z": 0.8964882423723104
  },
  "S42": {
    "x": -0.6303419105094641,
    "y": -0.5288484320949833,
    "z": -0.5683206944375304
  },
  "S45": {
    "x": 0.6476703074235101,
    "y": -0.7593938421007306,
    "z": -0.06200133435198555
  },
  "S51": {
    "x": -0.42298731697144004,
    "y": -0.9026495385969003,
    "z": 0.07940743134055933
  },
  "S52": {
    "x": 0.06229410758352357,
    "y": -0.9017741663823741,
    "z": -0.4276947474610212
  },
  "S53": {
    "x": 0.16939154818227842,
    "y": -0.8860519606555278,
    "z": 0.4315303308261261
  }
}