{
  "S1": {
    "x": 0.26936234562463973,
    "y": 0.9629744441278516,
    "z": -0.011142114532136137
  },
  "S3": {
    "x": -0.1469929182346446,
    "y": 0.9783169058427909,
    "z": 0.14590789468377238
  },
  "S8": {
    "x": -0.015726539019808233,
    "y": 0.9919429336112227,
    "z": -0.12570557835362606
  },
  "S10": {
    "x": 0.12882439700782475,
    "y": 0.9555779974959997,
    "z": 0.2650942576464183
  },
  "S11": {
    "x": -0.3812993366164265,
    "y": 0.9153114253948802,
    "z": -0.12967578971213498
  },
  "S12": {
    "x": 0.5465324049915059,
    "y": 0.8269421401466729,
    "z": -0.13217044731648858
  },
  "S13": {
    "x": -0.1312834324393438,
    "y": 0.8508022497161359,
    "z": 0.5088223582399916
  },
  "S18": {
    "x": -0.1279771379118533,
    "y": 0.8960693502031358,
    "z": -0.4250665498465157
  },
  "S21": {
    "x": 0.48488433718679047,
    "y": 0.8388259673849947,
    "z": 0.2475038908614465
  },
  "S22": {
    "x": -0.42932609300228813,
    "y": 0.8671724092506469,
    "z": 0.25237099378062283
  },
  "S25": {
    "x": 0.24546213266017958,
    "y": 0.898343970450479,
    "z": -0.3643164176717616
  },
  "S26": {
    "x": 0.24979454321234734,
    "y": 0.8091345677239448,
    "z": 0.5318871473306344
  },
  "S27": {
    "x": -0.21094472189617003,
    "y": -0.9677030889265158,
    "z": -0.13803280764451492
  },
  "S28": {
    "x": 0.49202082327410707,
    "y": -0.8688754159331137,
    "z": -0.05450707341005184
  },
  "S29": {
    "x": -0.4695078298195327,
    "y": -0.7956387790424018,
    "z": 0.38278104841027466
  },
  "S35": {
    "x": -0.4051810124909144,
    "y": -0.8209100356001248,
    "z": -0.4024115562056329
  },
  "S37": {
    "x": 0.32711385030178436,
    "y": -0.8936100648238009,
    "z": 0.3073395207036418
  },
  "S38": {
    "x": -0.5646366544566287,
    "y": -0.8231312164236495,
    "z": -0.06033613339408649
  },
  "S39": {
    "x": 0.3230247537184718,
    "y": -0.838055893864602,
    "z": -0.4396786636214266
  },
  "S40": {
    "x": -0.046072633965410344,
    "y": -0.8858690101967902,
    "z": 0.46164207907474
  },
  "S41": {
    "x": -0.029844532659654036,
    "y": -0.9255493574218879,
    "z": -0.3774489248179909
  },
  "S42": {
    "x": 0.17398636662457234,
    "y": -0.9757391671471721,
    "z": -0.13289778750499465
  },
  "S45": {
    "x": -0.27759244697741436,
    "y": -0.948118817770725,
    "z": 0.15496173969768812
  },
  "S51": {
    "x": -0.07230345020886732,
    "y": -0.7424983363514206,
    "z": -0.6659342547153333
  },
  "S52": {
    "x": 0.03869414478490281,
    "y": -0.9905869301526946,
    "z": 0.13130231136589138
  }
}