{
  "S1": {
    "x": 0.09921509801003438,
    "y": 0.9928733964959319,
    "z": -0.06602107888766512
  },
  "S3": {
    "x": -0.47507823817375416,
    "y": 0.7808950279693563,
    "z": 0.4055904620506504
  },
  "S4": {
    "x": 0.06524081347427048,
    "y": 0.6633527338285408,
    "z": -0.745457434585917
  },
  "S5": {
    "x": 0.22097226944510362,
    "y": 0.7454326547861947,
    "z": 0.6288890310020413
  },
  "S8": {
    "x": -0.5696253305214025,
    "y": 0.7519026656786927,
    "z": -0.3319177069299844
  },
  "S10": {
    "x": 0.691520203224502,
    "y": 0.6425692925725707,
    "z": -0.3300068374672403
  },
  "S11": {
    "x": -0.23111675445357635,
    "y": 0.23942299662107328,
    "z": 0.9430067202834935
  },
  "S12": {
    "x": -0.39753604507946394,
    "y": 0.15185285306809412,
    "z": -0.9049341433925776
  },
  "S13": {
    "x": 0.8077981791035866,
    "y": 0.4870514340444459,
    "z": 0.3320286168874284
  },
  "S18": {
    "x": -0.8943125510338392,
    "y": 0.24786188869522957,
    "z": 0.37251784547291206
  },
  "S22": {
    "x": 0.5193420801636811,
    "y": 0.09854002473272304,
    "z": -0.8488661068136334
  },
  "S26": {
    "x": 0.501745634298602,
    "y": 0.0745689228017993,
    "z": 0.8617950999016372
  },
  "S28": {
    "x": -0.9207601268315588,
    "y": 0.1456090487394423,
    "z": -0.3619375550593312
  },
  "S29": {
    "x": 0.9578963860320933,
    "y": -0.04323054804426638,
    "z": -0.2838408591842398
  },
  "S37": {
    "x": -0.5903284933685589,
    "y": -0.3189483255135676,
    "z": 0.7414743660904933
  },
  "S38": {
    "x": 0.062360813266115755,
    "y": -0.42021835307904687,
    "z": -0.9052776727083919
  },
  "S39": {
    "x": 0.8479102795491641,
    "y": -0.373038094432888,
    "z": 0.3766838700246378
  },
  "S40": {
    "x": -0.876013129594558,
    "y": -0.4756086110086978,
    "z": 0.0799840353590964
  },
  "S41": {
    "x": 0.6322843252498327,
    "y": -0.6433250068059678,
    "z": -0.43168213729718463
  },
  "S42": {
    "x": 0.15653056607608593,
    "y": -0.5352176076141881,
    "z": 0.83008451038653
  },
  "S45": {
    "x": -0.626818782557455,
    "y": -0.5092682578439828,
    "z": -0.5896982748709245
  },
  "S51": {
    "x": 0.3541677407410006,
    "y": -0.9149061110388191,
    "z": 0.19368019878717405
  },
  "S52": {
    "x": -0.33829440973734587,
    "y": -0.8792093147689148,
    "z": 0.33548155413380915
  },
  "S53": {
    "x": -0.10076343994395931,
    "y": -0.9221077304420442,
    "z": -0.37358273866666075
  }
}