{
  "S1": {
    "x": 0.44584596015920336,
    "y": 0.8940124096999943,
    "z": 0.04430791252279441
  },
  "S3": {
    "x": -0.31253568152771993,
    "y": 0.9292523335144853,
    "z": 0.1970064679899812
  },
  "S4": {
    "x": -0.0089885282595664,
    "y": 0.8685859893118074,
    "z": -0.495456946193063
  },
  "S8": {
    "x": 0.24067140281089527,
    "y": 0.6867596340252883,
    "z": 0.6858851805823536
  },
  "S10": {
    "x": -0.7430869450352253,
    "y": 0.5906591627691546,
    "z": -0.31455292965581655
  },
  "S11": {
    "x": 0.7475789455586808,
    "y": 0.5036577927720493,
    "z": -0.4329602151899855
  },
  "S12": {
    "x": -0.3958277519085815,
    "y": 0.4475255219816221,
    "z": 0.8018985584187535
  },
  "S13": {
    "x": -0.3429660497622412,
    "y": 0.3763965409220121,
    "z": -0.8606392581636211
  },
  "S15": {
    "x": 0.8292447197871559,
    "y": 0.37850187010779157,
    "z": 0.41120497203952433
  },
  "S18": {
    "x": -0.8680954017204913,
    "y": 0.3782747165104418,
    "z": 0.321432127144571
  },
  "S22": {
    "x": 0.3389078080343356,
    "y": 0.25716986959626376,
    "z": -0.9049890363011049
  },
  "S23": {
    "x": 0.24303166972604148,
    "y": 0.03708411375818641,
    "z": 0.9693092262105744
  },
  "S26": {
    "x": -0.8272389428337334,
    "y": -0.09759087814129411,
    "z": -0.5533098155309901
  },
  "S28": {
    "x": 0.9862306227186866,
    "y": -0.06923249841244067,
    "z": -0.15018661716505577
  },
  "S29": {
    "x": -0.4939625194931158,
    "y": -0.22543879824509067,
    "z": 0.839748996773335
  },
  "S37": {
    "x": -0.14460649217169363,
    "y": -0.3214309495654416,
    "z": -0.9358264299982431
  },
  "S38": {
    "x": 0.7710968710760489,
    "y": -0.3037966415670288,
    "z": 0.5595687768177576
  },
  "S39": {
    "x": -0.95307228729218,
    "y": -0.26208851051342635,
    "z": 0.15153490638300438
  },
  "S40": {
    "x": 0.6081826771803528,
    "y": -0.3654839995758978,
    "z": -0.704652593291009
  },
  "S41": {
    "x": 0.15471782634837286,
    "y": -0.63595140319658,
    "z": 0.7560609809944803
  },
  "S42": {
    "x": -0.5900483760294105,
    "y": -0.7290509488527152,
    "z": -0.3468827293510173
  },
  "S45": {
    "x": 0.7021190567048666,
    "y": -0.7112574514918538,
    "z": -0.03378857660779929
  },
  "S51": {
    "x": -0.4892549718294148,
    "y": -0.7803740233973091,
    "z": 0.3894174574244136
  },
  "S52": {
    "x": 0.08281978691219126,
    "y": -0.8405475514480854,
    "z": -0.5353696822294362
  },
  "S53": {
    "x": 0.11323056481185399,
    "y": -0.9842488692837142,
    "z": 0.1357681940150872
  }
}