{
  "S1": {
    "x": 0.3988990010488757,
    "y": 0.916921357274105,
    "z": -0.011610837042270346
  },
  "S3": {
    "x": -0.2896706387426608,
    "y": 0.912856096797448,
    "z": 0.2877232482614977
  },
  "S4": {
    "x": -0.02646986318114073,
    "y": 0.8316153701367361,
    "z": -0.5547208509651598
  },
  "S5": {
    "x": 0.2969730021452668,
    "y": 0.6685281197767521,
    "z": 0.6818190295559284
  },
  "S8": {
    "x": -0.6468751133073449,
    "y": 0.7060785429586043,
    "z": -0.2881070616230435
  },
  "S10": {
    "x": 0.7536903698942006,
    "y": 0.48255559823609656,
    "z": -0.44619605661608697
  },
  "S11": {
    "x": -0.3262610542825231,
    "y": 0.3779576659815091,
    "z": 0.8664304514410065
  },
  "S12": {
    "x": -0.4653740420510343,
    "y": 0.21292547800042302,
    "z": -0.8591214942040348
  },
  "S13": {
    "x": 0.8506087050241986,
    "y": 0.4013639059231981,
    "z": 0.3396643136379361
  },
  "S18": {
    "x": -0.8580625997179748,
    "y": 0.39399516565326115,
    "z": 0.3293878935344919
  },
  "S22": {
    "x": 0.26875132764916954,
    "y": 0.3037059166606684,
    "z": -0.9140762769441684
  },
  "S23": {
    "x": 0.3159977425402885,
    "y": 0.007519023032706445,
    "z": 0.9487301465654369
  },
  "S26": {
    "x": -0.9306179025395805,
    "y": 0.062212211371314094,
    "z": -0.36066599538786936
  },
  "S28": {
    "x": 0.9832804164779183,
    "y": -0.10310126148996504,
    "z": -0.15009914207013217
  },
  "S29": {
    "x": -0.670855051821426,
    "y": -0.20062660705524674,
    "z": 0.7139344955856746
  },
  "S37": {
    "x": -0.04037636052192316,
    "y": -0.358755572555136,
    "z": -0.9325578741674106
  },
  "S38": {
    "x": 0.7737674263354598,
    "y": -0.31780595216845375,
    "z": 0.5479811554319194
  },
  "S39": {
    "x": -0.8981082374951991,
    "y": -0.4259183336006978,
    "z": 0.1095224490507406
  },
  "S40": {
    "x": 0.6159309013011622,
    "y": -0.3245436269475952,
    "z": -0.717844383574907
  },
  "S41": {
    "x": -0.11622699521983064,
    "y": -0.5326422993804699,
    "z": 0.8383218155892491
  },
  "S42": {
    "x": -0.6035160041797152,
    "y": -0.5866104957613973,
    "z": -0.5400523668696561
  },
  "S45": {
    "x": 0.6693836143256792,
    "y": -0.7333693034690075,
    "z": -0.11872254041113316
  },
  "S51": {
    "x": -0.3704234385590814,
    "y": -0.9154497568289518,
    "z": 0.15728387993650034
  },
  "S52": {
    "x": 0.05839798013245853,
    "y": -0.9041295216467292,
    "z": -0.42324872593228896
  },
  "S53": {
    "x": 0.2908532949945919,
    "y": -0.8595292100505444,
    "z": 0.42025456316460846
  }
}