{
  "S1": {
    "x": 0.09243967726894033,
    "y": 0.995180137166096,
    "z": -0.032732257124807485
  },
  "S3": {
    "x": -0.46096064828629285,
    "y": 0.7588662901841656,
    "z": 0.4600404703432109
  },
  "S4": {
    "x": 0.028963503626031138,
    "y": 0.6850225595791035,
    "z": -0.7279458828274245
  },
  "S5": {
    "x": 0.23971912220359212,
    "y": 0.7224179946962477,
    "z": 0.6485730362796402
  },
  "S8": {
    "x": -0.5756736943616823,
    "y": 0.7639081946939593,
    "z": -0.29162316043035463
  },
  "S10": {
    "x": 0.6694835386988616,
    "y": 0.6573862542849432,
    "z": -0.3458830786385217
  },
  "S11": {
    "x": -0.2019994834224273,
    "y": 0.20731265570401974,
    "z": 0.9571925989486229
  },
  "S12": {
    "x": -0.3602654676318379,
    "y": 0.13511780417696873,
    "z": -0.9230124440257604
  },
  "S13": {
    "x": 0.8130700083216355,
    "y": 0.4922937725542697,
    "z": 0.31074749085413456
  },
  "S18": {
    "x": -0.904422078109323,
    "y": 0.26069831460370124,
    "z": 0.33772339775503163
  },
  "S22": {
    "x": 0.5019954919377502,
    "y": 0.11724223651375945,
    "z": -0.8568866809861313
  },
  "S26": {
    "x": 0.5443860689873177,
    "y": 0.050990438739122096,
    "z": 0.8372835738563889
  },
  "S28": {
    "x": -0.8994884363474229,
    "y": 0.15817177472593208,
    "z": -0.4073109899785634
  },
  "S29": {
    "x": 0.9513348306181575,
    "y": -0.02782246245172965,
    "z": -0.306900554961772
  },
  "S37": {
    "x": -0.6221819545880412,
    "y": -0.29478758565590785,
    "z": 0.7252516078769944
  },
  "S38": {
    "x": 0.10721038980442638,
    "y": -0.4476828431258803,
    "z": -0.887742082076045
  },
  "S39": {
    "x": 0.8523413953882544,
    "y": -0.38791002306757566,
    "z": 0.35077052286547167
  },
  "S40": {
    "x": -0.8893502509640023,
    "y": -0.4551962996032165,
    "z": 0.043040213031593444
  },
  "S41": {
    "x": 0.6442407691042263,
    "y": -0.6571100833451202,
    "z": -0.3913568317918626
  },
  "S42": {
    "x": 0.1322811272869964,
    "y": -0.5246943256740008,
    "z": 0.8409503956650398
  },
  "S45": {
    "x": -0.6040469905408419,
    "y": -0.508798280506979,
    "z": -0.6133934650546039
  },
  "S51": {
    "x": 0.3187050222893936,
    "y": -0.9175132547667626,
    "z": 0.2379002650162857
  },
  "S52": {
    "x": -0.378810955610235,
    "y": -0.8627132784982591,
    "z": 0.3350045656591055
  },
  "S53": {
    "x": -0.09942450848685305,
    "y": -0.9293664083243451,
    "z": -0.3555177157195602
  }
}