{
  "S1": {
    "x": 0.09552633650832311,
    "y": 0.991016880236621,
    "z": -0.0935962719309566
  },
  "S3": {
    "x": -0.49226756234321467,
    "y": 0.7922740529137979,
    "z": 0.36051972504179836
  },
  "S8": {
    "x": -0.10657229405065494,
    "y": 0.6821171624121247,
    "z": -0.7234352236956756
  },
  "S10": {
    "x": 0.5001598173552021,
    "y": 0.6939524338576726,
    "z": 0.5179480443502259
  },
  "S11": {
    "x": -0.7487393585542128,
    "y": 0.5772617927302602,
    "z": -0.3258192683155371
  },
  "S12": {
    "x": 0.7814404808571673,
    "y": 0.6021330223961561,
    "z": -0.16366611811181142
  },
  "S13": {
    "x": -0.05740036473175492,
    "y": 0.48754539021356635,
    "z": 0.8712087526019023
  },
  "S18": {
    "x": -0.4717762685576196,
    "y": 0.04842506820058585,
    "z": -0.880387508541334
  },
  "S21": {
    "x": 0.9135171652110303,
    "y": 0.04460950778188402,
    "z": 0.4043468568942526
  },
  "S22": {
    "x": -0.9319068600061644,
    "y": 0.170305546667237,
    "z": 0.32022745829773014
  },
  "S23": {
    "x": 0.5266403809205783,
    "y": 0.34280620276757795,
    "z": -0.7779034750712343
  },
  "S25": {
    "x": 0.37723505153650577,
    "y": -0.12100604221441123,
    "z": 0.9181782254224143
  },
  "S26": {
    "x": -0.9130047256941942,
    "y": -0.22779886640521532,
    "z": -0.33842288238913204
  },
  "S27": {
    "x": 0.9294887245973944,
    "y": -0.1752905696182891,
    "z": -0.3245364803056894
  },
  "S28": {
    "x": -0.5083556001550269,
    "y": -0.12373035257011396,
    "z": 0.8522120532143965
  },
  "S29": {
    "x": 0.2296883943545216,
    "y": -0.2717011031592452,
    "z": -0.9345703569239133
  },
  "S35": {
    "x": 0.6560391521981422,
    "y": -0.6763285067226423,
    "z": 0.3349513125477546
  },
  "S37": {
    "x": -0.7246086489904685,
    "y": -0.6385715175717256,
    "z": 0.2591692936178038
  },
  "S38": {
    "x": 0.4899916189758337,
    "y": -0.7561030328182518,
    "z": -0.4338391603998916
  },
  "S39": {
    "x": -0.03804276010513224,
    "y": -0.7080941845777862,
    "z": 0.7050924578881154
  },
  "S51": {
    "x": -0.3666179189244224,
    "y": -0.7236190770390583,
    "z": -0.5847792171996773
  },
  "S52": {
    "x": -0.06102143811150417,
    "y": -0.997716332569447,
    "z": 0.028956930344505746
  }
}