{
  "S1": {
    "x": 0.10446092358398715,
    "y": 0.9916302685721019,
    "z": -0.07587704458926679
  },
  "S3": {
    "x": -0.5005262263147858,
    "y": 0.781000371119628,
    "z": 0.37351294098341925
  },
  "S4": {
    "x": 0.09054761941906257,
    "y": 0.654465733338316,
    "z": -0.7506502064900009
  },
  "S5": {
    "x": 0.20709595167674535,
    "y": 0.7614624026074612,
    "z": 0.6142363357978554
  },
  "S8": {
    "x": -0.553406698358353,
    "y": 0.7518752937715045,
    "z": -0.3583637381601554
  },
  "S10": {
    "x": 0.705260583003948,
    "y": 0.6373506210624225,
    "z": -0.3104701207721537
  },
  "S11": {
    "x": -0.24770878639001367,
    "y": 0.26487217778504224,
    "z": 0.9319243996057811
  },
  "S12": {
    "x": -0.401162381012683,
    "y": 0.15685868664283406,
    "z": -0.9024766459498663
  },
  "S13": {
    "x": 0.8035293737568457,
    "y": 0.47565683028609357,
    "z": 0.35789820523735194
  },
  "S18": {
    "x": -0.8916045204095397,
    "y": 0.21435696613229865,
    "z": 0.3988639746277308
  },
  "S22": {
    "x": 0.5244081792859098,
    "y": 0.09133471876920413,
    "z": -0.8465542101043426
  },
  "S26": {
    "x": 0.4729980115385267,
    "y": 0.08494700134695392,
    "z": 0.8769588861758345
  },
  "S28": {
    "x": -0.9264858761688172,
    "y": 0.1609534551364808,
    "z": -0.34017334777922875
  },
  "S29": {
    "x": 0.9580084613005627,
    "y": -0.04776168696611875,
    "z": -0.2827341672572998
  },
  "S37": {
    "x": -0.5415178646789964,
    "y": -0.34575491605197695,
    "z": 0.7662975533429496
  },
  "S38": {
    "x": 0.052528424842161095,
    "y": -0.4141603975822321,
    "z": -0.9086869260961824
  },
  "S39": {
    "x": 0.84945976087014,
    "y": -0.36618489452064984,
    "z": 0.37990358999007245
  },
  "S40": {
    "x": -0.8751374293910961,
    "y": -0.47428565620072116,
    "z": 0.09585194834219962
  },
  "S41": {
    "x": 0.6287444227410308,
    "y": -0.6448439102562149,
    "z": -0.4345765551401994
  },
  "S42": {
    "x": 0.18455273090374144,
    "y": -0.5442567738593989,
    "z": 0.8183671875290031
  },
  "S45": {
    "x": -0.6439966450775109,
    "y": -0.49247005273861605,
    "z": -0.5854413448711453
  },
  "S51": {
    "x": 0.35270173906251023,
    "y": -0.9172597193151844,
    "z": 0.18502997212373581
  },
  "S52": {
    "x": -0.3384699249296504,
    "y": -0.885341725506156,
    "z": 0.3187603159050686
  },
  "S53": {
    "x": -0.11012168607983797,
    "y": -0.9150746247743636,
    "z": -0.3879583036216535
  }
}